"Id","file.name","Datetime","is.implicit","EVENT","TEMPERATURE","ORIENTATION","PIM","PIMn","TAT","TATn","ZCM","ZCMn","LIGHT","IR.LIGHT","CAP_SENS_1","CAP_SENS_2","F1","F2","F3","F4","F5","F6","F7","F8","MEDI","CLEAR","STATE","MS","EXT.TEMPERATURE","AMB.LIGHT","RED.LIGHT","GREEN.LIGHT","BLUE.LIGHT","UVA.LIGHT","UVB.LIGHT","position"
"IZTECH_S016",,"2025-05-05 00:00:19",TRUE,,,,,,,,,,,,,,,,,,,,,,,,,,,,,,,,,"wrist"
"IZTECH_S016",,"2025-05-05 00:02:19",TRUE,,,,,,,,,,,,,,,,,,,,,,,,,,,,,,,,,"wrist"
"IZTECH_S016",,"2025-05-05 00:04:19",TRUE,,,,,,,,,,,,,,,,,,,,,,,,,,,,,,,,,"wrist"
"IZTECH_S016",,"2025-05-05 00:06:19",TRUE,,,,,,,,,,,,,,,,,,,,,,,,,,,,,,,,,"wrist"
"IZTECH_S016",,"2025-05-05 00:08:19",TRUE,,,,,,,,,,,,,,,,,,,,,,,,,,,,,,,,,"wrist"
"IZTECH_S016",,"2025-05-05 00:10:19",TRUE,,,,,,,,,,,,,,,,,,,,,,,,,,,,,,,,,"wrist"
"IZTECH_S016",,"2025-05-05 00:12:19",TRUE,,,,,,,,,,,,,,,,,,,,,,,,,,,,,,,,,"wrist"
"IZTECH_S016",,"2025-05-05 00:14:19",TRUE,,,,,,,,,,,,,,,,,,,,,,,,,,,,,,,,,"wrist"
"IZTECH_S016",,"2025-05-05 00:16:19",TRUE,,,,,,,,,,,,,,,,,,,,,,,,,,,,,,,,,"wrist"
"IZTECH_S016",,"2025-05-05 00:18:19",TRUE,,,,,,,,,,,,,,,,,,,,,,,,,,,,,,,,,"wrist"
"IZTECH_S016",,"2025-05-05 00:20:19",TRUE,,,,,,,,,,,,,,,,,,,,,,,,,,,,,,,,,"wrist"
"IZTECH_S016",,"2025-05-05 00:22:19",TRUE,,,,,,,,,,,,,,,,,,,,,,,,,,,,,,,,,"wrist"
"IZTECH_S016",,"2025-05-05 00:24:19",TRUE,,,,,,,,,,,,,,,,,,,,,,,,,,,,,,,,,"wrist"
"IZTECH_S016",,"2025-05-05 00:26:19",TRUE,,,,,,,,,,,,,,,,,,,,,,,,,,,,,,,,,"wrist"
"IZTECH_S016",,"2025-05-05 00:28:19",TRUE,,,,,,,,,,,,,,,,,,,,,,,,,,,,,,,,,"wrist"
"IZTECH_S016",,"2025-05-05 00:30:19",TRUE,,,,,,,,,,,,,,,,,,,,,,,,,,,,,,,,,"wrist"
"IZTECH_S016",,"2025-05-05 00:32:19",TRUE,,,,,,,,,,,,,,,,,,,,,,,,,,,,,,,,,"wrist"
"IZTECH_S016",,"2025-05-05 00:34:19",TRUE,,,,,,,,,,,,,,,,,,,,,,,,,,,,,,,,,"wrist"
"IZTECH_S016",,"2025-05-05 00:36:19",TRUE,,,,,,,,,,,,,,,,,,,,,,,,,,,,,,,,,"wrist"
"IZTECH_S016",,"2025-05-05 00:38:19",TRUE,,,,,,,,,,,,,,,,,,,,,,,,,,,,,,,,,"wrist"
"IZTECH_S016",,"2025-05-05 00:40:19",TRUE,,,,,,,,,,,,,,,,,,,,,,,,,,,,,,,,,"wrist"
"IZTECH_S016",,"2025-05-05 00:42:19",TRUE,,,,,,,,,,,,,,,,,,,,,,,,,,,,,,,,,"wrist"
"IZTECH_S016",,"2025-05-05 00:44:19",TRUE,,,,,,,,,,,,,,,,,,,,,,,,,,,,,,,,,"wrist"
"IZTECH_S016",,"2025-05-05 00:46:19",TRUE,,,,,,,,,,,,,,,,,,,,,,,,,,,,,,,,,"wrist"
"IZTECH_S016",,"2025-05-05 00:48:19",TRUE,,,,,,,,,,,,,,,,,,,,,,,,,,,,,,,,,"wrist"
"IZTECH_S016",,"2025-05-05 00:50:19",TRUE,,,,,,,,,,,,,,,,,,,,,,,,,,,,,,,,,"wrist"
"IZTECH_S016",,"2025-05-05 00:52:19",TRUE,,,,,,,,,,,,,,,,,,,,,,,,,,,,,,,,,"wrist"
"IZTECH_S016",,"2025-05-05 00:54:19",TRUE,,,,,,,,,,,,,,,,,,,,,,,,,,,,,,,,,"wrist"
"IZTECH_S016",,"2025-05-05 00:56:19",TRUE,,,,,,,,,,,,,,,,,,,,,,,,,,,,,,,,,"wrist"
"IZTECH_S016",,"2025-05-05 00:58:19",TRUE,,,,,,,,,,,,,,,,,,,,,,,,,,,,,,,,,"wrist"
"IZTECH_S016",,"2025-05-05 01:00:19",TRUE,,,,,,,,,,,,,,,,,,,,,,,,,,,,,,,,,"wrist"
"IZTECH_S016",,"2025-05-05 01:02:19",TRUE,,,,,,,,,,,,,,,,,,,,,,,,,,,,,,,,,"wrist"
"IZTECH_S016",,"2025-05-05 01:04:19",TRUE,,,,,,,,,,,,,,,,,,,,,,,,,,,,,,,,,"wrist"
"IZTECH_S016",,"2025-05-05 01:06:19",TRUE,,,,,,,,,,,,,,,,,,,,,,,,,,,,,,,,,"wrist"
"IZTECH_S016",,"2025-05-05 01:08:19",TRUE,,,,,,,,,,,,,,,,,,,,,,,,,,,,,,,,,"wrist"
"IZTECH_S016",,"2025-05-05 01:10:19",TRUE,,,,,,,,,,,,,,,,,,,,,,,,,,,,,,,,,"wrist"
"IZTECH_S016",,"2025-05-05 01:12:19",TRUE,,,,,,,,,,,,,,,,,,,,,,,,,,,,,,,,,"wrist"
"IZTECH_S016",,"2025-05-05 01:14:19",TRUE,,,,,,,,,,,,,,,,,,,,,,,,,,,,,,,,,"wrist"
"IZTECH_S016",,"2025-05-05 01:16:19",TRUE,,,,,,,,,,,,,,,,,,,,,,,,,,,,,,,,,"wrist"
"IZTECH_S016",,"2025-05-05 01:18:19",TRUE,,,,,,,,,,,,,,,,,,,,,,,,,,,,,,,,,"wrist"
"IZTECH_S016",,"2025-05-05 01:20:19",TRUE,,,,,,,,,,,,,,,,,,,,,,,,,,,,,,,,,"wrist"
"IZTECH_S016",,"2025-05-05 01:22:19",TRUE,,,,,,,,,,,,,,,,,,,,,,,,,,,,,,,,,"wrist"
"IZTECH_S016",,"2025-05-05 01:24:19",TRUE,,,,,,,,,,,,,,,,,,,,,,,,,,,,,,,,,"wrist"
"IZTECH_S016",,"2025-05-05 01:26:19",TRUE,,,,,,,,,,,,,,,,,,,,,,,,,,,,,,,,,"wrist"
"IZTECH_S016",,"2025-05-05 01:28:19",TRUE,,,,,,,,,,,,,,,,,,,,,,,,,,,,,,,,,"wrist"
"IZTECH_S016",,"2025-05-05 01:30:19",TRUE,,,,,,,,,,,,,,,,,,,,,,,,,,,,,,,,,"wrist"
"IZTECH_S016",,"2025-05-05 01:32:19",TRUE,,,,,,,,,,,,,,,,,,,,,,,,,,,,,,,,,"wrist"
"IZTECH_S016",,"2025-05-05 01:34:19",TRUE,,,,,,,,,,,,,,,,,,,,,,,,,,,,,,,,,"wrist"
"IZTECH_S016",,"2025-05-05 01:36:19",TRUE,,,,,,,,,,,,,,,,,,,,,,,,,,,,,,,,,"wrist"
"IZTECH_S016",,"2025-05-05 01:38:19",TRUE,,,,,,,,,,,,,,,,,,,,,,,,,,,,,,,,,"wrist"
"IZTECH_S016",,"2025-05-05 01:40:19",TRUE,,,,,,,,,,,,,,,,,,,,,,,,,,,,,,,,,"wrist"
"IZTECH_S016",,"2025-05-05 01:42:19",TRUE,,,,,,,,,,,,,,,,,,,,,,,,,,,,,,,,,"wrist"
"IZTECH_S016",,"2025-05-05 01:44:19",TRUE,,,,,,,,,,,,,,,,,,,,,,,,,,,,,,,,,"wrist"
"IZTECH_S016",,"2025-05-05 01:46:19",TRUE,,,,,,,,,,,,,,,,,,,,,,,,,,,,,,,,,"wrist"
"IZTECH_S016",,"2025-05-05 01:48:19",TRUE,,,,,,,,,,,,,,,,,,,,,,,,,,,,,,,,,"wrist"
"IZTECH_S016",,"2025-05-05 01:50:19",TRUE,,,,,,,,,,,,,,,,,,,,,,,,,,,,,,,,,"wrist"
"IZTECH_S016",,"2025-05-05 01:52:19",TRUE,,,,,,,,,,,,,,,,,,,,,,,,,,,,,,,,,"wrist"
"IZTECH_S016",,"2025-05-05 01:54:19",TRUE,,,,,,,,,,,,,,,,,,,,,,,,,,,,,,,,,"wrist"
"IZTECH_S016",,"2025-05-05 01:56:19",TRUE,,,,,,,,,,,,,,,,,,,,,,,,,,,,,,,,,"wrist"
"IZTECH_S016",,"2025-05-05 01:58:19",TRUE,,,,,,,,,,,,,,,,,,,,,,,,,,,,,,,,,"wrist"
"IZTECH_S016",,"2025-05-05 02:00:19",TRUE,,,,,,,,,,,,,,,,,,,,,,,,,,,,,,,,,"wrist"
"IZTECH_S016",,"2025-05-05 02:02:19",TRUE,,,,,,,,,,,,,,,,,,,,,,,,,,,,,,,,,"wrist"
"IZTECH_S016",,"2025-05-05 02:04:19",TRUE,,,,,,,,,,,,,,,,,,,,,,,,,,,,,,,,,"wrist"
"IZTECH_S016",,"2025-05-05 02:06:19",TRUE,,,,,,,,,,,,,,,,,,,,,,,,,,,,,,,,,"wrist"
"IZTECH_S016",,"2025-05-05 02:08:19",TRUE,,,,,,,,,,,,,,,,,,,,,,,,,,,,,,,,,"wrist"
"IZTECH_S016",,"2025-05-05 02:10:19",TRUE,,,,,,,,,,,,,,,,,,,,,,,,,,,,,,,,,"wrist"
"IZTECH_S016",,"2025-05-05 02:12:19",TRUE,,,,,,,,,,,,,,,,,,,,,,,,,,,,,,,,,"wrist"
"IZTECH_S016",,"2025-05-05 02:14:19",TRUE,,,,,,,,,,,,,,,,,,,,,,,,,,,,,,,,,"wrist"
"IZTECH_S016",,"2025-05-05 02:16:19",TRUE,,,,,,,,,,,,,,,,,,,,,,,,,,,,,,,,,"wrist"
"IZTECH_S016",,"2025-05-05 02:18:19",TRUE,,,,,,,,,,,,,,,,,,,,,,,,,,,,,,,,,"wrist"
"IZTECH_S016",,"2025-05-05 02:20:19",TRUE,,,,,,,,,,,,,,,,,,,,,,,,,,,,,,,,,"wrist"
"IZTECH_S016",,"2025-05-05 02:22:19",TRUE,,,,,,,,,,,,,,,,,,,,,,,,,,,,,,,,,"wrist"
"IZTECH_S016",,"2025-05-05 02:24:19",TRUE,,,,,,,,,,,,,,,,,,,,,,,,,,,,,,,,,"wrist"
"IZTECH_S016",,"2025-05-05 02:26:19",TRUE,,,,,,,,,,,,,,,,,,,,,,,,,,,,,,,,,"wrist"
"IZTECH_S016",,"2025-05-05 02:28:19",TRUE,,,,,,,,,,,,,,,,,,,,,,,,,,,,,,,,,"wrist"
"IZTECH_S016",,"2025-05-05 02:30:19",TRUE,,,,,,,,,,,,,,,,,,,,,,,,,,,,,,,,,"wrist"
"IZTECH_S016",,"2025-05-05 02:32:19",TRUE,,,,,,,,,,,,,,,,,,,,,,,,,,,,,,,,,"wrist"
"IZTECH_S016",,"2025-05-05 02:34:19",TRUE,,,,,,,,,,,,,,,,,,,,,,,,,,,,,,,,,"wrist"
"IZTECH_S016",,"2025-05-05 02:36:19",TRUE,,,,,,,,,,,,,,,,,,,,,,,,,,,,,,,,,"wrist"
"IZTECH_S016",,"2025-05-05 02:38:19",TRUE,,,,,,,,,,,,,,,,,,,,,,,,,,,,,,,,,"wrist"
"IZTECH_S016",,"2025-05-05 02:40:19",TRUE,,,,,,,,,,,,,,,,,,,,,,,,,,,,,,,,,"wrist"
"IZTECH_S016",,"2025-05-05 02:42:19",TRUE,,,,,,,,,,,,,,,,,,,,,,,,,,,,,,,,,"wrist"
"IZTECH_S016",,"2025-05-05 02:44:19",TRUE,,,,,,,,,,,,,,,,,,,,,,,,,,,,,,,,,"wrist"
"IZTECH_S016",,"2025-05-05 02:46:19",TRUE,,,,,,,,,,,,,,,,,,,,,,,,,,,,,,,,,"wrist"
"IZTECH_S016",,"2025-05-05 02:48:19",TRUE,,,,,,,,,,,,,,,,,,,,,,,,,,,,,,,,,"wrist"
"IZTECH_S016",,"2025-05-05 02:50:19",TRUE,,,,,,,,,,,,,,,,,,,,,,,,,,,,,,,,,"wrist"
"IZTECH_S016",,"2025-05-05 02:52:19",TRUE,,,,,,,,,,,,,,,,,,,,,,,,,,,,,,,,,"wrist"
"IZTECH_S016",,"2025-05-05 02:54:19",TRUE,,,,,,,,,,,,,,,,,,,,,,,,,,,,,,,,,"wrist"
"IZTECH_S016",,"2025-05-05 02:56:19",TRUE,,,,,,,,,,,,,,,,,,,,,,,,,,,,,,,,,"wrist"
"IZTECH_S016",,"2025-05-05 02:58:19",TRUE,,,,,,,,,,,,,,,,,,,,,,,,,,,,,,,,,"wrist"
"IZTECH_S016",,"2025-05-05 03:00:19",TRUE,,,,,,,,,,,,,,,,,,,,,,,,,,,,,,,,,"wrist"
"IZTECH_S016",,"2025-05-05 03:02:19",TRUE,,,,,,,,,,,,,,,,,,,,,,,,,,,,,,,,,"wrist"
"IZTECH_S016",,"2025-05-05 03:04:19",TRUE,,,,,,,,,,,,,,,,,,,,,,,,,,,,,,,,,"wrist"
"IZTECH_S016",,"2025-05-05 03:06:19",TRUE,,,,,,,,,,,,,,,,,,,,,,,,,,,,,,,,,"wrist"
"IZTECH_S016",,"2025-05-05 03:08:19",TRUE,,,,,,,,,,,,,,,,,,,,,,,,,,,,,,,,,"wrist"
"IZTECH_S016",,"2025-05-05 03:10:19",TRUE,,,,,,,,,,,,,,,,,,,,,,,,,,,,,,,,,"wrist"
"IZTECH_S016",,"2025-05-05 03:12:19",TRUE,,,,,,,,,,,,,,,,,,,,,,,,,,,,,,,,,"wrist"
"IZTECH_S016",,"2025-05-05 03:14:19",TRUE,,,,,,,,,,,,,,,,,,,,,,,,,,,,,,,,,"wrist"
"IZTECH_S016",,"2025-05-05 03:16:19",TRUE,,,,,,,,,,,,,,,,,,,,,,,,,,,,,,,,,"wrist"
"IZTECH_S016",,"2025-05-05 03:18:19",TRUE,,,,,,,,,,,,,,,,,,,,,,,,,,,,,,,,,"wrist"
"IZTECH_S016",,"2025-05-05 03:20:19",TRUE,,,,,,,,,,,,,,,,,,,,,,,,,,,,,,,,,"wrist"
"IZTECH_S016",,"2025-05-05 03:22:19",TRUE,,,,,,,,,,,,,,,,,,,,,,,,,,,,,,,,,"wrist"
"IZTECH_S016",,"2025-05-05 03:24:19",TRUE,,,,,,,,,,,,,,,,,,,,,,,,,,,,,,,,,"wrist"
"IZTECH_S016",,"2025-05-05 03:26:19",TRUE,,,,,,,,,,,,,,,,,,,,,,,,,,,,,,,,,"wrist"
"IZTECH_S016",,"2025-05-05 03:28:19",TRUE,,,,,,,,,,,,,,,,,,,,,,,,,,,,,,,,,"wrist"
"IZTECH_S016",,"2025-05-05 03:30:19",TRUE,,,,,,,,,,,,,,,,,,,,,,,,,,,,,,,,,"wrist"
"IZTECH_S016",,"2025-05-05 03:32:19",TRUE,,,,,,,,,,,,,,,,,,,,,,,,,,,,,,,,,"wrist"
"IZTECH_S016",,"2025-05-05 03:34:19",TRUE,,,,,,,,,,,,,,,,,,,,,,,,,,,,,,,,,"wrist"
"IZTECH_S016",,"2025-05-05 03:36:19",TRUE,,,,,,,,,,,,,,,,,,,,,,,,,,,,,,,,,"wrist"
"IZTECH_S016",,"2025-05-05 03:38:19",TRUE,,,,,,,,,,,,,,,,,,,,,,,,,,,,,,,,,"wrist"
"IZTECH_S016",,"2025-05-05 03:40:19",TRUE,,,,,,,,,,,,,,,,,,,,,,,,,,,,,,,,,"wrist"
"IZTECH_S016",,"2025-05-05 03:42:19",TRUE,,,,,,,,,,,,,,,,,,,,,,,,,,,,,,,,,"wrist"
"IZTECH_S016",,"2025-05-05 03:44:19",TRUE,,,,,,,,,,,,,,,,,,,,,,,,,,,,,,,,,"wrist"
"IZTECH_S016",,"2025-05-05 03:46:19",TRUE,,,,,,,,,,,,,,,,,,,,,,,,,,,,,,,,,"wrist"
"IZTECH_S016",,"2025-05-05 03:48:19",TRUE,,,,,,,,,,,,,,,,,,,,,,,,,,,,,,,,,"wrist"
"IZTECH_S016",,"2025-05-05 03:50:19",TRUE,,,,,,,,,,,,,,,,,,,,,,,,,,,,,,,,,"wrist"
"IZTECH_S016",,"2025-05-05 03:52:19",TRUE,,,,,,,,,,,,,,,,,,,,,,,,,,,,,,,,,"wrist"
"IZTECH_S016",,"2025-05-05 03:54:19",TRUE,,,,,,,,,,,,,,,,,,,,,,,,,,,,,,,,,"wrist"
"IZTECH_S016",,"2025-05-05 03:56:19",TRUE,,,,,,,,,,,,,,,,,,,,,,,,,,,,,,,,,"wrist"
"IZTECH_S016",,"2025-05-05 03:58:19",TRUE,,,,,,,,,,,,,,,,,,,,,,,,,,,,,,,,,"wrist"
"IZTECH_S016",,"2025-05-05 04:00:19",TRUE,,,,,,,,,,,,,,,,,,,,,,,,,,,,,,,,,"wrist"
"IZTECH_S016",,"2025-05-05 04:02:19",TRUE,,,,,,,,,,,,,,,,,,,,,,,,,,,,,,,,,"wrist"
"IZTECH_S016",,"2025-05-05 04:04:19",TRUE,,,,,,,,,,,,,,,,,,,,,,,,,,,,,,,,,"wrist"
"IZTECH_S016",,"2025-05-05 04:06:19",TRUE,,,,,,,,,,,,,,,,,,,,,,,,,,,,,,,,,"wrist"
"IZTECH_S016",,"2025-05-05 04:08:19",TRUE,,,,,,,,,,,,,,,,,,,,,,,,,,,,,,,,,"wrist"
"IZTECH_S016",,"2025-05-05 04:10:19",TRUE,,,,,,,,,,,,,,,,,,,,,,,,,,,,,,,,,"wrist"
"IZTECH_S016",,"2025-05-05 04:12:19",TRUE,,,,,,,,,,,,,,,,,,,,,,,,,,,,,,,,,"wrist"
"IZTECH_S016",,"2025-05-05 04:14:19",TRUE,,,,,,,,,,,,,,,,,,,,,,,,,,,,,,,,,"wrist"
"IZTECH_S016",,"2025-05-05 04:16:19",TRUE,,,,,,,,,,,,,,,,,,,,,,,,,,,,,,,,,"wrist"
"IZTECH_S016",,"2025-05-05 04:18:19",TRUE,,,,,,,,,,,,,,,,,,,,,,,,,,,,,,,,,"wrist"
"IZTECH_S016",,"2025-05-05 04:20:19",TRUE,,,,,,,,,,,,,,,,,,,,,,,,,,,,,,,,,"wrist"
"IZTECH_S016",,"2025-05-05 04:22:19",TRUE,,,,,,,,,,,,,,,,,,,,,,,,,,,,,,,,,"wrist"
"IZTECH_S016",,"2025-05-05 04:24:19",TRUE,,,,,,,,,,,,,,,,,,,,,,,,,,,,,,,,,"wrist"
"IZTECH_S016",,"2025-05-05 04:26:19",TRUE,,,,,,,,,,,,,,,,,,,,,,,,,,,,,,,,,"wrist"
"IZTECH_S016",,"2025-05-05 04:28:19",TRUE,,,,,,,,,,,,,,,,,,,,,,,,,,,,,,,,,"wrist"
"IZTECH_S016",,"2025-05-05 04:30:19",TRUE,,,,,,,,,,,,,,,,,,,,,,,,,,,,,,,,,"wrist"
"IZTECH_S016",,"2025-05-05 04:32:19",TRUE,,,,,,,,,,,,,,,,,,,,,,,,,,,,,,,,,"wrist"
"IZTECH_S016",,"2025-05-05 04:34:19",TRUE,,,,,,,,,,,,,,,,,,,,,,,,,,,,,,,,,"wrist"
"IZTECH_S016",,"2025-05-05 04:36:19",TRUE,,,,,,,,,,,,,,,,,,,,,,,,,,,,,,,,,"wrist"
"IZTECH_S016",,"2025-05-05 04:38:19",TRUE,,,,,,,,,,,,,,,,,,,,,,,,,,,,,,,,,"wrist"
"IZTECH_S016",,"2025-05-05 04:40:19",TRUE,,,,,,,,,,,,,,,,,,,,,,,,,,,,,,,,,"wrist"
"IZTECH_S016",,"2025-05-05 04:42:19",TRUE,,,,,,,,,,,,,,,,,,,,,,,,,,,,,,,,,"wrist"
"IZTECH_S016",,"2025-05-05 04:44:19",TRUE,,,,,,,,,,,,,,,,,,,,,,,,,,,,,,,,,"wrist"
"IZTECH_S016",,"2025-05-05 04:46:19",TRUE,,,,,,,,,,,,,,,,,,,,,,,,,,,,,,,,,"wrist"
"IZTECH_S016",,"2025-05-05 04:48:19",TRUE,,,,,,,,,,,,,,,,,,,,,,,,,,,,,,,,,"wrist"
"IZTECH_S016",,"2025-05-05 04:50:19",TRUE,,,,,,,,,,,,,,,,,,,,,,,,,,,,,,,,,"wrist"
"IZTECH_S016",,"2025-05-05 04:52:19",TRUE,,,,,,,,,,,,,,,,,,,,,,,,,,,,,,,,,"wrist"
"IZTECH_S016",,"2025-05-05 04:54:19",TRUE,,,,,,,,,,,,,,,,,,,,,,,,,,,,,,,,,"wrist"
"IZTECH_S016",,"2025-05-05 04:56:19",TRUE,,,,,,,,,,,,,,,,,,,,,,,,,,,,,,,,,"wrist"
"IZTECH_S016",,"2025-05-05 04:58:19",TRUE,,,,,,,,,,,,,,,,,,,,,,,,,,,,,,,,,"wrist"
"IZTECH_S016",,"2025-05-05 05:00:19",TRUE,,,,,,,,,,,,,,,,,,,,,,,,,,,,,,,,,"wrist"
"IZTECH_S016",,"2025-05-05 05:02:19",TRUE,,,,,,,,,,,,,,,,,,,,,,,,,,,,,,,,,"wrist"
"IZTECH_S016",,"2025-05-05 05:04:19",TRUE,,,,,,,,,,,,,,,,,,,,,,,,,,,,,,,,,"wrist"
"IZTECH_S016",,"2025-05-05 05:06:19",TRUE,,,,,,,,,,,,,,,,,,,,,,,,,,,,,,,,,"wrist"
"IZTECH_S016",,"2025-05-05 05:08:19",TRUE,,,,,,,,,,,,,,,,,,,,,,,,,,,,,,,,,"wrist"
"IZTECH_S016",,"2025-05-05 05:10:19",TRUE,,,,,,,,,,,,,,,,,,,,,,,,,,,,,,,,,"wrist"
"IZTECH_S016",,"2025-05-05 05:12:19",TRUE,,,,,,,,,,,,,,,,,,,,,,,,,,,,,,,,,"wrist"
"IZTECH_S016",,"2025-05-05 05:14:19",TRUE,,,,,,,,,,,,,,,,,,,,,,,,,,,,,,,,,"wrist"
"IZTECH_S016",,"2025-05-05 05:16:19",TRUE,,,,,,,,,,,,,,,,,,,,,,,,,,,,,,,,,"wrist"
"IZTECH_S016",,"2025-05-05 05:18:19",TRUE,,,,,,,,,,,,,,,,,,,,,,,,,,,,,,,,,"wrist"
"IZTECH_S016",,"2025-05-05 05:20:19",TRUE,,,,,,,,,,,,,,,,,,,,,,,,,,,,,,,,,"wrist"
"IZTECH_S016",,"2025-05-05 05:22:19",TRUE,,,,,,,,,,,,,,,,,,,,,,,,,,,,,,,,,"wrist"
"IZTECH_S016",,"2025-05-05 05:24:19",TRUE,,,,,,,,,,,,,,,,,,,,,,,,,,,,,,,,,"wrist"
"IZTECH_S016",,"2025-05-05 05:26:19",TRUE,,,,,,,,,,,,,,,,,,,,,,,,,,,,,,,,,"wrist"
"IZTECH_S016",,"2025-05-05 05:28:19",TRUE,,,,,,,,,,,,,,,,,,,,,,,,,,,,,,,,,"wrist"
"IZTECH_S016",,"2025-05-05 05:30:19",TRUE,,,,,,,,,,,,,,,,,,,,,,,,,,,,,,,,,"wrist"
"IZTECH_S016",,"2025-05-05 05:32:19",TRUE,,,,,,,,,,,,,,,,,,,,,,,,,,,,,,,,,"wrist"
"IZTECH_S016",,"2025-05-05 05:34:19",TRUE,,,,,,,,,,,,,,,,,,,,,,,,,,,,,,,,,"wrist"
"IZTECH_S016",,"2025-05-05 05:36:19",TRUE,,,,,,,,,,,,,,,,,,,,,,,,,,,,,,,,,"wrist"
"IZTECH_S016",,"2025-05-05 05:38:19",TRUE,,,,,,,,,,,,,,,,,,,,,,,,,,,,,,,,,"wrist"
"IZTECH_S016",,"2025-05-05 05:40:19",TRUE,,,,,,,,,,,,,,,,,,,,,,,,,,,,,,,,,"wrist"
"IZTECH_S016",,"2025-05-05 05:42:19",TRUE,,,,,,,,,,,,,,,,,,,,,,,,,,,,,,,,,"wrist"
"IZTECH_S016",,"2025-05-05 05:44:19",TRUE,,,,,,,,,,,,,,,,,,,,,,,,,,,,,,,,,"wrist"
"IZTECH_S016",,"2025-05-05 05:46:19",TRUE,,,,,,,,,,,,,,,,,,,,,,,,,,,,,,,,,"wrist"
"IZTECH_S016",,"2025-05-05 05:48:19",TRUE,,,,,,,,,,,,,,,,,,,,,,,,,,,,,,,,,"wrist"
"IZTECH_S016",,"2025-05-05 05:50:19",TRUE,,,,,,,,,,,,,,,,,,,,,,,,,,,,,,,,,"wrist"
"IZTECH_S016",,"2025-05-05 05:52:19",TRUE,,,,,,,,,,,,,,,,,,,,,,,,,,,,,,,,,"wrist"
"IZTECH_S016",,"2025-05-05 05:54:19",TRUE,,,,,,,,,,,,,,,,,,,,,,,,,,,,,,,,,"wrist"
"IZTECH_S016",,"2025-05-05 05:56:19",TRUE,,,,,,,,,,,,,,,,,,,,,,,,,,,,,,,,,"wrist"
"IZTECH_S016",,"2025-05-05 05:58:19",TRUE,,,,,,,,,,,,,,,,,,,,,,,,,,,,,,,,,"wrist"
"IZTECH_S016",,"2025-05-05 06:00:19",TRUE,,,,,,,,,,,,,,,,,,,,,,,,,,,,,,,,,"wrist"
"IZTECH_S016",,"2025-05-05 06:02:19",TRUE,,,,,,,,,,,,,,,,,,,,,,,,,,,,,,,,,"wrist"
"IZTECH_S016",,"2025-05-05 06:04:19",TRUE,,,,,,,,,,,,,,,,,,,,,,,,,,,,,,,,,"wrist"
"IZTECH_S016",,"2025-05-05 06:06:19",TRUE,,,,,,,,,,,,,,,,,,,,,,,,,,,,,,,,,"wrist"
"IZTECH_S016",,"2025-05-05 06:08:19",TRUE,,,,,,,,,,,,,,,,,,,,,,,,,,,,,,,,,"wrist"
"IZTECH_S016",,"2025-05-05 06:10:19",TRUE,,,,,,,,,,,,,,,,,,,,,,,,,,,,,,,,,"wrist"
"IZTECH_S016",,"2025-05-05 06:12:19",TRUE,,,,,,,,,,,,,,,,,,,,,,,,,,,,,,,,,"wrist"
"IZTECH_S016",,"2025-05-05 06:14:19",TRUE,,,,,,,,,,,,,,,,,,,,,,,,,,,,,,,,,"wrist"
"IZTECH_S016",,"2025-05-05 06:16:19",TRUE,,,,,,,,,,,,,,,,,,,,,,,,,,,,,,,,,"wrist"
"IZTECH_S016",,"2025-05-05 06:18:19",TRUE,,,,,,,,,,,,,,,,,,,,,,,,,,,,,,,,,"wrist"
"IZTECH_S016",,"2025-05-05 06:20:19",TRUE,,,,,,,,,,,,,,,,,,,,,,,,,,,,,,,,,"wrist"
"IZTECH_S016",,"2025-05-05 06:22:19",TRUE,,,,,,,,,,,,,,,,,,,,,,,,,,,,,,,,,"wrist"
"IZTECH_S016",,"2025-05-05 06:24:19",TRUE,,,,,,,,,,,,,,,,,,,,,,,,,,,,,,,,,"wrist"
"IZTECH_S016",,"2025-05-05 06:26:19",TRUE,,,,,,,,,,,,,,,,,,,,,,,,,,,,,,,,,"wrist"
"IZTECH_S016",,"2025-05-05 06:28:19",TRUE,,,,,,,,,,,,,,,,,,,,,,,,,,,,,,,,,"wrist"
"IZTECH_S016",,"2025-05-05 06:30:19",TRUE,,,,,,,,,,,,,,,,,,,,,,,,,,,,,,,,,"wrist"
"IZTECH_S016",,"2025-05-05 06:32:19",TRUE,,,,,,,,,,,,,,,,,,,,,,,,,,,,,,,,,"wrist"
"IZTECH_S016",,"2025-05-05 06:34:19",TRUE,,,,,,,,,,,,,,,,,,,,,,,,,,,,,,,,,"wrist"
"IZTECH_S016",,"2025-05-05 06:36:19",TRUE,,,,,,,,,,,,,,,,,,,,,,,,,,,,,,,,,"wrist"
"IZTECH_S016",,"2025-05-05 06:38:19",TRUE,,,,,,,,,,,,,,,,,,,,,,,,,,,,,,,,,"wrist"
"IZTECH_S016",,"2025-05-05 06:40:19",TRUE,,,,,,,,,,,,,,,,,,,,,,,,,,,,,,,,,"wrist"
"IZTECH_S016",,"2025-05-05 06:42:19",TRUE,,,,,,,,,,,,,,,,,,,,,,,,,,,,,,,,,"wrist"
"IZTECH_S016",,"2025-05-05 06:44:19",TRUE,,,,,,,,,,,,,,,,,,,,,,,,,,,,,,,,,"wrist"
"IZTECH_S016",,"2025-05-05 06:46:19",TRUE,,,,,,,,,,,,,,,,,,,,,,,,,,,,,,,,,"wrist"
"IZTECH_S016",,"2025-05-05 06:48:19",TRUE,,,,,,,,,,,,,,,,,,,,,,,,,,,,,,,,,"wrist"
"IZTECH_S016",,"2025-05-05 06:50:19",TRUE,,,,,,,,,,,,,,,,,,,,,,,,,,,,,,,,,"wrist"
"IZTECH_S016",,"2025-05-05 06:52:19",TRUE,,,,,,,,,,,,,,,,,,,,,,,,,,,,,,,,,"wrist"
"IZTECH_S016",,"2025-05-05 06:54:19",TRUE,,,,,,,,,,,,,,,,,,,,,,,,,,,,,,,,,"wrist"
"IZTECH_S016",,"2025-05-05 06:56:19",TRUE,,,,,,,,,,,,,,,,,,,,,,,,,,,,,,,,,"wrist"
"IZTECH_S016",,"2025-05-05 06:58:19",TRUE,,,,,,,,,,,,,,,,,,,,,,,,,,,,,,,,,"wrist"
"IZTECH_S016",,"2025-05-05 07:00:19",TRUE,,,,,,,,,,,,,,,,,,,,,,,,,,,,,,,,,"wrist"
"IZTECH_S016",,"2025-05-05 07:02:19",TRUE,,,,,,,,,,,,,,,,,,,,,,,,,,,,,,,,,"wrist"
"IZTECH_S016",,"2025-05-05 07:04:19",TRUE,,,,,,,,,,,,,,,,,,,,,,,,,,,,,,,,,"wrist"
"IZTECH_S016",,"2025-05-05 07:06:19",TRUE,,,,,,,,,,,,,,,,,,,,,,,,,,,,,,,,,"wrist"
"IZTECH_S016",,"2025-05-05 07:08:19",TRUE,,,,,,,,,,,,,,,,,,,,,,,,,,,,,,,,,"wrist"
"IZTECH_S016",,"2025-05-05 07:10:19",TRUE,,,,,,,,,,,,,,,,,,,,,,,,,,,,,,,,,"wrist"
"IZTECH_S016",,"2025-05-05 07:12:19",TRUE,,,,,,,,,,,,,,,,,,,,,,,,,,,,,,,,,"wrist"
"IZTECH_S016",,"2025-05-05 07:14:19",TRUE,,,,,,,,,,,,,,,,,,,,,,,,,,,,,,,,,"wrist"
"IZTECH_S016",,"2025-05-05 07:16:19",TRUE,,,,,,,,,,,,,,,,,,,,,,,,,,,,,,,,,"wrist"
"IZTECH_S016",,"2025-05-05 07:18:19",TRUE,,,,,,,,,,,,,,,,,,,,,,,,,,,,,,,,,"wrist"
"IZTECH_S016",,"2025-05-05 07:20:19",TRUE,,,,,,,,,,,,,,,,,,,,,,,,,,,,,,,,,"wrist"
"IZTECH_S016",,"2025-05-05 07:22:19",TRUE,,,,,,,,,,,,,,,,,,,,,,,,,,,,,,,,,"wrist"
"IZTECH_S016",,"2025-05-05 07:24:19",TRUE,,,,,,,,,,,,,,,,,,,,,,,,,,,,,,,,,"wrist"
"IZTECH_S016",,"2025-05-05 07:26:19",TRUE,,,,,,,,,,,,,,,,,,,,,,,,,,,,,,,,,"wrist"
"IZTECH_S016",,"2025-05-05 07:28:19",TRUE,,,,,,,,,,,,,,,,,,,,,,,,,,,,,,,,,"wrist"
"IZTECH_S016",,"2025-05-05 07:30:19",TRUE,,,,,,,,,,,,,,,,,,,,,,,,,,,,,,,,,"wrist"
"IZTECH_S016",,"2025-05-05 07:32:19",TRUE,,,,,,,,,,,,,,,,,,,,,,,,,,,,,,,,,"wrist"
"IZTECH_S016",,"2025-05-05 07:34:19",TRUE,,,,,,,,,,,,,,,,,,,,,,,,,,,,,,,,,"wrist"
"IZTECH_S016",,"2025-05-05 07:36:19",TRUE,,,,,,,,,,,,,,,,,,,,,,,,,,,,,,,,,"wrist"
"IZTECH_S016",,"2025-05-05 07:38:19",TRUE,,,,,,,,,,,,,,,,,,,,,,,,,,,,,,,,,"wrist"
"IZTECH_S016",,"2025-05-05 07:40:19",TRUE,,,,,,,,,,,,,,,,,,,,,,,,,,,,,,,,,"wrist"
"IZTECH_S016",,"2025-05-05 07:42:19",TRUE,,,,,,,,,,,,,,,,,,,,,,,,,,,,,,,,,"wrist"
"IZTECH_S016",,"2025-05-05 07:44:19",TRUE,,,,,,,,,,,,,,,,,,,,,,,,,,,,,,,,,"wrist"
"IZTECH_S016",,"2025-05-05 07:46:19",TRUE,,,,,,,,,,,,,,,,,,,,,,,,,,,,,,,,,"wrist"
"IZTECH_S016",,"2025-05-05 07:48:19",TRUE,,,,,,,,,,,,,,,,,,,,,,,,,,,,,,,,,"wrist"
"IZTECH_S016",,"2025-05-05 07:50:19",TRUE,,,,,,,,,,,,,,,,,,,,,,,,,,,,,,,,,"wrist"
"IZTECH_S016",,"2025-05-05 07:52:19",TRUE,,,,,,,,,,,,,,,,,,,,,,,,,,,,,,,,,"wrist"
"IZTECH_S016",,"2025-05-05 07:54:19",TRUE,,,,,,,,,,,,,,,,,,,,,,,,,,,,,,,,,"wrist"
"IZTECH_S016",,"2025-05-05 07:56:19",TRUE,,,,,,,,,,,,,,,,,,,,,,,,,,,,,,,,,"wrist"
"IZTECH_S016",,"2025-05-05 07:58:19",TRUE,,,,,,,,,,,,,,,,,,,,,,,,,,,,,,,,,"wrist"
"IZTECH_S016",,"2025-05-05 08:00:19",TRUE,,,,,,,,,,,,,,,,,,,,,,,,,,,,,,,,,"wrist"
"IZTECH_S016",,"2025-05-05 08:02:19",TRUE,,,,,,,,,,,,,,,,,,,,,,,,,,,,,,,,,"wrist"
"IZTECH_S016",,"2025-05-05 08:04:19",TRUE,,,,,,,,,,,,,,,,,,,,,,,,,,,,,,,,,"wrist"
"IZTECH_S016",,"2025-05-05 08:06:19",TRUE,,,,,,,,,,,,,,,,,,,,,,,,,,,,,,,,,"wrist"
"IZTECH_S016",,"2025-05-05 08:08:19",TRUE,,,,,,,,,,,,,,,,,,,,,,,,,,,,,,,,,"wrist"
"IZTECH_S016",,"2025-05-05 08:10:19",TRUE,,,,,,,,,,,,,,,,,,,,,,,,,,,,,,,,,"wrist"
"IZTECH_S016",,"2025-05-05 08:12:19",TRUE,,,,,,,,,,,,,,,,,,,,,,,,,,,,,,,,,"wrist"
"IZTECH_S016",,"2025-05-05 08:14:19",TRUE,,,,,,,,,,,,,,,,,,,,,,,,,,,,,,,,,"wrist"
"IZTECH_S016",,"2025-05-05 08:16:19",TRUE,,,,,,,,,,,,,,,,,,,,,,,,,,,,,,,,,"wrist"
"IZTECH_S016",,"2025-05-05 08:18:19",TRUE,,,,,,,,,,,,,,,,,,,,,,,,,,,,,,,,,"wrist"
"IZTECH_S016",,"2025-05-05 08:20:19",TRUE,,,,,,,,,,,,,,,,,,,,,,,,,,,,,,,,,"wrist"
"IZTECH_S016",,"2025-05-05 08:22:19",TRUE,,,,,,,,,,,,,,,,,,,,,,,,,,,,,,,,,"wrist"
"IZTECH_S016",,"2025-05-05 08:24:19",TRUE,,,,,,,,,,,,,,,,,,,,,,,,,,,,,,,,,"wrist"
"IZTECH_S016",,"2025-05-05 08:26:19",TRUE,,,,,,,,,,,,,,,,,,,,,,,,,,,,,,,,,"wrist"
"IZTECH_S016",,"2025-05-05 08:28:19",TRUE,,,,,,,,,,,,,,,,,,,,,,,,,,,,,,,,,"wrist"
"IZTECH_S016",,"2025-05-05 08:30:19",TRUE,,,,,,,,,,,,,,,,,,,,,,,,,,,,,,,,,"wrist"
"IZTECH_S016",,"2025-05-05 08:32:19",TRUE,,,,,,,,,,,,,,,,,,,,,,,,,,,,,,,,,"wrist"
"IZTECH_S016",,"2025-05-05 08:34:19",TRUE,,,,,,,,,,,,,,,,,,,,,,,,,,,,,,,,,"wrist"
"IZTECH_S016",,"2025-05-05 08:36:19",TRUE,,,,,,,,,,,,,,,,,,,,,,,,,,,,,,,,,"wrist"
"IZTECH_S016",,"2025-05-05 08:38:19",TRUE,,,,,,,,,,,,,,,,,,,,,,,,,,,,,,,,,"wrist"
"IZTECH_S016",,"2025-05-05 08:40:19",TRUE,,,,,,,,,,,,,,,,,,,,,,,,,,,,,,,,,"wrist"
"IZTECH_S016",,"2025-05-05 08:42:19",TRUE,,,,,,,,,,,,,,,,,,,,,,,,,,,,,,,,,"wrist"
"IZTECH_S016",,"2025-05-05 08:44:19",TRUE,,,,,,,,,,,,,,,,,,,,,,,,,,,,,,,,,"wrist"
"IZTECH_S016",,"2025-05-05 08:46:19",TRUE,,,,,,,,,,,,,,,,,,,,,,,,,,,,,,,,,"wrist"
"IZTECH_S016",,"2025-05-05 08:48:19",TRUE,,,,,,,,,,,,,,,,,,,,,,,,,,,,,,,,,"wrist"
"IZTECH_S016",,"2025-05-05 08:50:19",TRUE,,,,,,,,,,,,,,,,,,,,,,,,,,,,,,,,,"wrist"
"IZTECH_S016",,"2025-05-05 08:52:19",TRUE,,,,,,,,,,,,,,,,,,,,,,,,,,,,,,,,,"wrist"
"IZTECH_S016",,"2025-05-05 08:54:19",TRUE,,,,,,,,,,,,,,,,,,,,,,,,,,,,,,,,,"wrist"
"IZTECH_S016",,"2025-05-05 08:56:19",TRUE,,,,,,,,,,,,,,,,,,,,,,,,,,,,,,,,,"wrist"
"IZTECH_S016",,"2025-05-05 08:58:19",TRUE,,,,,,,,,,,,,,,,,,,,,,,,,,,,,,,,,"wrist"
"IZTECH_S016",,"2025-05-05 09:00:19",TRUE,,,,,,,,,,,,,,,,,,,,,,,,,,,,,,,,,"wrist"
"IZTECH_S016",,"2025-05-05 09:02:19",TRUE,,,,,,,,,,,,,,,,,,,,,,,,,,,,,,,,,"wrist"
"IZTECH_S016",,"2025-05-05 09:04:19",TRUE,,,,,,,,,,,,,,,,,,,,,,,,,,,,,,,,,"wrist"
"IZTECH_S016",,"2025-05-05 09:06:19",TRUE,,,,,,,,,,,,,,,,,,,,,,,,,,,,,,,,,"wrist"
"IZTECH_S016",,"2025-05-05 09:08:19",TRUE,,,,,,,,,,,,,,,,,,,,,,,,,,,,,,,,,"wrist"
"IZTECH_S016",,"2025-05-05 09:10:19",TRUE,,,,,,,,,,,,,,,,,,,,,,,,,,,,,,,,,"wrist"
"IZTECH_S016",,"2025-05-05 09:12:19",TRUE,,,,,,,,,,,,,,,,,,,,,,,,,,,,,,,,,"wrist"
"IZTECH_S016",,"2025-05-05 09:14:19",TRUE,,,,,,,,,,,,,,,,,,,,,,,,,,,,,,,,,"wrist"
"IZTECH_S016",,"2025-05-05 09:16:19",TRUE,,,,,,,,,,,,,,,,,,,,,,,,,,,,,,,,,"wrist"
"IZTECH_S016",,"2025-05-05 09:18:19",TRUE,,,,,,,,,,,,,,,,,,,,,,,,,,,,,,,,,"wrist"
"IZTECH_S016",,"2025-05-05 09:20:19",TRUE,,,,,,,,,,,,,,,,,,,,,,,,,,,,,,,,,"wrist"
"IZTECH_S016",,"2025-05-05 09:22:19",TRUE,,,,,,,,,,,,,,,,,,,,,,,,,,,,,,,,,"wrist"
"IZTECH_S016",,"2025-05-05 09:24:19",TRUE,,,,,,,,,,,,,,,,,,,,,,,,,,,,,,,,,"wrist"
"IZTECH_S016",,"2025-05-05 09:26:19",TRUE,,,,,,,,,,,,,,,,,,,,,,,,,,,,,,,,,"wrist"
"IZTECH_S016",,"2025-05-05 09:28:19",TRUE,,,,,,,,,,,,,,,,,,,,,,,,,,,,,,,,,"wrist"
"IZTECH_S016",,"2025-05-05 09:30:19",TRUE,,,,,,,,,,,,,,,,,,,,,,,,,,,,,,,,,"wrist"
"IZTECH_S016",,"2025-05-05 09:32:19",TRUE,,,,,,,,,,,,,,,,,,,,,,,,,,,,,,,,,"wrist"
"IZTECH_S016",,"2025-05-05 09:34:19",TRUE,,,,,,,,,,,,,,,,,,,,,,,,,,,,,,,,,"wrist"
"IZTECH_S016",,"2025-05-05 09:36:19",TRUE,,,,,,,,,,,,,,,,,,,,,,,,,,,,,,,,,"wrist"
"IZTECH_S016",,"2025-05-05 09:38:19",TRUE,,,,,,,,,,,,,,,,,,,,,,,,,,,,,,,,,"wrist"
"IZTECH_S016",,"2025-05-05 09:40:19",TRUE,,,,,,,,,,,,,,,,,,,,,,,,,,,,,,,,,"wrist"
"IZTECH_S016",,"2025-05-05 09:42:19",TRUE,,,,,,,,,,,,,,,,,,,,,,,,,,,,,,,,,"wrist"
"IZTECH_S016",,"2025-05-05 09:44:19",TRUE,,,,,,,,,,,,,,,,,,,,,,,,,,,,,,,,,"wrist"
"IZTECH_S016",,"2025-05-05 09:46:19",TRUE,,,,,,,,,,,,,,,,,,,,,,,,,,,,,,,,,"wrist"
"IZTECH_S016",,"2025-05-05 09:48:19",TRUE,,,,,,,,,,,,,,,,,,,,,,,,,,,,,,,,,"wrist"
"IZTECH_S016",,"2025-05-05 09:50:19",TRUE,,,,,,,,,,,,,,,,,,,,,,,,,,,,,,,,,"wrist"
"IZTECH_S016",,"2025-05-05 09:52:19",TRUE,,,,,,,,,,,,,,,,,,,,,,,,,,,,,,,,,"wrist"
"IZTECH_S016",,"2025-05-05 09:54:19",TRUE,,,,,,,,,,,,,,,,,,,,,,,,,,,,,,,,,"wrist"
"IZTECH_S016",,"2025-05-05 09:56:19",TRUE,,,,,,,,,,,,,,,,,,,,,,,,,,,,,,,,,"wrist"
"IZTECH_S016",,"2025-05-05 09:58:19",TRUE,,,,,,,,,,,,,,,,,,,,,,,,,,,,,,,,,"wrist"
"IZTECH_S016",,"2025-05-05 10:00:19",TRUE,,,,,,,,,,,,,,,,,,,,,,,,,,,,,,,,,"wrist"
"IZTECH_S016",,"2025-05-05 10:02:19",TRUE,,,,,,,,,,,,,,,,,,,,,,,,,,,,,,,,,"wrist"
"IZTECH_S016",,"2025-05-05 10:04:19",TRUE,,,,,,,,,,,,,,,,,,,,,,,,,,,,,,,,,"wrist"
"IZTECH_S016",,"2025-05-05 10:06:19",TRUE,,,,,,,,,,,,,,,,,,,,,,,,,,,,,,,,,"wrist"
"IZTECH_S016",,"2025-05-05 10:08:19",TRUE,,,,,,,,,,,,,,,,,,,,,,,,,,,,,,,,,"wrist"
"IZTECH_S016",,"2025-05-05 10:10:19",TRUE,,,,,,,,,,,,,,,,,,,,,,,,,,,,,,,,,"wrist"
"IZTECH_S016",,"2025-05-05 10:12:19",TRUE,,,,,,,,,,,,,,,,,,,,,,,,,,,,,,,,,"wrist"
"IZTECH_S016",,"2025-05-05 10:14:19",TRUE,,,,,,,,,,,,,,,,,,,,,,,,,,,,,,,,,"wrist"
"IZTECH_S016",,"2025-05-05 10:16:19",TRUE,,,,,,,,,,,,,,,,,,,,,,,,,,,,,,,,,"wrist"
"IZTECH_S016",,"2025-05-05 10:18:19",TRUE,,,,,,,,,,,,,,,,,,,,,,,,,,,,,,,,,"wrist"
"IZTECH_S016",,"2025-05-05 10:20:19",TRUE,,,,,,,,,,,,,,,,,,,,,,,,,,,,,,,,,"wrist"
"IZTECH_S016",,"2025-05-05 10:22:19",TRUE,,,,,,,,,,,,,,,,,,,,,,,,,,,,,,,,,"wrist"
"IZTECH_S016",,"2025-05-05 10:24:19",TRUE,,,,,,,,,,,,,,,,,,,,,,,,,,,,,,,,,"wrist"
"IZTECH_S016",,"2025-05-05 10:26:19",TRUE,,,,,,,,,,,,,,,,,,,,,,,,,,,,,,,,,"wrist"
"IZTECH_S016",,"2025-05-05 10:28:19",TRUE,,,,,,,,,,,,,,,,,,,,,,,,,,,,,,,,,"wrist"
"IZTECH_S016",,"2025-05-05 10:30:19",TRUE,,,,,,,,,,,,,,,,,,,,,,,,,,,,,,,,,"wrist"
"IZTECH_S016",,"2025-05-05 10:32:19",TRUE,,,,,,,,,,,,,,,,,,,,,,,,,,,,,,,,,"wrist"
"IZTECH_S016",,"2025-05-05 10:34:19",TRUE,,,,,,,,,,,,,,,,,,,,,,,,,,,,,,,,,"wrist"
"IZTECH_S016",,"2025-05-05 10:36:19",TRUE,,,,,,,,,,,,,,,,,,,,,,,,,,,,,,,,,"wrist"
"IZTECH_S016",,"2025-05-05 10:38:19",TRUE,,,,,,,,,,,,,,,,,,,,,,,,,,,,,,,,,"wrist"
"IZTECH_S016",,"2025-05-05 10:40:19",TRUE,,,,,,,,,,,,,,,,,,,,,,,,,,,,,,,,,"wrist"
"IZTECH_S016",,"2025-05-05 10:42:19",TRUE,,,,,,,,,,,,,,,,,,,,,,,,,,,,,,,,,"wrist"
"IZTECH_S016",,"2025-05-05 10:44:19",TRUE,,,,,,,,,,,,,,,,,,,,,,,,,,,,,,,,,"wrist"
"IZTECH_S016",,"2025-05-05 10:46:19",TRUE,,,,,,,,,,,,,,,,,,,,,,,,,,,,,,,,,"wrist"
"IZTECH_S016",,"2025-05-05 10:48:19",TRUE,,,,,,,,,,,,,,,,,,,,,,,,,,,,,,,,,"wrist"
"IZTECH_S016",,"2025-05-05 10:50:19",TRUE,,,,,,,,,,,,,,,,,,,,,,,,,,,,,,,,,"wrist"
"IZTECH_S016",,"2025-05-05 10:52:19",TRUE,,,,,,,,,,,,,,,,,,,,,,,,,,,,,,,,,"wrist"
"IZTECH_S016",,"2025-05-05 10:54:19",TRUE,,,,,,,,,,,,,,,,,,,,,,,,,,,,,,,,,"wrist"
"IZTECH_S016",,"2025-05-05 10:56:19",TRUE,,,,,,,,,,,,,,,,,,,,,,,,,,,,,,,,,"wrist"
"IZTECH_S016",,"2025-05-05 10:58:19",TRUE,,,,,,,,,,,,,,,,,,,,,,,,,,,,,,,,,"wrist"
"IZTECH_S016",,"2025-05-05 11:00:19",TRUE,,,,,,,,,,,,,,,,,,,,,,,,,,,,,,,,,"wrist"
"IZTECH_S016",,"2025-05-05 11:02:19",TRUE,,,,,,,,,,,,,,,,,,,,,,,,,,,,,,,,,"wrist"
"IZTECH_S016",,"2025-05-05 11:04:19",TRUE,,,,,,,,,,,,,,,,,,,,,,,,,,,,,,,,,"wrist"
"IZTECH_S016",,"2025-05-05 11:06:19",TRUE,,,,,,,,,,,,,,,,,,,,,,,,,,,,,,,,,"wrist"
"IZTECH_S016",,"2025-05-05 11:08:19",TRUE,,,,,,,,,,,,,,,,,,,,,,,,,,,,,,,,,"wrist"
"IZTECH_S016",,"2025-05-05 11:10:19",TRUE,,,,,,,,,,,,,,,,,,,,,,,,,,,,,,,,,"wrist"
"IZTECH_S016",,"2025-05-05 11:12:19",TRUE,,,,,,,,,,,,,,,,,,,,,,,,,,,,,,,,,"wrist"
"IZTECH_S016",,"2025-05-05 11:14:19",TRUE,,,,,,,,,,,,,,,,,,,,,,,,,,,,,,,,,"wrist"
"IZTECH_S016",,"2025-05-05 11:16:19",TRUE,,,,,,,,,,,,,,,,,,,,,,,,,,,,,,,,,"wrist"
"IZTECH_S016",,"2025-05-05 11:18:19",TRUE,,,,,,,,,,,,,,,,,,,,,,,,,,,,,,,,,"wrist"
"IZTECH_S016",,"2025-05-05 11:20:19",TRUE,,,,,,,,,,,,,,,,,,,,,,,,,,,,,,,,,"wrist"
"IZTECH_S016",,"2025-05-05 11:22:19",TRUE,,,,,,,,,,,,,,,,,,,,,,,,,,,,,,,,,"wrist"
"IZTECH_S016",,"2025-05-05 11:24:19",TRUE,,,,,,,,,,,,,,,,,,,,,,,,,,,,,,,,,"wrist"
"IZTECH_S016",,"2025-05-05 11:26:19",TRUE,,,,,,,,,,,,,,,,,,,,,,,,,,,,,,,,,"wrist"
"IZTECH_S016",,"2025-05-05 11:28:19",TRUE,,,,,,,,,,,,,,,,,,,,,,,,,,,,,,,,,"wrist"
"IZTECH_S016",,"2025-05-05 11:30:19",TRUE,,,,,,,,,,,,,,,,,,,,,,,,,,,,,,,,,"wrist"
"IZTECH_S016",,"2025-05-05 11:32:19",TRUE,,,,,,,,,,,,,,,,,,,,,,,,,,,,,,,,,"wrist"
"IZTECH_S016",,"2025-05-05 11:34:19",TRUE,,,,,,,,,,,,,,,,,,,,,,,,,,,,,,,,,"wrist"
"IZTECH_S016",,"2025-05-05 11:36:19",TRUE,,,,,,,,,,,,,,,,,,,,,,,,,,,,,,,,,"wrist"
"IZTECH_S016",,"2025-05-05 11:38:19",TRUE,,,,,,,,,,,,,,,,,,,,,,,,,,,,,,,,,"wrist"
"IZTECH_S016",,"2025-05-05 11:40:19",TRUE,,,,,,,,,,,,,,,,,,,,,,,,,,,,,,,,,"wrist"
"IZTECH_S016",,"2025-05-05 11:42:19",TRUE,,,,,,,,,,,,,,,,,,,,,,,,,,,,,,,,,"wrist"
"IZTECH_S016",,"2025-05-05 11:44:19",TRUE,,,,,,,,,,,,,,,,,,,,,,,,,,,,,,,,,"wrist"
"IZTECH_S016",,"2025-05-05 11:46:19",TRUE,,,,,,,,,,,,,,,,,,,,,,,,,,,,,,,,,"wrist"
"IZTECH_S016",,"2025-05-05 11:48:19",TRUE,,,,,,,,,,,,,,,,,,,,,,,,,,,,,,,,,"wrist"
"IZTECH_S016",,"2025-05-05 11:50:19",TRUE,,,,,,,,,,,,,,,,,,,,,,,,,,,,,,,,,"wrist"
"IZTECH_S016",,"2025-05-05 11:52:19",TRUE,,,,,,,,,,,,,,,,,,,,,,,,,,,,,,,,,"wrist"
"IZTECH_S016",,"2025-05-05 11:54:19",TRUE,,,,,,,,,,,,,,,,,,,,,,,,,,,,,,,,,"wrist"
"IZTECH_S016",,"2025-05-05 11:56:19",TRUE,,,,,,,,,,,,,,,,,,,,,,,,,,,,,,,,,"wrist"
"IZTECH_S016",,"2025-05-05 11:58:19",TRUE,,,,,,,,,,,,,,,,,,,,,,,,,,,,,,,,,"wrist"
"IZTECH_S016",,"2025-05-05 12:00:19",TRUE,,,,,,,,,,,,,,,,,,,,,,,,,,,,,,,,,"wrist"
"IZTECH_S016",,"2025-05-05 12:02:19",TRUE,,,,,,,,,,,,,,,,,,,,,,,,,,,,,,,,,"wrist"
"IZTECH_S016",,"2025-05-05 12:04:19",TRUE,,,,,,,,,,,,,,,,,,,,,,,,,,,,,,,,,"wrist"
"IZTECH_S016",,"2025-05-05 12:06:19",TRUE,,,,,,,,,,,,,,,,,,,,,,,,,,,,,,,,,"wrist"
"IZTECH_S016",,"2025-05-05 12:08:19",TRUE,,,,,,,,,,,,,,,,,,,,,,,,,,,,,,,,,"wrist"
"IZTECH_S016",,"2025-05-05 12:10:19",TRUE,,,,,,,,,,,,,,,,,,,,,,,,,,,,,,,,,"wrist"
"IZTECH_S016",,"2025-05-05 12:12:19",TRUE,,,,,,,,,,,,,,,,,,,,,,,,,,,,,,,,,"wrist"
"IZTECH_S016",,"2025-05-05 12:14:19",TRUE,,,,,,,,,,,,,,,,,,,,,,,,,,,,,,,,,"wrist"
"IZTECH_S016",,"2025-05-05 12:16:19",TRUE,,,,,,,,,,,,,,,,,,,,,,,,,,,,,,,,,"wrist"
"IZTECH_S016",,"2025-05-05 12:18:19",TRUE,,,,,,,,,,,,,,,,,,,,,,,,,,,,,,,,,"wrist"
"IZTECH_S016",,"2025-05-05 12:20:19",TRUE,,,,,,,,,,,,,,,,,,,,,,,,,,,,,,,,,"wrist"
"IZTECH_S016",,"2025-05-05 12:22:19",TRUE,,,,,,,,,,,,,,,,,,,,,,,,,,,,,,,,,"wrist"
"IZTECH_S016",,"2025-05-05 12:24:19",TRUE,,,,,,,,,,,,,,,,,,,,,,,,,,,,,,,,,"wrist"
"IZTECH_S016",,"2025-05-05 12:26:19",TRUE,,,,,,,,,,,,,,,,,,,,,,,,,,,,,,,,,"wrist"
"IZTECH_S016",,"2025-05-05 12:28:19",TRUE,,,,,,,,,,,,,,,,,,,,,,,,,,,,,,,,,"wrist"
"IZTECH_S016",,"2025-05-05 12:30:19",TRUE,,,,,,,,,,,,,,,,,,,,,,,,,,,,,,,,,"wrist"
"IZTECH_S016",,"2025-05-05 12:32:19",TRUE,,,,,,,,,,,,,,,,,,,,,,,,,,,,,,,,,"wrist"
"IZTECH_S016",,"2025-05-05 12:34:19",TRUE,,,,,,,,,,,,,,,,,,,,,,,,,,,,,,,,,"wrist"
"IZTECH_S016",,"2025-05-05 12:36:19",TRUE,,,,,,,,,,,,,,,,,,,,,,,,,,,,,,,,,"wrist"
"IZTECH_S016",,"2025-05-05 12:38:19",TRUE,,,,,,,,,,,,,,,,,,,,,,,,,,,,,,,,,"wrist"
"IZTECH_S016",,"2025-05-05 12:40:19",TRUE,,,,,,,,,,,,,,,,,,,,,,,,,,,,,,,,,"wrist"
"IZTECH_S016",,"2025-05-05 12:42:19",TRUE,,,,,,,,,,,,,,,,,,,,,,,,,,,,,,,,,"wrist"
"IZTECH_S016",,"2025-05-05 12:44:19",TRUE,,,,,,,,,,,,,,,,,,,,,,,,,,,,,,,,,"wrist"
"IZTECH_S016",,"2025-05-05 12:46:19",TRUE,,,,,,,,,,,,,,,,,,,,,,,,,,,,,,,,,"wrist"
"IZTECH_S016",,"2025-05-05 12:48:19",TRUE,,,,,,,,,,,,,,,,,,,,,,,,,,,,,,,,,"wrist"
"IZTECH_S016",,"2025-05-05 12:50:19",TRUE,,,,,,,,,,,,,,,,,,,,,,,,,,,,,,,,,"wrist"
"IZTECH_S016",,"2025-05-05 12:52:19",TRUE,,,,,,,,,,,,,,,,,,,,,,,,,,,,,,,,,"wrist"
"IZTECH_S016",,"2025-05-05 12:54:19",TRUE,,,,,,,,,,,,,,,,,,,,,,,,,,,,,,,,,"wrist"
"IZTECH_S016",,"2025-05-05 12:56:19",TRUE,,,,,,,,,,,,,,,,,,,,,,,,,,,,,,,,,"wrist"
"IZTECH_S016",,"2025-05-05 12:58:19",TRUE,,,,,,,,,,,,,,,,,,,,,,,,,,,,,,,,,"wrist"
"IZTECH_S016",,"2025-05-05 13:00:19",TRUE,,,,,,,,,,,,,,,,,,,,,,,,,,,,,,,,,"wrist"
"IZTECH_S016",,"2025-05-05 13:02:19",TRUE,,,,,,,,,,,,,,,,,,,,,,,,,,,,,,,,,"wrist"
"IZTECH_S016",,"2025-05-05 13:04:19",TRUE,,,,,,,,,,,,,,,,,,,,,,,,,,,,,,,,,"wrist"
"IZTECH_S016",,"2025-05-05 13:06:19",TRUE,,,,,,,,,,,,,,,,,,,,,,,,,,,,,,,,,"wrist"
"IZTECH_S016",,"2025-05-05 13:08:19",TRUE,,,,,,,,,,,,,,,,,,,,,,,,,,,,,,,,,"wrist"
"IZTECH_S016",,"2025-05-05 13:10:19",TRUE,,,,,,,,,,,,,,,,,,,,,,,,,,,,,,,,,"wrist"
"IZTECH_S016",,"2025-05-05 13:12:19",TRUE,,,,,,,,,,,,,,,,,,,,,,,,,,,,,,,,,"wrist"
"IZTECH_S016",,"2025-05-05 13:14:19",TRUE,,,,,,,,,,,,,,,,,,,,,,,,,,,,,,,,,"wrist"
"IZTECH_S016",,"2025-05-05 13:16:19",TRUE,,,,,,,,,,,,,,,,,,,,,,,,,,,,,,,,,"wrist"
"IZTECH_S016",,"2025-05-05 13:18:19",TRUE,,,,,,,,,,,,,,,,,,,,,,,,,,,,,,,,,"wrist"
"IZTECH_S016",,"2025-05-05 13:20:19",TRUE,,,,,,,,,,,,,,,,,,,,,,,,,,,,,,,,,"wrist"
"IZTECH_S016",,"2025-05-05 13:22:19",TRUE,,,,,,,,,,,,,,,,,,,,,,,,,,,,,,,,,"wrist"
"IZTECH_S016",,"2025-05-05 13:24:19",TRUE,,,,,,,,,,,,,,,,,,,,,,,,,,,,,,,,,"wrist"
"IZTECH_S016",,"2025-05-05 13:26:19",TRUE,,,,,,,,,,,,,,,,,,,,,,,,,,,,,,,,,"wrist"
"IZTECH_S016",,"2025-05-05 13:28:19",TRUE,,,,,,,,,,,,,,,,,,,,,,,,,,,,,,,,,"wrist"
"IZTECH_S016",,"2025-05-05 13:30:19",TRUE,,,,,,,,,,,,,,,,,,,,,,,,,,,,,,,,,"wrist"
"IZTECH_S016",,"2025-05-05 13:32:19",TRUE,,,,,,,,,,,,,,,,,,,,,,,,,,,,,,,,,"wrist"
"IZTECH_S016",,"2025-05-05 13:34:19",TRUE,,,,,,,,,,,,,,,,,,,,,,,,,,,,,,,,,"wrist"
"IZTECH_S016",,"2025-05-05 13:36:19",TRUE,,,,,,,,,,,,,,,,,,,,,,,,,,,,,,,,,"wrist"
"IZTECH_S016",,"2025-05-05 13:38:19",TRUE,,,,,,,,,,,,,,,,,,,,,,,,,,,,,,,,,"wrist"
"IZTECH_S016",,"2025-05-05 13:40:19",TRUE,,,,,,,,,,,,,,,,,,,,,,,,,,,,,,,,,"wrist"
"IZTECH_S016",,"2025-05-05 13:42:19",TRUE,,,,,,,,,,,,,,,,,,,,,,,,,,,,,,,,,"wrist"
"IZTECH_S016",,"2025-05-05 13:44:19",TRUE,,,,,,,,,,,,,,,,,,,,,,,,,,,,,,,,,"wrist"
"IZTECH_S016",,"2025-05-05 13:46:19",TRUE,,,,,,,,,,,,,,,,,,,,,,,,,,,,,,,,,"wrist"
"IZTECH_S016",,"2025-05-05 13:48:19",TRUE,,,,,,,,,,,,,,,,,,,,,,,,,,,,,,,,,"wrist"
"IZTECH_S016",,"2025-05-05 13:50:19",TRUE,,,,,,,,,,,,,,,,,,,,,,,,,,,,,,,,,"wrist"
"IZTECH_S016",,"2025-05-05 13:52:19",TRUE,,,,,,,,,,,,,,,,,,,,,,,,,,,,,,,,,"wrist"
"IZTECH_S016",,"2025-05-05 13:54:19",TRUE,,,,,,,,,,,,,,,,,,,,,,,,,,,,,,,,,"wrist"
"IZTECH_S016",,"2025-05-05 13:56:19",TRUE,,,,,,,,,,,,,,,,,,,,,,,,,,,,,,,,,"wrist"
"IZTECH_S016",,"2025-05-05 13:58:19",TRUE,,,,,,,,,,,,,,,,,,,,,,,,,,,,,,,,,"wrist"
"IZTECH_S016",,"2025-05-05 14:00:19",TRUE,,,,,,,,,,,,,,,,,,,,,,,,,,,,,,,,,"wrist"
"IZTECH_S016",,"2025-05-05 14:02:19",TRUE,,,,,,,,,,,,,,,,,,,,,,,,,,,,,,,,,"wrist"
"IZTECH_S016",,"2025-05-05 14:04:19",TRUE,,,,,,,,,,,,,,,,,,,,,,,,,,,,,,,,,"wrist"
"IZTECH_S016",,"2025-05-05 14:06:19",TRUE,,,,,,,,,,,,,,,,,,,,,,,,,,,,,,,,,"wrist"
"IZTECH_S016",,"2025-05-05 14:08:19",TRUE,,,,,,,,,,,,,,,,,,,,,,,,,,,,,,,,,"wrist"
"IZTECH_S016",,"2025-05-05 14:10:19",TRUE,,,,,,,,,,,,,,,,,,,,,,,,,,,,,,,,,"wrist"
"IZTECH_S016",,"2025-05-05 14:12:19",TRUE,,,,,,,,,,,,,,,,,,,,,,,,,,,,,,,,,"wrist"
"IZTECH_S016",,"2025-05-05 14:14:19",TRUE,,,,,,,,,,,,,,,,,,,,,,,,,,,,,,,,,"wrist"
"IZTECH_S016",,"2025-05-05 14:16:19",TRUE,,,,,,,,,,,,,,,,,,,,,,,,,,,,,,,,,"wrist"
"IZTECH_S016",,"2025-05-05 14:18:19",TRUE,,,,,,,,,,,,,,,,,,,,,,,,,,,,,,,,,"wrist"
"IZTECH_S016",,"2025-05-05 14:20:19",TRUE,,,,,,,,,,,,,,,,,,,,,,,,,,,,,,,,,"wrist"
"IZTECH_S016",,"2025-05-05 14:22:19",TRUE,,,,,,,,,,,,,,,,,,,,,,,,,,,,,,,,,"wrist"
"IZTECH_S016",,"2025-05-05 14:24:19",TRUE,,,,,,,,,,,,,,,,,,,,,,,,,,,,,,,,,"wrist"
"IZTECH_S016",,"2025-05-05 14:26:19",TRUE,,,,,,,,,,,,,,,,,,,,,,,,,,,,,,,,,"wrist"
"IZTECH_S016",,"2025-05-05 14:28:19",TRUE,,,,,,,,,,,,,,,,,,,,,,,,,,,,,,,,,"wrist"
"IZTECH_S016",,"2025-05-05 14:30:19",TRUE,,,,,,,,,,,,,,,,,,,,,,,,,,,,,,,,,"wrist"
"IZTECH_S016",,"2025-05-05 14:32:19",TRUE,,,,,,,,,,,,,,,,,,,,,,,,,,,,,,,,,"wrist"
"IZTECH_S016",,"2025-05-05 14:34:19",TRUE,,,,,,,,,,,,,,,,,,,,,,,,,,,,,,,,,"wrist"
"IZTECH_S016",,"2025-05-05 14:36:19",TRUE,,,,,,,,,,,,,,,,,,,,,,,,,,,,,,,,,"wrist"
"IZTECH_S016",,"2025-05-05 14:38:19",TRUE,,,,,,,,,,,,,,,,,,,,,,,,,,,,,,,,,"wrist"
"IZTECH_S016",,"2025-05-05 14:40:19",TRUE,,,,,,,,,,,,,,,,,,,,,,,,,,,,,,,,,"wrist"
"IZTECH_S016",,"2025-05-05 14:42:19",TRUE,,,,,,,,,,,,,,,,,,,,,,,,,,,,,,,,,"wrist"
"IZTECH_S016",,"2025-05-05 14:44:19",TRUE,,,,,,,,,,,,,,,,,,,,,,,,,,,,,,,,,"wrist"
"IZTECH_S016",,"2025-05-05 14:46:19",TRUE,,,,,,,,,,,,,,,,,,,,,,,,,,,,,,,,,"wrist"
"IZTECH_S016",,"2025-05-05 14:48:19",TRUE,,,,,,,,,,,,,,,,,,,,,,,,,,,,,,,,,"wrist"
"IZTECH_S016",,"2025-05-05 14:50:19",TRUE,,,,,,,,,,,,,,,,,,,,,,,,,,,,,,,,,"wrist"
"IZTECH_S016",,"2025-05-05 14:52:19",TRUE,,,,,,,,,,,,,,,,,,,,,,,,,,,,,,,,,"wrist"
"IZTECH_S016",,"2025-05-05 14:54:19",TRUE,,,,,,,,,,,,,,,,,,,,,,,,,,,,,,,,,"wrist"
"IZTECH_S016",,"2025-05-05 14:56:19",TRUE,,,,,,,,,,,,,,,,,,,,,,,,,,,,,,,,,"wrist"
"IZTECH_S016",,"2025-05-05 14:58:19",TRUE,,,,,,,,,,,,,,,,,,,,,,,,,,,,,,,,,"wrist"
"IZTECH_S016",,"2025-05-05 15:00:19",TRUE,,,,,,,,,,,,,,,,,,,,,,,,,,,,,,,,,"wrist"
"IZTECH_S016",,"2025-05-05 15:02:19",TRUE,,,,,,,,,,,,,,,,,,,,,,,,,,,,,,,,,"wrist"
"IZTECH_S016",,"2025-05-05 15:04:19",TRUE,,,,,,,,,,,,,,,,,,,,,,,,,,,,,,,,,"wrist"
"IZTECH_S016",,"2025-05-05 15:06:19",TRUE,,,,,,,,,,,,,,,,,,,,,,,,,,,,,,,,,"wrist"
"IZTECH_S016",,"2025-05-05 15:08:19",TRUE,,,,,,,,,,,,,,,,,,,,,,,,,,,,,,,,,"wrist"
"IZTECH_S016",,"2025-05-05 15:10:19",TRUE,,,,,,,,,,,,,,,,,,,,,,,,,,,,,,,,,"wrist"
"IZTECH_S016",,"2025-05-05 15:12:19",TRUE,,,,,,,,,,,,,,,,,,,,,,,,,,,,,,,,,"wrist"
"IZTECH_S016",,"2025-05-05 15:14:19",TRUE,,,,,,,,,,,,,,,,,,,,,,,,,,,,,,,,,"wrist"
"IZTECH_S016",,"2025-05-05 15:16:19",TRUE,,,,,,,,,,,,,,,,,,,,,,,,,,,,,,,,,"wrist"
"IZTECH_S016",,"2025-05-05 15:18:19",TRUE,,,,,,,,,,,,,,,,,,,,,,,,,,,,,,,,,"wrist"
"IZTECH_S016",,"2025-05-05 15:20:19",TRUE,,,,,,,,,,,,,,,,,,,,,,,,,,,,,,,,,"wrist"
"IZTECH_S016",,"2025-05-05 15:22:19",TRUE,,,,,,,,,,,,,,,,,,,,,,,,,,,,,,,,,"wrist"
"IZTECH_S016",,"2025-05-05 15:24:19",TRUE,,,,,,,,,,,,,,,,,,,,,,,,,,,,,,,,,"wrist"
"IZTECH_S016",,"2025-05-05 15:26:19",TRUE,,,,,,,,,,,,,,,,,,,,,,,,,,,,,,,,,"wrist"
"IZTECH_S016",,"2025-05-05 15:28:19",TRUE,,,,,,,,,,,,,,,,,,,,,,,,,,,,,,,,,"wrist"
"IZTECH_S016",,"2025-05-05 15:30:19",TRUE,,,,,,,,,,,,,,,,,,,,,,,,,,,,,,,,,"wrist"
"IZTECH_S016",,"2025-05-05 15:32:19",TRUE,,,,,,,,,,,,,,,,,,,,,,,,,,,,,,,,,"wrist"
"IZTECH_S016",,"2025-05-05 15:34:19",TRUE,,,,,,,,,,,,,,,,,,,,,,,,,,,,,,,,,"wrist"
"IZTECH_S016",,"2025-05-05 15:36:19",TRUE,,,,,,,,,,,,,,,,,,,,,,,,,,,,,,,,,"wrist"
"IZTECH_S016",,"2025-05-05 15:38:19",TRUE,,,,,,,,,,,,,,,,,,,,,,,,,,,,,,,,,"wrist"
"IZTECH_S016",,"2025-05-05 15:40:19",TRUE,,,,,,,,,,,,,,,,,,,,,,,,,,,,,,,,,"wrist"
"IZTECH_S016",,"2025-05-05 15:42:19",TRUE,,,,,,,,,,,,,,,,,,,,,,,,,,,,,,,,,"wrist"
"IZTECH_S016",,"2025-05-05 15:44:19",TRUE,,,,,,,,,,,,,,,,,,,,,,,,,,,,,,,,,"wrist"
"IZTECH_S016",,"2025-05-05 15:46:19",TRUE,,,,,,,,,,,,,,,,,,,,,,,,,,,,,,,,,"wrist"
"IZTECH_S016",,"2025-05-05 15:48:19",TRUE,,,,,,,,,,,,,,,,,,,,,,,,,,,,,,,,,"wrist"
"IZTECH_S016",,"2025-05-05 15:50:19",TRUE,,,,,,,,,,,,,,,,,,,,,,,,,,,,,,,,,"wrist"
"IZTECH_S016",,"2025-05-05 15:52:19",TRUE,,,,,,,,,,,,,,,,,,,,,,,,,,,,,,,,,"wrist"
"IZTECH_S016",,"2025-05-05 15:54:19",TRUE,,,,,,,,,,,,,,,,,,,,,,,,,,,,,,,,,"wrist"
"IZTECH_S016",,"2025-05-05 15:56:19",TRUE,,,,,,,,,,,,,,,,,,,,,,,,,,,,,,,,,"wrist"
"IZTECH_S016",,"2025-05-05 15:58:19",TRUE,,,,,,,,,,,,,,,,,,,,,,,,,,,,,,,,,"wrist"
"IZTECH_S016",,"2025-05-05 16:00:19",TRUE,,,,,,,,,,,,,,,,,,,,,,,,,,,,,,,,,"wrist"
"IZTECH_S016",,"2025-05-05 16:02:19",TRUE,,,,,,,,,,,,,,,,,,,,,,,,,,,,,,,,,"wrist"
"IZTECH_S016",,"2025-05-05 16:04:19",TRUE,,,,,,,,,,,,,,,,,,,,,,,,,,,,,,,,,"wrist"
"IZTECH_S016",,"2025-05-05 16:06:19",TRUE,,,,,,,,,,,,,,,,,,,,,,,,,,,,,,,,,"wrist"
"IZTECH_S016",,"2025-05-05 16:08:19",TRUE,,,,,,,,,,,,,,,,,,,,,,,,,,,,,,,,,"wrist"
"IZTECH_S016",,"2025-05-05 16:10:19",TRUE,,,,,,,,,,,,,,,,,,,,,,,,,,,,,,,,,"wrist"
"IZTECH_S016",,"2025-05-05 16:12:19",TRUE,,,,,,,,,,,,,,,,,,,,,,,,,,,,,,,,,"wrist"
"IZTECH_S016",,"2025-05-05 16:14:19",TRUE,,,,,,,,,,,,,,,,,,,,,,,,,,,,,,,,,"wrist"
"IZTECH_S016",,"2025-05-05 16:16:19",TRUE,,,,,,,,,,,,,,,,,,,,,,,,,,,,,,,,,"wrist"
"IZTECH_S016",,"2025-05-05 16:18:19",TRUE,,,,,,,,,,,,,,,,,,,,,,,,,,,,,,,,,"wrist"
"IZTECH_S016",,"2025-05-05 16:20:19",TRUE,,,,,,,,,,,,,,,,,,,,,,,,,,,,,,,,,"wrist"
"IZTECH_S016",,"2025-05-05 16:22:19",TRUE,,,,,,,,,,,,,,,,,,,,,,,,,,,,,,,,,"wrist"
"IZTECH_S016",,"2025-05-05 16:24:19",TRUE,,,,,,,,,,,,,,,,,,,,,,,,,,,,,,,,,"wrist"
"IZTECH_S016",,"2025-05-05 16:26:19",TRUE,,,,,,,,,,,,,,,,,,,,,,,,,,,,,,,,,"wrist"
"IZTECH_S016",,"2025-05-05 16:28:19",TRUE,,,,,,,,,,,,,,,,,,,,,,,,,,,,,,,,,"wrist"
"IZTECH_S016",,"2025-05-05 16:30:19",TRUE,,,,,,,,,,,,,,,,,,,,,,,,,,,,,,,,,"wrist"
"IZTECH_S016",,"2025-05-05 16:32:19",TRUE,,,,,,,,,,,,,,,,,,,,,,,,,,,,,,,,,"wrist"
"IZTECH_S016",,"2025-05-05 16:34:19",TRUE,,,,,,,,,,,,,,,,,,,,,,,,,,,,,,,,,"wrist"
"IZTECH_S016",,"2025-05-05 16:36:19",TRUE,,,,,,,,,,,,,,,,,,,,,,,,,,,,,,,,,"wrist"
"IZTECH_S016",,"2025-05-05 16:38:19",TRUE,,,,,,,,,,,,,,,,,,,,,,,,,,,,,,,,,"wrist"
"IZTECH_S016",,"2025-05-05 16:40:19",TRUE,,,,,,,,,,,,,,,,,,,,,,,,,,,,,,,,,"wrist"
"IZTECH_S016",,"2025-05-05 16:42:19",TRUE,,,,,,,,,,,,,,,,,,,,,,,,,,,,,,,,,"wrist"
"IZTECH_S016",,"2025-05-05 16:44:19",TRUE,,,,,,,,,,,,,,,,,,,,,,,,,,,,,,,,,"wrist"
"IZTECH_S016",,"2025-05-05 16:46:19",TRUE,,,,,,,,,,,,,,,,,,,,,,,,,,,,,,,,,"wrist"
"IZTECH_S016",,"2025-05-05 16:48:19",TRUE,,,,,,,,,,,,,,,,,,,,,,,,,,,,,,,,,"wrist"
"IZTECH_S016",,"2025-05-05 16:50:19",TRUE,,,,,,,,,,,,,,,,,,,,,,,,,,,,,,,,,"wrist"
"IZTECH_S016",,"2025-05-05 16:52:19",TRUE,,,,,,,,,,,,,,,,,,,,,,,,,,,,,,,,,"wrist"
"IZTECH_S016",,"2025-05-05 16:54:19",TRUE,,,,,,,,,,,,,,,,,,,,,,,,,,,,,,,,,"wrist"
"IZTECH_S016",,"2025-05-05 16:56:19",TRUE,,,,,,,,,,,,,,,,,,,,,,,,,,,,,,,,,"wrist"
"IZTECH_S016",,"2025-05-05 16:58:19",TRUE,,,,,,,,,,,,,,,,,,,,,,,,,,,,,,,,,"wrist"
"IZTECH_S016",,"2025-05-05 17:00:19",TRUE,,,,,,,,,,,,,,,,,,,,,,,,,,,,,,,,,"wrist"
"IZTECH_S016",,"2025-05-05 17:02:19",TRUE,,,,,,,,,,,,,,,,,,,,,,,,,,,,,,,,,"wrist"
"IZTECH_S016",,"2025-05-05 17:04:19",TRUE,,,,,,,,,,,,,,,,,,,,,,,,,,,,,,,,,"wrist"
"IZTECH_S016",,"2025-05-05 17:06:19",TRUE,,,,,,,,,,,,,,,,,,,,,,,,,,,,,,,,,"wrist"
"IZTECH_S016",,"2025-05-05 17:08:19",TRUE,,,,,,,,,,,,,,,,,,,,,,,,,,,,,,,,,"wrist"
"IZTECH_S016",,"2025-05-05 17:10:19",TRUE,,,,,,,,,,,,,,,,,,,,,,,,,,,,,,,,,"wrist"
"IZTECH_S016",,"2025-05-05 17:12:19",TRUE,,,,,,,,,,,,,,,,,,,,,,,,,,,,,,,,,"wrist"
"IZTECH_S016",,"2025-05-05 17:14:19",TRUE,,,,,,,,,,,,,,,,,,,,,,,,,,,,,,,,,"wrist"
"IZTECH_S016",,"2025-05-05 17:16:19",TRUE,,,,,,,,,,,,,,,,,,,,,,,,,,,,,,,,,"wrist"
"IZTECH_S016",,"2025-05-05 17:18:19",TRUE,,,,,,,,,,,,,,,,,,,,,,,,,,,,,,,,,"wrist"
"IZTECH_S016",,"2025-05-05 17:20:19",TRUE,,,,,,,,,,,,,,,,,,,,,,,,,,,,,,,,,"wrist"
"IZTECH_S016","IZTECH_S016_w","2025-05-05 17:22:19",FALSE,0,27.19,16,6980,58.1667,211,1.75833,522,4.35,53.09,0.02,216,167,0.0021,0.0036,0.0046,0.0066,0.0086,0.0122,0.0148,0.0148,38.72,0.04,0,,,,,,,,,"wrist"
"IZTECH_S016","IZTECH_S016_w","2025-05-05 17:24:19",FALSE,1,31.44,8,12555,104.625,363,3.025,875,7.29167,27.37,0.01,201,156,0.001,0.0017,0.002,0.0031,0.0044,0.0069,0.0101,0.0093,15.46,0.02,0,,,,,,,,,"wrist"
"IZTECH_S016","IZTECH_S016_w","2025-05-05 17:26:19",FALSE,0,32.25,1,2809,23.4083,65,0.541667,169,1.40833,26.12,0.01,167,142,0.001,0.0017,0.002,0.0029,0.004,0.007,0.0109,0.0101,14.36,0.03,0,,,,,,,,,"wrist"
"IZTECH_S016","IZTECH_S016_w","2025-05-05 17:28:19",FALSE,0,32.75,8,2885,24.0417,69,0.575,169,1.40833,25.56,0.01,209,157,0.001,0.0015,0.0018,0.0027,0.0038,0.007,0.0112,0.01,12.87,0.02,0,,,,,,,,,"wrist"
"IZTECH_S016","IZTECH_S016_w","2025-05-05 17:30:19",FALSE,0,33.19,1,2129,17.7417,54,0.45,106,0.883333,18.8,0.01,194,151,8e-04,0.0013,0.0015,0.0022,0.0029,0.0051,0.0075,0.0071,10.5,0.02,0,,,,,,,,,"wrist"
"IZTECH_S016","IZTECH_S016_w","2025-05-05 17:32:19",FALSE,0,33.56,1,3890,32.4167,106,0.883333,212,1.76667,24,0.01,180,143,0.001,0.0015,0.0018,0.0027,0.0037,0.0064,0.0102,0.0094,12.87,0.02,0,,,,,,,,,"wrist"
"IZTECH_S016","IZTECH_S016_w","2025-05-05 17:34:19",FALSE,0,33.75,1,5405,45.0417,169,1.40833,270,2.25,31.94,0.02,208,152,0.0014,0.0023,0.0028,0.004,0.0052,0.0079,0.0109,0.011,21.14,0.03,0,,,,,,,,,"wrist"
"IZTECH_S016","IZTECH_S016_w","2025-05-05 17:36:19",FALSE,0,33.88,1,2958,24.65,96,0.8,132,1.1,25.13,0.02,179,135,0.0011,0.0017,0.0021,0.003,0.004,0.0066,0.0096,0.0094,14.66,0.03,0,,,,,,,,,"wrist"
"IZTECH_S016","IZTECH_S016_w","2025-05-05 17:38:19",FALSE,0,34.06,8,2165,18.0417,46,0.383333,129,1.075,36.65,0.02,171,147,0.0014,0.0024,0.0028,0.0041,0.0056,0.0097,0.0147,0.0137,20.55,0.03,0,,,,,,,,,"wrist"
"IZTECH_S016","IZTECH_S016_w","2025-05-05 17:40:19",FALSE,0,34.06,8,2349,19.575,57,0.475,130,1.08333,54.65,0.03,213,163,0.0024,0.004,0.0049,0.0071,0.0089,0.0131,0.0185,0.0187,37.43,0.05,0,,,,,,,,,"wrist"
"IZTECH_S016","IZTECH_S016_w","2025-05-05 17:42:19",FALSE,0,34.19,8,5720,47.6667,150,1.25,353,2.94167,49.8,0.03,187,157,0.0022,0.0035,0.0043,0.0062,0.0081,0.0126,0.0176,0.018,31.42,0.05,0,,,,,,,,,"wrist"
"IZTECH_S016","IZTECH_S016_w","2025-05-05 17:44:19",FALSE,0,34.06,1,3652,30.4333,84,0.7,211,1.75833,39.92,0.03,198,152,0.0019,0.003,0.0036,0.0051,0.0066,0.0104,0.0148,0.0157,24.43,0.04,0,,,,,,,,,"wrist"
"IZTECH_S016","IZTECH_S016_w","2025-05-05 17:46:19",FALSE,0,34.44,1,5620,46.8333,180,1.5,275,2.29167,43.18,0.03,159,104,0.0021,0.0033,0.004,0.0057,0.0072,0.0111,0.0152,0.0164,27.76,0.05,0,,,,,,,,,"wrist"
"IZTECH_S016","IZTECH_S016_w","2025-05-05 17:48:19",FALSE,0,34.31,1,4546,37.8833,100,0.833333,275,2.29167,43.62,0.04,186,128,0.0022,0.0035,0.0041,0.0059,0.0075,0.011,0.0151,0.017,28.28,0.05,0,,,,,,,,,"wrist"
"IZTECH_S016","IZTECH_S016_w","2025-05-05 17:50:19",FALSE,0,34.38,1,2357,19.6417,65,0.541667,142,1.18333,29.71,0.03,178,139,0.0016,0.0025,0.0029,0.0042,0.0051,0.0077,0.0109,0.0121,19.2,0.04,0,,,,,,,,,"wrist"
"IZTECH_S016","IZTECH_S016_w","2025-05-05 17:52:19",FALSE,0,34.44,1,3558,29.65,96,0.8,176,1.46667,24.82,0.02,184,149,0.0011,0.0018,0.0022,0.0031,0.004,0.0064,0.0095,0.0096,14.99,0.03,0,,,,,,,,,"wrist"
"IZTECH_S016","IZTECH_S016_w","2025-05-05 17:54:19",FALSE,0,34.5,1,2962,24.6833,83,0.691667,154,1.28333,28.03,0.02,157,101,0.0012,0.002,0.0023,0.0034,0.0045,0.0073,0.011,0.0109,16.42,0.03,0,,,,,,,,,"wrist"
"IZTECH_S016","IZTECH_S016_w","2025-05-05 17:56:19",FALSE,0,34.56,1,5037,41.975,132,1.1,262,2.18333,38.62,0.03,193,140,0.0019,0.003,0.0035,0.005,0.0065,0.0099,0.0143,0.0152,23.71,0.04,0,,,,,,,,,"wrist"
"IZTECH_S016","IZTECH_S016_w","2025-05-05 17:58:19",FALSE,0,34.69,1,4214,35.1167,118,0.983333,249,2.075,33.6,0.02,179,136,0.0015,0.0024,0.0028,0.0041,0.0055,0.009,0.0124,0.0127,19.33,0.04,0,,,,,,,,,"wrist"
"IZTECH_S016","IZTECH_S016_w","2025-05-05 18:00:19",FALSE,0,34.56,8,2423,20.1917,31,0.258333,185,1.54167,29.53,0.02,184,135,0.0013,0.002,0.0023,0.0034,0.0047,0.0081,0.0124,0.012,15.46,0.03,0,,,,,,,,,"wrist"
"IZTECH_S016","IZTECH_S016_w","2025-05-05 18:02:19",FALSE,0,34.69,1,4710,39.25,111,0.925,249,2.075,26.18,0.02,194,129,0.0011,0.0017,0.002,0.0029,0.0041,0.0071,0.0105,0.01,14.1,0.03,0,,,,,,,,,"wrist"
"IZTECH_S016","IZTECH_S016_w","2025-05-05 18:04:19",FALSE,0,34.62,1,5195,43.2917,93,0.775,346,2.88333,26.17,0.01,206,161,0.001,0.0017,0.0019,0.0029,0.0041,0.007,0.0107,0.0101,13.71,0.03,0,,,,,,,,,"wrist"
"IZTECH_S016","IZTECH_S016_w","2025-05-05 18:06:19",FALSE,0,34.62,1,5650,47.0833,137,1.14167,313,2.60833,21.22,0.01,180,133,9e-04,0.0015,0.0017,0.0026,0.0034,0.0056,0.0084,0.0083,11.99,0.02,0,,,,,,,,,"wrist"
"IZTECH_S016","IZTECH_S016_w","2025-05-05 18:08:19",FALSE,0,34.38,8,5108,42.5667,116,0.966667,301,2.50833,38.94,0.03,208,157,0.0018,0.0028,0.0033,0.0049,0.0065,0.0101,0.0147,0.016,22.35,0.04,0,,,,,,,,,"wrist"
"IZTECH_S016","IZTECH_S016_w","2025-05-05 18:10:19",FALSE,0,34.44,1,6043,50.3583,191,1.59167,303,2.525,23.92,0.02,192,143,0.001,0.0016,0.0019,0.0028,0.0039,0.0064,0.0095,0.0095,12.49,0.03,0,,,,,,,,,"wrist"
"IZTECH_S016","IZTECH_S016_w","2025-05-05 18:12:19",FALSE,0,34.38,1,4943,41.1917,142,1.18333,272,2.26667,14.03,0.01,182,136,6e-04,0.001,0.0011,0.0017,0.0022,0.0038,0.0056,0.0054,7.87,0.01,0,,,,,,,,,"wrist"
"IZTECH_S016","IZTECH_S016_w","2025-05-05 18:14:19",FALSE,0,34.5,8,3787,31.5583,58,0.483333,255,2.125,23.61,0.01,173,105,9e-04,0.0013,0.0016,0.0023,0.0035,0.0066,0.0109,0.0094,10.73,0.02,0,,,,,,,,,"wrist"
"IZTECH_S016","IZTECH_S016_w","2025-05-05 18:16:19",FALSE,0,34.38,1,5100,42.5,100,0.833333,304,2.53333,24.47,0.01,158,99,0.0011,0.0017,0.0021,0.0031,0.0039,0.0063,0.0091,0.0088,15.5,0.02,0,,,,,,,,,"wrist"
"IZTECH_S016","IZTECH_S016_w","2025-05-05 18:18:19",FALSE,0,34.5,8,3182,26.5167,71,0.591667,199,1.65833,39.72,0.02,153,97,0.0018,0.003,0.0038,0.0053,0.0065,0.0089,0.0132,0.0142,29.53,0.04,0,,,,,,,,,"wrist"
"IZTECH_S016","IZTECH_S016_w","2025-05-05 18:20:19",FALSE,0,34.5,1,5351,44.5917,108,0.9,301,2.50833,25.94,0.02,154,97,0.0012,0.002,0.0025,0.0035,0.0043,0.0059,0.0086,0.0094,18.71,0.03,0,,,,,,,,,"wrist"
"IZTECH_S016","IZTECH_S016_w","2025-05-05 18:22:19",FALSE,0,34.38,1,6054,50.45,163,1.35833,317,2.64167,21.77,0.01,144,99,9e-04,0.0016,0.0019,0.0028,0.0037,0.0051,0.0074,0.0079,14.4,0.02,0,,,,,,,,,"wrist"
"IZTECH_S016","IZTECH_S016_w","2025-05-05 18:24:19",FALSE,0,34.31,1,4772,39.7667,113,0.941667,264,2.2,26.2,0.01,140,97,0.001,0.0016,0.0019,0.0028,0.0041,0.007,0.0103,0.0095,14.16,0.02,0,,,,,,,,,"wrist"
"IZTECH_S016","IZTECH_S016_w","2025-05-05 18:26:19",FALSE,0,34.06,8,5080,42.3333,123,1.025,296,2.46667,27.25,0.01,134,103,0.001,0.0016,0.0019,0.0029,0.0042,0.0073,0.0119,0.0108,13.35,0.03,0,,,,,,,,,"wrist"
"IZTECH_S016","IZTECH_S016_w","2025-05-05 18:28:19",FALSE,0,33.88,1,5624,46.8667,127,1.05833,338,2.81667,18.17,0.01,178,137,7e-04,0.0012,0.0015,0.0021,0.0029,0.0047,0.0067,0.0065,10.76,0.02,0,,,,,,,,,"wrist"
"IZTECH_S016","IZTECH_S016_w","2025-05-05 18:30:19",FALSE,0,33.81,1,5312,44.2667,122,1.01667,308,2.56667,11,0.01,199,141,5e-04,8e-04,9e-04,0.0013,0.0018,0.0029,0.004,0.004,6.47,0.01,0,,,,,,,,,"wrist"
"IZTECH_S016","IZTECH_S016_w","2025-05-05 18:32:19",FALSE,0,33.81,1,5283,44.025,180,1.5,270,2.25,14.06,0.01,155,107,5e-04,8e-04,9e-04,0.0015,0.0023,0.0037,0.005,0.0046,6.89,0.01,0,,,,,,,,,"wrist"
"IZTECH_S016","IZTECH_S016_w","2025-05-05 18:34:19",FALSE,0,33.56,1,5845,48.7083,140,1.16667,315,2.625,17.22,0.01,210,163,6e-04,0.001,0.0012,0.0019,0.0027,0.0046,0.0063,0.0058,8.98,0.02,0,,,,,,,,,"wrist"
"IZTECH_S016","IZTECH_S016_w","2025-05-05 18:36:19",FALSE,0,33.56,1,7187,59.8917,221,1.84167,355,2.95833,12.81,0.01,179,115,5e-04,8e-04,9e-04,0.0015,0.0021,0.0033,0.0043,0.0041,7.16,0.01,0,,,,,,,,,"wrist"
"IZTECH_S016","IZTECH_S016_w","2025-05-05 18:38:19",FALSE,0,33.31,1,3736,31.1333,85,0.708333,210,1.75,11.9,0.01,213,167,4e-04,7e-04,9e-04,0.0013,0.0019,0.0031,0.0041,0.004,6.41,0.01,0,,,,,,,,,"wrist"
"IZTECH_S016","IZTECH_S016_w","2025-05-05 18:40:19",FALSE,0,32.88,1,2937,24.475,70,0.583333,174,1.45,9.67,0,209,163,3e-04,6e-04,7e-04,0.0011,0.0016,0.0024,0.0033,0.0031,5.08,0.01,0,,,,,,,,,"wrist"
"IZTECH_S016","IZTECH_S016_w","2025-05-05 18:42:19",FALSE,0,32.81,1,1588,13.2333,28,0.233333,104,0.866667,10.33,0,212,166,3e-04,6e-04,7e-04,0.0011,0.0017,0.0026,0.0036,0.0033,5.25,0.01,0,,,,,,,,,"wrist"
"IZTECH_S016","IZTECH_S016_w","2025-05-05 18:44:19",FALSE,0,33.06,1,5882,49.0167,202,1.68333,273,2.275,12.92,0.01,214,168,4e-04,7e-04,9e-04,0.0014,0.002,0.0034,0.0049,0.0043,6.6,0.01,0,,,,,,,,,"wrist"
"IZTECH_S016","IZTECH_S016_w","2025-05-05 18:46:19",FALSE,0,33.19,1,4995,41.625,136,1.13333,280,2.33333,9.93,0,170,151,3e-04,6e-04,7e-04,0.0011,0.0016,0.0026,0.0034,0.0031,4.94,0.01,0,,,,,,,,,"wrist"
"IZTECH_S016","IZTECH_S016_w","2025-05-05 18:48:19",FALSE,0,33,1,5976,49.8,168,1.4,344,2.86667,13.09,0.01,210,167,5e-04,8e-04,9e-04,0.0014,0.0021,0.0035,0.0048,0.0044,6.84,0.01,0,,,,,,,,,"wrist"
"IZTECH_S016","IZTECH_S016_w","2025-05-05 18:50:19",FALSE,0,32.69,1,3753,31.275,110,0.916667,218,1.81667,9.39,0,195,142,3e-04,6e-04,6e-04,0.001,0.0015,0.0024,0.0032,0.003,4.73,0.01,0,,,,,,,,,"wrist"
"IZTECH_S016","IZTECH_S016_w","2025-05-05 18:52:19",FALSE,0,32.75,1,5780,48.1667,167,1.39167,289,2.40833,10.71,0,207,160,4e-04,6e-04,7e-04,0.0012,0.0017,0.0028,0.0038,0.0035,5.57,0.01,0,,,,,,,,,"wrist"
"IZTECH_S016","IZTECH_S016_w","2025-05-05 18:54:19",FALSE,0,32.62,1,5218,43.4833,169,1.40833,281,2.34167,8.21,0,196,142,3e-04,5e-04,6e-04,9e-04,0.0014,0.0021,0.0026,0.0025,4.41,0.01,0,,,,,,,,,"wrist"
"IZTECH_S016","IZTECH_S016_w","2025-05-05 18:56:19",FALSE,0,32.88,1,5665,47.2083,170,1.41667,275,2.29167,10.76,0,164,107,4e-04,6e-04,8e-04,0.0012,0.0017,0.0028,0.0038,0.0035,5.76,0.01,0,,,,,,,,,"wrist"
"IZTECH_S016","IZTECH_S016_w","2025-05-05 18:58:19",FALSE,0,32.62,1,7225,60.2083,231,1.925,384,3.2,5.99,0,203,152,2e-04,3e-04,4e-04,6e-04,0.001,0.0016,0.0022,0.0019,2.63,0.01,0,,,,,,,,,"wrist"
"IZTECH_S016","IZTECH_S016_w","2025-05-05 19:00:19",FALSE,0,32.81,1,5994,49.95,172,1.43333,321,2.675,10.31,0,176,120,3e-04,6e-04,7e-04,0.001,0.0016,0.0029,0.0038,0.0034,4.7,0.01,0,,,,,,,,,"wrist"
"IZTECH_S016","IZTECH_S016_w","2025-05-05 19:02:19",FALSE,0,32.75,1,3581,29.8417,105,0.875,184,1.53333,8.41,0,183,103,2e-04,4e-04,4e-04,7e-04,0.0013,0.0024,0.0036,0.003,2.96,0.01,0,,,,,,,,,"wrist"
"IZTECH_S016","IZTECH_S016_w","2025-05-05 19:04:19",FALSE,0,32.56,1,5065,42.2083,158,1.31667,271,2.25833,9.93,0,195,146,3e-04,5e-04,6e-04,0.001,0.0016,0.0027,0.0035,0.0031,4.88,0.01,0,,,,,,,,,"wrist"
"IZTECH_S016","IZTECH_S016_w","2025-05-05 19:06:19",FALSE,0,32.75,1,6049,50.4083,174,1.45,337,2.80833,7.62,0,184,134,2e-04,4e-04,4e-04,7e-04,0.0012,0.0022,0.0029,0.0025,3.03,0.01,0,,,,,,,,,"wrist"
"IZTECH_S016","IZTECH_S016_w","2025-05-05 19:08:19",FALSE,0,32.62,1,6129,51.075,144,1.2,350,2.91667,17.52,0,199,130,5e-04,7e-04,9e-04,0.0013,0.0024,0.0053,0.0087,0.0067,5.85,0.01,0,,,,,,,,,"wrist"
"IZTECH_S016","IZTECH_S016_w","2025-05-05 19:10:19",FALSE,0,32.62,1,8338,69.4833,273,2.275,374,3.11667,13.53,0,189,135,3e-04,5e-04,6e-04,0.001,0.0018,0.0041,0.0076,0.0058,3.78,0.01,0,,,,,,,,,"wrist"
"IZTECH_S016","IZTECH_S016_w","2025-05-05 19:12:19",FALSE,0,32.56,1,7979,66.4917,249,2.075,404,3.36667,9.69,0,203,158,3e-04,5e-04,5e-04,8e-04,0.0014,0.0029,0.0049,0.0041,3.38,0.01,0,,,,,,,,,"wrist"
"IZTECH_S016","IZTECH_S016_w","2025-05-05 19:14:19",FALSE,0,32.5,1,9668,80.5667,322,2.68333,475,3.95833,10.09,0.01,188,138,3e-04,5e-04,6e-04,0.001,0.0016,0.003,0.0038,0.0034,4.16,0.01,0,,,,,,,,,"wrist"
"IZTECH_S016","IZTECH_S016_w","2025-05-05 19:16:19",FALSE,0,32.12,1,3181,26.5083,93,0.775,189,1.575,7.3,0,211,166,2e-04,4e-04,5e-04,8e-04,0.0012,0.002,0.0025,0.0024,3.38,0.01,0,,,,,,,,,"wrist"
"IZTECH_S016","IZTECH_S016_w","2025-05-05 19:18:19",FALSE,0,32.44,1,9183,76.525,273,2.275,488,4.06667,12.91,0,175,118,3e-04,6e-04,7e-04,0.0011,0.0019,0.0037,0.0054,0.0044,4.87,0.01,0,,,,,,,,,"wrist"
"IZTECH_S016","IZTECH_S016_w","2025-05-05 19:20:19",FALSE,0,32.12,1,4936,41.1333,141,1.175,272,2.26667,10.07,0,203,158,3e-04,5e-04,6e-04,0.001,0.0016,0.0028,0.0041,0.0035,4.34,0.01,0,,,,,,,,,"wrist"
"IZTECH_S016","IZTECH_S016_w","2025-05-05 19:22:19",FALSE,0,32.5,1,8423,70.1917,238,1.98333,404,3.36667,10.47,0,187,142,3e-04,5e-04,6e-04,0.001,0.0016,0.0031,0.0042,0.0036,4.29,0.01,0,,,,,,,,,"wrist"
"IZTECH_S016","IZTECH_S016_w","2025-05-05 19:24:19",FALSE,0,32.44,1,5680,47.3333,135,1.125,280,2.33333,14.85,0.01,202,139,4e-04,7e-04,8e-04,0.0012,0.0022,0.0044,0.0065,0.0053,5.36,0.01,0,,,,,,,,,"wrist"
"IZTECH_S016","IZTECH_S016_w","2025-05-05 19:26:19",FALSE,0,32.44,1,6091,50.7583,166,1.38333,342,2.85,14.49,0,199,154,4e-04,6e-04,8e-04,0.0012,0.0021,0.0044,0.0064,0.0051,5.25,0.01,0,,,,,,,,,"wrist"
"IZTECH_S016","IZTECH_S016_w","2025-05-05 19:28:19",FALSE,0,32.38,1,6460,53.8333,207,1.725,280,2.33333,11.46,0,185,131,3e-04,5e-04,6e-04,0.001,0.0017,0.0032,0.0046,0.0037,4.35,0.01,0,,,,,,,,,"wrist"
"IZTECH_S016","IZTECH_S016_w","2025-05-05 19:30:19",FALSE,0,32.44,1,10650,88.75,337,2.80833,547,4.55833,10.89,0,185,128,3e-04,5e-04,6e-04,9e-04,0.0016,0.0033,0.0047,0.0038,3.84,0.01,0,,,,,,,,,"wrist"
"IZTECH_S016","IZTECH_S016_w","2025-05-05 19:32:19",FALSE,0,32.38,1,8714,72.6167,275,2.29167,420,3.5,8.56,0,212,147,2e-04,4e-04,4e-04,7e-04,0.0013,0.0024,0.0037,0.0031,3.05,0.01,0,,,,,,,,,"wrist"
"IZTECH_S016","IZTECH_S016_w","2025-05-05 19:34:19",FALSE,0,32.19,1,5226,43.55,145,1.20833,307,2.55833,7.55,0,188,128,2e-04,4e-04,4e-04,7e-04,0.0012,0.0021,0.0031,0.0027,3.01,0.01,0,,,,,,,,,"wrist"
"IZTECH_S016","IZTECH_S016_w","2025-05-05 19:36:19",FALSE,0,32.12,1,7147,59.5583,205,1.70833,376,3.13333,12.02,0,205,163,3e-04,5e-04,5e-04,9e-04,0.0017,0.0036,0.0055,0.0042,3.82,0.01,0,,,,,,,,,"wrist"
"IZTECH_S016","IZTECH_S016_w","2025-05-05 19:38:19",FALSE,0,32.12,1,6446,53.7167,183,1.525,333,2.775,10.77,0,201,154,3e-04,4e-04,5e-04,8e-04,0.0015,0.0032,0.005,0.0039,3.42,0.01,0,,,,,,,,,"wrist"
"IZTECH_S016","IZTECH_S016_w","2025-05-05 19:40:19",FALSE,0,32.12,1,7689,64.075,232,1.93333,402,3.35,10.13,0,166,110,2e-04,4e-04,5e-04,8e-04,0.0015,0.0031,0.0041,0.0032,3.22,0.01,0,,,,,,,,,"wrist"
"IZTECH_S016","IZTECH_S016_w","2025-05-05 19:42:19",FALSE,0,32,1,6075,50.625,148,1.23333,389,3.24167,9.69,0,193,134,2e-04,4e-04,5e-04,7e-04,0.0014,0.003,0.0042,0.0033,3.03,0.01,0,,,,,,,,,"wrist"
"IZTECH_S016","IZTECH_S016_w","2025-05-05 19:44:19",FALSE,0,32.12,1,9130,76.0833,291,2.425,430,3.58333,8.29,0,205,160,2e-04,3e-04,3e-04,6e-04,0.0012,0.0026,0.0033,0.0024,2.26,0.01,0,,,,,,,,,"wrist"
"IZTECH_S016","IZTECH_S016_w","2025-05-05 19:46:19",FALSE,0,31.81,1,7665,63.875,232,1.93333,415,3.45833,10.6,0,203,158,3e-04,4e-04,5e-04,9e-04,0.0016,0.0031,0.004,0.003,3.86,0.01,0,,,,,,,,,"wrist"
"IZTECH_S016","IZTECH_S016_w","2025-05-05 19:48:19",FALSE,0,32,1,6520,54.3333,211,1.75833,342,2.85,8.59,0,196,146,2e-04,4e-04,4e-04,7e-04,0.0012,0.0026,0.0035,0.0027,2.9,0.01,0,,,,,,,,,"wrist"
"IZTECH_S016","IZTECH_S016_w","2025-05-05 19:50:19",FALSE,0,32.19,1,4352,36.2667,117,0.975,237,1.975,7.79,0,198,136,2e-04,3e-04,3e-04,6e-04,0.0011,0.0025,0.0031,0.0022,2.23,0.01,0,,,,,,,,,"wrist"
"IZTECH_S016","IZTECH_S016_w","2025-05-05 19:52:19",FALSE,0,32.12,1,6625,55.2083,173,1.44167,401,3.34167,13.45,0,204,151,3e-04,5e-04,5e-04,0.001,0.0019,0.0041,0.0058,0.0041,4.11,0.01,0,,,,,,,,,"wrist"
"IZTECH_S016","IZTECH_S016_w","2025-05-05 19:54:19",FALSE,0,31.75,1,3459,28.825,98,0.816667,201,1.675,10.79,0,209,170,2e-04,3e-04,4e-04,7e-04,0.0015,0.0033,0.0052,0.0037,2.78,0.01,0,,,,,,,,,"wrist"
"IZTECH_S016","IZTECH_S016_w","2025-05-05 19:56:19",FALSE,0,32.06,1,4664,38.8667,132,1.1,278,2.31667,7.8,0,188,146,1e-04,2e-04,3e-04,5e-04,0.0011,0.0024,0.0033,0.0024,1.89,0.01,0,,,,,,,,,"wrist"
"IZTECH_S016","IZTECH_S016_w","2025-05-05 19:58:19",FALSE,0,31.81,1,6158,51.3167,188,1.56667,324,2.7,9.67,0,207,166,2e-04,3e-04,3e-04,6e-04,0.0013,0.0031,0.0042,0.0028,2.31,0.01,0,,,,,,,,,"wrist"
"IZTECH_S016","IZTECH_S016_w","2025-05-05 20:00:19",FALSE,0,32.25,1,7347,61.225,217,1.80833,340,2.83333,9.12,0,200,161,2e-04,2e-04,3e-04,5e-04,0.0012,0.0031,0.0046,0.0031,1.67,0.01,0,,,,,,,,,"wrist"
"IZTECH_S016","IZTECH_S016_w","2025-05-05 20:02:19",FALSE,0,32.62,1,4119,34.325,120,1,202,1.68333,10.75,0,167,102,2e-04,3e-04,3e-04,5e-04,0.0014,0.0038,0.005,0.0031,2.01,0.01,0,,,,,,,,,"wrist"
"IZTECH_S016","IZTECH_S016_w","2025-05-05 20:04:19",FALSE,0,32.56,1,11890,99.0833,379,3.15833,488,4.06667,19.26,0,192,144,3e-04,6e-04,7e-04,0.0013,0.0028,0.0056,0.0068,0.0045,6.33,0.01,0,,,,,,,,,"wrist"
"IZTECH_S016","IZTECH_S016_w","2025-05-05 20:06:19",FALSE,0,32.69,1,8399,69.9917,246,2.05,373,3.10833,8.58,0,172,154,1e-04,2e-04,3e-04,4e-04,0.0012,0.0029,0.0037,0.0024,1.66,0.01,0,,,,,,,,,"wrist"
"IZTECH_S016","IZTECH_S016_w","2025-05-05 20:08:19",FALSE,0,32.38,1,10339,86.1583,318,2.65,527,4.39167,7.91,0,203,167,1e-04,2e-04,2e-04,4e-04,0.001,0.0027,0.0036,0.0024,1.36,0,0,,,,,,,,,"wrist"
"IZTECH_S016","IZTECH_S016_w","2025-05-05 20:10:19",FALSE,0,32.56,1,10459,87.1583,355,2.95833,498,4.15,9.58,0,136,102,2e-04,2e-04,3e-04,5e-04,0.0013,0.0031,0.0044,0.0029,2.07,0.01,0,,,,,,,,,"wrist"
"IZTECH_S016","IZTECH_S016_w","2025-05-05 20:12:19",FALSE,0,32.19,4,18674,155.617,537,4.475,895,7.45833,105.88,0.02,198,144,0.0033,0.0089,0.0094,0.0137,0.0173,0.02,0.0196,0.0182,97.24,0.06,0,,,,,,,,,"wrist"
"IZTECH_S016","IZTECH_S016_w","2025-05-05 20:14:19",FALSE,0,30.88,4,12963,108.025,210,1.75,742,6.18333,36.37,0.01,205,156,0.0022,0.004,0.0051,0.006,0.0059,0.0065,0.0082,0.0119,44.35,0.03,0,,,,,,,,,"wrist"
"IZTECH_S016","IZTECH_S016_w","2025-05-05 20:16:19",FALSE,0,30.56,4,12548,104.567,149,1.24167,695,5.79167,70.22,0.02,198,146,0.0036,0.0075,0.0087,0.0108,0.0112,0.0128,0.014,0.0182,80.61,0.05,0,,,,,,,,,"wrist"
"IZTECH_S016","IZTECH_S016_w","2025-05-05 20:18:19",FALSE,0,29.94,4,13443,112.025,219,1.825,691,5.75833,29.09,0.01,201,156,0.0019,0.0035,0.0044,0.0051,0.0047,0.005,0.0068,0.0104,37.13,0.03,0,,,,,,,,,"wrist"
"IZTECH_S016","IZTECH_S016_w","2025-05-05 20:20:19",FALSE,0,29.5,1,12820,106.833,205,1.70833,646,5.38333,34.06,0.01,200,157,0.0013,0.0028,0.0032,0.0043,0.0056,0.0077,0.0069,0.0074,28.75,0.02,0,,,,,,,,,"wrist"
"IZTECH_S016","IZTECH_S016_w","2025-05-05 20:22:19",FALSE,0,29.06,4,11579,96.4917,97,0.808333,671,5.59167,12,0.01,201,156,7e-04,0.0013,0.0016,0.0018,0.0018,0.0024,0.0058,0.0044,12.12,0.01,0,,,,,,,,,"wrist"
"IZTECH_S016","IZTECH_S016_w","2025-05-05 20:24:19",FALSE,0,29.38,4,14512,120.933,349,2.90833,718,5.98333,24.33,0.01,123,92,8e-04,0.0021,0.0018,0.0032,0.0043,0.005,0.0046,0.0045,18.83,0.02,0,,,,,,,,,"wrist"
"IZTECH_S016","IZTECH_S016_w","2025-05-05 20:26:19",FALSE,0,29.25,1,23602,196.683,798,6.65,1076,8.96667,24.45,0.03,122,92,0.0012,0.0022,0.0023,0.0035,0.0044,0.0064,0.0073,0.0084,15.31,0.03,0,,,,,,,,,"wrist"
"IZTECH_S016","IZTECH_S016_w","2025-05-05 20:28:19",FALSE,0,30.06,1,17622,146.85,543,4.525,944,7.86667,7.56,0,122,92,1e-04,3e-04,4e-04,7e-04,0.0012,0.0017,0.0017,0.001,4.37,0,0,,,,,,,,,"wrist"
"IZTECH_S016","IZTECH_S016_w","2025-05-05 20:30:19",FALSE,0,30.75,1,10669,88.9083,200,1.66667,874,7.28333,12.13,0,122,92,2e-04,8e-04,6e-04,0.0013,0.002,0.0025,0.0023,0.0013,8.07,0,0,,,,,,,,,"wrist"
"IZTECH_S016","IZTECH_S016_w","2025-05-05 20:32:19",FALSE,0,30.44,8,11559,96.325,352,2.93333,564,4.7,47.84,0,125,92,0.0011,0.0047,0.0025,0.0058,0.008,0.0085,0.0066,0.0036,40.6,0.02,0,,,,,,,,,"wrist"
"IZTECH_S016","IZTECH_S016_w","2025-05-05 20:34:19",FALSE,0,30.62,8,1059,8.825,6,0.05,67,0.558333,15.8,0,128,93,2e-04,7e-04,9e-04,0.0016,0.0025,0.0035,0.0035,0.0021,9.79,0.01,0,,,,,,,,,"wrist"
"IZTECH_S016","IZTECH_S016_w","2025-05-05 20:36:19",FALSE,0,30.94,8,959,7.99167,5,0.0416667,49,0.408333,16.08,0,128,94,2e-04,8e-04,9e-04,0.0016,0.0025,0.0035,0.0035,0.0021,10.02,0.01,0,,,,,,,,,"wrist"
"IZTECH_S016","IZTECH_S016_w","2025-05-05 20:38:19",FALSE,0,31.12,8,653,5.44167,3,0.025,42,0.35,16.29,0,135,98,2e-04,8e-04,9e-04,0.0016,0.0026,0.0036,0.0035,0.0021,10.06,0.01,0,,,,,,,,,"wrist"
"IZTECH_S016","IZTECH_S016_w","2025-05-05 20:40:19",FALSE,0,30.88,8,1352,11.2667,9,0.075,83,0.691667,15.61,0,171,130,2e-04,7e-04,9e-04,0.0016,0.0024,0.0034,0.0034,0.0021,9.74,0.01,0,,,,,,,,,"wrist"
"IZTECH_S016","IZTECH_S016_w","2025-05-05 20:42:19",FALSE,0,30.88,8,1130,9.41667,13,0.108333,68,0.566667,15.64,0,189,150,2e-04,7e-04,9e-04,0.0016,0.0024,0.0035,0.0034,0.0021,9.71,0.01,0,,,,,,,,,"wrist"
"IZTECH_S016","IZTECH_S016_w","2025-05-05 20:44:19",FALSE,0,31.62,8,1180,9.83333,3,0.025,97,0.808333,15.49,0,212,154,2e-04,7e-04,9e-04,0.0016,0.0024,0.0034,0.0034,0.0021,9.68,0.01,0,,,,,,,,,"wrist"
"IZTECH_S016","IZTECH_S016_w","2025-05-05 20:46:19",FALSE,0,31.38,8,447,3.725,0,0,37,0.308333,15.74,0,216,163,2e-04,7e-04,9e-04,0.0016,0.0025,0.0035,0.0034,0.0021,9.8,0.01,0,,,,,,,,,"wrist"
"IZTECH_S016","IZTECH_S016_w","2025-05-05 20:48:19",FALSE,0,31.62,8,140,1.16667,0,0,8,0.0666667,15.4,0,217,162,2e-04,7e-04,9e-04,0.0016,0.0024,0.0034,0.0034,0.002,9.67,0.01,0,,,,,,,,,"wrist"
"IZTECH_S016","IZTECH_S016_w","2025-05-05 20:50:19",FALSE,0,31.62,8,337,2.80833,0,0,30,0.25,15.42,0,218,162,2e-04,7e-04,9e-04,0.0016,0.0024,0.0034,0.0033,0.002,9.56,0.01,0,,,,,,,,,"wrist"
"IZTECH_S016","IZTECH_S016_w","2025-05-05 20:52:19",FALSE,0,31.69,8,73,0.608333,0,0,5,0.0416667,15.9,0,218,162,2e-04,7e-04,9e-04,0.0016,0.0025,0.0035,0.0035,0.0021,9.8,0.01,0,,,,,,,,,"wrist"
"IZTECH_S016","IZTECH_S016_w","2025-05-05 20:54:19",FALSE,0,31.75,8,945,7.875,12,0.1,60,0.5,14.71,0,219,164,2e-04,7e-04,8e-04,0.0015,0.0023,0.0033,0.0032,0.0019,9.04,0.01,0,,,,,,,,,"wrist"
"IZTECH_S016","IZTECH_S016_w","2025-05-05 20:56:19",FALSE,0,31.69,8,636,5.3,12,0.1,41,0.341667,14.87,0,219,166,2e-04,7e-04,8e-04,0.0015,0.0023,0.0033,0.0032,0.002,9.29,0.01,0,,,,,,,,,"wrist"
"IZTECH_S016","IZTECH_S016_w","2025-05-05 20:58:19",FALSE,0,31.81,8,1029,8.575,21,0.175,68,0.566667,15.41,0,211,158,2e-04,7e-04,9e-04,0.0015,0.0024,0.0034,0.0034,0.002,9.54,0.01,0,,,,,,,,,"wrist"
"IZTECH_S016","IZTECH_S016_w","2025-05-05 21:00:19",FALSE,0,31.75,8,1076,8.96667,31,0.258333,69,0.575,15.53,0,218,162,2e-04,7e-04,9e-04,0.0016,0.0024,0.0034,0.0034,0.0021,9.68,0.01,0,,,,,,,,,"wrist"
"IZTECH_S016","IZTECH_S016_w","2025-05-05 21:02:19",FALSE,0,32,8,1637,13.6417,39,0.325,105,0.875,15.43,0,212,159,2e-04,7e-04,9e-04,0.0016,0.0024,0.0034,0.0034,0.002,9.59,0.01,0,,,,,,,,,"wrist"
"IZTECH_S016","IZTECH_S016_w","2025-05-05 21:04:19",FALSE,0,32,16,4275,35.625,103,0.858333,186,1.55,13.33,0,207,158,2e-04,6e-04,7e-04,0.0014,0.0021,0.0029,0.0029,0.0017,8.29,0.01,0,,,,,,,,,"wrist"
"IZTECH_S016","IZTECH_S016_w","2025-05-05 21:06:19",FALSE,0,32.44,16,5975,49.7917,116,0.966667,366,3.05,2.65,0,181,128,0,1e-04,1e-04,2e-04,4e-04,6e-04,6e-04,4e-04,1.19,0,0,,,,,,,,,"wrist"
"IZTECH_S016","IZTECH_S016_w","2025-05-05 21:08:19",FALSE,0,32.5,16,2254,18.7833,51,0.425,131,1.09167,3.82,0,196,158,0,2e-04,2e-04,4e-04,6e-04,9e-04,9e-04,6e-04,2.02,0,0,,,,,,,,,"wrist"
"IZTECH_S016","IZTECH_S016_w","2025-05-05 21:10:19",FALSE,0,32,1,12101,100.842,297,2.475,615,5.125,12.46,0.01,197,147,3e-04,6e-04,7e-04,0.0014,0.002,0.0031,0.0042,0.004,6.1,0.01,0,,,,,,,,,"wrist"
"IZTECH_S016","IZTECH_S016_w","2025-05-05 21:12:19",FALSE,0,31.81,1,10390,86.5833,220,1.83333,602,5.01667,37.68,0.01,189,154,8e-04,0.0014,0.0017,0.0035,0.0059,0.0092,0.0124,0.0109,16.19,0.02,0,,,,,,,,,"wrist"
"IZTECH_S016","IZTECH_S016_w","2025-05-05 21:14:19",FALSE,0,31.56,1,11909,99.2417,276,2.3,698,5.81667,42.18,0,197,156,7e-04,0.0012,0.0016,0.0035,0.0066,0.0102,0.0139,0.0116,16.47,0.02,0,,,,,,,,,"wrist"
"IZTECH_S016","IZTECH_S016_w","2025-05-05 21:16:19",FALSE,0,31.88,16,2423,20.1917,54,0.45,175,1.45833,75.63,0,174,134,0.0012,0.0024,0.003,0.0067,0.0115,0.0179,0.0243,0.0199,33.13,0.04,0,,,,,,,,,"wrist"
"IZTECH_S016","IZTECH_S016_w","2025-05-05 21:18:19",FALSE,0,32.25,4,629,5.24167,0,0,47,0.391667,75.9,0,164,102,0.0012,0.0024,0.0031,0.0067,0.0116,0.0179,0.0244,0.0199,33.3,0.04,0,,,,,,,,,"wrist"
"IZTECH_S016","IZTECH_S016_w","2025-05-05 21:20:19",FALSE,0,32.25,1,2909,24.2417,52,0.433333,171,1.425,85.75,0,204,144,0.0014,0.0027,0.0034,0.0075,0.0131,0.0203,0.0275,0.0224,37.41,0.04,0,,,,,,,,,"wrist"
"IZTECH_S016","IZTECH_S016_w","2025-05-05 21:22:19",FALSE,0,31.81,1,5140,42.8333,99,0.825,304,2.53333,88.74,0,202,151,0.0014,0.0027,0.0035,0.0078,0.0136,0.021,0.0283,0.0229,38.9,0.04,0,,,,,,,,,"wrist"
"IZTECH_S016","IZTECH_S016_w","2025-05-05 21:24:19",FALSE,0,31.69,1,6467,53.8917,103,0.858333,387,3.225,26.4,0,205,158,4e-04,8e-04,0.0011,0.0024,0.004,0.0063,0.0085,0.007,11.51,0.01,0,,,,,,,,,"wrist"
"IZTECH_S016","IZTECH_S016_w","2025-05-05 21:26:19",FALSE,0,31.69,32,4464,37.2,109,0.908333,268,2.23333,58.24,0,166,142,0.0016,0.0068,0.0032,0.008,0.0096,0.0094,0.0067,0.0036,57.05,0.02,0,,,,,,,,,"wrist"
"IZTECH_S016","IZTECH_S016_w","2025-05-05 21:28:19",FALSE,0,31.5,1,5134,42.7833,125,1.04167,258,2.15,19.2,0,182,153,4e-04,0.0018,0.001,0.0023,0.0032,0.0035,0.0027,0.0015,15.83,0.01,0,,,,,,,,,"wrist"
"IZTECH_S016","IZTECH_S016_w","2025-05-05 21:30:19",FALSE,0,31.75,1,2163,18.025,30,0.25,126,1.05,7.71,0,193,155,1e-04,3e-04,4e-04,8e-04,0.0012,0.0017,0.0017,0.0011,4.51,0,0,,,,,,,,,"wrist"
"IZTECH_S016","IZTECH_S016_w","2025-05-05 21:32:19",FALSE,0,32.06,8,462,3.85,6,0.05,29,0.241667,6.32,0,196,146,0,3e-04,3e-04,6e-04,0.001,0.0014,0.0014,9e-04,3.66,0,0,,,,,,,,,"wrist"
"IZTECH_S016","IZTECH_S016_w","2025-05-05 21:34:19",FALSE,0,31.69,8,1590,13.25,20,0.166667,81,0.675,6.8,0,215,167,0,3e-04,4e-04,7e-04,0.0011,0.0015,0.0015,9e-04,3.93,0,0,,,,,,,,,"wrist"
"IZTECH_S016","IZTECH_S016_w","2025-05-05 21:36:19",FALSE,0,31.62,8,1651,13.7583,28,0.233333,77,0.641667,8.99,0,212,164,1e-04,4e-04,5e-04,9e-04,0.0014,0.002,0.002,0.0012,5.46,0,0,,,,,,,,,"wrist"
"IZTECH_S016","IZTECH_S016_w","2025-05-05 21:38:19",FALSE,0,32.12,8,5747,47.8917,91,0.758333,374,3.11667,5.62,0,200,150,0,2e-04,3e-04,6e-04,9e-04,0.0013,0.0013,8e-04,3.18,0,0,,,,,,,,,"wrist"
"IZTECH_S016","IZTECH_S016_w","2025-05-05 21:40:19",FALSE,0,32.5,1,3131,26.0917,42,0.35,197,1.64167,2.49,0,179,108,0,1e-04,1e-04,2e-04,4e-04,6e-04,6e-04,4e-04,1.13,0,0,,,,,,,,,"wrist"
"IZTECH_S016","IZTECH_S016_w","2025-05-05 21:42:19",FALSE,0,32.69,1,654,5.45,8,0.0666667,37,0.308333,1.79,0,166,102,0,0,1e-04,1e-04,3e-04,5e-04,5e-04,3e-04,0.57,0,0,,,,,,,,,"wrist"
"IZTECH_S016","IZTECH_S016_w","2025-05-05 21:44:19",FALSE,0,32.5,1,2304,19.2,26,0.216667,146,1.21667,1.96,0,174,134,0,1e-04,1e-04,2e-04,3e-04,5e-04,5e-04,3e-04,0.9,0,0,,,,,,,,,"wrist"
"IZTECH_S016","IZTECH_S016_w","2025-05-05 21:46:19",FALSE,0,32.69,8,2292,19.1,31,0.258333,148,1.23333,2.53,0,145,128,0,1e-04,1e-04,2e-04,4e-04,6e-04,6e-04,4e-04,1.27,0,0,,,,,,,,,"wrist"
"IZTECH_S016","IZTECH_S016_w","2025-05-05 21:48:19",FALSE,0,32.25,4,20649,172.075,674,5.61667,1012,8.43333,10.45,0,207,155,1e-04,6e-04,5e-04,0.0011,0.0017,0.0022,0.002,0.0012,6.57,0,0,,,,,,,,,"wrist"
"IZTECH_S016","IZTECH_S016_w","2025-05-05 21:50:19",FALSE,0,31.56,16,9670,80.5833,299,2.49167,490,4.08333,1.46,0,220,174,0,0,1e-04,1e-04,2e-04,3e-04,3e-04,2e-04,0.72,0,0,,,,,,,,,"wrist"
"IZTECH_S016","IZTECH_S016_w","2025-05-05 21:52:19",FALSE,0,31.06,16,871,7.25833,24,0.2,65,0.541667,0,0,216,170,0,0,0,0,0,0,0,0,0,0,0,,,,,,,,,"wrist"
"IZTECH_S016","IZTECH_S016_w","2025-05-05 21:54:19",FALSE,0,31.31,16,5097,42.475,132,1.1,356,2.96667,0,0,213,171,0,0,0,0,0,0,0,0,0,0,0,,,,,,,,,"wrist"
"IZTECH_S016","IZTECH_S016_w","2025-05-05 21:56:19",FALSE,0,31.06,16,879,7.325,34,0.283333,49,0.408333,0,0,219,171,0,0,0,0,0,0,0,0,0,0,0,,,,,,,,,"wrist"
"IZTECH_S016","IZTECH_S016_w","2025-05-05 21:58:19",FALSE,0,31.12,16,2044,17.0333,69,0.575,89,0.741667,0,0,220,170,0,0,0,0,0,0,0,0,0,0,0,,,,,,,,,"wrist"
"IZTECH_S016","IZTECH_S016_w","2025-05-05 22:00:19",FALSE,0,30.94,1,477,3.975,17,0.141667,13,0.108333,0,0,217,174,0,0,0,0,0,0,0,0,0,0,0,,,,,,,,,"wrist"
"IZTECH_S016","IZTECH_S016_w","2025-05-05 22:02:19",FALSE,0,31.06,8,1439,11.9917,52,0.433333,65,0.541667,0,0,217,170,0,0,0,0,0,0,0,0,0,0,0,,,,,,,,,"wrist"
"IZTECH_S016","IZTECH_S016_w","2025-05-05 22:04:19",FALSE,0,31.12,8,18,0.15,0,0,2,0.0166667,0,0,217,172,0,0,0,0,0,0,0,0,0,0,0,,,,,,,,,"wrist"
"IZTECH_S016","IZTECH_S016_w","2025-05-05 22:06:19",FALSE,0,31.25,8,155,1.29167,1,0.00833333,7,0.0583333,0,0,217,172,0,0,0,0,0,0,0,0,0,0,0,,,,,,,,,"wrist"
"IZTECH_S016","IZTECH_S016_w","2025-05-05 22:08:19",FALSE,0,31.25,8,3,0.025,0,0,0,0,0,0,219,171,0,0,0,0,0,0,0,0,0,0,0,,,,,,,,,"wrist"
"IZTECH_S016","IZTECH_S016_w","2025-05-05 22:10:19",FALSE,0,31.31,8,0,0,0,0,0,0,0,0,219,172,0,0,0,0,0,0,0,0,0,0,0,,,,,,,,,"wrist"
"IZTECH_S016","IZTECH_S016_w","2025-05-05 22:12:19",FALSE,0,31.31,8,9,0.075,0,0,1,0.00833333,0,0,219,172,0,0,0,0,0,0,0,0,0,0,0,,,,,,,,,"wrist"
"IZTECH_S016","IZTECH_S016_w","2025-05-05 22:14:19",FALSE,0,31.31,8,0,0,0,0,0,0,0,0,219,171,0,0,0,0,0,0,0,0,0,0,0,,,,,,,,,"wrist"
"IZTECH_S016","IZTECH_S016_w","2025-05-05 22:16:19",FALSE,0,31.31,8,0,0,0,0,0,0,0,0,219,171,0,0,0,0,0,0,0,0,0,0,0,,,,,,,,,"wrist"
"IZTECH_S016","IZTECH_S016_w","2025-05-05 22:18:19",FALSE,0,31.38,8,3,0.025,0,0,0,0,0,0,219,171,0,0,0,0,0,0,0,0,0,0,0,,,,,,,,,"wrist"
"IZTECH_S016","IZTECH_S016_w","2025-05-05 22:20:19",FALSE,0,31.38,8,0,0,0,0,0,0,0,0,219,171,0,0,0,0,0,0,0,0,0,0,0,,,,,,,,,"wrist"
"IZTECH_S016","IZTECH_S016_w","2025-05-05 22:22:19",FALSE,0,31.12,16,1750,14.5833,60,0.5,91,0.758333,0,0,222,172,0,0,0,0,0,0,0,0,0,0,0,,,,,,,,,"wrist"
"IZTECH_S016","IZTECH_S016_w","2025-05-05 22:24:19",FALSE,0,31.06,16,6,0.05,0,0,0,0,0,0,223,172,0,0,0,0,0,0,0,0,0,0,0,,,,,,,,,"wrist"
"IZTECH_S016","IZTECH_S016_w","2025-05-05 22:26:19",FALSE,0,30.94,16,1471,12.2583,38,0.316667,62,0.516667,0,0,221,172,0,0,0,0,0,0,0,0,0,0,0,,,,,,,,,"wrist"
"IZTECH_S016","IZTECH_S016_w","2025-05-05 22:28:19",FALSE,0,32.19,1,1285,10.7083,38,0.316667,66,0.55,0,0,210,144,0,0,0,0,0,0,0,0,0,0,0,,,,,,,,,"wrist"
"IZTECH_S016","IZTECH_S016_w","2025-05-05 22:30:19",FALSE,0,32.38,1,0,0,0,0,0,0,0,0,209,142,0,0,0,0,0,0,0,0,0,0,0,,,,,,,,,"wrist"
"IZTECH_S016","IZTECH_S016_w","2025-05-05 22:32:19",FALSE,0,32.44,1,0,0,0,0,0,0,0,0,205,138,0,0,0,0,0,0,0,0,0,0,0,,,,,,,,,"wrist"
"IZTECH_S016","IZTECH_S016_w","2025-05-05 22:34:19",FALSE,0,32.44,1,0,0,0,0,0,0,0,0,188,128,0,0,0,0,0,0,0,0,0,0,0,,,,,,,,,"wrist"
"IZTECH_S016","IZTECH_S016_w","2025-05-05 22:36:19",FALSE,0,32.44,1,0,0,0,0,0,0,0,0,161,106,0,0,0,0,0,0,0,0,0,0,0,,,,,,,,,"wrist"
"IZTECH_S016","IZTECH_S016_w","2025-05-05 22:38:19",FALSE,0,32.44,1,5,0.0416667,0,0,0,0,0,0,148,100,0,0,0,0,0,0,0,0,0,0,0,,,,,,,,,"wrist"
"IZTECH_S016","IZTECH_S016_w","2025-05-05 22:40:19",FALSE,0,32.44,1,0,0,0,0,0,0,0,0,142,94,0,0,0,0,0,0,0,0,0,0,0,,,,,,,,,"wrist"
"IZTECH_S016","IZTECH_S016_w","2025-05-05 22:42:19",FALSE,0,32.38,1,0,0,0,0,0,0,0,0,139,94,0,0,0,0,0,0,0,0,0,0,0,,,,,,,,,"wrist"
"IZTECH_S016","IZTECH_S016_w","2025-05-05 22:44:19",FALSE,0,32.12,1,2809,23.4083,96,0.8,136,1.13333,0,0,133,96,0,0,0,0,0,0,0,0,0,0,0,,,,,,,,,"wrist"
"IZTECH_S016","IZTECH_S016_w","2025-05-05 22:46:19",FALSE,0,31.81,16,3,0.025,0,0,0,0,0,0,129,94,0,0,0,0,0,0,0,0,0,0,0,,,,,,,,,"wrist"
"IZTECH_S016","IZTECH_S016_w","2025-05-05 22:48:19",FALSE,0,31.81,16,4,0.0333333,0,0,0,0,0,0,129,94,0,0,0,0,0,0,0,0,0,0,0,,,,,,,,,"wrist"
"IZTECH_S016","IZTECH_S016_w","2025-05-05 22:50:19",FALSE,0,31.69,16,0,0,0,0,0,0,0,0,129,94,0,0,0,0,0,0,0,0,0,0,0,,,,,,,,,"wrist"
"IZTECH_S016","IZTECH_S016_w","2025-05-05 22:52:19",FALSE,0,31.56,16,0,0,0,0,0,0,0,0,129,93,0,0,0,0,0,0,0,0,0,0,0,,,,,,,,,"wrist"
"IZTECH_S016","IZTECH_S016_w","2025-05-05 22:54:19",FALSE,0,31.44,16,0,0,0,0,0,0,0,0,128,92,0,0,0,0,0,0,0,0,0,0,0,,,,,,,,,"wrist"
"IZTECH_S016","IZTECH_S016_w","2025-05-05 22:56:19",FALSE,0,31.38,16,0,0,0,0,0,0,0,0,129,92,0,0,0,0,0,0,0,0,0,0,0,,,,,,,,,"wrist"
"IZTECH_S016","IZTECH_S016_w","2025-05-05 22:58:19",FALSE,0,31.31,16,0,0,0,0,0,0,0,0,129,92,0,0,0,0,0,0,0,0,0,0,0,,,,,,,,,"wrist"
"IZTECH_S016","IZTECH_S016_w","2025-05-05 23:00:19",FALSE,0,31.31,16,0,0,0,0,0,0,0,0,131,92,0,0,0,0,0,0,0,0,0,0,0,,,,,,,,,"wrist"
"IZTECH_S016","IZTECH_S016_w","2025-05-05 23:02:19",FALSE,0,31.12,16,2930,24.4167,106,0.883333,100,0.833333,0,0,158,92,0,0,0,0,0,0,0,0,0,0,0,,,,,,,,,"wrist"
"IZTECH_S016","IZTECH_S016_w","2025-05-05 23:04:19",FALSE,0,31.62,16,0,0,0,0,0,0,0,0,177,94,0,0,0,0,0,0,0,0,0,0,0,,,,,,,,,"wrist"
"IZTECH_S016","IZTECH_S016_w","2025-05-05 23:06:19",FALSE,0,31.69,16,111,0.925,0,0,9,0.075,0,0,192,96,0,0,0,0,0,0,0,0,0,0,0,,,,,,,,,"wrist"
"IZTECH_S016","IZTECH_S016_w","2025-05-05 23:08:19",FALSE,0,31.81,16,644,5.36667,21,0.175,25,0.208333,0,0,193,98,0,0,0,0,0,0,0,0,0,0,0,,,,,,,,,"wrist"
"IZTECH_S016","IZTECH_S016_w","2025-05-05 23:10:19",FALSE,0,31.88,16,461,3.84167,18,0.15,16,0.133333,0,0,192,98,0,0,0,0,0,0,0,0,0,0,0,,,,,,,,,"wrist"
"IZTECH_S016","IZTECH_S016_w","2025-05-05 23:12:19",FALSE,0,32,16,11,0.0916667,0,0,2,0.0166667,0,0,193,102,0,0,0,0,0,0,0,0,0,0,0,,,,,,,,,"wrist"
"IZTECH_S016","IZTECH_S016_w","2025-05-05 23:14:19",FALSE,0,31.94,16,58,0.483333,0,0,6,0.05,0,0,195,106,0,0,0,0,0,0,0,0,0,0,0,,,,,,,,,"wrist"
"IZTECH_S016","IZTECH_S016_w","2025-05-05 23:16:19",FALSE,0,31.94,16,45,0.375,0,0,5,0.0416667,0,0,195,110,0,0,0,0,0,0,0,0,0,0,0,,,,,,,,,"wrist"
"IZTECH_S016","IZTECH_S016_w","2025-05-05 23:18:19",FALSE,0,32,16,0,0,0,0,0,0,0,0,194,112,0,0,0,0,0,0,0,0,0,0,0,,,,,,,,,"wrist"
"IZTECH_S016","IZTECH_S016_w","2025-05-05 23:20:19",FALSE,0,31.5,16,338,2.81667,6,0.05,15,0.125,0,0,209,136,0,0,0,0,0,0,0,0,0,0,0,,,,,,,,,"wrist"
"IZTECH_S016","IZTECH_S016_w","2025-05-05 23:22:19",FALSE,0,31.5,16,0,0,0,0,0,0,0,0,212,148,0,0,0,0,0,0,0,0,0,0,0,,,,,,,,,"wrist"
"IZTECH_S016","IZTECH_S016_w","2025-05-05 23:24:19",FALSE,0,31.19,16,1552,12.9333,41,0.341667,81,0.675,0,0,215,158,0,0,0,0,0,0,0,0,0,0,0,,,,,,,,,"wrist"
"IZTECH_S016","IZTECH_S016_w","2025-05-05 23:26:19",FALSE,0,30.88,1,2424,20.2,72,0.6,99,0.825,0,0,221,164,0,0,0,0,0,0,0,0,0,0,0,,,,,,,,,"wrist"
"IZTECH_S016","IZTECH_S016_w","2025-05-05 23:28:19",FALSE,0,30.94,1,0,0,0,0,0,0,0,0,221,164,0,0,0,0,0,0,0,0,0,0,0,,,,,,,,,"wrist"
"IZTECH_S016","IZTECH_S016_w","2025-05-05 23:30:19",FALSE,0,31,1,0,0,0,0,0,0,0,0,220,162,0,0,0,0,0,0,0,0,0,0,0,,,,,,,,,"wrist"
"IZTECH_S016","IZTECH_S016_w","2025-05-05 23:32:19",FALSE,0,31.06,1,0,0,0,0,0,0,0,0,220,160,0,0,0,0,0,0,0,0,0,0,0,,,,,,,,,"wrist"
"IZTECH_S016","IZTECH_S016_w","2025-05-05 23:34:19",FALSE,0,31.19,1,0,0,0,0,0,0,0,0,219,156,0,0,0,0,0,0,0,0,0,0,0,,,,,,,,,"wrist"
"IZTECH_S016","IZTECH_S016_w","2025-05-05 23:36:19",FALSE,0,31.25,1,0,0,0,0,0,0,0,0,217,145,0,0,0,0,0,0,0,0,0,0,0,,,,,,,,,"wrist"
"IZTECH_S016","IZTECH_S016_w","2025-05-05 23:38:19",FALSE,0,31.38,1,0,0,0,0,0,0,0,0,215,130,0,0,0,0,0,0,0,0,0,0,0,,,,,,,,,"wrist"
"IZTECH_S016","IZTECH_S016_w","2025-05-05 23:40:19",FALSE,0,31.5,1,0,0,0,0,0,0,0,0,208,112,0,0,0,0,0,0,0,0,0,0,0,,,,,,,,,"wrist"
"IZTECH_S016","IZTECH_S016_w","2025-05-05 23:42:19",FALSE,0,31.56,1,0,0,0,0,0,0,0,0,198,100,0,0,0,0,0,0,0,0,0,0,0,,,,,,,,,"wrist"
"IZTECH_S016","IZTECH_S016_w","2025-05-05 23:44:19",FALSE,0,31.56,1,0,0,0,0,0,0,0,0,192,98,0,0,0,0,0,0,0,0,0,0,0,,,,,,,,,"wrist"
"IZTECH_S016","IZTECH_S016_w","2025-05-05 23:46:19",FALSE,0,31.56,1,0,0,0,0,0,0,0,0,185,94,0,0,0,0,0,0,0,0,0,0,0,,,,,,,,,"wrist"
"IZTECH_S016","IZTECH_S016_w","2025-05-05 23:48:19",FALSE,0,31.56,1,0,0,0,0,0,0,0,0,181,94,0,0,0,0,0,0,0,0,0,0,0,,,,,,,,,"wrist"
"IZTECH_S016","IZTECH_S016_w","2025-05-05 23:50:19",FALSE,0,31.56,1,0,0,0,0,0,0,0,0,177,94,0,0,0,0,0,0,0,0,0,0,0,,,,,,,,,"wrist"
"IZTECH_S016","IZTECH_S016_w","2025-05-05 23:52:19",FALSE,0,31.69,1,0,0,0,0,0,0,0,0,166,94,0,0,0,0,0,0,0,0,0,0,0,,,,,,,,,"wrist"
"IZTECH_S016","IZTECH_S016_w","2025-05-05 23:54:19",FALSE,0,31.69,1,0,0,0,0,0,0,0,0,153,93,0,0,0,0,0,0,0,0,0,0,0,,,,,,,,,"wrist"
"IZTECH_S016","IZTECH_S016_w","2025-05-05 23:56:19",FALSE,0,32.06,1,2931,24.425,75,0.625,141,1.175,0,0,140,94,0,0,0,0,0,0,0,0,0,0,0,,,,,,,,,"wrist"
"IZTECH_S016","IZTECH_S016_w","2025-05-05 23:58:19",FALSE,0,32.31,16,4661,38.8417,161,1.34167,178,1.48333,0,0,131,91,0,0,0,0,0,0,0,0,0,0,0,,,,,,,,,"wrist"
"IZTECH_S016","IZTECH_S016_w","2025-05-06 00:00:19",FALSE,0,32.56,16,0,0,0,0,0,0,0,0,132,92,0,0,0,0,0,0,0,0,0,0,0,,,,,,,,,"wrist"
"IZTECH_S016","IZTECH_S016_w","2025-05-06 00:02:19",FALSE,0,32.88,16,0,0,0,0,0,0,0,0,128,91,0,0,0,0,0,0,0,0,0,0,0,,,,,,,,,"wrist"
"IZTECH_S016","IZTECH_S016_w","2025-05-06 00:04:19",FALSE,0,33.19,16,0,0,0,0,0,0,0,0,128,91,0,0,0,0,0,0,0,0,0,0,0,,,,,,,,,"wrist"
"IZTECH_S016","IZTECH_S016_w","2025-05-06 00:06:19",FALSE,0,33.44,16,0,0,0,0,0,0,0,0,128,91,0,0,0,0,0,0,0,0,0,0,0,,,,,,,,,"wrist"
"IZTECH_S016","IZTECH_S016_w","2025-05-06 00:08:19",FALSE,0,33.62,16,0,0,0,0,0,0,0,0,126,93,0,0,0,0,0,0,0,0,0,0,0,,,,,,,,,"wrist"
"IZTECH_S016","IZTECH_S016_w","2025-05-06 00:10:19",FALSE,0,33.81,16,0,0,0,0,0,0,0,0,126,93,0,0,0,0,0,0,0,0,0,0,0,,,,,,,,,"wrist"
"IZTECH_S016","IZTECH_S016_w","2025-05-06 00:12:19",FALSE,0,34,16,0,0,0,0,0,0,0,0,126,93,0,0,0,0,0,0,0,0,0,0,0,,,,,,,,,"wrist"
"IZTECH_S016","IZTECH_S016_w","2025-05-06 00:14:19",FALSE,0,34.12,16,0,0,0,0,0,0,0,0,125,92,0,0,0,0,0,0,0,0,0,0,0,,,,,,,,,"wrist"
"IZTECH_S016","IZTECH_S016_w","2025-05-06 00:16:19",FALSE,0,34.25,16,0,0,0,0,0,0,0,0,126,92,0,0,0,0,0,0,0,0,0,0,0,,,,,,,,,"wrist"
"IZTECH_S016","IZTECH_S016_w","2025-05-06 00:18:19",FALSE,0,34.31,16,0,0,0,0,0,0,0,0,125,92,0,0,0,0,0,0,0,0,0,0,0,,,,,,,,,"wrist"
"IZTECH_S016","IZTECH_S016_w","2025-05-06 00:20:19",FALSE,0,34.44,16,0,0,0,0,0,0,0,0,126,92,0,0,0,0,0,0,0,0,0,0,0,,,,,,,,,"wrist"
"IZTECH_S016","IZTECH_S016_w","2025-05-06 00:22:19",FALSE,0,34.5,16,0,0,0,0,0,0,0,0,126,92,0,0,0,0,0,0,0,0,0,0,0,,,,,,,,,"wrist"
"IZTECH_S016","IZTECH_S016_w","2025-05-06 00:24:19",FALSE,0,34.56,16,0,0,0,0,0,0,0,0,126,92,0,0,0,0,0,0,0,0,0,0,0,,,,,,,,,"wrist"
"IZTECH_S016","IZTECH_S016_w","2025-05-06 00:26:19",FALSE,0,34.56,16,0,0,0,0,0,0,0,0,126,92,0,0,0,0,0,0,0,0,0,0,0,,,,,,,,,"wrist"
"IZTECH_S016","IZTECH_S016_w","2025-05-06 00:28:19",FALSE,0,34.62,16,0,0,0,0,0,0,0,0,126,93,0,0,0,0,0,0,0,0,0,0,0,,,,,,,,,"wrist"
"IZTECH_S016","IZTECH_S016_w","2025-05-06 00:30:19",FALSE,0,34.62,16,0,0,0,0,0,0,0,0,126,92,0,0,0,0,0,0,0,0,0,0,0,,,,,,,,,"wrist"
"IZTECH_S016","IZTECH_S016_w","2025-05-06 00:32:19",FALSE,0,34.62,16,0,0,0,0,0,0,0,0,126,93,0,0,0,0,0,0,0,0,0,0,0,,,,,,,,,"wrist"
"IZTECH_S016","IZTECH_S016_w","2025-05-06 00:34:19",FALSE,0,34.69,16,0,0,0,0,0,0,0,0,126,92,0,0,0,0,0,0,0,0,0,0,0,,,,,,,,,"wrist"
"IZTECH_S016","IZTECH_S016_w","2025-05-06 00:36:19",FALSE,0,34.69,16,0,0,0,0,0,0,0,0,128,93,0,0,0,0,0,0,0,0,0,0,0,,,,,,,,,"wrist"
"IZTECH_S016","IZTECH_S016_w","2025-05-06 00:38:19",FALSE,0,34.69,16,0,0,0,0,0,0,0,0,128,92,0,0,0,0,0,0,0,0,0,0,0,,,,,,,,,"wrist"
"IZTECH_S016","IZTECH_S016_w","2025-05-06 00:40:19",FALSE,0,34.19,16,3183,26.525,83,0.691667,143,1.19167,0,0,132,91,0,0,0,0,0,0,0,0,0,0,0,,,,,,,,,"wrist"
"IZTECH_S016","IZTECH_S016_w","2025-05-06 00:42:19",FALSE,0,33.56,8,0,0,0,0,0,0,0,0,145,91,0,0,0,0,0,0,0,0,0,0,0,,,,,,,,,"wrist"
"IZTECH_S016","IZTECH_S016_w","2025-05-06 00:44:19",FALSE,0,33,8,47,0.391667,0,0,5,0.0416667,0,0,169,91,0,0,0,0,0,0,0,0,0,0,0,,,,,,,,,"wrist"
"IZTECH_S016","IZTECH_S016_w","2025-05-06 00:46:19",FALSE,0,32.62,8,0,0,0,0,0,0,0,0,179,92,0,0,0,0,0,0,0,0,0,0,0,,,,,,,,,"wrist"
"IZTECH_S016","IZTECH_S016_w","2025-05-06 00:48:19",FALSE,0,32.38,8,62,0.516667,1,0.00833333,4,0.0333333,0,0,179,91,0,0,0,0,0,0,0,0,0,0,0,,,,,,,,,"wrist"
"IZTECH_S016","IZTECH_S016_w","2025-05-06 00:50:19",FALSE,0,31.88,8,960,8,30,0.25,37,0.308333,0,0,183,92,0,0,0,0,0,0,0,0,0,0,0,,,,,,,,,"wrist"
"IZTECH_S016","IZTECH_S016_w","2025-05-06 00:52:19",FALSE,0,31.94,16,1254,10.45,40,0.333333,58,0.483333,0,0,189,92,0,0,0,0,0,0,0,0,0,0,0,,,,,,,,,"wrist"
"IZTECH_S016","IZTECH_S016_w","2025-05-06 00:54:19",FALSE,0,32.12,16,0,0,0,0,0,0,0,0,189,92,0,0,0,0,0,0,0,0,0,0,0,,,,,,,,,"wrist"
"IZTECH_S016","IZTECH_S016_w","2025-05-06 00:56:19",FALSE,0,32.38,16,251,2.09167,9,0.075,15,0.125,0,0,189,92,0,0,0,0,0,0,0,0,0,0,0,,,,,,,,,"wrist"
"IZTECH_S016","IZTECH_S016_w","2025-05-06 00:58:19",FALSE,0,32.62,16,856,7.13333,14,0.116667,50,0.416667,0,0,181,94,0,0,0,0,0,0,0,0,0,0,0,,,,,,,,,"wrist"
"IZTECH_S016","IZTECH_S016_w","2025-05-06 01:00:19",FALSE,0,32.81,16,207,1.725,7,0.0583333,11,0.0916667,0,0,184,93,0,0,0,0,0,0,0,0,0,0,0,,,,,,,,,"wrist"
"IZTECH_S016","IZTECH_S016_w","2025-05-06 01:02:19",FALSE,0,33.12,16,2572,21.4333,74,0.616667,154,1.28333,0,0,163,91,0,0,0,0,0,0,0,0,0,0,0,,,,,,,,,"wrist"
"IZTECH_S016","IZTECH_S016_w","2025-05-06 01:04:19",FALSE,0,33.38,16,0,0,0,0,0,0,0,0,148,93,0,0,0,0,0,0,0,0,0,0,0,,,,,,,,,"wrist"
"IZTECH_S016","IZTECH_S016_w","2025-05-06 01:06:19",FALSE,0,33.56,16,3,0.025,0,0,0,0,0,0,148,92,0,0,0,0,0,0,0,0,0,0,0,,,,,,,,,"wrist"
"IZTECH_S016","IZTECH_S016_w","2025-05-06 01:08:19",FALSE,0,33.75,16,423,3.525,9,0.075,31,0.258333,0,0,173,93,0,0,0,0,0,0,0,0,0,0,0,,,,,,,,,"wrist"
"IZTECH_S016","IZTECH_S016_w","2025-05-06 01:10:19",FALSE,0,33.94,16,52,0.433333,0,0,4,0.0333333,0,0,174,93,0,0,0,0,0,0,0,0,0,0,0,,,,,,,,,"wrist"
"IZTECH_S016","IZTECH_S016_w","2025-05-06 01:12:19",FALSE,0,34.06,16,16,0.133333,0,0,3,0.025,0,0,173,93,0,0,0,0,0,0,0,0,0,0,0,,,,,,,,,"wrist"
"IZTECH_S016","IZTECH_S016_w","2025-05-06 01:14:19",FALSE,0,34.12,16,882,7.35,21,0.175,57,0.475,0,0,189,93,0,0,0,0,0,0,0,0,0,0,0,,,,,,,,,"wrist"
"IZTECH_S016","IZTECH_S016_w","2025-05-06 01:16:19",FALSE,0,34.19,1,0,0,0,0,0,0,0,0,187,93,0,0,0,0,0,0,0,0,0,0,0,,,,,,,,,"wrist"
"IZTECH_S016","IZTECH_S016_w","2025-05-06 01:18:19",FALSE,0,34.06,1,779,6.49167,22,0.183333,29,0.241667,0,0,160,99,0,0,0,0,0,0,0,0,0,0,0,,,,,,,,,"wrist"
"IZTECH_S016","IZTECH_S016_w","2025-05-06 01:20:19",FALSE,0,34.25,1,0,0,0,0,0,0,0,0,159,95,0,0,0,0,0,0,0,0,0,0,0,,,,,,,,,"wrist"
"IZTECH_S016","IZTECH_S016_w","2025-05-06 01:22:19",FALSE,0,34.38,8,250,2.08333,4,0.0333333,21,0.175,0,0,163,97,0,0,0,0,0,0,0,0,0,0,0,,,,,,,,,"wrist"
"IZTECH_S016","IZTECH_S016_w","2025-05-06 01:24:19",FALSE,0,34.5,8,197,1.64167,3,0.025,13,0.108333,0,0,162,93,0,0,0,0,0,0,0,0,0,0,0,,,,,,,,,"wrist"
"IZTECH_S016","IZTECH_S016_w","2025-05-06 01:26:19",FALSE,0,34.56,1,23,0.191667,0,0,4,0.0333333,0,0,164,95,0,0,0,0,0,0,0,0,0,0,0,,,,,,,,,"wrist"
"IZTECH_S016","IZTECH_S016_w","2025-05-06 01:28:19",FALSE,0,34.62,1,13,0.108333,0,0,0,0,0,0,167,96,0,0,0,0,0,0,0,0,0,0,0,,,,,,,,,"wrist"
"IZTECH_S016","IZTECH_S016_w","2025-05-06 01:30:19",FALSE,0,34.69,1,7,0.0583333,0,0,0,0,0,0,167,93,0,0,0,0,0,0,0,0,0,0,0,,,,,,,,,"wrist"
"IZTECH_S016","IZTECH_S016_w","2025-05-06 01:32:19",FALSE,0,34.75,1,3,0.025,0,0,1,0.00833333,0,0,172,95,0,0,0,0,0,0,0,0,0,0,0,,,,,,,,,"wrist"
"IZTECH_S016","IZTECH_S016_w","2025-05-06 01:34:19",FALSE,0,34.56,16,1684,14.0333,50,0.416667,86,0.716667,0,0,186,97,0,0,0,0,0,0,0,0,0,0,0,,,,,,,,,"wrist"
"IZTECH_S016","IZTECH_S016_w","2025-05-06 01:36:19",FALSE,0,34.06,16,0,0,0,0,0,0,0,0,187,95,0,0,0,0,0,0,0,0,0,0,0,,,,,,,,,"wrist"
"IZTECH_S016","IZTECH_S016_w","2025-05-06 01:38:19",FALSE,0,33.56,16,0,0,0,0,0,0,0,0,189,97,0,0,0,0,0,0,0,0,0,0,0,,,,,,,,,"wrist"
"IZTECH_S016","IZTECH_S016_w","2025-05-06 01:40:19",FALSE,0,33.19,16,98,0.816667,1,0.00833333,5,0.0416667,0,0,189,97,0,0,0,0,0,0,0,0,0,0,0,,,,,,,,,"wrist"
"IZTECH_S016","IZTECH_S016_w","2025-05-06 01:42:19",FALSE,0,32.56,16,361,3.00833,12,0.1,25,0.208333,0,0,192,105,0,0,0,0,0,0,0,0,0,0,0,,,,,,,,,"wrist"
"IZTECH_S016","IZTECH_S016_w","2025-05-06 01:44:19",FALSE,0,32.31,16,0,0,0,0,0,0,0,0,192,107,0,0,0,0,0,0,0,0,0,0,0,,,,,,,,,"wrist"
"IZTECH_S016","IZTECH_S016_w","2025-05-06 01:46:19",FALSE,0,32.19,16,0,0,0,0,0,0,0,0,192,110,0,0,0,0,0,0,0,0,0,0,0,,,,,,,,,"wrist"
"IZTECH_S016","IZTECH_S016_w","2025-05-06 01:48:19",FALSE,0,31.75,16,2218,18.4833,64,0.533333,98,0.816667,0,0,216,142,0,0,0,0,0,0,0,0,0,0,0,,,,,,,,,"wrist"
"IZTECH_S016","IZTECH_S016_w","2025-05-06 01:50:19",FALSE,0,31.56,16,0,0,0,0,0,0,0,0,215,144,0,0,0,0,0,0,0,0,0,0,0,,,,,,,,,"wrist"
"IZTECH_S016","IZTECH_S016_w","2025-05-06 01:52:19",FALSE,0,31.38,16,0,0,0,0,0,0,0,0,215,138,0,0,0,0,0,0,0,0,0,0,0,,,,,,,,,"wrist"
"IZTECH_S016","IZTECH_S016_w","2025-05-06 01:54:19",FALSE,0,31.31,16,32,0.266667,0,0,2,0.0166667,0,0,212,134,0,0,0,0,0,0,0,0,0,0,0,,,,,,,,,"wrist"
"IZTECH_S016","IZTECH_S016_w","2025-05-06 01:56:19",FALSE,0,31.19,16,0,0,0,0,0,0,0,0,210,122,0,0,0,0,0,0,0,0,0,0,0,,,,,,,,,"wrist"
"IZTECH_S016","IZTECH_S016_w","2025-05-06 01:58:19",FALSE,0,31.06,16,0,0,0,0,0,0,0,0,207,118,0,0,0,0,0,0,0,0,0,0,0,,,,,,,,,"wrist"
"IZTECH_S016","IZTECH_S016_w","2025-05-06 02:00:19",FALSE,0,31,16,0,0,0,0,0,0,0,0,206,114,0,0,0,0,0,0,0,0,0,0,0,,,,,,,,,"wrist"
"IZTECH_S016","IZTECH_S016_w","2025-05-06 02:02:19",FALSE,0,30.94,16,0,0,0,0,0,0,0,0,204,110,0,0,0,0,0,0,0,0,0,0,0,,,,,,,,,"wrist"
"IZTECH_S016","IZTECH_S016_w","2025-05-06 02:04:19",FALSE,0,30.94,16,0,0,0,0,0,0,0,0,198,104,0,0,0,0,0,0,0,0,0,0,0,,,,,,,,,"wrist"
"IZTECH_S016","IZTECH_S016_w","2025-05-06 02:06:19",FALSE,0,31.44,2,4027,33.5583,133,1.10833,164,1.36667,0,0,124,91,0,0,0,0,0,0,0,0,0,0,0,,,,,,,,,"wrist"
"IZTECH_S016","IZTECH_S016_w","2025-05-06 02:08:19",FALSE,0,31.56,2,0,0,0,0,0,0,0,0,124,92,0,0,0,0,0,0,0,0,0,0,0,,,,,,,,,"wrist"
"IZTECH_S016","IZTECH_S016_w","2025-05-06 02:10:19",FALSE,0,31.75,2,0,0,0,0,0,0,0,0,124,91,0,0,0,0,0,0,0,0,0,0,0,,,,,,,,,"wrist"
"IZTECH_S016","IZTECH_S016_w","2025-05-06 02:12:19",FALSE,0,32.06,2,0,0,0,0,0,0,0,0,123,91,0,0,0,0,0,0,0,0,0,0,0,,,,,,,,,"wrist"
"IZTECH_S016","IZTECH_S016_w","2025-05-06 02:14:19",FALSE,0,32.25,2,0,0,0,0,0,0,0,0,123,91,0,0,0,0,0,0,0,0,0,0,0,,,,,,,,,"wrist"
"IZTECH_S016","IZTECH_S016_w","2025-05-06 02:16:19",FALSE,0,32.44,2,0,0,0,0,0,0,0,0,123,91,0,0,0,0,0,0,0,0,0,0,0,,,,,,,,,"wrist"
"IZTECH_S016","IZTECH_S016_w","2025-05-06 02:18:19",FALSE,0,32.69,2,2540,21.1667,87,0.725,121,1.00833,0,0,180,93,0,0,0,0,0,0,0,0,0,0,0,,,,,,,,,"wrist"
"IZTECH_S016","IZTECH_S016_w","2025-05-06 02:20:19",FALSE,0,32.88,1,0,0,0,0,0,0,0,0,174,94,0,0,0,0,0,0,0,0,0,0,0,,,,,,,,,"wrist"
"IZTECH_S016","IZTECH_S016_w","2025-05-06 02:22:19",FALSE,0,33.12,1,0,0,0,0,0,0,0,0,175,94,0,0,0,0,0,0,0,0,0,0,0,,,,,,,,,"wrist"
"IZTECH_S016","IZTECH_S016_w","2025-05-06 02:24:19",FALSE,0,33.31,1,0,0,0,0,0,0,0,0,169,93,0,0,0,0,0,0,0,0,0,0,0,,,,,,,,,"wrist"
"IZTECH_S016","IZTECH_S016_w","2025-05-06 02:26:19",FALSE,0,33.5,1,0,0,0,0,0,0,0,0,168,93,0,0,0,0,0,0,0,0,0,0,0,,,,,,,,,"wrist"
"IZTECH_S016","IZTECH_S016_w","2025-05-06 02:28:19",FALSE,0,33.62,1,0,0,0,0,0,0,0,0,161,93,0,0,0,0,0,0,0,0,0,0,0,,,,,,,,,"wrist"
"IZTECH_S016","IZTECH_S016_w","2025-05-06 02:30:19",FALSE,0,33.75,1,0,0,0,0,0,0,0,0,158,93,0,0,0,0,0,0,0,0,0,0,0,,,,,,,,,"wrist"
"IZTECH_S016","IZTECH_S016_w","2025-05-06 02:32:19",FALSE,0,33.88,16,33,0.275,0,0,2,0.0166667,0,0,147,93,0,0,0,0,0,0,0,0,0,0,0,,,,,,,,,"wrist"
"IZTECH_S016","IZTECH_S016_w","2025-05-06 02:34:19",FALSE,0,33.81,16,2523,21.025,70,0.583333,128,1.06667,0,0,138,95,0,0,0,0,0,0,0,0,0,0,0,,,,,,,,,"wrist"
"IZTECH_S016","IZTECH_S016_w","2025-05-06 02:36:19",FALSE,0,33.75,16,0,0,0,0,0,0,0,0,136,93,0,0,0,0,0,0,0,0,0,0,0,,,,,,,,,"wrist"
"IZTECH_S016","IZTECH_S016_w","2025-05-06 02:38:19",FALSE,0,33.75,16,0,0,0,0,0,0,0,0,136,93,0,0,0,0,0,0,0,0,0,0,0,,,,,,,,,"wrist"
"IZTECH_S016","IZTECH_S016_w","2025-05-06 02:40:19",FALSE,0,33.75,16,0,0,0,0,0,0,0,0,136,93,0,0,0,0,0,0,0,0,0,0,0,,,,,,,,,"wrist"
"IZTECH_S016","IZTECH_S016_w","2025-05-06 02:42:19",FALSE,0,33.69,8,971,8.09167,22,0.183333,47,0.391667,0,0,138,97,0,0,0,0,0,0,0,0,0,0,0,,,,,,,,,"wrist"
"IZTECH_S016","IZTECH_S016_w","2025-05-06 02:44:19",FALSE,0,33.56,8,0,0,0,0,0,0,0,0,143,99,0,0,0,0,0,0,0,0,0,0,0,,,,,,,,,"wrist"
"IZTECH_S016","IZTECH_S016_w","2025-05-06 02:46:19",FALSE,0,33.62,8,643,5.35833,16,0.133333,34,0.283333,0,0,143,93,0,0,0,0,0,0,0,0,0,0,0,,,,,,,,,"wrist"
"IZTECH_S016","IZTECH_S016_w","2025-05-06 02:48:19",FALSE,0,33.38,16,4332,36.1,135,1.125,198,1.65,0,0,154,113,0,0,0,0,0,0,0,0,0,0,0,,,,,,,,,"wrist"
"IZTECH_S016","IZTECH_S016_w","2025-05-06 02:50:19",FALSE,0,32.81,8,943,7.85833,17,0.141667,71,0.591667,0,0,195,127,0,0,0,0,0,0,0,0,0,0,0,,,,,,,,,"wrist"
"IZTECH_S016","IZTECH_S016_w","2025-05-06 02:52:19",FALSE,0,32.44,1,501,4.175,5,0.0416667,37,0.308333,0,0,195,128,0,0,0,0,0,0,0,0,0,0,0,,,,,,,,,"wrist"
"IZTECH_S016","IZTECH_S016_w","2025-05-06 02:54:19",FALSE,0,32.19,1,0,0,0,0,0,0,0,0,196,128,0,0,0,0,0,0,0,0,0,0,0,,,,,,,,,"wrist"
"IZTECH_S016","IZTECH_S016_w","2025-05-06 02:56:19",FALSE,0,32.06,1,0,0,0,0,0,0,0,0,196,128,0,0,0,0,0,0,0,0,0,0,0,,,,,,,,,"wrist"
"IZTECH_S016","IZTECH_S016_w","2025-05-06 02:58:19",FALSE,0,32.38,1,89,0.741667,0,0,11,0.0916667,0,0,158,98,0,0,0,0,0,0,0,0,0,0,0,,,,,,,,,"wrist"
"IZTECH_S016","IZTECH_S016_w","2025-05-06 03:00:19",FALSE,0,32.31,1,48,0.4,0,0,5,0.0416667,0,0,173,106,0,0,0,0,0,0,0,0,0,0,0,,,,,,,,,"wrist"
"IZTECH_S016","IZTECH_S016_w","2025-05-06 03:02:19",FALSE,0,32.31,1,0,0,0,0,0,0,0,0,167,102,0,0,0,0,0,0,0,0,0,0,0,,,,,,,,,"wrist"
"IZTECH_S016","IZTECH_S016_w","2025-05-06 03:04:19",FALSE,0,32.38,1,0,0,0,0,0,0,0,0,166,101,0,0,0,0,0,0,0,0,0,0,0,,,,,,,,,"wrist"
"IZTECH_S016","IZTECH_S016_w","2025-05-06 03:06:19",FALSE,0,32.38,1,0,0,0,0,0,0,0,0,167,101,0,0,0,0,0,0,0,0,0,0,0,,,,,,,,,"wrist"
"IZTECH_S016","IZTECH_S016_w","2025-05-06 03:08:19",FALSE,0,32.31,1,0,0,0,0,0,0,0,0,167,102,0,0,0,0,0,0,0,0,0,0,0,,,,,,,,,"wrist"
"IZTECH_S016","IZTECH_S016_w","2025-05-06 03:10:19",FALSE,0,32.31,1,0,0,0,0,0,0,0,0,167,102,0,0,0,0,0,0,0,0,0,0,0,,,,,,,,,"wrist"
"IZTECH_S016","IZTECH_S016_w","2025-05-06 03:12:19",FALSE,0,32.31,1,42,0.35,0,0,3,0.025,0,0,175,106,0,0,0,0,0,0,0,0,0,0,0,,,,,,,,,"wrist"
"IZTECH_S016","IZTECH_S016_w","2025-05-06 03:14:19",FALSE,0,32.31,1,0,0,0,0,0,0,0,0,177,107,0,0,0,0,0,0,0,0,0,0,0,,,,,,,,,"wrist"
"IZTECH_S016","IZTECH_S016_w","2025-05-06 03:16:19",FALSE,0,32.06,1,3491,29.0917,104,0.866667,176,1.46667,0,0,191,155,0,0,0,0,0,0,0,0,0,0,0,,,,,,,,,"wrist"
"IZTECH_S016","IZTECH_S016_w","2025-05-06 03:18:19",FALSE,0,31.56,8,3322,27.6833,100,0.833333,159,1.325,0,0,220,168,0,0,0,0,0,0,0,0,0,0,0,,,,,,,,,"wrist"
"IZTECH_S016","IZTECH_S016_w","2025-05-06 03:20:19",FALSE,0,30.94,2,0,0,0,0,0,0,0,0,218,166,0,0,0,0,0,0,0,0,0,0,0,,,,,,,,,"wrist"
"IZTECH_S016","IZTECH_S016_w","2025-05-06 03:22:19",FALSE,0,31.56,2,1495,12.4583,36,0.3,86,0.716667,0,0,212,150,0,0,0,0,0,0,0,0,0,0,0,,,,,,,,,"wrist"
"IZTECH_S016","IZTECH_S016_w","2025-05-06 03:24:19",FALSE,0,31.69,16,4040,33.6667,118,0.983333,181,1.50833,0,0,206,140,0,0,0,0,0,0,0,0,0,0,0,,,,,,,,,"wrist"
"IZTECH_S016","IZTECH_S016_w","2025-05-06 03:26:19",FALSE,0,32.12,1,261,2.175,7,0.0583333,13,0.108333,0,0,143,94,0,0,0,0,0,0,0,0,0,0,0,,,,,,,,,"wrist"
"IZTECH_S016","IZTECH_S016_w","2025-05-06 03:28:19",FALSE,0,32.12,1,16,0.133333,0,0,2,0.0166667,0,0,144,94,0,0,0,0,0,0,0,0,0,0,0,,,,,,,,,"wrist"
"IZTECH_S016","IZTECH_S016_w","2025-05-06 03:30:19",FALSE,0,32.06,1,0,0,0,0,0,0,0,0,144,94,0,0,0,0,0,0,0,0,0,0,0,,,,,,,,,"wrist"
"IZTECH_S016","IZTECH_S016_w","2025-05-06 03:32:19",FALSE,0,32.06,1,0,0,0,0,0,0,0,0,143,94,0,0,0,0,0,0,0,0,0,0,0,,,,,,,,,"wrist"
"IZTECH_S016","IZTECH_S016_w","2025-05-06 03:34:19",FALSE,0,32.06,1,16,0.133333,0,0,1,0.00833333,0,0,143,94,0,0,0,0,0,0,0,0,0,0,0,,,,,,,,,"wrist"
"IZTECH_S016","IZTECH_S016_w","2025-05-06 03:36:19",FALSE,0,31.88,4,1765,14.7083,62,0.516667,92,0.766667,0,0,147,94,0,0,0,0,0,0,0,0,0,0,0,,,,,,,,,"wrist"
"IZTECH_S016","IZTECH_S016_w","2025-05-06 03:38:19",FALSE,0,31.88,4,0,0,0,0,0,0,0,0,150,94,0,0,0,0,0,0,0,0,0,0,0,,,,,,,,,"wrist"
"IZTECH_S016","IZTECH_S016_w","2025-05-06 03:40:19",FALSE,0,31.81,4,3,0.025,0,0,0,0,0,0,156,94,0,0,0,0,0,0,0,0,0,0,0,,,,,,,,,"wrist"
"IZTECH_S016","IZTECH_S016_w","2025-05-06 03:42:19",FALSE,0,31.81,4,628,5.23333,20,0.166667,48,0.4,0,0,157,94,0,0,0,0,0,0,0,0,0,0,0,,,,,,,,,"wrist"
"IZTECH_S016","IZTECH_S016_w","2025-05-06 03:44:19",FALSE,0,31.88,16,1613,13.4417,49,0.408333,86,0.716667,0,0,196,130,0,0,0,0,0,0,0,0,0,0,0,,,,,,,,,"wrist"
"IZTECH_S016","IZTECH_S016_w","2025-05-06 03:46:19",FALSE,0,31.94,16,6,0.05,0,0,0,0,0,0,193,128,0,0,0,0,0,0,0,0,0,0,0,,,,,,,,,"wrist"
"IZTECH_S016","IZTECH_S016_w","2025-05-06 03:48:19",FALSE,0,31.94,16,24,0.2,0,0,2,0.0166667,0,0,202,134,0,0,0,0,0,0,0,0,0,0,0,,,,,,,,,"wrist"
"IZTECH_S016","IZTECH_S016_w","2025-05-06 03:50:19",FALSE,0,32,16,0,0,0,0,0,0,0,0,199,132,0,0,0,0,0,0,0,0,0,0,0,,,,,,,,,"wrist"
"IZTECH_S016","IZTECH_S016_w","2025-05-06 03:52:19",FALSE,0,32,16,0,0,0,0,0,0,0,0,200,134,0,0,0,0,0,0,0,0,0,0,0,,,,,,,,,"wrist"
"IZTECH_S016","IZTECH_S016_w","2025-05-06 03:54:19",FALSE,0,32.06,16,0,0,0,0,0,0,0,0,200,134,0,0,0,0,0,0,0,0,0,0,0,,,,,,,,,"wrist"
"IZTECH_S016","IZTECH_S016_w","2025-05-06 03:56:19",FALSE,0,31.81,16,1249,10.4083,47,0.391667,50,0.416667,0,0,192,110,0,0,0,0,0,0,0,0,0,0,0,,,,,,,,,"wrist"
"IZTECH_S016","IZTECH_S016_w","2025-05-06 03:58:19",FALSE,0,31.75,16,0,0,0,0,0,0,0,0,188,106,0,0,0,0,0,0,0,0,0,0,0,,,,,,,,,"wrist"
"IZTECH_S016","IZTECH_S016_w","2025-05-06 04:00:19",FALSE,0,31.69,16,12,0.1,0,0,0,0,0,0,189,108,0,0,0,0,0,0,0,0,0,0,0,,,,,,,,,"wrist"
"IZTECH_S016","IZTECH_S016_w","2025-05-06 04:02:19",FALSE,0,32,16,2078,17.3167,73,0.608333,101,0.841667,0,0,175,96,0,0,0,0,0,0,0,0,0,0,0,,,,,,,,,"wrist"
"IZTECH_S016","IZTECH_S016_w","2025-05-06 04:04:19",FALSE,0,32.31,16,0,0,0,0,0,0,0,0,177,94,0,0,0,0,0,0,0,0,0,0,0,,,,,,,,,"wrist"
"IZTECH_S016","IZTECH_S016_w","2025-05-06 04:06:19",FALSE,0,32.62,16,101,0.841667,1,0.00833333,11,0.0916667,0,0,177,94,0,0,0,0,0,0,0,0,0,0,0,,,,,,,,,"wrist"
"IZTECH_S016","IZTECH_S016_w","2025-05-06 04:08:19",FALSE,0,32.75,16,1360,11.3333,36,0.3,84,0.7,0,0,175,98,0,0,0,0,0,0,0,0,0,0,0,,,,,,,,,"wrist"
"IZTECH_S016","IZTECH_S016_w","2025-05-06 04:10:19",FALSE,0,32.94,16,1276,10.6333,36,0.3,78,0.65,0,0,184,114,0,0,0,0,0,0,0,0,0,0,0,,,,,,,,,"wrist"
"IZTECH_S016","IZTECH_S016_w","2025-05-06 04:12:19",FALSE,0,33.06,16,0,0,0,0,0,0,0,0,184,112,0,0,0,0,0,0,0,0,0,0,0,,,,,,,,,"wrist"
"IZTECH_S016","IZTECH_S016_w","2025-05-06 04:14:19",FALSE,0,33.19,16,0,0,0,0,0,0,0,0,187,113,0,0,0,0,0,0,0,0,0,0,0,,,,,,,,,"wrist"
"IZTECH_S016","IZTECH_S016_w","2025-05-06 04:16:19",FALSE,0,33.38,16,0,0,0,0,0,0,0,0,185,112,0,0,0,0,0,0,0,0,0,0,0,,,,,,,,,"wrist"
"IZTECH_S016","IZTECH_S016_w","2025-05-06 04:18:19",FALSE,0,33.5,16,0,0,0,0,0,0,0,0,189,115,0,0,0,0,0,0,0,0,0,0,0,,,,,,,,,"wrist"
"IZTECH_S016","IZTECH_S016_w","2025-05-06 04:20:19",FALSE,0,33.62,16,0,0,0,0,0,0,0,0,186,111,0,0,0,0,0,0,0,0,0,0,0,,,,,,,,,"wrist"
"IZTECH_S016","IZTECH_S016_w","2025-05-06 04:22:19",FALSE,0,33.69,16,0,0,0,0,0,0,0,0,187,111,0,0,0,0,0,0,0,0,0,0,0,,,,,,,,,"wrist"
"IZTECH_S016","IZTECH_S016_w","2025-05-06 04:24:19",FALSE,0,33.88,16,362,3.01667,2,0.0166667,30,0.25,0,0,192,95,0,0,0,0,0,0,0,0,0,0,0,,,,,,,,,"wrist"
"IZTECH_S016","IZTECH_S016_w","2025-05-06 04:26:19",FALSE,0,33.88,16,0,0,0,0,0,0,0,0,187,95,0,0,0,0,0,0,0,0,0,0,0,,,,,,,,,"wrist"
"IZTECH_S016","IZTECH_S016_w","2025-05-06 04:28:19",FALSE,0,33.88,16,730,6.08333,19,0.158333,52,0.433333,0,0,177,105,0,0,0,0,0,0,0,0,0,0,0,,,,,,,,,"wrist"
"IZTECH_S016","IZTECH_S016_w","2025-05-06 04:30:19",FALSE,0,33.94,16,0,0,0,0,0,0,0,0,182,107,0,0,0,0,0,0,0,0,0,0,0,,,,,,,,,"wrist"
"IZTECH_S016","IZTECH_S016_w","2025-05-06 04:32:19",FALSE,0,34,16,4,0.0333333,0,0,0,0,0,0,176,104,0,0,0,0,0,0,0,0,0,0,0,,,,,,,,,"wrist"
"IZTECH_S016","IZTECH_S016_w","2025-05-06 04:34:19",FALSE,0,34.06,16,0,0,0,0,0,0,0,0,180,104,0,0,0,0,0,0,0,0,0,0,0,,,,,,,,,"wrist"
"IZTECH_S016","IZTECH_S016_w","2025-05-06 04:36:19",FALSE,0,33.94,16,1334,11.1167,34,0.283333,76,0.633333,0,0,193,129,0,0,0,0,0,0,0,0,0,0,0,,,,,,,,,"wrist"
"IZTECH_S016","IZTECH_S016_w","2025-05-06 04:38:19",FALSE,0,33.88,16,101,0.841667,3,0.025,10,0.0833333,0,0,195,135,0,0,0,0,0,0,0,0,0,0,0,,,,,,,,,"wrist"
"IZTECH_S016","IZTECH_S016_w","2025-05-06 04:40:19",FALSE,0,33.62,16,1754,14.6167,52,0.433333,83,0.691667,0,0,220,169,0,0,0,0,0,0,0,0,0,0,0,,,,,,,,,"wrist"
"IZTECH_S016","IZTECH_S016_w","2025-05-06 04:42:19",FALSE,0,33.44,1,0,0,0,0,1,0.00833333,0,0,218,169,0,0,0,0,0,0,0,0,0,0,0,,,,,,,,,"wrist"
"IZTECH_S016","IZTECH_S016_w","2025-05-06 04:44:19",FALSE,0,33.5,16,284,2.36667,5,0.0416667,20,0.166667,0,0,218,161,0,0,0,0,0,0,0,0,0,0,0,,,,,,,,,"wrist"
"IZTECH_S016","IZTECH_S016_w","2025-05-06 04:46:19",FALSE,0,33.56,16,0,0,0,0,0,0,0,0,219,161,0,0,0,0,0,0,0,0,0,0,0,,,,,,,,,"wrist"
"IZTECH_S016","IZTECH_S016_w","2025-05-06 04:48:19",FALSE,0,33.62,16,14,0.116667,0,0,1,0.00833333,0,0,218,161,0,0,0,0,0,0,0,0,0,0,0,,,,,,,,,"wrist"
"IZTECH_S016","IZTECH_S016_w","2025-05-06 04:50:19",FALSE,0,33.94,16,417,3.475,7,0.0583333,35,0.291667,0,0,195,111,0,0,0,0,0,0,0,0,0,0,0,,,,,,,,,"wrist"
"IZTECH_S016","IZTECH_S016_w","2025-05-06 04:52:19",FALSE,0,34.06,16,0,0,0,0,0,0,0,0,196,109,0,0,0,0,0,0,0,0,0,0,0,,,,,,,,,"wrist"
"IZTECH_S016","IZTECH_S016_w","2025-05-06 04:54:19",FALSE,0,34,16,1551,12.925,47,0.391667,80,0.666667,0,0,186,133,0,0,0,0,0,0,0,0,0,0,0,,,,,,,,,"wrist"
"IZTECH_S016","IZTECH_S016_w","2025-05-06 04:56:19",FALSE,0,34.31,16,6971,58.0917,266,2.21667,279,2.325,0,0,131,93,0,0,0,0,0,0,0,0,0,0,0,,,,,,,,,"wrist"
"IZTECH_S016","IZTECH_S016_w","2025-05-06 04:58:19",FALSE,0,34.38,4,433,3.60833,12,0.1,34,0.283333,0,0,130,93,0,0,0,0,0,0,0,0,0,0,0,,,,,,,,,"wrist"
"IZTECH_S016","IZTECH_S016_w","2025-05-06 05:00:19",FALSE,0,34.38,4,0,0,0,0,0,0,0,0,129,93,0,0,0,0,0,0,0,0,0,0,0,,,,,,,,,"wrist"
"IZTECH_S016","IZTECH_S016_w","2025-05-06 05:02:19",FALSE,0,34.44,4,0,0,0,0,0,0,0,0,128,93,0,0,0,0,0,0,0,0,0,0,0,,,,,,,,,"wrist"
"IZTECH_S016","IZTECH_S016_w","2025-05-06 05:04:19",FALSE,0,34.44,4,0,0,0,0,0,0,0,0,128,93,0,0,0,0,0,0,0,0,0,0,0,,,,,,,,,"wrist"
"IZTECH_S016","IZTECH_S016_w","2025-05-06 05:06:19",FALSE,0,34.5,4,0,0,0,0,0,0,0,0,128,93,0,0,0,0,0,0,0,0,0,0,0,,,,,,,,,"wrist"
"IZTECH_S016","IZTECH_S016_w","2025-05-06 05:08:19",FALSE,0,34.5,4,0,0,0,0,0,0,0,0,128,93,0,0,0,0,0,0,0,0,0,0,0,,,,,,,,,"wrist"
"IZTECH_S016","IZTECH_S016_w","2025-05-06 05:10:19",FALSE,0,34.56,4,0,0,0,0,0,0,0,0,128,93,0,0,0,0,0,0,0,0,0,0,0,,,,,,,,,"wrist"
"IZTECH_S016","IZTECH_S016_w","2025-05-06 05:12:19",FALSE,0,34.56,4,0,0,0,0,0,0,0,0,128,93,0,0,0,0,0,0,0,0,0,0,0,,,,,,,,,"wrist"
"IZTECH_S016","IZTECH_S016_w","2025-05-06 05:14:19",FALSE,0,34.56,4,0,0,0,0,0,0,0,0,128,93,0,0,0,0,0,0,0,0,0,0,0,,,,,,,,,"wrist"
"IZTECH_S016","IZTECH_S016_w","2025-05-06 05:16:19",FALSE,0,34.56,4,0,0,0,0,0,0,0,0,128,93,0,0,0,0,0,0,0,0,0,0,0,,,,,,,,,"wrist"
"IZTECH_S016","IZTECH_S016_w","2025-05-06 05:18:19",FALSE,0,34.56,4,0,0,0,0,0,0,0,0,128,93,0,0,0,0,0,0,0,0,0,0,0,,,,,,,,,"wrist"
"IZTECH_S016","IZTECH_S016_w","2025-05-06 05:20:19",FALSE,0,34.56,4,0,0,0,0,0,0,0,0,128,93,0,0,0,0,0,0,0,0,0,0,0,,,,,,,,,"wrist"
"IZTECH_S016","IZTECH_S016_w","2025-05-06 05:22:19",FALSE,0,34.5,4,0,0,0,0,0,0,0,0,128,93,0,0,0,0,0,0,0,0,0,0,0,,,,,,,,,"wrist"
"IZTECH_S016","IZTECH_S016_w","2025-05-06 05:24:19",FALSE,0,34.5,4,0,0,0,0,0,0,0,0,128,93,0,0,0,0,0,0,0,0,0,0,0,,,,,,,,,"wrist"
"IZTECH_S016","IZTECH_S016_w","2025-05-06 05:26:19",FALSE,0,34.5,4,4,0.0333333,0,0,0,0,0,0,128,93,0,0,0,0,0,0,0,0,0,0,0,,,,,,,,,"wrist"
"IZTECH_S016","IZTECH_S016_w","2025-05-06 05:28:19",FALSE,0,34.44,4,0,0,0,0,0,0,0,0,128,93,0,0,0,0,0,0,0,0,0,0,0,,,,,,,,,"wrist"
"IZTECH_S016","IZTECH_S016_w","2025-05-06 05:30:19",FALSE,0,34.44,4,0,0,0,0,0,0,0,0,128,93,0,0,0,0,0,0,0,0,0,0,0,,,,,,,,,"wrist"
"IZTECH_S016","IZTECH_S016_w","2025-05-06 05:32:19",FALSE,0,34.38,4,0,0,0,0,0,0,0,0,128,93,0,0,0,0,0,0,0,0,0,0,0,,,,,,,,,"wrist"
"IZTECH_S016","IZTECH_S016_w","2025-05-06 05:34:19",FALSE,0,34.38,4,0,0,0,0,0,0,0,0,128,93,0,0,0,0,0,0,0,0,0,0,0,,,,,,,,,"wrist"
"IZTECH_S016","IZTECH_S016_w","2025-05-06 05:36:19",FALSE,0,34.38,4,0,0,0,0,0,0,0,0,128,93,0,0,0,0,0,0,0,0,0,0,0,,,,,,,,,"wrist"
"IZTECH_S016","IZTECH_S016_w","2025-05-06 05:38:19",FALSE,0,34.31,4,0,0,0,0,0,0,0,0,128,93,0,0,0,0,0,0,0,0,0,0,0,,,,,,,,,"wrist"
"IZTECH_S016","IZTECH_S016_w","2025-05-06 05:40:19",FALSE,0,34.31,4,0,0,0,0,0,0,0,0,128,93,0,0,0,0,0,0,0,0,0,0,0,,,,,,,,,"wrist"
"IZTECH_S016","IZTECH_S016_w","2025-05-06 05:42:19",FALSE,0,34.31,4,0,0,0,0,0,0,0,0,128,93,0,0,0,0,0,0,0,0,0,0,0,,,,,,,,,"wrist"
"IZTECH_S016","IZTECH_S016_w","2025-05-06 05:44:19",FALSE,0,34.31,4,0,0,0,0,0,0,0,0,128,93,0,0,0,0,0,0,0,0,0,0,0,,,,,,,,,"wrist"
"IZTECH_S016","IZTECH_S016_w","2025-05-06 05:46:19",FALSE,0,34.31,4,0,0,0,0,0,0,0,0,128,93,0,0,0,0,0,0,0,0,0,0,0,,,,,,,,,"wrist"
"IZTECH_S016","IZTECH_S016_w","2025-05-06 05:48:19",FALSE,0,34.25,4,3166,26.3833,90,0.75,176,1.46667,0,0,172,95,0,0,0,0,0,0,0,0,0,0,0,,,,,,,,,"wrist"
"IZTECH_S016","IZTECH_S016_w","2025-05-06 05:50:19",FALSE,0,33.94,16,3533,29.4417,99,0.825,192,1.6,0,0,176,95,0,0,0,0,0,0,0,0,0,0,0,,,,,,,,,"wrist"
"IZTECH_S016","IZTECH_S016_w","2025-05-06 05:52:19",FALSE,0,33.5,16,1125,9.375,26,0.216667,62,0.516667,0,0,188,115,0,0,0,0,0,0,0,0,0,0,0,,,,,,,,,"wrist"
"IZTECH_S016","IZTECH_S016_w","2025-05-06 05:54:19",FALSE,0,33.19,16,54,0.45,0,0,3,0.025,0,0,183,107,0,0,0,0,0,0,0,0,0,0,0,,,,,,,,,"wrist"
"IZTECH_S016","IZTECH_S016_w","2025-05-06 05:56:19",FALSE,0,32.81,16,124,1.03333,0,0,7,0.0583333,0,0,193,123,0,0,0,0,0,0,0,0,0,0,0,,,,,,,,,"wrist"
"IZTECH_S016","IZTECH_S016_w","2025-05-06 05:58:19",FALSE,0,32.56,16,0,0,0,0,0,0,0,0,192,121,0,0,0,0,0,0,0,0,0,0,0,,,,,,,,,"wrist"
"IZTECH_S016","IZTECH_S016_w","2025-05-06 06:00:19",FALSE,0,32.38,16,14,0.116667,0,0,1,0.00833333,0,0,193,120,0,0,0,0,0,0,0,0,0,0,0,,,,,,,,,"wrist"
"IZTECH_S016","IZTECH_S016_w","2025-05-06 06:02:19",FALSE,0,32.12,16,1186,9.88333,24,0.2,59,0.491667,0,0,215,158,0,0,0,0,0,0,0,1e-04,0,0,0,,,,,,,,,"wrist"
"IZTECH_S016","IZTECH_S016_w","2025-05-06 06:04:19",FALSE,0,32.06,16,2731,22.7583,78,0.65,141,1.175,0,0,203,112,0,0,0,0,0,0,0,1e-04,0,0,0,,,,,,,,,"wrist"
"IZTECH_S016","IZTECH_S016_w","2025-05-06 06:06:19",FALSE,0,32,16,39,0.325,0,0,3,0.025,0,0,202,106,0,0,0,0,0,0,1e-04,2e-04,0,0,0,,,,,,,,,"wrist"
"IZTECH_S016","IZTECH_S016_w","2025-05-06 06:08:19",FALSE,0,31.88,16,40,0.333333,0,0,2,0.0166667,0,0,199,104,0,0,0,0,0,0,1e-04,2e-04,0,0,0,,,,,,,,,"wrist"
"IZTECH_S016","IZTECH_S016_w","2025-05-06 06:10:19",FALSE,0,31.81,16,79,0.658333,0,0,9,0.075,0.07,0,202,106,0,0,0,0,1e-04,1e-04,1e-04,2e-04,0,0,0,,,,,,,,,"wrist"
"IZTECH_S016","IZTECH_S016_w","2025-05-06 06:12:19",FALSE,0,31.94,16,1059,8.825,23,0.191667,55,0.458333,0,0,179,102,0,0,0,0,0,0,0,0,0,0,0,,,,,,,,,"wrist"
"IZTECH_S016","IZTECH_S016_w","2025-05-06 06:14:19",FALSE,0,32.25,16,37,0.308333,0,0,3,0.025,0,0,177,102,0,0,0,0,0,0,0,0,0,0,0,,,,,,,,,"wrist"
"IZTECH_S016","IZTECH_S016_w","2025-05-06 06:16:19",FALSE,0,32.5,16,3,0.025,0,0,0,0,0,0,177,102,0,0,0,0,0,0,0,0,0,0,0,,,,,,,,,"wrist"
"IZTECH_S016","IZTECH_S016_w","2025-05-06 06:18:19",FALSE,0,32.75,16,418,3.48333,6,0.05,41,0.341667,0,0,179,102,0,0,0,0,0,0,0,0,0,0,0,,,,,,,,,"wrist"
"IZTECH_S016","IZTECH_S016_w","2025-05-06 06:20:19",FALSE,0,32.94,16,863,7.19167,23,0.191667,42,0.35,0,0,192,97,0,0,0,0,0,0,0,0,0,0,0,,,,,,,,,"wrist"
"IZTECH_S016","IZTECH_S016_w","2025-05-06 06:22:19",FALSE,0,33.06,16,0,0,0,0,0,0,0,0,188,97,0,0,0,0,0,0,0,0,0,0,0,,,,,,,,,"wrist"
"IZTECH_S016","IZTECH_S016_w","2025-05-06 06:24:19",FALSE,0,33.25,16,579,4.825,15,0.125,47,0.391667,0,0,192,105,0,0,0,0,0,0,0,0,0,0,0,,,,,,,,,"wrist"
"IZTECH_S016","IZTECH_S016_w","2025-05-06 06:26:19",FALSE,0,33.44,16,13,0.108333,0,0,2,0.0166667,0,0,190,101,0,0,0,0,0,0,0,0,0,0,0,,,,,,,,,"wrist"
"IZTECH_S016","IZTECH_S016_w","2025-05-06 06:28:19",FALSE,0,33.56,16,1019,8.49167,31,0.258333,44,0.366667,0,0,144,104,0,0,0,0,0,0,0,0,0,0,0,,,,,,,,,"wrist"
"IZTECH_S016","IZTECH_S016_w","2025-05-06 06:30:19",FALSE,0,33.81,16,347,2.89167,4,0.0333333,23,0.191667,0,0,182,95,0,0,0,0,0,0,0,0,0,0,0,,,,,,,,,"wrist"
"IZTECH_S016","IZTECH_S016_w","2025-05-06 06:32:19",FALSE,0,33.69,16,1935,16.125,62,0.516667,96,0.8,0,0,186,107,0,0,0,0,0,0,0,0,0,0,0,,,,,,,,,"wrist"
"IZTECH_S016","IZTECH_S016_w","2025-05-06 06:34:19",FALSE,0,33.69,16,1467,12.225,35,0.291667,78,0.65,0.03,0,204,143,0,0,0,0,0,0,0,0,0,0,0,,,,,,,,,"wrist"
"IZTECH_S016","IZTECH_S016_w","2025-05-06 06:36:19",FALSE,0,33.75,16,26,0.216667,0,0,3,0.025,0,0,184,97,0,0,0,0,0,0,0,0,0,0,0,,,,,,,,,"wrist"
"IZTECH_S016","IZTECH_S016_w","2025-05-06 06:38:19",FALSE,0,33.88,16,6,0.05,0,0,2,0.0166667,0,0,182,97,0,0,0,0,0,0,0,0,0,0,0,,,,,,,,,"wrist"
"IZTECH_S016","IZTECH_S016_w","2025-05-06 06:40:19",FALSE,0,33.81,4,12386,103.217,327,2.725,709,5.90833,0.42,0,146,97,0,0,1e-04,1e-04,1e-04,1e-04,1e-04,2e-04,0.17,0,0,,,,,,,,,"wrist"
"IZTECH_S016","IZTECH_S016_w","2025-05-06 06:42:19",FALSE,0,33.31,32,4430,36.9167,112,0.933333,213,1.775,18.72,0,128,118,4e-04,0.0018,9e-04,0.0022,0.0033,0.0032,0.0023,0.0014,15.47,0.01,0,,,,,,,,,"wrist"
"IZTECH_S016","IZTECH_S016_w","2025-05-06 06:44:19",FALSE,0,32.94,32,6778,56.4833,157,1.30833,334,2.78333,26.32,0,174,128,5e-04,0.0025,0.0013,0.003,0.0046,0.0045,0.0033,0.0019,21.32,0.01,0,,,,,,,,,"wrist"
"IZTECH_S016","IZTECH_S016_w","2025-05-06 06:46:19",FALSE,0,32.44,1,9792,81.6,274,2.28333,531,4.425,6.04,0,139,99,2e-04,5e-04,7e-04,9e-04,0.001,0.0011,0.0015,0.0019,5.47,0.01,0,,,,,,,,,"wrist"
"IZTECH_S016","IZTECH_S016_w","2025-05-06 06:48:19",FALSE,0,32.19,1,5816,48.4667,145,1.20833,368,3.06667,0.07,0,155,98,0,0,0,0,0,1e-04,1e-04,2e-04,0,0,0,,,,,,,,,"wrist"
"IZTECH_S016","IZTECH_S016_w","2025-05-06 06:50:19",FALSE,0,31.5,1,3268,27.2333,82,0.683333,239,1.99167,0.08,0,219,162,0,0,0,0,1e-04,0,1e-04,2e-04,0,0,0,,,,,,,,,"wrist"
"IZTECH_S016","IZTECH_S016_w","2025-05-06 06:52:19",FALSE,0,31.38,1,1385,11.5417,27,0.225,89,0.741667,0.05,0,214,159,0,0,0,0,1e-04,0,1e-04,1e-04,0,0,0,,,,,,,,,"wrist"
"IZTECH_S016","IZTECH_S016_w","2025-05-06 06:54:19",FALSE,0,31.19,1,530,4.41667,8,0.0666667,32,0.266667,0,0,215,161,0,0,0,0,0,0,1e-04,2e-04,0,0,0,,,,,,,,,"wrist"
"IZTECH_S016","IZTECH_S016_w","2025-05-06 06:56:19",FALSE,0,31,1,53,0.441667,0,0,3,0.025,0.02,0,215,162,0,0,0,0,1e-04,0,1e-04,2e-04,0,0,0,,,,,,,,,"wrist"
"IZTECH_S016","IZTECH_S016_w","2025-05-06 06:58:19",FALSE,0,30.75,1,0,0,0,0,0,0,0.05,0,216,162,0,0,0,0,1e-04,1e-04,1e-04,2e-04,0,0,0,,,,,,,,,"wrist"
"IZTECH_S016","IZTECH_S016_w","2025-05-06 07:00:19",FALSE,0,30.62,1,29,0.241667,0,0,1,0.00833333,0.16,0,216,163,0,0,0,1e-04,1e-04,1e-04,1e-04,2e-04,0,0,0,,,,,,,,,"wrist"
"IZTECH_S016","IZTECH_S016_w","2025-05-06 07:02:19",FALSE,0,30.12,8,1137,9.475,21,0.175,87,0.725,1.86,0,220,172,1e-04,2e-04,2e-04,3e-04,4e-04,4e-04,5e-04,7e-04,1.45,0,0,,,,,,,,,"wrist"
"IZTECH_S016","IZTECH_S016_w","2025-05-06 07:04:19",FALSE,0,29.94,8,0,0,0,0,0,0,2.7,0,221,172,1e-04,2e-04,3e-04,5e-04,5e-04,6e-04,7e-04,9e-04,2.37,0,0,,,,,,,,,"wrist"
"IZTECH_S016","IZTECH_S016_w","2025-05-06 07:06:19",FALSE,0,29.88,8,0,0,0,0,0,0,2.79,0,221,172,1e-04,2e-04,3e-04,5e-04,5e-04,6e-04,7e-04,0.001,2.3,0,0,,,,,,,,,"wrist"
"IZTECH_S016","IZTECH_S016_w","2025-05-06 07:08:19",FALSE,0,29.88,8,6,0.05,0,0,0,0,2.78,0,221,172,1e-04,2e-04,3e-04,5e-04,5e-04,6e-04,7e-04,0.001,2.29,0,0,,,,,,,,,"wrist"
"IZTECH_S016","IZTECH_S016_w","2025-05-06 07:10:19",FALSE,0,30.06,8,815,6.79167,25,0.208333,50,0.416667,3.04,0,220,169,1e-04,2e-04,4e-04,5e-04,6e-04,6e-04,7e-04,0.001,2.43,0,0,,,,,,,,,"wrist"
"IZTECH_S016","IZTECH_S016_w","2025-05-06 07:12:19",FALSE,0,30.06,8,0,0,0,0,0,0,3.78,0,220,168,2e-04,3e-04,4e-04,6e-04,7e-04,7e-04,9e-04,0.0012,3.12,0,0,,,,,,,,,"wrist"
"IZTECH_S016","IZTECH_S016_w","2025-05-06 07:14:19",FALSE,0,30.06,8,0,0,0,0,0,0,3.71,0,220,168,2e-04,3e-04,5e-04,6e-04,7e-04,8e-04,9e-04,0.0013,3.29,0,0,,,,,,,,,"wrist"
"IZTECH_S016","IZTECH_S016_w","2025-05-06 07:16:19",FALSE,0,30,8,0,0,0,0,0,0,3.83,0,220,169,2e-04,3e-04,5e-04,6e-04,7e-04,8e-04,9e-04,0.0013,3.34,0,0,,,,,,,,,"wrist"
"IZTECH_S016","IZTECH_S016_w","2025-05-06 07:18:19",FALSE,0,30,8,0,0,0,0,0,0,4.09,0,220,169,2e-04,4e-04,5e-04,7e-04,8e-04,8e-04,0.001,0.0013,3.47,0,0,,,,,,,,,"wrist"
"IZTECH_S016","IZTECH_S016_w","2025-05-06 07:20:19",FALSE,0,29.94,8,32,0.266667,0,0,3,0.025,4.17,0,220,168,2e-04,4e-04,5e-04,7e-04,8e-04,8e-04,0.001,0.0014,3.57,0,0,,,,,,,,,"wrist"
"IZTECH_S016","IZTECH_S016_w","2025-05-06 07:22:19",FALSE,0,29.88,8,0,0,0,0,0,0,4.2,0,220,169,2e-04,4e-04,5e-04,7e-04,8e-04,9e-04,0.001,0.0014,3.53,0,0,,,,,,,,,"wrist"
"IZTECH_S016","IZTECH_S016_w","2025-05-06 07:24:19",FALSE,0,29.94,8,3,0.025,0,0,0,0,4.25,0,220,169,2e-04,4e-04,5e-04,7e-04,8e-04,9e-04,0.0011,0.0014,3.55,0,0,,,,,,,,,"wrist"
"IZTECH_S016","IZTECH_S016_w","2025-05-06 07:26:19",FALSE,0,29.88,8,96,0.8,0,0,10,0.0833333,4.35,0,221,172,2e-04,4e-04,5e-04,7e-04,8e-04,9e-04,0.0011,0.0015,3.69,0.01,0,,,,,,,,,"wrist"
"IZTECH_S016","IZTECH_S016_w","2025-05-06 07:28:19",FALSE,0,29.88,8,220,1.83333,4,0.0333333,11,0.0916667,3.98,0,220,169,2e-04,4e-04,5e-04,7e-04,7e-04,8e-04,0.001,0.0014,3.39,0,0,,,,,,,,,"wrist"
"IZTECH_S016","IZTECH_S016_w","2025-05-06 07:30:19",FALSE,0,29.88,8,4,0.0333333,0,0,0,0,4.05,0,220,169,2e-04,4e-04,5e-04,7e-04,8e-04,8e-04,0.001,0.0014,3.37,0,0,,,,,,,,,"wrist"
"IZTECH_S016","IZTECH_S016_w","2025-05-06 07:32:19",FALSE,0,29.69,8,1429,11.9083,43,0.358333,73,0.608333,3.7,0,221,172,2e-04,3e-04,4e-04,6e-04,7e-04,8e-04,0.001,0.0013,3.1,0,0,,,,,,,,,"wrist"
"IZTECH_S016","IZTECH_S016_w","2025-05-06 07:34:19",FALSE,0,29.5,8,14,0.116667,0,0,1,0.00833333,4.08,0,221,172,2e-04,4e-04,5e-04,7e-04,8e-04,9e-04,0.0011,0.0015,3.28,0.01,0,,,,,,,,,"wrist"
"IZTECH_S016","IZTECH_S016_w","2025-05-06 07:36:19",FALSE,0,29.5,8,0,0,0,0,0,0,4.46,0,221,172,2e-04,4e-04,5e-04,7e-04,8e-04,0.001,0.0012,0.0016,3.6,0.01,0,,,,,,,,,"wrist"
"IZTECH_S016","IZTECH_S016_w","2025-05-06 07:38:19",FALSE,0,29.44,8,52,0.433333,1,0.00833333,6,0.05,4.96,0.01,221,172,3e-04,4e-04,6e-04,8e-04,9e-04,0.0011,0.0013,0.0019,4.03,0.01,0,,,,,,,,,"wrist"
"IZTECH_S016","IZTECH_S016_w","2025-05-06 07:40:19",FALSE,0,29.62,8,1126,9.38333,32,0.266667,59,0.491667,5.22,0.01,217,172,3e-04,5e-04,6e-04,9e-04,0.001,0.0012,0.0014,0.002,4.25,0.01,0,,,,,,,,,"wrist"
"IZTECH_S016","IZTECH_S016_w","2025-05-06 07:42:19",FALSE,0,29.75,8,0,0,0,0,0,0,6.31,0.01,217,170,3e-04,6e-04,8e-04,0.0011,0.0012,0.0014,0.0017,0.0024,5.07,0.01,0,,,,,,,,,"wrist"
"IZTECH_S016","IZTECH_S016_w","2025-05-06 07:44:19",FALSE,0,29.81,8,11,0.0916667,0,0,1,0.00833333,6.68,0.01,218,172,4e-04,6e-04,8e-04,0.0011,0.0013,0.0015,0.0018,0.0026,5.43,0.01,0,,,,,,,,,"wrist"
"IZTECH_S016","IZTECH_S016_w","2025-05-06 07:46:19",FALSE,0,29.94,8,9,0.075,0,0,0,0,7.14,0.01,218,172,4e-04,7e-04,9e-04,0.0012,0.0014,0.0016,0.002,0.0028,5.65,0.01,0,,,,,,,,,"wrist"
"IZTECH_S016","IZTECH_S016_w","2025-05-06 07:48:19",FALSE,0,30,8,5,0.0416667,0,0,0,0,7.52,0.01,219,172,4e-04,7e-04,9e-04,0.0013,0.0014,0.0017,0.0021,0.003,5.99,0.01,0,,,,,,,,,"wrist"
"IZTECH_S016","IZTECH_S016_w","2025-05-06 07:50:19",FALSE,0,30,8,21,0.175,0,0,2,0.0166667,7.97,0.01,219,172,4e-04,8e-04,0.001,0.0013,0.0015,0.0018,0.0022,0.0031,6.31,0.01,0,,,,,,,,,"wrist"
"IZTECH_S016","IZTECH_S016_w","2025-05-06 07:52:19",FALSE,0,30,8,0,0,0,0,0,0,8.33,0.01,220,172,5e-04,8e-04,0.001,0.0014,0.0016,0.0019,0.0023,0.0033,6.66,0.01,0,,,,,,,,,"wrist"
"IZTECH_S016","IZTECH_S016_w","2025-05-06 07:54:19",FALSE,0,30.06,8,0,0,0,0,0,0,8.62,0.01,219,172,5e-04,8e-04,0.001,0.0015,0.0016,0.002,0.0024,0.0034,6.81,0.01,0,,,,,,,,,"wrist"
"IZTECH_S016","IZTECH_S016_w","2025-05-06 07:56:19",FALSE,0,30,8,0,0,0,0,0,0,8.93,0.01,219,172,5e-04,9e-04,0.0011,0.0015,0.0017,0.0021,0.0025,0.0036,7.12,0.01,0,,,,,,,,,"wrist"
"IZTECH_S016","IZTECH_S016_w","2025-05-06 07:58:19",FALSE,0,30.06,8,1152,9.6,31,0.258333,77,0.641667,7.29,0.01,221,170,4e-04,7e-04,9e-04,0.0013,0.0014,0.0017,0.0021,0.003,5.73,0.01,0,,,,,,,,,"wrist"
"IZTECH_S016","IZTECH_S016_w","2025-05-06 08:00:19",FALSE,0,29.75,2,2370,19.75,86,0.716667,106,0.883333,4.84,0.01,220,169,3e-04,6e-04,7e-04,0.001,0.001,0.0012,0.0014,0.0021,4.24,0.01,0,,,,,,,,,"wrist"
"IZTECH_S016","IZTECH_S016_w","2025-05-06 08:02:19",FALSE,0,29.88,16,0,0,0,0,0,0,15.35,0.02,224,167,8e-04,0.0014,0.0018,0.0025,0.0029,0.0034,0.0041,0.0057,12.09,0.02,0,,,,,,,,,"wrist"
"IZTECH_S016","IZTECH_S016_w","2025-05-06 08:04:19",FALSE,0,29.94,16,2259,18.825,75,0.625,101,0.841667,15.22,0.02,224,166,8e-04,0.0014,0.0018,0.0025,0.0028,0.0034,0.0041,0.0057,11.97,0.02,0,,,,,,,,,"wrist"
"IZTECH_S016","IZTECH_S016_w","2025-05-06 08:06:19",FALSE,0,30.38,16,1524,12.7,57,0.475,69,0.575,8.52,0.01,202,167,5e-04,9e-04,0.0011,0.0015,0.0016,0.002,0.0024,0.0035,6.83,0.01,0,,,,,,,,,"wrist"
"IZTECH_S016","IZTECH_S016_w","2025-05-06 08:08:19",FALSE,0,30.69,16,0,0,0,0,0,0,7.58,0.01,200,166,5e-04,8e-04,0.001,0.0014,0.0015,0.0018,0.0022,0.0032,6.09,0.01,0,,,,,,,,,"wrist"
"IZTECH_S016","IZTECH_S016_w","2025-05-06 08:10:19",FALSE,0,30.81,16,2085,17.375,61,0.508333,94,0.783333,6.08,0.01,215,169,4e-04,7e-04,8e-04,0.0011,0.0012,0.0015,0.0017,0.0026,4.95,0.01,0,,,,,,,,,"wrist"
"IZTECH_S016","IZTECH_S016_w","2025-05-06 08:12:19",FALSE,0,30.12,32,3976,33.1333,133,1.10833,172,1.43333,3.44,0,220,166,1e-04,4e-04,4e-04,6e-04,6e-04,7e-04,0.001,0.0011,3.2,0,0,,,,,,,,,"wrist"
"IZTECH_S016","IZTECH_S016_w","2025-05-06 08:14:19",FALSE,0,30.12,32,1458,12.15,33,0.275,101,0.841667,2.63,0,216,165,1e-04,3e-04,3e-04,5e-04,5e-04,6e-04,8e-04,0.0011,2.08,0,0,,,,,,,,,"wrist"
"IZTECH_S016","IZTECH_S016_w","2025-05-06 08:16:19",FALSE,0,30.31,1,7028,58.5667,185,1.54167,368,3.06667,35.64,0.01,211,166,0.0011,0.0032,0.0025,0.0046,0.0063,0.0068,0.0063,0.0063,28.22,0.02,0,,,,,,,,,"wrist"
"IZTECH_S016","IZTECH_S016_w","2025-05-06 08:18:19",FALSE,0,30,32,222,1.85,4,0.0333333,20,0.166667,8.02,0,207,164,2e-04,9e-04,4e-04,0.001,0.0014,0.0013,0.001,6e-04,6.98,0,0,,,,,,,,,"wrist"
"IZTECH_S016","IZTECH_S016_w","2025-05-06 08:20:19",FALSE,0,30.44,32,2434,20.2833,47,0.391667,138,1.15,20.3,0,207,151,5e-04,0.0022,0.0011,0.0026,0.0035,0.0033,0.0024,0.0014,18.68,0.01,0,,,,,,,,,"wrist"
"IZTECH_S016","IZTECH_S016_w","2025-05-06 08:22:19",FALSE,0,31.5,1,13186,109.883,332,2.76667,766,6.38333,52.3,0,158,101,0.0011,0.0049,0.0026,0.0061,0.0091,0.0091,0.0066,0.0038,42.23,0.02,0,,,,,,,,,"wrist"
"IZTECH_S016","IZTECH_S016_w","2025-05-06 08:24:19",FALSE,0,31.31,1,6375,53.125,174,1.45,372,3.1,8.94,0.01,140,135,5e-04,8e-04,0.001,0.0014,0.0017,0.0021,0.0025,0.0035,6.68,0.01,0,,,,,,,,,"wrist"
"IZTECH_S016","IZTECH_S016_w","2025-05-06 08:26:19",FALSE,0,31,1,16453,137.108,490,4.08333,835,6.95833,183.52,0.11,192,144,0.0078,0.0131,0.0178,0.0262,0.032,0.0379,0.0462,0.0602,142.68,0.17,0,,,,,,,,,"wrist"
"IZTECH_S016","IZTECH_S016_w","2025-05-06 08:28:19",FALSE,0,30.75,1,16830,140.25,537,4.475,682,5.68333,91.55,0.03,164,130,0.003,0.0081,0.0063,0.012,0.0158,0.0172,0.0163,0.0161,74.71,0.06,0,,,,,,,,,"wrist"
"IZTECH_S016","IZTECH_S016_w","2025-05-06 08:30:19",FALSE,0,30.56,8,14413,120.108,363,3.025,758,6.31667,113.87,0.07,201,128,0.005,0.0083,0.0112,0.0166,0.0197,0.0239,0.0292,0.037,89.42,0.11,0,,,,,,,,,"wrist"
"IZTECH_S016","IZTECH_S016_w","2025-05-06 08:32:19",FALSE,0,30.06,1,13682,114.017,388,3.23333,724,6.03333,114.98,0.05,192,144,0.0044,0.0075,0.01,0.0152,0.0195,0.0244,0.0302,0.0358,83.58,0.1,0,,,,,,,,,"wrist"
"IZTECH_S016","IZTECH_S016_w","2025-05-06 08:34:19",FALSE,0,30.06,1,5250,43.75,126,1.05,326,2.71667,65.6,0.01,201,141,0.0016,0.0028,0.0037,0.0068,0.0104,0.0151,0.02,0.0191,34.63,0.04,0,,,,,,,,,"wrist"
"IZTECH_S016","IZTECH_S016_w","2025-05-06 08:36:19",FALSE,0,30.06,1,3734,31.1167,71,0.591667,261,2.175,77.53,0.01,196,140,0.0018,0.0033,0.0043,0.0079,0.0123,0.0179,0.0236,0.0222,40.5,0.05,0,,,,,,,,,"wrist"
"IZTECH_S016","IZTECH_S016_w","2025-05-06 08:38:19",FALSE,0,30,1,2421,20.175,44,0.366667,161,1.34167,64.01,0.01,199,128,0.0016,0.0028,0.0037,0.0067,0.0103,0.0147,0.0193,0.0188,34.46,0.04,0,,,,,,,,,"wrist"
"IZTECH_S016","IZTECH_S016_w","2025-05-06 08:40:19",FALSE,0,30,1,2125,17.7083,27,0.225,139,1.15833,58.35,0.01,208,149,0.0015,0.0027,0.0035,0.0062,0.0094,0.0134,0.0175,0.0176,31.83,0.04,0,,,,,,,,,"wrist"
"IZTECH_S016","IZTECH_S016_w","2025-05-06 08:42:19",FALSE,0,30.12,16,2415,20.125,29,0.241667,159,1.325,83.56,0.02,189,124,0.002,0.0036,0.0047,0.0086,0.0133,0.0193,0.0252,0.0241,44.01,0.05,0,,,,,,,,,"wrist"
"IZTECH_S016","IZTECH_S016_w","2025-05-06 08:44:19",FALSE,0,30.19,16,2169,18.075,29,0.241667,143,1.19167,95.49,0.02,175,109,0.0023,0.0041,0.0053,0.0098,0.0152,0.022,0.0288,0.0272,50.53,0.06,0,,,,,,,,,"wrist"
"IZTECH_S016","IZTECH_S016_w","2025-05-06 08:46:19",FALSE,0,30.75,16,3333,27.775,58,0.483333,233,1.94167,84.51,0.02,178,102,0.0021,0.0037,0.0049,0.0088,0.0135,0.0194,0.0254,0.0245,45.29,0.05,0,,,,,,,,,"wrist"
"IZTECH_S016","IZTECH_S016_w","2025-05-06 08:48:19",FALSE,0,30.81,16,3870,32.25,96,0.8,223,1.85833,85.4,0.02,192,142,0.0021,0.0038,0.0049,0.0089,0.0136,0.0196,0.0256,0.0246,46.12,0.05,0,,,,,,,,,"wrist"
"IZTECH_S016","IZTECH_S016_w","2025-05-06 08:50:19",FALSE,0,30.81,1,9134,76.1167,201,1.675,493,4.10833,30.91,0.02,205,146,0.0015,0.0025,0.0033,0.0051,0.0052,0.0065,0.0081,0.01,26.93,0.03,0,,,,,,,,,"wrist"
"IZTECH_S016","IZTECH_S016_w","2025-05-06 08:52:19",FALSE,0,30.75,1,8973,74.775,228,1.9,529,4.40833,72.27,0.02,201,145,0.0022,0.0067,0.0046,0.0091,0.0126,0.0133,0.0117,0.0106,58.99,0.04,0,,,,,,,,,"wrist"
"IZTECH_S016","IZTECH_S016_w","2025-05-06 08:54:19",FALSE,0,30.81,1,10900,90.8333,340,2.83333,505,4.20833,162.07,0.06,152,96,0.0062,0.0137,0.0138,0.0222,0.0275,0.0316,0.0343,0.038,137.5,0.12,0,,,,,,,,,"wrist"
"IZTECH_S016","IZTECH_S016_w","2025-05-06 08:56:19",FALSE,0,30.5,1,2749,22.9083,54,0.45,181,1.50833,85.85,0.03,195,137,0.003,0.0052,0.0069,0.0107,0.0143,0.0187,0.0233,0.0263,58.65,0.07,0,,,,,,,,,"wrist"
"IZTECH_S016","IZTECH_S016_w","2025-05-06 08:58:19",FALSE,0,30.5,1,6747,56.225,164,1.36667,297,2.475,33.42,0.02,204,141,0.0013,0.0022,0.003,0.0044,0.0058,0.0071,0.0087,0.0111,24.06,0.03,0,,,,,,,,,"wrist"
"IZTECH_S016","IZTECH_S016_w","2025-05-06 09:00:19",FALSE,0,30.56,1,16694,139.117,543,4.525,768,6.4,9.39,0.01,199,144,3e-04,7e-04,8e-04,0.0013,0.0016,0.0021,0.0024,0.0029,6.49,0.01,0,,,,,,,,,"wrist"
"IZTECH_S016","IZTECH_S016_w","2025-05-06 09:02:19",FALSE,0,29.38,4,19548,162.9,671,5.59167,856,7.13333,9177.35,3.07,213,165,0.3917,0.695,0.9295,1.2741,1.5367,1.7224,2.0291,2.443,8331.1,6.72,0,,,,,,,,,"wrist"
"IZTECH_S016","IZTECH_S016_w","2025-05-06 09:04:19",FALSE,0,30.81,16,7248,60.4,100,0.833333,624,5.2,4602.98,0.63,160,105,0.156,0.2984,0.4248,0.5729,0.7753,0.8069,0.88,0.9422,4054.58,2.5,0,,,,,,,,,"wrist"
"IZTECH_S016","IZTECH_S016_w","2025-05-06 09:06:19",FALSE,0,31.62,16,7967,66.3917,149,1.24167,556,4.63333,8275.35,1.32,152,103,0.2587,0.5056,0.7571,1.0746,1.3653,1.4482,1.5937,1.7175,7284.44,4.45,0,,,,,,,,,"wrist"
"IZTECH_S016","IZTECH_S016_w","2025-05-06 09:08:19",FALSE,0,31.19,4,12447,103.725,329,2.74167,644,5.36667,1366.82,0.71,190,154,0.0815,0.1414,0.1701,0.2164,0.234,0.2481,0.2677,0.3168,1502.02,1.18,0,,,,,,,,,"wrist"
"IZTECH_S016","IZTECH_S016_w","2025-05-06 09:10:19",FALSE,0,30.88,1,3040,25.3333,74,0.616667,161,1.34167,71.75,0.04,204,134,0.0038,0.0069,0.0086,0.0115,0.0126,0.0129,0.0131,0.0153,74.89,0.06,0,,,,,,,,,"wrist"
"IZTECH_S016","IZTECH_S016_w","2025-05-06 09:12:19",FALSE,0,31,1,8338,69.4833,231,1.925,425,3.54167,67.19,0.04,150,102,0.0036,0.0066,0.0081,0.0109,0.0119,0.0122,0.0124,0.0145,70.04,0.06,0,,,,,,,,,"wrist"
"IZTECH_S016","IZTECH_S016_w","2025-05-06 09:14:19",FALSE,0,31,1,4007,33.3917,105,0.875,236,1.96667,104.97,0.05,168,151,0.0055,0.0104,0.0123,0.0166,0.0183,0.0184,0.0186,0.0209,111.35,0.09,0,,,,,,,,,"wrist"
"IZTECH_S016","IZTECH_S016_w","2025-05-06 09:16:19",FALSE,0,30.88,16,5232,43.6,160,1.33333,285,2.375,105.98,0.05,204,164,0.0055,0.0103,0.0122,0.0165,0.0186,0.0188,0.0191,0.0216,109.51,0.09,0,,,,,,,,,"wrist"
"IZTECH_S016","IZTECH_S016_w","2025-05-06 09:18:19",FALSE,0,31,8,2352,19.6,48,0.4,131,1.09167,78.01,0.05,195,158,0.0042,0.0076,0.0093,0.0125,0.0139,0.0145,0.0149,0.0176,78.81,0.07,0,,,,,,,,,"wrist"
"IZTECH_S016","IZTECH_S016_w","2025-05-06 09:20:19",FALSE,0,31,8,2751,22.925,45,0.375,183,1.525,63.77,0.04,211,168,0.0033,0.006,0.0074,0.0101,0.0115,0.0121,0.0126,0.0151,61.54,0.06,0,,,,,,,,,"wrist"
"IZTECH_S016","IZTECH_S016_w","2025-05-06 09:22:19",FALSE,0,31.12,8,2342,19.5167,83,0.691667,104,0.866667,78.9,0.05,200,162,0.0043,0.0076,0.0093,0.0125,0.0142,0.0148,0.0152,0.018,77.96,0.07,0,,,,,,,,,"wrist"
"IZTECH_S016","IZTECH_S016_w","2025-05-06 09:24:19",FALSE,0,31.12,8,1193,9.94167,12,0.1,83,0.691667,71.37,0.05,203,164,0.0038,0.0068,0.0084,0.0114,0.0129,0.0135,0.0139,0.0166,69.36,0.07,0,,,,,,,,,"wrist"
"IZTECH_S016","IZTECH_S016_w","2025-05-06 09:26:19",FALSE,0,31.25,8,3370,28.0833,86,0.716667,191,1.59167,87.49,0.05,151,141,0.0045,0.0084,0.0101,0.0138,0.0155,0.016,0.0163,0.0189,88.04,0.08,0,,,,,,,,,"wrist"
"IZTECH_S016","IZTECH_S016_w","2025-05-06 09:28:19",FALSE,0,31.19,1,1102,9.18333,6,0.05,81,0.675,62.46,0.03,185,152,0.0033,0.006,0.0074,0.01,0.011,0.0111,0.0112,0.0131,65,0.05,0,,,,,,,,,"wrist"
"IZTECH_S016","IZTECH_S016_w","2025-05-06 09:30:19",FALSE,0,31.12,1,1435,11.9583,29,0.241667,82,0.683333,61.3,0.04,148,143,0.0032,0.0059,0.0073,0.0099,0.011,0.0112,0.0112,0.0133,61.53,0.06,0,,,,,,,,,"wrist"
"IZTECH_S016","IZTECH_S016_w","2025-05-06 09:32:19",FALSE,0,31.88,8,1748,14.5667,28,0.233333,105,0.875,61.32,0.04,134,122,0.0032,0.0059,0.0072,0.01,0.0112,0.0114,0.0114,0.0137,59.94,0.06,0,,,,,,,,,"wrist"
"IZTECH_S016","IZTECH_S016_w","2025-05-06 09:34:19",FALSE,0,31.5,1,934,7.78333,15,0.125,73,0.608333,58.9,0.04,150,137,0.0031,0.0056,0.007,0.0095,0.0105,0.0107,0.0107,0.0127,59.95,0.05,0,,,,,,,,,"wrist"
"IZTECH_S016","IZTECH_S016_w","2025-05-06 09:36:19",FALSE,0,31.5,8,106,0.883333,0,0,7,0.0583333,61.66,0.05,150,142,0.0033,0.0058,0.0071,0.0102,0.0116,0.0119,0.0117,0.0144,56.91,0.06,0,,,,,,,,,"wrist"
"IZTECH_S016","IZTECH_S016_w","2025-05-06 09:38:19",FALSE,0,31.56,8,1063,8.85833,20,0.166667,63,0.525,61.72,0.05,148,142,0.0033,0.0058,0.0071,0.0102,0.0116,0.0119,0.0117,0.0145,56.71,0.06,0,,,,,,,,,"wrist"
"IZTECH_S016","IZTECH_S016_w","2025-05-06 09:40:19",FALSE,0,31.31,16,5850,48.75,137,1.14167,354,2.95,89.88,0.05,209,169,0.0048,0.0086,0.0105,0.0143,0.016,0.0164,0.0167,0.0195,90.94,0.08,0,,,,,,,,,"wrist"
"IZTECH_S016","IZTECH_S016_w","2025-05-06 09:42:19",FALSE,0,30.94,8,4795,39.9583,133,1.10833,258,2.15,119.6,0.07,209,160,0.0064,0.0116,0.014,0.019,0.0212,0.0218,0.0222,0.0256,121.85,0.11,0,,,,,,,,,"wrist"
"IZTECH_S016","IZTECH_S016_w","2025-05-06 09:44:19",FALSE,0,31,16,5024,41.8667,127,1.05833,305,2.54167,108.67,0.06,176,140,0.0057,0.0103,0.0124,0.017,0.0195,0.0201,0.0205,0.0239,106.26,0.1,0,,,,,,,,,"wrist"
"IZTECH_S016","IZTECH_S016_w","2025-05-06 09:46:19",FALSE,0,30.88,16,4471,37.2583,92,0.766667,298,2.48333,94.79,0.05,208,166,0.0049,0.0091,0.0109,0.015,0.0169,0.0173,0.0175,0.0203,95.35,0.08,0,,,,,,,,,"wrist"
"IZTECH_S016","IZTECH_S016_w","2025-05-06 09:48:19",FALSE,0,30.44,16,4332,36.1,88,0.733333,311,2.59167,107.93,0.06,214,167,0.0056,0.0103,0.0123,0.0169,0.0193,0.0198,0.02,0.0231,106.99,0.1,0,,,,,,,,,"wrist"
"IZTECH_S016","IZTECH_S016_w","2025-05-06 09:50:19",FALSE,0,30.31,8,4645,38.7083,105,0.875,298,2.48333,108.3,0.07,204,156,0.0059,0.0105,0.0127,0.0174,0.0193,0.0201,0.0204,0.024,108.98,0.1,0,,,,,,,,,"wrist"
"IZTECH_S016","IZTECH_S016_w","2025-05-06 09:52:19",FALSE,0,30.25,8,2677,22.3083,54,0.45,157,1.30833,104.09,0.07,217,172,0.0056,0.0099,0.0121,0.0165,0.0188,0.0196,0.02,0.0237,101.43,0.1,0,,,,,,,,,"wrist"
"IZTECH_S016","IZTECH_S016_w","2025-05-06 09:54:19",FALSE,0,30.44,16,8364,69.7,205,1.70833,484,4.03333,101.71,0.06,213,161,0.0055,0.0098,0.0118,0.0162,0.0183,0.0189,0.0191,0.0225,100.74,0.09,0,,,,,,,,,"wrist"
"IZTECH_S016","IZTECH_S016_w","2025-05-06 09:56:19",FALSE,0,30.12,1,2999,24.9917,67,0.558333,178,1.48333,60.15,0.04,211,165,0.0031,0.0057,0.0069,0.0096,0.0108,0.0111,0.0111,0.013,59.52,0.05,0,,,,,,,,,"wrist"
"IZTECH_S016","IZTECH_S016_w","2025-05-06 09:58:19",FALSE,0,30.31,1,2449,20.4083,65,0.541667,167,1.39167,123.96,0.07,208,162,0.0067,0.0119,0.0144,0.0196,0.022,0.0227,0.0227,0.0265,125.29,0.11,0,,,,,,,,,"wrist"
"IZTECH_S016","IZTECH_S016_w","2025-05-06 10:00:19",FALSE,0,30.56,1,3483,29.025,95,0.791667,205,1.70833,78.3,0.04,173,142,0.0042,0.0075,0.009,0.0123,0.0138,0.0141,0.0142,0.0164,80.25,0.07,0,,,,,,,,,"wrist"
"IZTECH_S016","IZTECH_S016_w","2025-05-06 10:02:19",FALSE,0,30.81,1,2436,20.3,58,0.483333,156,1.3,30.5,0.02,200,138,0.0015,0.0029,0.0034,0.0047,0.0054,0.0056,0.0057,0.0065,30.16,0.03,0,,,,,,,,,"wrist"
"IZTECH_S016","IZTECH_S016_w","2025-05-06 10:04:19",FALSE,0,30.56,8,3864,32.2,78,0.65,236,1.96667,58.06,0.04,192,154,0.003,0.0054,0.0066,0.0092,0.0108,0.0111,0.0111,0.0134,53.5,0.06,0,,,,,,,,,"wrist"
"IZTECH_S016","IZTECH_S016_w","2025-05-06 10:06:19",FALSE,0,30.38,8,850,7.08333,17,0.141667,47,0.391667,62.17,0.05,205,160,0.0033,0.0058,0.0071,0.0102,0.0118,0.0122,0.0119,0.0147,55.49,0.07,0,,,,,,,,,"wrist"
"IZTECH_S016","IZTECH_S016_w","2025-05-06 10:08:19",FALSE,0,30.25,1,368,3.06667,5,0.0416667,19,0.158333,53.45,0.04,213,166,0.0028,0.0049,0.006,0.0086,0.01,0.0104,0.0102,0.0125,48.37,0.05,0,,,,,,,,,"wrist"
"IZTECH_S016","IZTECH_S016_w","2025-05-06 10:10:19",FALSE,0,30.25,8,1841,15.3417,36,0.3,124,1.03333,73.79,0.06,211,164,0.0039,0.0069,0.0083,0.0121,0.014,0.0145,0.0142,0.0176,65.78,0.08,0,,,,,,,,,"wrist"
"IZTECH_S016","IZTECH_S016_w","2025-05-06 10:12:19",FALSE,0,30.5,1,1996,16.6333,42,0.35,118,0.983333,53.43,0.04,214,164,0.0028,0.005,0.0061,0.0086,0.0099,0.0104,0.0104,0.0126,49.21,0.05,0,,,,,,,,,"wrist"
"IZTECH_S016","IZTECH_S016_w","2025-05-06 10:14:19",FALSE,0,30.12,8,281,2.34167,0,0,21,0.175,73.19,0.06,207,165,0.0039,0.0068,0.0082,0.012,0.0139,0.0145,0.0141,0.0176,64.29,0.08,0,,,,,,,,,"wrist"
"IZTECH_S016","IZTECH_S016_w","2025-05-06 10:16:19",FALSE,0,30.44,8,763,6.35833,9,0.075,49,0.408333,65.56,0.06,185,164,0.0035,0.0061,0.0074,0.0107,0.0125,0.013,0.0126,0.0157,57.92,0.07,0,,,,,,,,,"wrist"
"IZTECH_S016","IZTECH_S016_w","2025-05-06 10:18:19",FALSE,0,30.88,1,2120,17.6667,33,0.275,140,1.16667,48.13,0.04,175,114,0.0026,0.0045,0.0055,0.0078,0.009,0.0095,0.0095,0.0117,43.03,0.05,0,,,,,,,,,"wrist"
"IZTECH_S016","IZTECH_S016_w","2025-05-06 10:20:19",FALSE,0,30.94,16,688,5.73333,9,0.075,51,0.425,61.4,0.05,176,138,0.0033,0.0057,0.007,0.0099,0.0114,0.0121,0.0121,0.0149,55.49,0.06,0,,,,,,,,,"wrist"
"IZTECH_S016","IZTECH_S016_w","2025-05-06 10:22:19",FALSE,0,30.56,8,671,5.59167,13,0.108333,32,0.266667,69.37,0.06,211,164,0.0037,0.0065,0.0078,0.0114,0.0132,0.0138,0.0135,0.0168,60.75,0.07,0,,,,,,,,,"wrist"
"IZTECH_S016","IZTECH_S016_w","2025-05-06 10:24:19",FALSE,0,30.25,8,133,1.10833,0,0,14,0.116667,76.24,0.07,215,167,0.0042,0.0071,0.0086,0.0126,0.0146,0.0153,0.0148,0.0186,66.23,0.08,0,,,,,,,,,"wrist"
"IZTECH_S016","IZTECH_S016_w","2025-05-06 10:26:19",FALSE,0,30.5,1,3361,28.0083,74,0.616667,216,1.8,79.95,0.06,215,166,0.0043,0.0075,0.0091,0.0129,0.0148,0.0155,0.0154,0.0188,73.87,0.08,0,,,,,,,,,"wrist"
"IZTECH_S016","IZTECH_S016_w","2025-05-06 10:28:19",FALSE,0,30.31,1,15436,128.633,358,2.98333,621,5.175,75.34,0.01,206,145,0.0015,0.0062,0.004,0.0091,0.0129,0.0136,0.011,0.0068,58.62,0.03,0,,,,,,,,,"wrist"
"IZTECH_S016","IZTECH_S016_w","2025-05-06 10:30:19",FALSE,0,29.88,8,8944,74.5333,198,1.65,525,4.375,62.48,0,209,161,0.0011,0.0048,0.0033,0.0069,0.0109,0.0111,0.009,0.0049,46.61,0.02,0,,,,,,,,,"wrist"
"IZTECH_S016","IZTECH_S016_w","2025-05-06 10:32:19",FALSE,0,29.38,4,4676,38.9667,87,0.725,296,2.46667,45.67,0,192,160,8e-04,0.0035,0.0023,0.0051,0.008,0.0082,0.0066,0.0037,33.67,0.02,0,,,,,,,,,"wrist"
"IZTECH_S016","IZTECH_S016_w","2025-05-06 10:34:19",FALSE,0,29.25,4,7317,60.975,192,1.6,381,3.175,652.35,0.38,205,161,0.0385,0.0664,0.0788,0.1026,0.1151,0.1219,0.1277,0.1507,679.11,0.59,0,,,,,,,,,"wrist"
"IZTECH_S016","IZTECH_S016_w","2025-05-06 10:36:19",FALSE,0,29.38,8,8672,72.2667,225,1.875,531,4.425,101.48,0.08,208,160,0.0054,0.0095,0.0114,0.0163,0.0189,0.02,0.0203,0.0246,91.61,0.1,0,,,,,,,,,"wrist"
"IZTECH_S016","IZTECH_S016_w","2025-05-06 10:38:19",FALSE,0,29.38,8,3622,30.1833,82,0.683333,228,1.9,132.82,0.09,207,151,0.0069,0.0123,0.0146,0.0208,0.0242,0.0251,0.0255,0.0298,123.95,0.12,0,,,,,,,,,"wrist"
"IZTECH_S016","IZTECH_S016_w","2025-05-06 10:40:19",FALSE,0,29.5,8,5614,46.7833,148,1.23333,314,2.61667,94.48,0.07,217,156,0.0051,0.0089,0.0107,0.0151,0.0175,0.0186,0.0188,0.0228,86.43,0.1,0,,,,,,,,,"wrist"
"IZTECH_S016","IZTECH_S016_w","2025-05-06 10:42:19",FALSE,0,29.69,1,1351,11.2583,26,0.216667,96,0.8,59.85,0.05,201,141,0.0032,0.0056,0.0068,0.0096,0.0112,0.0118,0.0119,0.0145,53.88,0.06,0,,,,,,,,,"wrist"
"IZTECH_S016","IZTECH_S016_w","2025-05-06 10:44:19",FALSE,0,29.69,1,1010,8.41667,27,0.225,60,0.5,53.33,0.04,201,137,0.0027,0.0049,0.006,0.0085,0.0099,0.0104,0.0105,0.0127,48.38,0.05,0,,,,,,,,,"wrist"
"IZTECH_S016","IZTECH_S016_w","2025-05-06 10:46:19",FALSE,0,29.69,1,958,7.98333,27,0.225,63,0.525,47.24,0.04,198,140,0.0024,0.0044,0.0053,0.0075,0.0088,0.0093,0.0094,0.0114,42.4,0.05,0,,,,,,,,,"wrist"
"IZTECH_S016","IZTECH_S016_w","2025-05-06 10:48:19",FALSE,0,29.56,1,4248,35.4,130,1.08333,197,1.64167,114.51,0.08,183,145,0.0061,0.0108,0.0128,0.0182,0.021,0.022,0.0222,0.0264,106.43,0.11,0,,,,,,,,,"wrist"
"IZTECH_S016","IZTECH_S016_w","2025-05-06 10:50:19",FALSE,0,29.38,16,6200,51.6667,146,1.21667,335,2.79167,118.55,0.08,185,145,0.0063,0.0113,0.0134,0.0191,0.0216,0.0226,0.0228,0.027,112.1,0.11,0,,,,,,,,,"wrist"
"IZTECH_S016","IZTECH_S016_w","2025-05-06 10:52:19",FALSE,0,29.38,8,4259,35.4917,107,0.891667,220,1.83333,115.74,0.08,208,160,0.006,0.0107,0.0128,0.0182,0.0213,0.0223,0.0226,0.0269,105.83,0.11,0,,,,,,,,,"wrist"
"IZTECH_S016","IZTECH_S016_w","2025-05-06 10:54:19",FALSE,0,29.56,16,3717,30.975,93,0.775,210,1.75,140.13,0.09,207,164,0.0073,0.0128,0.0153,0.0219,0.0258,0.0269,0.0271,0.0322,127.56,0.13,0,,,,,,,,,"wrist"
"IZTECH_S016","IZTECH_S016_w","2025-05-06 10:56:19",FALSE,0,29.75,8,5414,45.1167,142,1.18333,291,2.425,125.96,0.09,203,143,0.0068,0.012,0.0142,0.0203,0.0232,0.0244,0.0247,0.0295,116.97,0.13,0,,,,,,,,,"wrist"
"IZTECH_S016","IZTECH_S016_w","2025-05-06 10:58:19",FALSE,0,29.88,8,4168,34.7333,97,0.808333,235,1.95833,88.82,0.07,208,151,0.0047,0.0081,0.0098,0.014,0.0166,0.0177,0.0178,0.0218,77.96,0.09,0,,,,,,,,,"wrist"
"IZTECH_S016","IZTECH_S016_w","2025-05-06 11:00:19",FALSE,0,29.88,1,2600,21.6667,41,0.341667,200,1.66667,78.93,0.06,197,133,0.0042,0.0073,0.0088,0.0126,0.0147,0.0158,0.016,0.0196,69.99,0.08,0,,,,,,,,,"wrist"
"IZTECH_S016","IZTECH_S016_w","2025-05-06 11:02:19",FALSE,0,29.75,1,2016,16.8,35,0.291667,141,1.175,64.69,0.06,204,148,0.0034,0.006,0.0072,0.0105,0.0123,0.0129,0.0127,0.0157,56.4,0.07,0,,,,,,,,,"wrist"
"IZTECH_S016","IZTECH_S016_w","2025-05-06 11:04:19",FALSE,0,29.75,1,840,7,11,0.0916667,66,0.55,65.43,0.06,198,132,0.0035,0.0061,0.0073,0.0107,0.0125,0.0132,0.0129,0.0161,56.31,0.07,0,,,,,,,,,"wrist"
"IZTECH_S016","IZTECH_S016_w","2025-05-06 11:06:19",FALSE,0,29.62,1,823,6.85833,17,0.141667,64,0.533333,62.98,0.06,205,148,0.0034,0.0058,0.007,0.0102,0.012,0.0126,0.0124,0.0155,54.32,0.07,0,,,,,,,,,"wrist"
"IZTECH_S016","IZTECH_S016_w","2025-05-06 11:08:19",FALSE,0,29.44,8,13174,109.783,431,3.59167,545,4.54167,527.53,0.33,202,145,0.0308,0.0527,0.0634,0.0836,0.0926,0.0997,0.1057,0.1263,542.89,0.49,0,,,,,,,,,"wrist"
"IZTECH_S016","IZTECH_S016_w","2025-05-06 11:10:19",FALSE,0,29.5,1,3312,27.6,57,0.475,207,1.725,60.84,0.05,201,119,0.0033,0.0058,0.0069,0.0098,0.0113,0.0123,0.0125,0.0153,54.45,0.06,0,,,,,,,,,"wrist"
"IZTECH_S016","IZTECH_S016_w","2025-05-06 11:12:19",FALSE,0,29.56,1,1339,11.1583,14,0.116667,63,0.525,67.8,0.05,197,129,0.0034,0.0061,0.0075,0.0105,0.0124,0.0133,0.0136,0.0164,60.87,0.07,0,,,,,,,,,"wrist"
"IZTECH_S016","IZTECH_S016_w","2025-05-06 11:14:19",FALSE,0,29.38,1,6234,51.95,146,1.21667,329,2.74167,72.97,0.05,215,157,0.0036,0.0065,0.0078,0.0112,0.0133,0.0142,0.0143,0.0169,65.44,0.07,0,,,,,,,,,"wrist"
"IZTECH_S016","IZTECH_S016_w","2025-05-06 11:16:19",FALSE,0,29.06,1,11931,99.425,343,2.85833,619,5.15833,49.95,0,211,153,9e-04,0.004,0.0026,0.0058,0.0086,0.009,0.0072,0.004,38.11,0.02,0,,,,,,,,,"wrist"
"IZTECH_S016","IZTECH_S016_w","2025-05-06 11:18:19",FALSE,0,28.88,4,8695,72.4583,226,1.88333,438,3.65,100.96,0.06,207,141,0.0048,0.0092,0.0101,0.015,0.0185,0.0199,0.0195,0.0214,87.51,0.09,0,,,,,,,,,"wrist"
"IZTECH_S016","IZTECH_S016_w","2025-05-06 11:20:19",FALSE,0,28.94,8,1166,9.71667,21,0.175,67,0.558333,125.67,0.09,208,141,0.0067,0.0119,0.0142,0.0199,0.0229,0.0246,0.0254,0.0304,116.48,0.12,0,,,,,,,,,"wrist"
"IZTECH_S016","IZTECH_S016_w","2025-05-06 11:22:19",FALSE,0,28.69,8,678,5.65,6,0.05,52,0.433333,135.89,0.09,215,163,0.0071,0.013,0.0151,0.0213,0.0246,0.0263,0.0271,0.032,127.41,0.13,0,,,,,,,,,"wrist"
"IZTECH_S016","IZTECH_S016_w","2025-05-06 11:24:19",FALSE,0,29.19,8,2483,20.6917,32,0.266667,188,1.56667,109.51,0.09,188,152,0.0059,0.0103,0.0123,0.0173,0.0202,0.0219,0.0226,0.0273,98.54,0.11,0,,,,,,,,,"wrist"
"IZTECH_S016","IZTECH_S016_w","2025-05-06 11:26:19",FALSE,0,29.31,8,3483,29.025,79,0.658333,215,1.79167,93.16,0.08,209,149,0.0051,0.0089,0.0106,0.015,0.0173,0.0188,0.0194,0.0235,83.74,0.1,0,,,,,,,,,"wrist"
"IZTECH_S016","IZTECH_S016_w","2025-05-06 11:28:19",FALSE,0,29.56,8,2070,17.25,35,0.291667,142,1.18333,100.69,0.09,189,113,0.0055,0.0097,0.0115,0.0163,0.0189,0.0205,0.0211,0.0257,89.36,0.11,0,,,,,,,,,"wrist"
"IZTECH_S016","IZTECH_S016_w","2025-05-06 11:30:19",FALSE,0,29.44,1,3496,29.1333,61,0.508333,272,2.26667,51.26,0.04,158,121,0.0027,0.0047,0.0057,0.0081,0.0096,0.0103,0.0105,0.0129,45.05,0.05,0,,,,,,,,,"wrist"
"IZTECH_S016","IZTECH_S016_w","2025-05-06 11:32:19",FALSE,0,29.19,1,1785,14.875,17,0.141667,123,1.025,35.91,0.03,159,135,0.0018,0.0032,0.0039,0.0055,0.0067,0.0073,0.0074,0.0091,30.41,0.04,0,,,,,,,,,"wrist"
"IZTECH_S016","IZTECH_S016_w","2025-05-06 11:34:19",FALSE,0,29.19,1,2333,19.4417,26,0.216667,139,1.15833,30.38,0.03,144,120,0.0017,0.0029,0.0035,0.005,0.0058,0.0063,0.0063,0.0078,26.37,0.03,0,,,,,,,,,"wrist"
"IZTECH_S016","IZTECH_S016_w","2025-05-06 11:36:19",FALSE,0,29.12,8,758,6.31667,5,0.0416667,43,0.358333,97.39,0.08,160,117,0.0052,0.009,0.0108,0.0154,0.0183,0.0195,0.0197,0.0241,85.33,0.1,0,,,,,,,,,"wrist"
"IZTECH_S016","IZTECH_S016_w","2025-05-06 11:38:19",FALSE,0,29,8,1268,10.5667,20,0.166667,83,0.691667,105.32,0.08,163,121,0.0057,0.0097,0.0117,0.0168,0.0197,0.0211,0.0213,0.0261,92.95,0.11,0,,,,,,,,,"wrist"
"IZTECH_S016","IZTECH_S016_w","2025-05-06 11:40:19",FALSE,0,29.06,8,4417,36.8083,99,0.825,253,2.10833,91.18,0.08,171,101,0.005,0.0086,0.0104,0.0148,0.0171,0.0185,0.0188,0.0231,80.78,0.1,0,,,,,,,,,"wrist"
"IZTECH_S016","IZTECH_S016_w","2025-05-06 11:42:19",FALSE,0,28.81,1,8746,72.8833,203,1.69167,450,3.75,542.85,0.39,163,107,0.0325,0.0555,0.0655,0.0869,0.097,0.1053,0.1104,0.1318,547.53,0.53,0,,,,,,,,,"wrist"
"IZTECH_S016","IZTECH_S016_w","2025-05-06 11:44:19",FALSE,0,28.69,8,5416,45.1333,122,1.01667,288,2.4,110.15,0.09,177,119,0.0061,0.0103,0.0123,0.0177,0.0204,0.0222,0.0226,0.0278,98.2,0.12,0,,,,,,,,,"wrist"
"IZTECH_S016","IZTECH_S016_w","2025-05-06 11:46:19",FALSE,0,28.62,1,811,6.75833,7,0.0583333,75,0.625,36.29,0.04,152,115,0.0021,0.0037,0.0043,0.0061,0.007,0.0078,0.0079,0.0097,31.57,0.04,0,,,,,,,,,"wrist"
"IZTECH_S016","IZTECH_S016_w","2025-05-06 11:48:19",FALSE,0,28.81,1,1215,10.125,25,0.208333,81,0.675,49.68,0.05,163,105,0.0028,0.0048,0.0057,0.0081,0.0093,0.0102,0.0104,0.0127,44.08,0.06,0,,,,,,,,,"wrist"
"IZTECH_S016","IZTECH_S016_w","2025-05-06 11:50:19",FALSE,0,28.75,1,3288,27.4,43,0.358333,219,1.825,65.31,0.06,133,137,0.0037,0.0063,0.0075,0.0106,0.0125,0.0137,0.0137,0.017,55.65,0.07,0,,,,,,,,,"wrist"
"IZTECH_S016","IZTECH_S016_w","2025-05-06 11:52:19",FALSE,0,28.81,1,16,0.133333,0,0,2,0.0166667,17.15,0.03,131,137,0.0014,0.0023,0.0025,0.0034,0.0037,0.0043,0.0042,0.0053,14.48,0.03,0,,,,,,,,,"wrist"
"IZTECH_S016","IZTECH_S016_w","2025-05-06 11:54:19",FALSE,0,28.81,1,22,0.183333,0,0,1,0.00833333,17.76,0.03,133,137,0.0014,0.0023,0.0026,0.0035,0.0038,0.0045,0.0043,0.0055,14.88,0.03,0,,,,,,,,,"wrist"
"IZTECH_S016","IZTECH_S016_w","2025-05-06 11:56:19",FALSE,0,28.75,1,1004,8.36667,23,0.191667,65,0.541667,35.18,0.04,132,133,0.0021,0.0036,0.0042,0.0059,0.0068,0.0076,0.0076,0.0095,30.2,0.04,0,,,,,,,,,"wrist"
"IZTECH_S016","IZTECH_S016_w","2025-05-06 11:58:19",FALSE,0,28.75,1,190,1.58333,0,0,14,0.116667,37.7,0.04,131,129,0.0022,0.0037,0.0044,0.0062,0.0072,0.008,0.0081,0.0101,32.68,0.04,0,,,,,,,,,"wrist"
"IZTECH_S016","IZTECH_S016_w","2025-05-06 12:00:19",FALSE,0,28.75,1,260,2.16667,2,0.0166667,27,0.225,35.83,0.04,140,128,0.0021,0.0036,0.0042,0.0059,0.0069,0.0076,0.0077,0.0096,31.03,0.04,0,,,,,,,,,"wrist"
"IZTECH_S016","IZTECH_S016_w","2025-05-06 12:02:19",FALSE,0,28.69,1,272,2.26667,1,0.00833333,21,0.175,24.67,0.03,205,161,0.0015,0.0026,0.0031,0.0043,0.0049,0.0055,0.0055,0.0068,20.99,0.03,0,,,,,,,,,"wrist"
"IZTECH_S016","IZTECH_S016_w","2025-05-06 12:04:19",FALSE,0,28.88,1,981,8.175,6,0.05,78,0.65,17.47,0.02,199,155,0.0011,0.0019,0.0022,0.0031,0.0035,0.0039,0.0039,0.0049,14.94,0.02,0,,,,,,,,,"wrist"
"IZTECH_S016","IZTECH_S016_w","2025-05-06 12:06:19",FALSE,0,29.06,32,1195,9.95833,19,0.158333,86,0.716667,62.24,0.06,189,105,0.0035,0.006,0.0072,0.0103,0.012,0.0131,0.0132,0.0164,52.76,0.07,0,,,,,,,,,"wrist"
"IZTECH_S016","IZTECH_S016_w","2025-05-06 12:08:19",FALSE,0,29.12,8,84,0.7,0,0,5,0.0416667,131.07,0.12,194,101,0.0071,0.0121,0.0146,0.0211,0.0249,0.027,0.0274,0.0341,111.24,0.14,0,,,,,,,,,"wrist"
"IZTECH_S016","IZTECH_S016_w","2025-05-06 12:10:19",FALSE,0,29.19,8,79,0.658333,1,0.00833333,6,0.05,131.87,0.12,194,103,0.0072,0.0121,0.0147,0.0212,0.025,0.0272,0.0276,0.0343,112.18,0.15,0,,,,,,,,,"wrist"
"IZTECH_S016","IZTECH_S016_w","2025-05-06 12:12:19",FALSE,0,29.12,8,1753,14.6083,43,0.358333,103,0.858333,110.6,0.1,168,103,0.006,0.0102,0.0123,0.0178,0.021,0.0228,0.023,0.0288,93.68,0.12,0,,,,,,,,,"wrist"
"IZTECH_S016","IZTECH_S016_w","2025-05-06 12:14:19",FALSE,0,29.06,1,27,0.225,0,0,4,0.0333333,65.58,0.05,143,119,0.0035,0.0061,0.0073,0.0104,0.0121,0.0134,0.0139,0.0171,57.44,0.07,0,,,,,,,,,"wrist"
"IZTECH_S016","IZTECH_S016_w","2025-05-06 12:16:19",FALSE,0,29.06,1,1777,14.8083,39,0.325,131,1.09167,75.36,0.06,203,157,0.004,0.0068,0.0082,0.0117,0.0141,0.0156,0.0161,0.02,63.59,0.08,0,,,,,,,,,"wrist"
"IZTECH_S016","IZTECH_S016_w","2025-05-06 12:18:19",FALSE,0,28.94,1,408,3.4,4,0.0333333,36,0.3,72.78,0.06,210,159,0.0039,0.0068,0.0082,0.0116,0.0135,0.0149,0.0154,0.019,63.69,0.08,0,,,,,,,,,"wrist"
"IZTECH_S016","IZTECH_S016_w","2025-05-06 12:20:19",FALSE,0,28.88,1,1079,8.99167,25,0.208333,79,0.658333,84.97,0.07,215,157,0.0046,0.0079,0.0095,0.0136,0.0158,0.0174,0.0179,0.0222,74.5,0.09,0,,,,,,,,,"wrist"
"IZTECH_S016","IZTECH_S016_w","2025-05-06 12:22:19",FALSE,0,28.81,1,381,3.175,0,0,44,0.366667,103.29,0.09,215,157,0.0055,0.0096,0.0116,0.0166,0.0193,0.0212,0.0219,0.0271,89.56,0.11,0,,,,,,,,,"wrist"
"IZTECH_S016","IZTECH_S016_w","2025-05-06 12:24:19",FALSE,0,28.5,8,1697,14.1417,30,0.25,127,1.05833,107.14,0.1,220,169,0.0059,0.0101,0.0121,0.0176,0.0205,0.0221,0.022,0.0277,91.13,0.12,0,,,,,,,,,"wrist"
"IZTECH_S016","IZTECH_S016_w","2025-05-06 12:26:19",FALSE,0,28.38,8,909,7.575,23,0.191667,58,0.483333,116.43,0.12,219,169,0.0065,0.011,0.0132,0.0193,0.0226,0.0243,0.0238,0.0301,97.19,0.14,0,,,,,,,,,"wrist"
"IZTECH_S016","IZTECH_S016_w","2025-05-06 12:28:19",FALSE,0,28.94,1,2103,17.525,41,0.341667,149,1.24167,95.12,0.09,205,153,0.0052,0.0088,0.0107,0.0153,0.018,0.0197,0.02,0.0249,81.19,0.1,0,,,,,,,,,"wrist"
"IZTECH_S016","IZTECH_S016_w","2025-05-06 12:30:19",FALSE,0,28.56,1,354,2.95,2,0.0166667,30,0.25,86.23,0.08,213,165,0.0049,0.0082,0.0099,0.014,0.0162,0.0179,0.0183,0.0228,75.58,0.1,0,,,,,,,,,"wrist"
"IZTECH_S016","IZTECH_S016_w","2025-05-06 12:32:19",FALSE,0,28.94,1,726,6.05,6,0.05,62,0.516667,102.83,0.1,197,157,0.0058,0.0099,0.0118,0.0169,0.0196,0.0215,0.0218,0.0272,88.6,0.12,0,,,,,,,,,"wrist"
"IZTECH_S016","IZTECH_S016_w","2025-05-06 12:34:19",FALSE,0,28.88,1,831,6.925,0,0,58,0.483333,73.99,0.07,189,149,0.0042,0.0072,0.0086,0.0121,0.014,0.0154,0.0156,0.0194,65.16,0.08,0,,,,,,,,,"wrist"
"IZTECH_S016","IZTECH_S016_w","2025-05-06 12:36:19",FALSE,0,29,1,907,7.55833,7,0.0583333,66,0.55,76.54,0.07,169,147,0.0043,0.0073,0.0087,0.0124,0.0145,0.0158,0.016,0.0199,66.72,0.08,0,,,,,,,,,"wrist"
"IZTECH_S016","IZTECH_S016_w","2025-05-06 12:38:19",FALSE,0,29.38,8,1264,10.5333,20,0.166667,68,0.566667,105.34,0.11,171,123,0.0061,0.0102,0.0121,0.0177,0.0206,0.0222,0.0216,0.0274,88.34,0.13,0,,,,,,,,,"wrist"
"IZTECH_S016","IZTECH_S016_w","2025-05-06 12:40:19",FALSE,0,29.5,1,1886,15.7167,42,0.35,126,1.05,100.43,0.1,187,151,0.0057,0.0097,0.0115,0.0167,0.0194,0.021,0.0207,0.0261,85.53,0.12,0,,,,,,,,,"wrist"
"IZTECH_S016","IZTECH_S016_w","2025-05-06 12:42:19",FALSE,0,29.75,16,1739,14.4917,37,0.308333,113,0.941667,98.96,0.1,168,117,0.0057,0.0096,0.0114,0.0164,0.0192,0.021,0.0209,0.0264,83.06,0.12,0,,,,,,,,,"wrist"
"IZTECH_S016","IZTECH_S016_w","2025-05-06 12:44:19",FALSE,0,29.81,16,478,3.98333,8,0.0666667,43,0.358333,103.74,0.11,167,128,0.0059,0.01,0.0119,0.0172,0.0201,0.0221,0.022,0.0278,86.58,0.12,0,,,,,,,,,"wrist"
"IZTECH_S016","IZTECH_S016_w","2025-05-06 12:46:19",FALSE,0,29.94,16,149,1.24167,4,0.0333333,18,0.15,105.94,0.11,155,111,0.0061,0.0103,0.0122,0.0176,0.0206,0.0225,0.0225,0.0284,88.49,0.13,0,,,,,,,,,"wrist"
"IZTECH_S016","IZTECH_S016_w","2025-05-06 12:48:19",FALSE,0,30.06,8,935,7.79167,11,0.0916667,60,0.5,116.44,0.13,176,101,0.0068,0.0113,0.0134,0.0195,0.0229,0.0247,0.0241,0.0305,96.65,0.14,0,,,,,,,,,"wrist"
"IZTECH_S016","IZTECH_S016_w","2025-05-06 12:50:19",FALSE,0,30.06,1,661,5.50833,10,0.0833333,49,0.408333,108.03,0.11,184,97,0.0062,0.0105,0.0124,0.0178,0.0207,0.0227,0.0229,0.0285,92.59,0.12,0,,,,,,,,,"wrist"
"IZTECH_S016","IZTECH_S016_w","2025-05-06 12:52:19",FALSE,0,29.94,1,2098,17.4833,53,0.441667,135,1.125,113.34,0.11,189,135,0.0064,0.011,0.013,0.0185,0.0215,0.0237,0.024,0.0297,97.93,0.13,0,,,,,,,,,"wrist"
"IZTECH_S016","IZTECH_S016_w","2025-05-06 12:54:19",FALSE,0,29.81,1,1747,14.5583,19,0.158333,97,0.808333,104.47,0.11,203,149,0.0061,0.0103,0.0121,0.0173,0.02,0.022,0.0221,0.0276,90.93,0.12,0,,,,,,,,,"wrist"
"IZTECH_S016","IZTECH_S016_w","2025-05-06 12:56:19",FALSE,0,29.81,1,2111,17.5917,39,0.325,122,1.01667,100.01,0.1,197,157,0.0057,0.0098,0.0115,0.0164,0.0191,0.021,0.0211,0.0263,86.52,0.11,0,,,,,,,,,"wrist"
"IZTECH_S016","IZTECH_S016_w","2025-05-06 12:58:19",FALSE,0,29.88,1,2947,24.5583,81,0.675,171,1.425,100.73,0.1,207,141,0.0057,0.0097,0.0114,0.0166,0.0194,0.0213,0.0214,0.0269,84.55,0.12,0,,,,,,,,,"wrist"
"IZTECH_S016","IZTECH_S016_w","2025-05-06 13:00:19",FALSE,0,29.75,1,115,0.958333,2,0.0166667,9,0.075,87.52,0.09,200,121,0.005,0.0085,0.01,0.0147,0.0171,0.0184,0.0178,0.0227,73.64,0.1,0,,,,,,,,,"wrist"
"IZTECH_S016","IZTECH_S016_w","2025-05-06 13:02:19",FALSE,0,29.75,1,3158,26.3167,74,0.616667,171,1.425,95.64,0.1,206,169,0.0056,0.0093,0.011,0.016,0.0186,0.0202,0.0197,0.025,80.91,0.11,0,,,,,,,,,"wrist"
"IZTECH_S016","IZTECH_S016_w","2025-05-06 13:04:19",FALSE,0,29.75,8,477,3.975,7,0.0583333,25,0.208333,140.81,0.15,195,115,0.0082,0.0137,0.0162,0.0233,0.0274,0.0299,0.0298,0.0375,117.65,0.17,0,,,,,,,,,"wrist"
"IZTECH_S016","IZTECH_S016_w","2025-05-06 13:06:19",FALSE,0,29.75,8,10848,90.4,290,2.41667,616,5.13333,314.11,0.28,195,133,0.0182,0.0305,0.036,0.0494,0.0595,0.0652,0.0669,0.0822,275.17,0.34,0,,,,,,,,,"wrist"
"IZTECH_S016","IZTECH_S016_w","2025-05-06 13:08:19",FALSE,0,29.75,1,7951,66.2583,190,1.58333,515,4.29167,127.53,0.13,197,129,0.0074,0.0125,0.0147,0.0211,0.0246,0.0271,0.0271,0.0341,108.23,0.15,0,,,,,,,,,"wrist"
"IZTECH_S016","IZTECH_S016_w","2025-05-06 13:10:19",FALSE,0,29.69,1,2236,18.6333,16,0.133333,164,1.36667,119.36,0.13,198,143,0.0071,0.0118,0.0139,0.0199,0.0232,0.0256,0.0258,0.0324,100.8,0.14,0,,,,,,,,,"wrist"
"IZTECH_S016","IZTECH_S016_w","2025-05-06 13:12:19",FALSE,0,29.75,1,1905,15.875,11,0.0916667,127,1.05833,165.45,0.18,171,105,0.0098,0.0165,0.0192,0.0275,0.0322,0.0355,0.0358,0.0445,139.02,0.2,0,,,,,,,,,"wrist"
"IZTECH_S016","IZTECH_S016_w","2025-05-06 13:14:19",FALSE,0,29.75,1,892,7.43333,1,0.00833333,53,0.441667,153.71,0.17,195,128,0.0092,0.0155,0.018,0.0257,0.0299,0.033,0.0334,0.0413,130.18,0.19,0,,,,,,,,,"wrist"
"IZTECH_S016","IZTECH_S016_w","2025-05-06 13:16:19",FALSE,0,29.69,1,1407,11.725,7,0.0583333,108,0.9,139.13,0.15,199,124,0.0083,0.0139,0.0162,0.0231,0.0269,0.0296,0.0298,0.0371,118.88,0.17,0,,,,,,,,,"wrist"
"IZTECH_S016","IZTECH_S016_w","2025-05-06 13:18:19",FALSE,0,29.62,1,729,6.075,2,0.0166667,44,0.366667,107.86,0.1,183,115,0.0063,0.0106,0.0124,0.0175,0.0203,0.0222,0.0225,0.0277,96.22,0.12,0,,,,,,,,,"wrist"
"IZTECH_S016","IZTECH_S016_w","2025-05-06 13:20:19",FALSE,0,29.75,1,672,5.6,1,0.00833333,35,0.291667,131.92,0.14,185,97,0.0078,0.0131,0.0153,0.0217,0.0254,0.0281,0.0283,0.0355,113.12,0.16,0,,,,,,,,,"wrist"
"IZTECH_S016","IZTECH_S016_w","2025-05-06 13:22:19",FALSE,0,29.38,1,4898,40.8167,86,0.716667,258,2.15,119.68,0.13,192,148,0.0071,0.0118,0.0138,0.02,0.0234,0.0256,0.0253,0.0321,100.31,0.15,0,,,,,,,,,"wrist"
"IZTECH_S016","IZTECH_S016_w","2025-05-06 13:24:19",FALSE,0,29.19,1,96,0.8,0,0,4,0.0333333,79.74,0.08,186,149,0.0046,0.0077,0.009,0.013,0.0153,0.0168,0.0168,0.021,68.01,0.09,0,,,,,,,,,"wrist"
"IZTECH_S016","IZTECH_S016_w","2025-05-06 13:26:19",FALSE,0,29.25,1,111,0.925,0,0,4,0.0333333,89.86,0.09,199,129,0.0053,0.0088,0.0102,0.0147,0.0172,0.0191,0.0191,0.0239,76.61,0.1,0,,,,,,,,,"wrist"
"IZTECH_S016","IZTECH_S016_w","2025-05-06 13:28:19",FALSE,0,29.44,1,322,2.68333,0,0,9,0.075,69.26,0.07,184,117,0.0041,0.0068,0.0079,0.0114,0.0134,0.0148,0.0147,0.0186,58.46,0.08,0,,,,,,,,,"wrist"
"IZTECH_S016","IZTECH_S016_w","2025-05-06 13:30:19",FALSE,0,29.62,1,6415,53.4583,139,1.15833,422,3.51667,107.62,0.12,156,97,0.0065,0.0108,0.0126,0.0183,0.0211,0.0232,0.0228,0.029,90.5,0.13,0,,,,,,,,,"wrist"
"IZTECH_S016","IZTECH_S016_w","2025-05-06 13:32:19",FALSE,0,29.75,1,5878,48.9833,129,1.075,394,3.28333,126.47,0.15,201,143,0.0076,0.0126,0.0147,0.0215,0.0251,0.0274,0.0267,0.0342,103.75,0.16,0,,,,,,,,,"wrist"
"IZTECH_S016","IZTECH_S016_w","2025-05-06 13:34:19",FALSE,0,29.75,1,2794,23.2833,43,0.358333,190,1.58333,99.62,0.11,206,139,0.0059,0.0099,0.0115,0.0166,0.0194,0.0216,0.0216,0.0273,82.99,0.12,0,,,,,,,,,"wrist"
"IZTECH_S016","IZTECH_S016_w","2025-05-06 13:36:19",FALSE,0,29.88,1,929,7.74167,14,0.116667,77,0.641667,98,0.11,197,135,0.0057,0.0095,0.0112,0.0162,0.019,0.0214,0.0216,0.0274,80.15,0.12,0,,,,,,,,,"wrist"
"IZTECH_S016","IZTECH_S016_w","2025-05-06 13:38:19",FALSE,0,29.81,1,748,6.23333,4,0.0333333,67,0.558333,115.64,0.13,194,137,0.0068,0.0113,0.0133,0.0192,0.0225,0.0254,0.0256,0.0327,94.48,0.14,0,,,,,,,,,"wrist"
"IZTECH_S016","IZTECH_S016_w","2025-05-06 13:40:19",FALSE,0,29.88,1,312,2.6,2,0.0166667,29,0.241667,84.44,0.1,193,131,0.0051,0.0084,0.0098,0.0141,0.0164,0.0187,0.0189,0.024,69.45,0.11,0,,,,,,,,,"wrist"
"IZTECH_S016","IZTECH_S016_w","2025-05-06 13:42:19",FALSE,0,29.81,1,192,1.6,0,0,13,0.108333,73.74,0.09,188,132,0.0045,0.0074,0.0086,0.0124,0.0144,0.0164,0.0166,0.0212,60.58,0.09,0,,,,,,,,,"wrist"
"IZTECH_S016","IZTECH_S016_w","2025-05-06 13:44:19",FALSE,0,30,1,2822,23.5167,56,0.466667,182,1.51667,114.67,0.13,183,97,0.0068,0.0112,0.0132,0.0191,0.0223,0.0251,0.0253,0.0323,94.18,0.14,0,,,,,,,,,"wrist"
"IZTECH_S016","IZTECH_S016_w","2025-05-06 13:46:19",FALSE,0,29.94,1,1964,16.3667,51,0.425,120,1,150.57,0.17,211,153,0.0087,0.0145,0.0172,0.025,0.0294,0.0327,0.0331,0.0421,122.21,0.18,0,,,,,,,,,"wrist"
"IZTECH_S016","IZTECH_S016_w","2025-05-06 13:48:19",FALSE,0,30,8,3999,33.325,108,0.9,232,1.93333,205.96,0.22,200,124,0.0119,0.0197,0.0234,0.0338,0.0402,0.0439,0.0438,0.055,169.58,0.25,0,,,,,,,,,"wrist"
"IZTECH_S016","IZTECH_S016_w","2025-05-06 13:50:19",FALSE,0,29.94,16,3789,31.575,102,0.85,212,1.76667,304.82,0.29,197,150,0.0174,0.0289,0.0342,0.0493,0.0585,0.0638,0.0645,0.08,256.87,0.35,0,,,,,,,,,"wrist"
"IZTECH_S016","IZTECH_S016_w","2025-05-06 13:52:19",FALSE,0,30.38,8,3653,30.4417,94,0.783333,190,1.58333,297.73,0.29,211,145,0.0171,0.0286,0.0335,0.0484,0.0573,0.0626,0.0632,0.0783,250.21,0.34,0,,,,,,,,,"wrist"
"IZTECH_S016","IZTECH_S016_w","2025-05-06 13:54:19",FALSE,0,30.12,1,3762,31.35,93,0.775,194,1.61667,194.61,0.2,218,165,0.0114,0.019,0.0224,0.0325,0.0373,0.0416,0.0425,0.0536,165.18,0.23,0,,,,,,,,,"wrist"
"IZTECH_S016","IZTECH_S016_w","2025-05-06 13:56:19",FALSE,0,30.5,1,1459,12.1583,28,0.233333,104,0.866667,135.8,0.13,203,140,0.0075,0.0126,0.015,0.0216,0.0258,0.029,0.0298,0.0377,111.62,0.15,0,,,,,,,,,"wrist"
"IZTECH_S016","IZTECH_S016_w","2025-05-06 13:58:19",FALSE,0,30.5,1,187,1.55833,1,0.00833333,19,0.158333,135.77,0.13,204,140,0.0075,0.0125,0.0151,0.0217,0.0256,0.0288,0.0298,0.0379,113.15,0.15,0,,,,,,,,,"wrist"
"IZTECH_S016","IZTECH_S016_w","2025-05-06 14:00:19",FALSE,0,30.5,1,3342,27.85,66,0.55,198,1.65,180.56,0.17,219,164,0.0099,0.0166,0.0199,0.0288,0.0341,0.0384,0.0398,0.0503,149.24,0.2,0,,,,,,,,,"wrist"
"IZTECH_S016","IZTECH_S016_w","2025-05-06 14:02:19",FALSE,0,29.81,1,140,1.16667,2,0.0166667,9,0.075,207.2,0.2,211,160,0.0113,0.019,0.0229,0.0331,0.0392,0.0443,0.0462,0.0586,170.08,0.23,0,,,,,,,,,"wrist"
"IZTECH_S016","IZTECH_S016_w","2025-05-06 14:04:19",FALSE,0,30.56,1,1232,10.2667,23,0.191667,73,0.608333,175.99,0.17,204,143,0.0098,0.0163,0.0197,0.0284,0.0334,0.0378,0.0393,0.05,144.55,0.2,0,,,,,,,,,"wrist"
"IZTECH_S016","IZTECH_S016_w","2025-05-06 14:06:19",FALSE,0,30.69,8,1474,12.2833,31,0.258333,95,0.791667,184.95,0.19,197,117,0.0103,0.0172,0.0207,0.0299,0.0354,0.04,0.0418,0.0531,149.86,0.22,0,,,,,,,,,"wrist"
"IZTECH_S016","IZTECH_S016_w","2025-05-06 14:08:19",FALSE,0,30.69,8,1339,11.1583,22,0.183333,72,0.6,140.71,0.13,182,114,0.0076,0.013,0.0153,0.0223,0.0265,0.0299,0.0313,0.0392,115.59,0.16,0,,,,,,,,,"wrist"
"IZTECH_S016","IZTECH_S016_w","2025-05-06 14:10:19",FALSE,0,30.81,8,2087,17.3917,45,0.375,127,1.05833,167.91,0.16,192,105,0.0091,0.0154,0.0185,0.0268,0.0321,0.0357,0.037,0.0468,136.42,0.19,0,,,,,,,,,"wrist"
"IZTECH_S016","IZTECH_S016_w","2025-05-06 14:12:19",FALSE,0,30.75,8,3206,26.7167,73,0.608333,176,1.46667,191.99,0.2,197,119,0.0107,0.0178,0.0215,0.0314,0.0369,0.0409,0.0418,0.0533,157.02,0.22,0,,,,,,,,,"wrist"
"IZTECH_S016","IZTECH_S016_w","2025-05-06 14:14:19",FALSE,0,30.88,1,1782,14.85,35,0.291667,85,0.708333,169.73,0.16,194,104,0.0092,0.0154,0.0186,0.0271,0.0322,0.036,0.0373,0.0473,138.85,0.19,0,,,,,,,,,"wrist"
"IZTECH_S016","IZTECH_S016_w","2025-05-06 14:16:19",FALSE,0,30.81,8,1058,8.81667,7,0.0583333,73,0.608333,214.47,0.21,200,119,0.0118,0.0197,0.0238,0.0346,0.0411,0.0459,0.0474,0.0601,173.98,0.25,0,,,,,,,,,"wrist"
"IZTECH_S016","IZTECH_S016_w","2025-05-06 14:18:19",FALSE,0,30.94,8,2433,20.275,65,0.541667,151,1.25833,208.53,0.21,177,110,0.0114,0.0191,0.0231,0.0336,0.0397,0.0443,0.046,0.0583,170.45,0.24,0,,,,,,,,,"wrist"
"IZTECH_S016","IZTECH_S016_w","2025-05-06 14:20:19",FALSE,0,30.62,1,1574,13.1167,36,0.3,118,0.983333,205.25,0.2,209,153,0.0109,0.0184,0.0224,0.0327,0.0389,0.0437,0.0456,0.0578,165.96,0.23,0,,,,,,,,,"wrist"
"IZTECH_S016","IZTECH_S016_w","2025-05-06 14:22:19",FALSE,0,30.56,1,11,0.0916667,0,0,3,0.025,199.94,0.19,203,142,0.0106,0.0178,0.0218,0.0318,0.0378,0.0426,0.0444,0.0564,161.67,0.22,0,,,,,,,,,"wrist"
"IZTECH_S016","IZTECH_S016_w","2025-05-06 14:24:19",FALSE,0,30.69,8,3650,30.4167,92,0.766667,217,1.80833,245.37,0.24,214,161,0.0134,0.0224,0.027,0.0392,0.0468,0.0521,0.0537,0.0675,200.15,0.28,0,,,,,,,,,"wrist"
"IZTECH_S016","IZTECH_S016_w","2025-05-06 14:26:19",FALSE,0,30.62,16,4823,40.1917,149,1.24167,243,2.025,355.61,0.32,192,136,0.0192,0.0323,0.039,0.0561,0.0673,0.0742,0.0768,0.0952,295.35,0.39,0,,,,,,,,,"wrist"
"IZTECH_S016","IZTECH_S016_w","2025-05-06 14:28:19",FALSE,0,30.81,16,4239,35.325,129,1.075,215,1.79167,370.46,0.33,208,160,0.0201,0.0338,0.0409,0.0588,0.0698,0.0768,0.0797,0.0987,312.21,0.4,0,,,,,,,,,"wrist"
"IZTECH_S016","IZTECH_S016_w","2025-05-06 14:30:19",FALSE,0,31.12,8,6927,57.725,178,1.48333,426,3.55,300.36,0.27,205,148,0.0164,0.0275,0.0333,0.0479,0.0567,0.0626,0.0647,0.0803,252.55,0.33,0,,,,,,,,,"wrist"
"IZTECH_S016","IZTECH_S016_w","2025-05-06 14:32:19",FALSE,0,31.19,8,3271,27.2583,85,0.708333,176,1.46667,187.34,0.18,187,122,0.01,0.0167,0.0204,0.0297,0.0356,0.0401,0.042,0.0534,150.29,0.21,0,,,,,,,,,"wrist"
"IZTECH_S016","IZTECH_S016_w","2025-05-06 14:34:19",FALSE,0,31.12,1,4474,37.2833,94,0.783333,218,1.81667,151.15,0.15,196,156,0.0083,0.0139,0.0168,0.0244,0.0287,0.0325,0.034,0.0431,123.48,0.17,0,,,,,,,,,"wrist"
"IZTECH_S016","IZTECH_S016_w","2025-05-06 14:36:19",FALSE,0,31.25,1,4052,33.7667,42,0.35,251,2.09167,173.68,0.17,199,140,0.0093,0.0156,0.0191,0.0278,0.0329,0.037,0.0384,0.049,141.34,0.2,0,,,,,,,,,"wrist"
"IZTECH_S016","IZTECH_S016_w","2025-05-06 14:38:19",FALSE,0,31.31,16,8257,68.8083,208,1.73333,530,4.41667,194.71,0.19,169,100,0.0105,0.0176,0.0215,0.0314,0.0369,0.0413,0.0429,0.0546,159.27,0.22,0,,,,,,,,,"wrist"
"IZTECH_S016","IZTECH_S016_w","2025-05-06 14:40:19",FALSE,0,31.38,16,5011,41.7583,162,1.35,242,2.01667,187.34,0.18,164,98,0.0099,0.0166,0.0202,0.0295,0.0358,0.0402,0.042,0.0533,147.81,0.21,0,,,,,,,,,"wrist"
"IZTECH_S016","IZTECH_S016_w","2025-05-06 14:42:19",FALSE,0,31.31,1,4568,38.0667,134,1.11667,234,1.95,185.11,0.17,195,108,0.0097,0.0163,0.02,0.0292,0.0346,0.0392,0.0414,0.0525,150.84,0.2,0,,,,,,,,,"wrist"
"IZTECH_S016","IZTECH_S016_w","2025-05-06 14:44:19",FALSE,0,30.81,1,2687,22.3917,66,0.55,178,1.48333,188.35,0.17,187,148,0.0099,0.0168,0.0205,0.0298,0.0354,0.0397,0.0416,0.0528,154.36,0.21,0,,,,,,,,,"wrist"
"IZTECH_S016","IZTECH_S016_w","2025-05-06 14:46:19",FALSE,0,31.19,8,3335,27.7917,44,0.366667,298,2.48333,207.08,0.19,204,140,0.0109,0.0184,0.0225,0.0328,0.039,0.0439,0.0462,0.0585,168.21,0.23,0,,,,,,,,,"wrist"
"IZTECH_S016","IZTECH_S016_w","2025-05-06 14:48:19",FALSE,0,31.12,8,2719,22.6583,36,0.3,233,1.94167,208.58,0.2,201,140,0.011,0.0186,0.0228,0.0331,0.0393,0.0442,0.0466,0.0592,169.75,0.23,0,,,,,,,,,"wrist"
"IZTECH_S016","IZTECH_S016_w","2025-05-06 14:50:19",FALSE,0,30.88,1,317,2.64167,1,0.00833333,22,0.183333,140.83,0.12,193,140,0.0074,0.0124,0.0152,0.0221,0.0261,0.0299,0.0319,0.0405,115.31,0.15,0,,,,,,,,,"wrist"
"IZTECH_S016","IZTECH_S016_w","2025-05-06 14:52:19",FALSE,0,30.75,1,2856,23.8,72,0.6,213,1.775,95.33,0.08,192,134,0.005,0.0084,0.0103,0.015,0.0178,0.0202,0.0213,0.0271,77.77,0.1,0,,,,,,,,,"wrist"
"IZTECH_S016","IZTECH_S016_w","2025-05-06 14:54:19",FALSE,0,31.12,1,1491,12.425,8,0.0666667,133,1.10833,187.25,0.17,207,145,0.0096,0.0162,0.02,0.0291,0.035,0.0396,0.0419,0.0532,150.83,0.2,0,,,,,,,,,"wrist"
"IZTECH_S016","IZTECH_S016_w","2025-05-06 14:56:19",FALSE,0,31.12,1,5024,41.8667,132,1.1,251,2.09167,191.3,0.17,203,141,0.0099,0.0168,0.0206,0.0299,0.0359,0.0405,0.0425,0.054,154.52,0.21,0,,,,,,,,,"wrist"
"IZTECH_S016","IZTECH_S016_w","2025-05-06 14:58:19",FALSE,0,31,1,468,3.9,6,0.05,41,0.341667,164.79,0.15,201,162,0.0087,0.0147,0.018,0.026,0.0309,0.0351,0.0372,0.0472,134.45,0.18,0,,,,,,,,,"wrist"
"IZTECH_S016","IZTECH_S016_w","2025-05-06 15:00:19",FALSE,0,31,1,2401,20.0083,77,0.641667,128,1.06667,63.09,0.09,213,160,0.004,0.0066,0.0076,0.0109,0.0127,0.0146,0.015,0.0194,49.81,0.09,0,,,,,,,,,"wrist"
"IZTECH_S016","IZTECH_S016_w","2025-05-06 15:02:19",FALSE,0,31.31,1,1493,12.4417,19,0.158333,130,1.08333,205.53,0.19,203,140,0.0109,0.0184,0.0225,0.0325,0.0387,0.0436,0.0459,0.0582,167.69,0.23,0,,,,,,,,,"wrist"
"IZTECH_S016","IZTECH_S016_w","2025-05-06 15:04:19",FALSE,0,31.25,1,891,7.425,18,0.15,73,0.608333,197.68,0.18,192,128,0.0104,0.0176,0.0215,0.0312,0.037,0.042,0.0445,0.0566,161.01,0.22,0,,,,,,,,,"wrist"
"IZTECH_S016","IZTECH_S016_w","2025-05-06 15:06:19",FALSE,0,31.19,1,2521,21.0083,24,0.2,198,1.65,141.61,0.14,205,140,0.0076,0.0128,0.0156,0.0226,0.0268,0.0304,0.032,0.0408,114.44,0.16,0,,,,,,,,,"wrist"
"IZTECH_S016","IZTECH_S016_w","2025-05-06 15:08:19",FALSE,0,31.25,1,1059,8.825,16,0.133333,74,0.616667,143.27,0.12,197,133,0.0074,0.0125,0.0154,0.0224,0.0266,0.0303,0.0321,0.0408,117.61,0.15,0,,,,,,,,,"wrist"
"IZTECH_S016","IZTECH_S016_w","2025-05-06 15:10:19",FALSE,0,31.31,1,2806,23.3833,61,0.508333,195,1.625,207.06,0.19,204,132,0.0108,0.0182,0.0222,0.0322,0.0393,0.0442,0.0466,0.0591,163.91,0.23,0,,,,,,,,,"wrist"
"IZTECH_S016","IZTECH_S016_w","2025-05-06 15:12:19",FALSE,0,31.25,1,299,2.49167,9,0.075,18,0.15,172.08,0.16,186,112,0.009,0.0152,0.0187,0.0273,0.0323,0.0362,0.0379,0.0481,141.06,0.19,0,,,,,,,,,"wrist"
"IZTECH_S016","IZTECH_S016_w","2025-05-06 15:14:19",FALSE,0,31.25,1,387,3.225,6,0.05,26,0.216667,178.63,0.16,188,106,0.0093,0.0158,0.0194,0.0283,0.0335,0.0375,0.0393,0.05,146.45,0.2,0,,,,,,,,,"wrist"
"IZTECH_S016","IZTECH_S016_w","2025-05-06 15:16:19",FALSE,0,31.31,1,9455,78.7917,271,2.25833,520,4.33333,154.47,0.14,208,148,0.0084,0.0142,0.0174,0.0251,0.0288,0.0325,0.0344,0.0436,130.97,0.17,0,,,,,,,,,"wrist"
"IZTECH_S016","IZTECH_S016_w","2025-05-06 15:18:19",FALSE,0,31.38,1,14782,123.183,410,3.41667,866,7.21667,167.92,0.14,192,118,0.0085,0.0143,0.0176,0.0252,0.0314,0.036,0.039,0.0493,131.4,0.18,0,,,,,,,,,"wrist"
"IZTECH_S016","IZTECH_S016_w","2025-05-06 15:20:19",FALSE,0,31.06,16,10458,87.15,303,2.525,518,4.31667,309.76,0.26,205,160,0.0165,0.0278,0.0339,0.0487,0.0578,0.064,0.0673,0.0834,261.4,0.33,0,,,,,,,,,"wrist"
"IZTECH_S016","IZTECH_S016_w","2025-05-06 15:22:19",FALSE,0,31.5,8,5200,43.3333,136,1.13333,322,2.68333,341.77,0.29,211,138,0.0186,0.0314,0.0383,0.055,0.0637,0.07,0.0731,0.0904,296.47,0.37,0,,,,,,,,,"wrist"
"IZTECH_S016","IZTECH_S016_w","2025-05-06 15:24:19",FALSE,0,31.5,1,6437,53.6417,167,1.39167,362,3.01667,243.45,0.21,199,140,0.013,0.0219,0.0268,0.0387,0.0457,0.0505,0.0527,0.0659,204.4,0.26,0,,,,,,,,,"wrist"
"IZTECH_S016","IZTECH_S016_w","2025-05-06 15:26:19",FALSE,0,31.56,8,1023,8.525,19,0.158333,58,0.483333,174.79,0.17,201,140,0.0094,0.0158,0.0194,0.0282,0.0333,0.0369,0.0381,0.0486,142.92,0.2,0,,,,,,,,,"wrist"
"IZTECH_S016","IZTECH_S016_w","2025-05-06 15:28:19",FALSE,0,31.94,8,5778,48.15,133,1.10833,308,2.56667,196.6,0.17,159,122,0.0102,0.0175,0.0212,0.0307,0.037,0.0412,0.0434,0.0541,160.82,0.21,0,,,,,,,,,"wrist"
"IZTECH_S016","IZTECH_S016_w","2025-05-06 15:30:19",FALSE,0,32.19,8,3511,29.2583,60,0.5,260,2.16667,230.58,0.21,156,134,0.0122,0.0207,0.0255,0.0368,0.0432,0.0483,0.051,0.0641,192.58,0.25,0,,,,,,,,,"wrist"
"IZTECH_S016","IZTECH_S016_w","2025-05-06 15:32:19",FALSE,0,32,8,2204,18.3667,27,0.225,188,1.56667,231.72,0.21,197,162,0.0121,0.0208,0.0255,0.0366,0.0433,0.0484,0.0514,0.0641,193.54,0.25,0,,,,,,,,,"wrist"
"IZTECH_S016","IZTECH_S016_w","2025-05-06 15:34:19",FALSE,0,32.69,8,997,8.30833,8,0.0666667,80,0.666667,211.02,0.2,174,98,0.0112,0.0189,0.0233,0.0336,0.0397,0.0446,0.0473,0.0598,173.04,0.24,0,,,,,,,,,"wrist"
"IZTECH_S016","IZTECH_S016_w","2025-05-06 15:36:19",FALSE,0,32.75,8,2075,17.2917,23,0.191667,154,1.28333,223.43,0.2,194,138,0.0117,0.0199,0.0246,0.0355,0.0419,0.0469,0.0497,0.0625,184.79,0.24,0,,,,,,,,,"wrist"
"IZTECH_S016","IZTECH_S016_w","2025-05-06 15:38:19",FALSE,0,33.06,1,1541,12.8417,19,0.158333,95,0.791667,204.48,0.18,130,107,0.0106,0.018,0.0222,0.0322,0.0382,0.0429,0.0453,0.0574,168.3,0.22,0,,,,,,,,,"wrist"
"IZTECH_S016","IZTECH_S016_w","2025-05-06 15:40:19",FALSE,0,33.19,8,660,5.5,9,0.075,42,0.35,204.35,0.18,128,99,0.0107,0.0182,0.0225,0.0327,0.0382,0.0425,0.0447,0.0567,171.23,0.22,0,,,,,,,,,"wrist"
"IZTECH_S016","IZTECH_S016_w","2025-05-06 15:42:19",FALSE,0,33.19,1,372,3.1,3,0.025,27,0.225,223.16,0.2,144,95,0.0115,0.0196,0.0243,0.0352,0.0416,0.0466,0.0494,0.0626,184.64,0.24,0,,,,,,,,,"wrist"
"IZTECH_S016","IZTECH_S016_w","2025-05-06 15:44:19",FALSE,0,33.19,1,739,6.15833,20,0.166667,35,0.291667,136.11,0.11,128,104,0.0069,0.0117,0.0146,0.0212,0.0251,0.0284,0.0302,0.0384,112.44,0.14,0,,,,,,,,,"wrist"
"IZTECH_S016","IZTECH_S016_w","2025-05-06 15:46:19",FALSE,0,33.19,1,2685,22.375,60,0.5,185,1.54167,212.05,0.19,145,123,0.0111,0.0188,0.0232,0.0339,0.0399,0.0441,0.0459,0.0584,175.84,0.23,0,,,,,,,,,"wrist"
"IZTECH_S016","IZTECH_S016_w","2025-05-06 15:48:19",FALSE,0,33.12,1,36,0.3,0,0,4,0.0333333,233.59,0.2,144,94,0.012,0.0203,0.0253,0.0366,0.0433,0.0487,0.052,0.0659,193.45,0.25,0,,,,,,,,,"wrist"
"IZTECH_S016","IZTECH_S016_w","2025-05-06 15:50:19",FALSE,0,33.12,1,383,3.19167,2,0.0166667,35,0.291667,243.47,0.21,152,94,0.0124,0.0211,0.0264,0.0382,0.0451,0.0508,0.0542,0.0686,201.21,0.26,0,,,,,,,,,"wrist"
"IZTECH_S016","IZTECH_S016_w","2025-05-06 15:52:19",FALSE,0,33.19,1,443,3.69167,7,0.0583333,40,0.333333,244.65,0.21,139,94,0.0124,0.0212,0.0265,0.0384,0.0453,0.0509,0.0543,0.0688,202.31,0.26,0,,,,,,,,,"wrist"
"IZTECH_S016","IZTECH_S016_w","2025-05-06 15:54:19",FALSE,0,33.25,1,938,7.81667,20,0.166667,58,0.483333,242.7,0.21,143,94,0.0123,0.021,0.0262,0.0381,0.0451,0.0504,0.0536,0.0679,200.34,0.26,0,,,,,,,,,"wrist"
"IZTECH_S016","IZTECH_S016_w","2025-05-06 15:56:19",FALSE,0,33.06,1,2274,18.95,53,0.441667,136,1.13333,295.1,0.24,181,122,0.0152,0.0261,0.0322,0.0466,0.0549,0.06,0.0627,0.078,251.2,0.31,0,,,,,,,,,"wrist"
"IZTECH_S016","IZTECH_S016_w","2025-05-06 15:58:19",FALSE,0,33.06,8,3785,31.5417,82,0.683333,242,2.01667,304.96,0.27,188,121,0.016,0.0272,0.0337,0.0483,0.0569,0.0631,0.067,0.0835,256.76,0.33,0,,,,,,,,,"wrist"
"IZTECH_S016","IZTECH_S016_w","2025-05-06 16:00:19",FALSE,0,33.12,8,920,7.66667,11,0.0916667,69,0.575,237.07,0.21,188,112,0.012,0.0206,0.0258,0.0373,0.0441,0.0495,0.053,0.0669,195.24,0.25,0,,,,,,,,,"wrist"
"IZTECH_S016","IZTECH_S016_w","2025-05-06 16:02:19",FALSE,0,33.25,8,2671,22.2583,37,0.308333,216,1.8,233.78,0.2,142,95,0.0118,0.0203,0.0254,0.0368,0.0432,0.0485,0.0522,0.0656,194.48,0.25,0,,,,,,,,,"wrist"
"IZTECH_S016","IZTECH_S016_w","2025-05-06 16:04:19",FALSE,0,33.44,1,2366,19.7167,35,0.291667,143,1.19167,189.84,0.15,130,95,0.0096,0.0164,0.0205,0.0296,0.0347,0.0391,0.0421,0.0533,160.05,0.2,0,,,,,,,,,"wrist"
"IZTECH_S016","IZTECH_S016_w","2025-05-06 16:06:19",FALSE,0,33.44,1,1247,10.3917,16,0.133333,60,0.5,175.73,0.13,128,96,0.0087,0.0149,0.0187,0.027,0.0319,0.0362,0.0392,0.0496,147.44,0.18,0,,,,,,,,,"wrist"
"IZTECH_S016","IZTECH_S016_w","2025-05-06 16:08:19",FALSE,0,33.5,1,1346,11.2167,23,0.191667,77,0.641667,222.44,0.18,134,95,0.0111,0.019,0.0239,0.0346,0.0407,0.0459,0.0496,0.0628,186.02,0.23,0,,,,,,,,,"wrist"
"IZTECH_S016","IZTECH_S016_w","2025-05-06 16:10:19",FALSE,0,33.44,1,2758,22.9833,52,0.433333,140,1.16667,236.43,0.2,141,95,0.0119,0.0203,0.0256,0.0372,0.0438,0.0486,0.0516,0.0656,196.83,0.25,0,,,,,,,,,"wrist"
"IZTECH_S016","IZTECH_S016_w","2025-05-06 16:12:19",FALSE,0,33.38,16,2150,17.9167,69,0.575,116,0.966667,259.38,0.22,142,95,0.0132,0.0224,0.0282,0.0411,0.0482,0.0532,0.0561,0.0712,216.88,0.27,0,,,,,,,,,"wrist"
"IZTECH_S016","IZTECH_S016_w","2025-05-06 16:14:19",FALSE,0,33.31,8,109,0.908333,0,0,9,0.075,257,0.22,143,95,0.013,0.0222,0.028,0.0407,0.048,0.0528,0.0556,0.0706,213.56,0.27,0,,,,,,,,,"wrist"
"IZTECH_S016","IZTECH_S016_w","2025-05-06 16:16:19",FALSE,0,33.38,8,696,5.8,16,0.133333,45,0.375,253.79,0.22,144,106,0.0128,0.0219,0.0276,0.0402,0.0474,0.0521,0.0546,0.0695,210.63,0.27,0,,,,,,,,,"wrist"
"IZTECH_S016","IZTECH_S016_w","2025-05-06 16:18:19",FALSE,0,33.25,1,2125,17.7083,46,0.383333,130,1.08333,225.62,0.2,131,102,0.0115,0.0196,0.0247,0.0362,0.0423,0.0459,0.0475,0.0606,188.9,0.24,0,,,,,,,,,"wrist"
"IZTECH_S016","IZTECH_S016_w","2025-05-06 16:20:19",FALSE,0,33.25,1,1473,12.275,22,0.183333,117,0.975,252.28,0.22,128,98,0.0127,0.0217,0.0275,0.0402,0.0469,0.0513,0.0537,0.0683,212.06,0.26,0,,,,,,,,,"wrist"
"IZTECH_S016","IZTECH_S016_w","2025-05-06 16:22:19",FALSE,0,33.31,16,3977,33.1417,107,0.891667,225,1.875,256.56,0.21,128,98,0.0127,0.0218,0.0277,0.0406,0.0477,0.0522,0.0549,0.0697,214.06,0.27,0,,,,,,,,,"wrist"
"IZTECH_S016","IZTECH_S016_w","2025-05-06 16:24:19",FALSE,0,33.31,16,714,5.95,13,0.108333,58,0.483333,266.35,0.22,128,98,0.0132,0.0226,0.0288,0.0421,0.0493,0.0541,0.0571,0.0725,222.91,0.28,0,,,,,,,,,"wrist"
"IZTECH_S016","IZTECH_S016_w","2025-05-06 16:26:19",FALSE,0,33.19,16,3629,30.2417,70,0.583333,211,1.75833,228.8,0.19,160,130,0.0114,0.0195,0.0248,0.0364,0.0426,0.0466,0.0488,0.0621,190.88,0.24,0,,,,,,,,,"wrist"
"IZTECH_S016","IZTECH_S016_w","2025-05-06 16:28:19",FALSE,0,33.06,1,14734,122.783,478,3.98333,580,4.83333,388.08,0.25,140,128,0.0197,0.0339,0.0436,0.0625,0.0677,0.0755,0.0823,0.1015,364.69,0.37,0,,,,,,,,,"wrist"
"IZTECH_S016","IZTECH_S016_w","2025-05-06 16:30:19",FALSE,0,32.94,4,21832,181.933,745,6.20833,1093,9.10833,4986.73,3.15,197,146,0.2509,0.4262,0.5421,0.7526,0.8715,1.0044,1.1584,1.4382,4443.55,4.68,0,,,,,,,,,"wrist"
"IZTECH_S016","IZTECH_S016_w","2025-05-06 16:32:19",FALSE,0,33.31,4,21431,178.592,852,7.1,810,6.75,4786.74,3.13,128,102,0.2325,0.3906,0.5032,0.7142,0.8366,0.9802,1.1528,1.443,4075.3,4.52,0,,,,,,,,,"wrist"
"IZTECH_S016","IZTECH_S016_w","2025-05-06 16:34:19",FALSE,0,33.5,4,20431,170.258,819,6.825,790,6.58333,6693.26,3.28,188,148,0.298,0.5088,0.6691,0.933,1.1385,1.3571,1.6506,2.0664,5620.2,5.67,0,,,,,,,,,"wrist"
"IZTECH_S016","IZTECH_S016_w","2025-05-06 16:36:19",FALSE,0,33.75,4,21891,182.425,943,7.85833,821,6.84167,7285.9,3.34,163,129,0.3449,0.5994,0.779,1.0625,1.2149,1.4172,1.7126,2.1251,6768.73,6,0,,,,,,,,,"wrist"
"IZTECH_S016","IZTECH_S016_w","2025-05-06 16:38:19",FALSE,0,33.56,4,20832,173.6,693,5.775,942,7.85,4815.37,2.17,137,104,0.2195,0.3812,0.494,0.6764,0.8163,0.9489,1.1288,1.3886,4256.16,3.92,0,,,,,,,,,"wrist"
"IZTECH_S016","IZTECH_S016_w","2025-05-06 16:40:19",FALSE,0,33.56,4,20854,173.783,844,7.03333,844,7.03333,7606.98,3.66,128,98,0.3876,0.6766,0.8687,1.1694,1.2773,1.4296,1.6513,2.005,7596.38,6.4,0,,,,,,,,,"wrist"
"IZTECH_S016","IZTECH_S016_w","2025-05-06 16:42:19",FALSE,0,33.12,1,19276,160.633,549,4.575,959,7.99167,869.52,0.43,124,94,0.0421,0.0735,0.0946,0.13,0.1478,0.1677,0.1952,0.2466,814.41,0.74,0,,,,,,,,,"wrist"
"IZTECH_S016","IZTECH_S016_w","2025-05-06 16:44:19",FALSE,0,32.69,1,26936,224.467,936,7.8,1181,9.84167,50.07,0.01,123,91,0.0017,0.0045,0.0038,0.0068,0.0086,0.0093,0.0088,0.0088,42.86,0.03,0,,,,,,,,,"wrist"
"IZTECH_S016","IZTECH_S016_w","2025-05-06 16:46:19",FALSE,0,32.44,8,15679,130.658,472,3.93333,760,6.33333,54.24,0.01,123,92,0.0016,0.0048,0.0036,0.0069,0.0094,0.01,0.0092,0.0088,44.2,0.03,0,,,,,,,,,"wrist"
"IZTECH_S016","IZTECH_S016_w","2025-05-06 16:48:19",FALSE,0,32.06,8,11869,98.9083,351,2.925,606,5.05,31.59,0.02,123,96,0.0013,0.0023,0.003,0.0044,0.0057,0.0067,0.008,0.0104,23.09,0.03,0,,,,,,,,,"wrist"
"IZTECH_S016","IZTECH_S016_w","2025-05-06 16:50:19",FALSE,0,32.38,8,189,1.575,0,0,5,0.0416667,23.97,0.02,124,96,0.0011,0.0019,0.0025,0.0036,0.0043,0.0051,0.0061,0.008,18.5,0.03,0,,,,,,,,,"wrist"
"IZTECH_S016","IZTECH_S016_w","2025-05-06 16:52:19",FALSE,0,32.69,8,586,4.88333,0,0,33,0.275,26.1,0.02,124,102,0.0012,0.0021,0.0027,0.0039,0.0047,0.0056,0.0066,0.0086,20.23,0.03,0,,,,,,,,,"wrist"
"IZTECH_S016","IZTECH_S016_w","2025-05-06 16:54:19",FALSE,0,32.62,8,797,6.64167,10,0.0833333,57,0.475,29.94,0.02,128,116,0.0014,0.0023,0.0031,0.0045,0.0054,0.0063,0.0074,0.0097,23.46,0.03,0,,,,,,,,,"wrist"
"IZTECH_S016","IZTECH_S016_w","2025-05-06 16:56:19",FALSE,0,32.56,8,443,3.69167,0,0,25,0.208333,30.8,0.02,128,130,0.0014,0.0024,0.0031,0.0046,0.0055,0.0065,0.0077,0.0099,24.07,0.03,0,,,,,,,,,"wrist"
"IZTECH_S016","IZTECH_S016_w","2025-05-06 16:58:19",FALSE,0,32.56,8,269,2.24167,0,0,22,0.183333,31.28,0.02,153,138,0.0014,0.0024,0.0032,0.0046,0.0056,0.0066,0.0078,0.0101,24.3,0.03,0,,,,,,,,,"wrist"
"IZTECH_S016","IZTECH_S016_w","2025-05-06 17:00:19",FALSE,0,32.69,8,434,3.61667,0,0,39,0.325,30.55,0.02,159,138,0.0014,0.0024,0.0031,0.0046,0.0055,0.0065,0.0076,0.0099,23.96,0.03,0,,,,,,,,,"wrist"
"IZTECH_S016","IZTECH_S016_w","2025-05-06 17:02:19",FALSE,0,32.81,16,8943,74.525,279,2.325,392,3.26667,25.4,0.02,130,120,0.0011,0.002,0.0026,0.0038,0.0046,0.0053,0.0063,0.0082,19.89,0.03,0,,,,,,,,,"wrist"
"IZTECH_S016","IZTECH_S016_w","2025-05-06 17:04:19",FALSE,0,32.44,8,4989,41.575,132,1.1,275,2.29167,24.49,0.02,176,144,0.0011,0.0019,0.0025,0.0036,0.0044,0.0052,0.0062,0.008,18.85,0.02,0,,,,,,,,,"wrist"
"IZTECH_S016","IZTECH_S016_w","2025-05-06 17:06:19",FALSE,0,32.5,8,1423,11.8583,17,0.141667,83,0.691667,41.9,0.03,186,150,0.0019,0.0032,0.0043,0.0062,0.0074,0.0087,0.0103,0.0132,33.4,0.04,0,,,,,,,,,"wrist"
"IZTECH_S016","IZTECH_S016_w","2025-05-06 17:08:19",FALSE,0,32.5,8,918,7.65,2,0.0166667,62,0.516667,41.71,0.03,155,146,0.0019,0.0032,0.0042,0.0061,0.0074,0.0087,0.0102,0.0131,33.19,0.04,0,,,,,,,,,"wrist"
"IZTECH_S016","IZTECH_S016_w","2025-05-06 17:10:19",FALSE,0,32.62,8,801,6.675,0,0,45,0.375,41.59,0.03,136,144,0.0019,0.0032,0.0042,0.0061,0.0074,0.0087,0.0102,0.0131,33.11,0.04,0,,,,,,,,,"wrist"
"IZTECH_S016","IZTECH_S016_w","2025-05-06 17:12:19",FALSE,0,32.62,8,424,3.53333,1,0.00833333,29,0.241667,42.5,0.03,173,147,0.0019,0.0032,0.0043,0.0062,0.0075,0.0088,0.0104,0.0133,33.82,0.04,0,,,,,,,,,"wrist"
"IZTECH_S016","IZTECH_S016_w","2025-05-06 17:14:19",FALSE,0,32.62,8,1159,9.65833,19,0.158333,78,0.65,43.02,0.03,172,150,0.0019,0.0033,0.0043,0.0063,0.0076,0.0089,0.0105,0.0134,34.51,0.04,0,,,,,,,,,"wrist"
"IZTECH_S016","IZTECH_S016_w","2025-05-06 17:16:19",FALSE,0,32.56,8,1221,10.175,24,0.2,69,0.575,40.61,0.02,200,152,0.0018,0.0031,0.0041,0.006,0.0071,0.0084,0.0099,0.0127,32.62,0.04,0,,,,,,,,,"wrist"
"IZTECH_S016","IZTECH_S016_w","2025-05-06 17:18:19",FALSE,0,32.62,8,746,6.21667,2,0.0166667,55,0.458333,33.83,0.02,203,146,0.0015,0.0026,0.0034,0.005,0.006,0.0071,0.0083,0.0107,27.07,0.03,0,,,,,,,,,"wrist"
"IZTECH_S016","IZTECH_S016_w","2025-05-06 17:20:19",FALSE,0,32.88,1,707,5.89167,3,0.025,56,0.466667,32.23,0.02,132,142,0.0014,0.0024,0.0032,0.0047,0.0056,0.0066,0.0079,0.0101,25.92,0.03,0,,,,,,,,,"wrist"
"IZTECH_S016","IZTECH_S016_w","2025-05-06 17:22:19",FALSE,0,32.88,1,306,2.55,0,0,23,0.191667,39.21,0.02,147,144,0.0017,0.0029,0.0039,0.0057,0.0068,0.008,0.0095,0.0121,31.76,0.04,0,,,,,,,,,"wrist"
"IZTECH_S016","IZTECH_S016_w","2025-05-06 17:24:19",FALSE,0,32.44,8,634,5.28333,3,0.025,33,0.275,24.57,0.01,214,170,0.0011,0.0019,0.0025,0.0036,0.0043,0.0051,0.006,0.0079,19.85,0.02,0,,,,,,,,,"wrist"
"IZTECH_S016","IZTECH_S016_w","2025-05-06 17:26:19",FALSE,0,32.25,8,666,5.55,0,0,30,0.25,39.95,0.02,215,170,0.0017,0.003,0.004,0.0058,0.0069,0.0081,0.0096,0.0123,32.63,0.04,0,,,,,,,,,"wrist"
"IZTECH_S016","IZTECH_S016_w","2025-05-06 17:28:19",FALSE,0,32.38,8,920,7.66667,15,0.125,51,0.425,38.01,0.02,209,166,0.0016,0.0028,0.0038,0.0055,0.0066,0.0078,0.0092,0.0118,30.68,0.03,0,,,,,,,,,"wrist"
"IZTECH_S016","IZTECH_S016_w","2025-05-06 17:30:19",FALSE,0,33.06,1,3968,33.0667,129,1.075,167,1.39167,5.28,0,150,96,2e-04,4e-04,6e-04,8e-04,9e-04,0.0011,0.0013,0.0018,4.34,0.01,0,,,,,,,,,"wrist"
"IZTECH_S016","IZTECH_S016_w","2025-05-06 17:32:19",FALSE,0,32.81,16,2204,18.3667,76,0.633333,97,0.808333,7.26,0.01,153,98,3e-04,7e-04,9e-04,0.0012,0.0013,0.0016,0.0019,0.0028,6.08,0.01,0,,,,,,,,,"wrist"
"IZTECH_S016","IZTECH_S016_w","2025-05-06 17:34:19",FALSE,0,32.69,1,1919,15.9917,67,0.558333,84,0.7,18.64,0.01,181,150,8e-04,0.0015,0.0019,0.0028,0.0033,0.0039,0.0046,0.0061,15.05,0.02,0,,,,,,,,,"wrist"
"IZTECH_S016","IZTECH_S016_w","2025-05-06 17:36:19",FALSE,0,32.75,4,9688,80.7333,305,2.54167,469,3.90833,31.81,0.02,192,166,0.0014,0.0024,0.0031,0.0046,0.0055,0.0066,0.008,0.0103,25.05,0.03,0,,,,,,,,,"wrist"
"IZTECH_S016","IZTECH_S016_w","2025-05-06 17:38:19",FALSE,0,32.62,4,7518,62.65,173,1.44167,406,3.38333,96.2,0.06,140,106,0.0042,0.0071,0.0096,0.0138,0.0167,0.0202,0.0251,0.0334,75.7,0.09,0,,,,,,,,,"wrist"
"IZTECH_S016","IZTECH_S016_w","2025-05-06 17:40:19",FALSE,0,32.25,1,11216,93.4667,274,2.28333,719,5.99167,182.95,0.1,207,154,0.0079,0.0134,0.0178,0.0262,0.0316,0.0381,0.0469,0.0613,143.95,0.17,0,,,,,,,,,"wrist"
"IZTECH_S016","IZTECH_S016_w","2025-05-06 17:42:19",FALSE,0,32.25,16,6255,52.125,131,1.09167,393,3.275,721.46,0.32,195,138,0.0215,0.0361,0.0493,0.0702,0.1355,0.1581,0.1954,0.2463,355.99,0.57,0,,,,,,,,,"wrist"
"IZTECH_S016","IZTECH_S016_w","2025-05-06 17:44:19",FALSE,0,32,16,6115,50.9583,157,1.30833,301,2.50833,247.7,0.14,213,167,0.0107,0.0179,0.0237,0.0348,0.0432,0.052,0.0647,0.085,188.73,0.23,0,,,,,,,,,"wrist"
"IZTECH_S016","IZTECH_S016_w","2025-05-06 17:46:19",FALSE,0,32.12,16,9632,80.2667,319,2.65833,477,3.975,193.07,0.11,210,166,0.0088,0.0148,0.0195,0.0289,0.0331,0.0397,0.0492,0.0654,159.17,0.18,0,,,,,,,,,"wrist"
"IZTECH_S016","IZTECH_S016_w","2025-05-06 17:48:19",FALSE,0,31.88,1,11380,94.8333,340,2.83333,600,5,229.59,0.14,213,164,0.0102,0.0169,0.0221,0.0331,0.0403,0.0482,0.0596,0.0801,175.57,0.22,0,,,,,,,,,"wrist"
"IZTECH_S016","IZTECH_S016_w","2025-05-06 17:50:19",FALSE,0,31.94,1,5082,42.35,156,1.3,247,2.05833,243.35,0.12,184,156,0.0101,0.0172,0.0229,0.034,0.0418,0.0502,0.0617,0.0796,189.03,0.21,0,,,,,,,,,"wrist"
"IZTECH_S016","IZTECH_S016_w","2025-05-06 17:52:19",FALSE,0,31.88,1,1188,9.9,16,0.133333,58,0.483333,258.83,0.13,181,150,0.0108,0.0185,0.0245,0.0364,0.0443,0.0533,0.0655,0.0846,203.32,0.23,0,,,,,,,,,"wrist"
"IZTECH_S016","IZTECH_S016_w","2025-05-06 17:54:19",FALSE,0,32,1,1515,12.625,34,0.283333,87,0.725,258.19,0.13,185,153,0.0108,0.0184,0.0244,0.0361,0.0443,0.0533,0.0655,0.0847,201.69,0.23,0,,,,,,,,,"wrist"
"IZTECH_S016","IZTECH_S016_w","2025-05-06 17:56:19",FALSE,0,32.19,8,4201,35.0083,93,0.775,253,2.10833,564.29,0.33,173,144,0.0251,0.0421,0.0567,0.0813,0.0974,0.1161,0.1441,0.1872,456.39,0.52,0,,,,,,,,,"wrist"
"IZTECH_S016","IZTECH_S016_w","2025-05-06 17:58:19",FALSE,0,31.94,16,5442,45.35,112,0.933333,273,2.275,213.46,0.12,210,162,0.0091,0.0153,0.0202,0.03,0.0371,0.0447,0.0555,0.0732,162.08,0.2,0,,,,,,,,,"wrist"
"IZTECH_S016","IZTECH_S016_w","2025-05-06 18:00:19",FALSE,0,31.94,16,4223,35.1917,60,0.5,294,2.45,187.79,0.1,206,158,0.0079,0.0134,0.0177,0.0265,0.0327,0.0394,0.0489,0.0644,141.94,0.17,0,,,,,,,,,"wrist"
"IZTECH_S016","IZTECH_S016_w","2025-05-06 18:02:19",FALSE,0,31.75,1,12529,104.408,357,2.975,619,5.15833,235.1,0.12,212,154,0.0102,0.0174,0.0233,0.0341,0.0401,0.0477,0.059,0.0764,193.51,0.21,0,,,,,,,,,"wrist"
"IZTECH_S016","IZTECH_S016_w","2025-05-06 18:04:19",FALSE,0,31.44,8,1398,11.65,25,0.208333,75,0.625,27.31,0.02,213,167,0.0012,0.002,0.0027,0.004,0.0048,0.0057,0.0069,0.009,21.3,0.03,0,,,,,,,,,"wrist"
"IZTECH_S016","IZTECH_S016_w","2025-05-06 18:06:19",FALSE,0,31.5,1,754,6.28333,12,0.1,53,0.441667,27.37,0.02,215,160,0.0012,0.002,0.0027,0.004,0.0048,0.0057,0.0069,0.0089,21.31,0.03,0,,,,,,,,,"wrist"
"IZTECH_S016","IZTECH_S016_w","2025-05-06 18:08:19",FALSE,0,31.31,8,433,3.60833,0,0,27,0.225,27.26,0.02,212,166,0.0012,0.002,0.0027,0.004,0.0048,0.0057,0.0069,0.0089,21.18,0.03,0,,,,,,,,,"wrist"
"IZTECH_S016","IZTECH_S016_w","2025-05-06 18:10:19",FALSE,0,31.31,8,188,1.56667,0,0,11,0.0916667,26.69,0.02,205,162,0.0012,0.002,0.0027,0.0039,0.0047,0.0056,0.0068,0.0088,20.71,0.03,0,,,,,,,,,"wrist"
"IZTECH_S016","IZTECH_S016_w","2025-05-06 18:12:19",FALSE,0,31.19,8,279,2.325,0,0,21,0.175,25.37,0.02,212,166,0.0011,0.0019,0.0025,0.0037,0.0045,0.0053,0.0065,0.0084,19.7,0.02,0,,,,,,,,,"wrist"
"IZTECH_S016","IZTECH_S016_w","2025-05-06 18:14:19",FALSE,0,31.56,8,4509,37.575,143,1.19167,232,1.93333,23.33,0.01,206,145,0.001,0.0017,0.0023,0.0034,0.0041,0.0049,0.0059,0.0077,18.13,0.02,0,,,,,,,,,"wrist"
"IZTECH_S016","IZTECH_S016_w","2025-05-06 18:16:19",FALSE,0,31.81,8,4208,35.0667,113,0.941667,218,1.81667,22.41,0.01,194,116,0.001,0.0017,0.0022,0.0033,0.0039,0.0046,0.0057,0.0074,18.05,0.02,0,,,,,,,,,"wrist"
"IZTECH_S016","IZTECH_S016_w","2025-05-06 18:18:19",FALSE,0,31.88,8,3094,25.7833,110,0.916667,124,1.03333,28.67,0.02,182,101,0.0012,0.0022,0.0029,0.0042,0.005,0.0059,0.0072,0.0094,22.96,0.03,0,,,,,,,,,"wrist"
"IZTECH_S016","IZTECH_S016_w","2025-05-06 18:20:19",FALSE,0,32,8,556,4.63333,0,0,28,0.233333,22.03,0.01,183,98,9e-04,0.0016,0.0022,0.0032,0.0039,0.0046,0.0057,0.0074,17.1,0.02,0,,,,,,,,,"wrist"
"IZTECH_S016","IZTECH_S016_w","2025-05-06 18:22:19",FALSE,0,32.12,8,490,4.08333,2,0.0166667,28,0.233333,23.27,0.01,184,98,0.001,0.0017,0.0023,0.0034,0.0041,0.0049,0.006,0.0079,17.94,0.02,0,,,,,,,,,"wrist"
"IZTECH_S016","IZTECH_S016_w","2025-05-06 18:24:19",FALSE,0,32,16,2667,22.225,49,0.408333,158,1.31667,13.79,0.01,216,154,6e-04,0.001,0.0014,0.002,0.0024,0.0029,0.0036,0.0048,10.63,0.01,0,,,,,,,,,"wrist"
"IZTECH_S016","IZTECH_S016_w","2025-05-06 18:26:19",FALSE,0,32.12,8,856,7.13333,16,0.133333,51,0.425,0.46,0,194,134,0,1e-04,1e-04,1e-04,1e-04,2e-04,3e-04,5e-04,0.12,0,0,,,,,,,,,"wrist"
"IZTECH_S016","IZTECH_S016_w","2025-05-06 18:28:19",FALSE,0,32,32,3875,32.2917,103,0.858333,202,1.68333,18.86,0.01,209,158,8e-04,0.0014,0.0019,0.0027,0.0033,0.0039,0.0049,0.0066,14.66,0.02,0,,,,,,,,,"wrist"
"IZTECH_S016","IZTECH_S016_w","2025-05-06 18:30:19",FALSE,0,32.38,8,449,3.74167,1,0.00833333,30,0.25,25.82,0.02,209,144,0.0011,0.0019,0.0026,0.0038,0.0045,0.0053,0.0066,0.0086,20.43,0.02,0,,,,,,,,,"wrist"
"IZTECH_S016","IZTECH_S016_w","2025-05-06 18:32:19",FALSE,0,32.38,8,1068,8.9,2,0.0166667,71,0.591667,22.39,0.01,210,142,0.001,0.0017,0.0023,0.0033,0.0039,0.0046,0.0056,0.0072,18.22,0.02,0,,,,,,,,,"wrist"
"IZTECH_S016","IZTECH_S016_w","2025-05-06 18:34:19",FALSE,0,32.5,8,833,6.94167,1,0.00833333,52,0.433333,24.01,0.01,206,142,0.001,0.0018,0.0024,0.0035,0.0042,0.0049,0.0061,0.0079,19.2,0.02,0,,,,,,,,,"wrist"
"IZTECH_S016","IZTECH_S016_w","2025-05-06 18:36:19",FALSE,0,32.56,8,2242,18.6833,65,0.541667,109,0.908333,11.9,0.01,206,140,5e-04,9e-04,0.0012,0.0018,0.0021,0.0025,0.0031,0.0041,9.29,0.01,0,,,,,,,,,"wrist"
"IZTECH_S016","IZTECH_S016_w","2025-05-06 18:38:19",FALSE,0,32.69,8,2486,20.7167,71,0.591667,140,1.16667,7.39,0,212,150,3e-04,5e-04,7e-04,0.001,0.0013,0.0016,0.002,0.0027,5.22,0.01,0,,,,,,,,,"wrist"
"IZTECH_S016","IZTECH_S016_w","2025-05-06 18:40:19",FALSE,0,32.75,1,2747,22.8917,67,0.558333,171,1.425,15.99,0.01,196,123,7e-04,0.0012,0.0016,0.0024,0.0028,0.0033,0.0041,0.0055,13.11,0.02,0,,,,,,,,,"wrist"
"IZTECH_S016","IZTECH_S016_w","2025-05-06 18:42:19",FALSE,0,33,1,3251,27.0917,99,0.825,175,1.45833,24.51,0.01,212,163,0.001,0.0019,0.0025,0.0036,0.0042,0.0049,0.0061,0.0079,20.48,0.02,0,,,,,,,,,"wrist"
"IZTECH_S016","IZTECH_S016_w","2025-05-06 18:44:19",FALSE,0,32.81,8,2556,21.3,58,0.483333,165,1.375,31.7,0.01,213,158,0.0013,0.0024,0.0032,0.0046,0.0054,0.0063,0.0077,0.0098,26.59,0.03,0,,,,,,,,,"wrist"
"IZTECH_S016","IZTECH_S016_w","2025-05-06 18:46:19",FALSE,0,32.75,1,226,1.88333,0,0,14,0.116667,16.41,0.01,181,128,7e-04,0.0012,0.0016,0.0024,0.0028,0.0033,0.0041,0.0055,13.38,0.02,0,,,,,,,,,"wrist"
"IZTECH_S016","IZTECH_S016_w","2025-05-06 18:48:19",FALSE,0,33,1,4770,39.75,126,1.05,287,2.39167,3.89,0,158,98,1e-04,3e-04,4e-04,6e-04,7e-04,9e-04,0.0011,0.0015,2.83,0,0,,,,,,,,,"wrist"
"IZTECH_S016","IZTECH_S016_w","2025-05-06 18:50:19",FALSE,0,33,1,8444,70.3667,222,1.85,464,3.86667,1.33,0,198,130,0,1e-04,2e-04,2e-04,3e-04,3e-04,5e-04,6e-04,0.66,0,0,,,,,,,,,"wrist"
"IZTECH_S016","IZTECH_S016_w","2025-05-06 18:52:19",FALSE,0,32.94,8,6385,53.2083,155,1.29167,350,2.91667,5.83,0,135,139,2e-04,4e-04,5e-04,8e-04,0.001,0.0012,0.0016,0.0018,4.19,0.01,0,,,,,,,,,"wrist"
"IZTECH_S016","IZTECH_S016_w","2025-05-06 18:54:19",FALSE,0,33.06,8,484,4.03333,0,0,14,0.116667,6.29,0,128,128,1e-04,4e-04,4e-04,9e-04,0.0012,0.0011,0.0014,0.0014,3.99,0,0,,,,,,,,,"wrist"
"IZTECH_S016","IZTECH_S016_w","2025-05-06 18:56:19",FALSE,0,33.19,8,189,1.575,0,0,12,0.1,5.84,0,130,134,1e-04,4e-04,4e-04,8e-04,0.0011,0.0011,0.0013,0.0013,3.77,0,0,,,,,,,,,"wrist"
"IZTECH_S016","IZTECH_S016_w","2025-05-06 18:58:19",FALSE,0,33.25,8,656,5.46667,1,0.00833333,33,0.275,6.28,0,128,128,1e-04,4e-04,4e-04,9e-04,0.0011,0.0011,0.0014,0.0014,4.09,0,0,,,,,,,,,"wrist"
"IZTECH_S016","IZTECH_S016_w","2025-05-06 19:00:19",FALSE,0,33.25,8,957,7.975,22,0.183333,56,0.466667,5.74,0,129,134,1e-04,4e-04,4e-04,8e-04,0.001,0.001,0.0014,0.0013,3.65,0,0,,,,,,,,,"wrist"
"IZTECH_S016","IZTECH_S016_w","2025-05-06 19:02:19",FALSE,0,33.44,8,3569,29.7417,81,0.675,230,1.91667,5.04,0,159,122,1e-04,3e-04,4e-04,7e-04,9e-04,9e-04,0.0012,0.0013,3.4,0,0,,,,,,,,,"wrist"
"IZTECH_S016","IZTECH_S016_w","2025-05-06 19:04:19",FALSE,0,33.56,16,1591,13.2583,1,0.00833333,168,1.4,4.38,0,139,107,2e-04,3e-04,4e-04,7e-04,8e-04,9e-04,0.0011,0.0014,3.17,0,0,,,,,,,,,"wrist"
"IZTECH_S016","IZTECH_S016_w","2025-05-06 19:06:19",FALSE,0,33.69,16,2000,16.6667,29,0.241667,146,1.21667,4.71,0,144,110,2e-04,3e-04,4e-04,7e-04,9e-04,0.001,0.0012,0.0015,3.26,0,0,,,,,,,,,"wrist"
"IZTECH_S016","IZTECH_S016_w","2025-05-06 19:08:19",FALSE,0,33.69,16,1734,14.45,25,0.208333,118,0.983333,4.61,0,139,107,2e-04,3e-04,4e-04,7e-04,8e-04,9e-04,0.0012,0.0015,3.3,0,0,,,,,,,,,"wrist"
"IZTECH_S016","IZTECH_S016_w","2025-05-06 19:10:19",FALSE,0,33.75,16,1453,12.1083,7,0.0583333,134,1.11667,4.69,0,145,114,1e-04,3e-04,4e-04,7e-04,9e-04,9e-04,0.0012,0.0015,3.24,0,0,,,,,,,,,"wrist"
"IZTECH_S016","IZTECH_S016_w","2025-05-06 19:12:19",FALSE,0,33.5,16,1408,11.7333,11,0.0916667,99,0.825,4.66,0,128,128,1e-04,3e-04,4e-04,7e-04,8e-04,9e-04,0.0012,0.0013,3.38,0,0,,,,,,,,,"wrist"
"IZTECH_S016","IZTECH_S016_w","2025-05-06 19:14:19",FALSE,0,33.56,1,1473,12.275,3,0.025,103,0.858333,5.46,0,128,115,1e-04,3e-04,4e-04,8e-04,0.001,9e-04,0.0012,0.0011,3.84,0,0,,,,,,,,,"wrist"
"IZTECH_S016","IZTECH_S016_w","2025-05-06 19:16:19",FALSE,0,33.69,16,2065,17.2083,14,0.116667,180,1.5,4.09,0,134,104,1e-04,3e-04,3e-04,6e-04,7e-04,8e-04,0.001,0.0012,2.82,0,0,,,,,,,,,"wrist"
"IZTECH_S016","IZTECH_S016_w","2025-05-06 19:18:19",FALSE,0,33.81,16,1209,10.075,1,0.00833333,117,0.975,3.88,0,137,107,1e-04,3e-04,3e-04,6e-04,7e-04,8e-04,0.001,0.0012,2.77,0,0,,,,,,,,,"wrist"
"IZTECH_S016","IZTECH_S016_w","2025-05-06 19:20:19",FALSE,0,33.88,16,1421,11.8417,4,0.0333333,143,1.19167,3.83,0,138,105,1e-04,2e-04,3e-04,6e-04,7e-04,7e-04,0.001,0.0012,2.63,0,0,,,,,,,,,"wrist"
"IZTECH_S016","IZTECH_S016_w","2025-05-06 19:22:19",FALSE,0,33.81,16,1863,15.525,23,0.191667,149,1.24167,3.57,0,144,115,1e-04,2e-04,3e-04,6e-04,6e-04,7e-04,0.001,0.0011,2.42,0,0,,,,,,,,,"wrist"
"IZTECH_S016","IZTECH_S016_w","2025-05-06 19:24:19",FALSE,0,33.69,8,1985,16.5417,16,0.133333,125,1.04167,4.32,0,128,123,1e-04,3e-04,3e-04,6e-04,8e-04,7e-04,9e-04,9e-04,2.7,0,0,,,,,,,,,"wrist"
"IZTECH_S016","IZTECH_S016_w","2025-05-06 19:26:19",FALSE,0,33.69,8,1141,9.50833,13,0.108333,59,0.491667,4.44,0,128,131,0,3e-04,3e-04,6e-04,8e-04,8e-04,0.001,9e-04,2.73,0,0,,,,,,,,,"wrist"
"IZTECH_S016","IZTECH_S016_w","2025-05-06 19:28:19",FALSE,0,33.88,16,1575,13.125,17,0.141667,121,1.00833,3.51,0,137,110,1e-04,2e-04,3e-04,5e-04,6e-04,6e-04,8e-04,9e-04,2.43,0,0,,,,,,,,,"wrist"
"IZTECH_S016","IZTECH_S016_w","2025-05-06 19:30:19",FALSE,0,33.94,16,1254,10.45,13,0.108333,110,0.916667,2.71,0,148,118,1e-04,2e-04,2e-04,4e-04,5e-04,5e-04,7e-04,8e-04,1.77,0,0,,,,,,,,,"wrist"
"IZTECH_S016","IZTECH_S016_w","2025-05-06 19:32:19",FALSE,0,34,16,1694,14.1167,7,0.0583333,159,1.325,2.73,0,145,115,0,2e-04,2e-04,4e-04,5e-04,5e-04,7e-04,7e-04,1.72,0,0,,,,,,,,,"wrist"
"IZTECH_S016","IZTECH_S016_w","2025-05-06 19:34:19",FALSE,0,33.88,16,2000,16.6667,19,0.158333,151,1.25833,3.31,0,128,121,1e-04,2e-04,2e-04,5e-04,6e-04,6e-04,7e-04,7e-04,2.35,0,0,,,,,,,,,"wrist"
"IZTECH_S016","IZTECH_S016_w","2025-05-06 19:36:19",FALSE,0,33.88,8,1008,8.4,7,0.0583333,64,0.533333,3.65,0,128,123,1e-04,2e-04,2e-04,5e-04,7e-04,6e-04,8e-04,6e-04,2.24,0,0,,,,,,,,,"wrist"
"IZTECH_S016","IZTECH_S016_w","2025-05-06 19:38:19",FALSE,0,34.12,16,2094,17.45,26,0.216667,168,1.4,2.79,0,138,107,0,2e-04,2e-04,4e-04,5e-04,4e-04,6e-04,5e-04,1.75,0,0,,,,,,,,,"wrist"
"IZTECH_S016","IZTECH_S016_w","2025-05-06 19:40:19",FALSE,0,34.12,16,2139,17.825,35,0.291667,179,1.49167,1.73,0,136,103,0,1e-04,1e-04,3e-04,3e-04,3e-04,4e-04,4e-04,1.06,0,0,,,,,,,,,"wrist"
"IZTECH_S016","IZTECH_S016_w","2025-05-06 19:42:19",FALSE,0,34,16,2280,19,40,0.333333,192,1.6,1.66,0,160,120,0,1e-04,1e-04,2e-04,3e-04,3e-04,4e-04,4e-04,1.05,0,0,,,,,,,,,"wrist"
"IZTECH_S016","IZTECH_S016_w","2025-05-06 19:44:19",FALSE,0,33.88,16,8268,68.9,211,1.75833,512,4.26667,0.87,0,128,111,0,1e-04,1e-04,2e-04,2e-04,2e-04,2e-04,3e-04,0.7,0,0,,,,,,,,,"wrist"
"IZTECH_S016","IZTECH_S016_w","2025-05-06 19:46:19",FALSE,0,33.81,1,2083,17.3583,66,0.55,105,0.875,1.9,0,153,98,1e-04,1e-04,2e-04,3e-04,3e-04,3e-04,5e-04,7e-04,1.64,0,0,,,,,,,,,"wrist"
"IZTECH_S016","IZTECH_S016_w","2025-05-06 19:48:19",FALSE,0,33.75,1,2688,22.4,62,0.516667,152,1.26667,0.99,0,136,139,0,1e-04,1e-04,2e-04,2e-04,2e-04,3e-04,4e-04,0.76,0,0,,,,,,,,,"wrist"
"IZTECH_S016","IZTECH_S016_w","2025-05-06 19:50:19",FALSE,0,33.56,1,1513,12.6083,40,0.333333,43,0.358333,0.14,0,130,139,0,0,0,0,0,0,1e-04,1e-04,0.07,0,0,,,,,,,,,"wrist"
"IZTECH_S016","IZTECH_S016_w","2025-05-06 19:52:19",FALSE,0,33.94,16,118,0.983333,2,0.0166667,11,0.0916667,0.3,0,128,111,0,0,1e-04,1e-04,1e-04,1e-04,1e-04,2e-04,0.05,0,0,,,,,,,,,"wrist"
"IZTECH_S016","IZTECH_S016_w","2025-05-06 19:54:19",FALSE,0,34,1,846,7.05,23,0.191667,45,0.375,0.74,0,131,128,0,1e-04,1e-04,1e-04,1e-04,1e-04,2e-04,3e-04,0.71,0,0,,,,,,,,,"wrist"
"IZTECH_S016","IZTECH_S016_w","2025-05-06 19:56:19",FALSE,0,33.81,1,10996,91.6333,279,2.325,526,4.38333,4.18,0,128,128,1e-04,2e-04,3e-04,5e-04,7e-04,9e-04,0.0011,9e-04,2.54,0,0,,,,,,,,,"wrist"
"IZTECH_S016","IZTECH_S016_w","2025-05-06 19:58:19",FALSE,0,33.81,1,5433,45.275,59,0.491667,387,3.225,6.86,0,130,107,1e-04,4e-04,4e-04,8e-04,0.0011,0.0013,0.0015,9e-04,4.76,0,0,,,,,,,,,"wrist"
"IZTECH_S016","IZTECH_S016_w","2025-05-06 20:00:19",FALSE,0,33.62,4,15072,125.6,391,3.25833,737,6.14167,3.42,0,128,105,0,1e-04,2e-04,3e-04,6e-04,8e-04,0.001,8e-04,1.47,0,0,,,,,,,,,"wrist"
"IZTECH_S016","IZTECH_S016_w","2025-05-06 20:02:19",FALSE,0,33.44,1,15886,132.383,501,4.175,866,7.21667,2.92,0,143,102,0,1e-04,2e-04,3e-04,5e-04,7e-04,7e-04,6e-04,1.6,0,0,,,,,,,,,"wrist"
"IZTECH_S016","IZTECH_S016_w","2025-05-06 20:04:19",FALSE,0,33.5,16,2342,19.5167,31,0.258333,174,1.45,12.23,0,137,99,1e-04,6e-04,7e-04,0.0013,0.0019,0.0026,0.0026,0.0016,7.57,0.01,0,,,,,,,,,"wrist"
"IZTECH_S016","IZTECH_S016_w","2025-05-06 20:06:19",FALSE,0,33.75,16,3337,27.8083,79,0.658333,231,1.925,13.12,0,140,111,1e-04,6e-04,7e-04,0.0014,0.0021,0.0028,0.0028,0.0017,8.21,0.01,0,,,,,,,,,"wrist"
"IZTECH_S016","IZTECH_S016_w","2025-05-06 20:08:19",FALSE,0,33.81,16,917,7.64167,2,0.0166667,87,0.725,13.25,0,137,102,1e-04,6e-04,7e-04,0.0014,0.0021,0.0028,0.0028,0.0017,8.25,0.01,0,,,,,,,,,"wrist"
"IZTECH_S016","IZTECH_S016_w","2025-05-06 20:10:19",FALSE,0,33.69,8,9866,82.2167,238,1.98333,541,4.50833,77.61,0,128,118,0.0017,0.0075,0.0037,0.009,0.0135,0.0135,0.0097,0.0052,63.4,0.03,0,,,,,,,,,"wrist"
"IZTECH_S016","IZTECH_S016_w","2025-05-06 20:12:19",FALSE,0,33.56,16,8654,72.1167,159,1.325,509,4.24167,6.91,0,137,98,1e-04,3e-04,4e-04,8e-04,0.0011,0.0014,0.0015,9e-04,4.41,0,0,,,,,,,,,"wrist"
"IZTECH_S016","IZTECH_S016_w","2025-05-06 20:14:19",FALSE,0,33.38,16,8510,70.9167,199,1.65833,491,4.09167,8.21,0,134,118,1e-04,4e-04,4e-04,9e-04,0.0013,0.0017,0.0018,0.001,5.11,0,0,,,,,,,,,"wrist"
"IZTECH_S016","IZTECH_S016_w","2025-05-06 20:16:19",FALSE,0,33.56,16,2153,17.9417,48,0.4,145,1.20833,10.65,0,137,99,1e-04,5e-04,6e-04,0.0011,0.0017,0.0023,0.0023,0.0014,6.45,0,0,,,,,,,,,"wrist"
"IZTECH_S016","IZTECH_S016_w","2025-05-06 20:18:19",FALSE,0,33.75,16,1561,13.0083,16,0.133333,127,1.05833,13.13,0,142,103,1e-04,6e-04,7e-04,0.0014,0.0021,0.0028,0.0028,0.0017,8.08,0.01,0,,,,,,,,,"wrist"
"IZTECH_S016","IZTECH_S016_w","2025-05-06 20:20:19",FALSE,0,33.94,16,1101,9.175,0,0,102,0.85,13.63,0,136,99,1e-04,6e-04,7e-04,0.0014,0.0022,0.0029,0.0029,0.0017,8.46,0.01,0,,,,,,,,,"wrist"
"IZTECH_S016","IZTECH_S016_w","2025-05-06 20:22:19",FALSE,0,33.75,16,5116,42.6333,157,1.30833,278,2.31667,10.29,0,131,123,1e-04,5e-04,5e-04,0.0011,0.0016,0.0022,0.0023,0.0013,6.24,0,0,,,,,,,,,"wrist"
"IZTECH_S016","IZTECH_S016_w","2025-05-06 20:24:19",FALSE,0,33.62,8,8960,74.6667,280,2.33333,356,2.96667,8.3,0,134,137,1e-04,4e-04,5e-04,8e-04,0.0013,0.0018,0.0018,0.0011,5.04,0,0,,,,,,,,,"wrist"
"IZTECH_S016","IZTECH_S016_w","2025-05-06 20:26:19",FALSE,0,33.81,8,4444,37.0333,100,0.833333,135,1.125,6.13,0,132,132,0,2e-04,3e-04,6e-04,0.001,0.0013,0.0014,8e-04,3.62,0,0,,,,,,,,,"wrist"
"IZTECH_S016","IZTECH_S016_w","2025-05-06 20:28:19",FALSE,0,33.88,16,3582,29.85,123,1.025,173,1.44167,7.78,0,129,97,1e-04,3e-04,4e-04,8e-04,0.0012,0.0017,0.0017,0.001,4.61,0,0,,,,,,,,,"wrist"
"IZTECH_S016","IZTECH_S016_w","2025-05-06 20:30:19",FALSE,0,33.88,16,594,4.95,7,0.0583333,38,0.316667,9.87,0,128,135,1e-04,4e-04,5e-04,0.0011,0.0016,0.002,0.0021,0.0012,6.07,0,0,,,,,,,,,"wrist"
"IZTECH_S016","IZTECH_S016_w","2025-05-06 20:32:19",FALSE,0,34.06,16,1606,13.3833,38,0.316667,92,0.766667,12.53,0,137,110,1e-04,6e-04,7e-04,0.0013,0.002,0.0025,0.0027,0.0015,7.79,0.01,0,,,,,,,,,"wrist"
"IZTECH_S016","IZTECH_S016_w","2025-05-06 20:34:19",FALSE,0,34.19,16,3363,28.025,89,0.741667,230,1.91667,12.81,0,140,102,1e-04,7e-04,7e-04,0.0015,0.0021,0.0024,0.0027,0.0014,8.79,0.01,0,,,,,,,,,"wrist"
"IZTECH_S016","IZTECH_S016_w","2025-05-06 20:36:19",FALSE,0,34.19,16,2401,20.0083,32,0.266667,159,1.325,13.82,0,156,105,1e-04,6e-04,8e-04,0.0015,0.0022,0.0029,0.003,0.0018,8.62,0.01,0,,,,,,,,,"wrist"
"IZTECH_S016","IZTECH_S016_w","2025-05-06 20:38:19",FALSE,0,34.19,16,1419,11.825,4,0.0333333,152,1.26667,13.62,0,138,103,1e-04,6e-04,8e-04,0.0014,0.0021,0.0029,0.0029,0.0017,8.44,0.01,0,,,,,,,,,"wrist"
"IZTECH_S016","IZTECH_S016_w","2025-05-06 20:40:19",FALSE,0,34.19,16,1171,9.75833,2,0.0166667,119,0.991667,13.36,0,134,106,1e-04,6e-04,7e-04,0.0014,0.0021,0.0028,0.0029,0.0017,8.21,0.01,0,,,,,,,,,"wrist"
"IZTECH_S016","IZTECH_S016_w","2025-05-06 20:42:19",FALSE,0,34.25,16,2323,19.3583,28,0.233333,199,1.65833,13.17,0,134,99,1e-04,6e-04,7e-04,0.0014,0.0021,0.0028,0.0028,0.0017,8.01,0.01,0,,,,,,,,,"wrist"
"IZTECH_S016","IZTECH_S016_w","2025-05-06 20:44:19",FALSE,0,34.12,16,2086,17.3833,44,0.366667,137,1.14167,11.85,0,134,121,1e-04,5e-04,6e-04,0.0013,0.0019,0.0025,0.0026,0.0015,7.3,0.01,0,,,,,,,,,"wrist"
"IZTECH_S016","IZTECH_S016_w","2025-05-06 20:46:19",FALSE,0,34.19,16,2417,20.1417,30,0.25,165,1.375,12.55,0,134,105,1e-04,6e-04,7e-04,0.0013,0.002,0.0026,0.0027,0.0016,7.75,0.01,0,,,,,,,,,"wrist"
"IZTECH_S016","IZTECH_S016_w","2025-05-06 20:48:19",FALSE,0,34.19,16,1061,8.84167,1,0.00833333,102,0.85,13.57,0,135,102,1e-04,6e-04,7e-04,0.0014,0.0021,0.0029,0.0029,0.0017,8.43,0.01,0,,,,,,,,,"wrist"
"IZTECH_S016","IZTECH_S016_w","2025-05-06 20:50:19",FALSE,0,34.19,16,1711,14.2583,19,0.158333,119,0.991667,13.78,0,134,104,1e-04,6e-04,8e-04,0.0014,0.0022,0.0029,0.0029,0.0017,8.54,0.01,0,,,,,,,,,"wrist"
"IZTECH_S016","IZTECH_S016_w","2025-05-06 20:52:19",FALSE,0,34.25,16,968,8.06667,3,0.025,79,0.658333,14.2,0,136,99,1e-04,6e-04,8e-04,0.0015,0.0022,0.003,0.0031,0.0018,8.86,0.01,0,,,,,,,,,"wrist"
"IZTECH_S016","IZTECH_S016_w","2025-05-06 20:54:19",FALSE,0,34,16,3634,30.2833,71,0.591667,207,1.725,13.35,0,128,123,1e-04,7e-04,8e-04,0.0015,0.0021,0.0027,0.0029,0.0016,8.84,0.01,0,,,,,,,,,"wrist"
"IZTECH_S016","IZTECH_S016_w","2025-05-06 20:56:19",FALSE,0,34.19,16,1619,13.4917,12,0.1,120,1,9.1,0,125,111,1e-04,4e-04,5e-04,0.001,0.0015,0.0019,0.002,0.0011,5.69,0,0,,,,,,,,,"wrist"
"IZTECH_S016","IZTECH_S016_w","2025-05-06 20:58:19",FALSE,0,34,1,2905,24.2083,53,0.441667,198,1.65,2.96,0,144,143,0,1e-04,1e-04,3e-04,5e-04,6e-04,7e-04,4e-04,1.42,0,0,,,,,,,,,"wrist"
"IZTECH_S016","IZTECH_S016_w","2025-05-06 21:00:19",FALSE,0,33.81,8,3647,30.3917,57,0.475,265,2.20833,7.71,0,163,118,1e-04,4e-04,4e-04,8e-04,0.0013,0.0015,0.0016,0.001,4.66,0,0,,,,,,,,,"wrist"
"IZTECH_S016","IZTECH_S016_w","2025-05-06 21:02:19",FALSE,0,33.88,8,3166,26.3833,48,0.4,211,1.75833,7.3,0,131,115,1e-04,3e-04,4e-04,8e-04,0.0012,0.0015,0.0016,9e-04,4.26,0,0,,,,,,,,,"wrist"
"IZTECH_S016","IZTECH_S016_w","2025-05-06 21:04:19",FALSE,0,33.75,1,2617,21.8083,59,0.491667,178,1.48333,6.09,0,128,128,0,3e-04,3e-04,7e-04,0.001,0.0011,0.0013,7e-04,3.77,0,0,,,,,,,,,"wrist"
"IZTECH_S016","IZTECH_S016_w","2025-05-06 21:06:19",FALSE,0,33.81,16,1344,11.2,22,0.183333,90,0.75,11.32,0,136,99,1e-04,6e-04,6e-04,0.0013,0.0018,0.0023,0.0024,0.0013,7.36,0,0,,,,,,,,,"wrist"
"IZTECH_S016","IZTECH_S016_w","2025-05-06 21:08:19",FALSE,0,33.81,16,1760,14.6667,22,0.183333,155,1.29167,11.32,0,141,97,1e-04,5e-04,6e-04,0.0012,0.0018,0.0024,0.0024,0.0014,7.04,0,0,,,,,,,,,"wrist"
"IZTECH_S016","IZTECH_S016_w","2025-05-06 21:10:19",FALSE,0,33.31,8,2611,21.7583,58,0.483333,166,1.38333,8.15,0,147,134,1e-04,4e-04,4e-04,9e-04,0.0013,0.0016,0.0017,9e-04,4.89,0,0,,,,,,,,,"wrist"
"IZTECH_S016","IZTECH_S016_w","2025-05-06 21:12:19",FALSE,0,33.56,8,2963,24.6917,54,0.45,204,1.7,10.27,0,142,128,1e-04,6e-04,5e-04,0.0012,0.0017,0.0018,0.0021,0.001,7.08,0,0,,,,,,,,,"wrist"
"IZTECH_S016","IZTECH_S016_w","2025-05-06 21:14:19",FALSE,0,33.31,1,1770,14.75,25,0.208333,119,0.991667,6.47,0,167,145,0,3e-04,3e-04,7e-04,0.0011,0.0013,0.0014,7e-04,4.04,0,0,,,,,,,,,"wrist"
"IZTECH_S016","IZTECH_S016_w","2025-05-06 21:16:19",FALSE,0,33.12,8,1214,10.1167,21,0.175,77,0.641667,8.84,0,163,147,1e-04,4e-04,5e-04,0.001,0.0014,0.0018,0.0019,0.001,5.55,0,0,,,,,,,,,"wrist"
"IZTECH_S016","IZTECH_S016_w","2025-05-06 21:18:19",FALSE,0,33,8,948,7.9,11,0.0916667,46,0.383333,5.71,0,164,148,0,3e-04,3e-04,6e-04,9e-04,0.0012,0.0012,7e-04,3.35,0,0,,,,,,,,,"wrist"
"IZTECH_S016","IZTECH_S016_w","2025-05-06 21:20:19",FALSE,0,32.88,8,1239,10.325,5,0.0416667,83,0.691667,4.99,0,177,152,0,2e-04,2e-04,5e-04,8e-04,0.001,0.0011,6e-04,2.87,0,0,,,,,,,,,"wrist"
"IZTECH_S016","IZTECH_S016_w","2025-05-06 21:22:19",FALSE,0,33.38,1,4747,39.5583,120,1,305,2.54167,6.49,0,128,131,0,4e-04,3e-04,8e-04,0.0011,0.0011,0.0013,7e-04,4.32,0,0,,,,,,,,,"wrist"
"IZTECH_S016","IZTECH_S016_w","2025-05-06 21:24:19",FALSE,0,33.44,16,2102,17.5167,68,0.566667,131,1.09167,7.58,0,129,112,1e-04,3e-04,4e-04,8e-04,0.0012,0.0015,0.0016,9e-04,4.47,0,0,,,,,,,,,"wrist"
"IZTECH_S016","IZTECH_S016_w","2025-05-06 21:26:19",FALSE,0,33.38,1,5169,43.075,136,1.13333,273,2.275,8.21,0,128,128,1e-04,5e-04,4e-04,0.001,0.0014,0.0014,0.0017,7e-04,5.88,0,0,,,,,,,,,"wrist"
"IZTECH_S016","IZTECH_S016_w","2025-05-06 21:28:19",FALSE,0,33.25,1,1363,11.3583,11,0.0916667,83,0.691667,10.19,0,124,121,1e-04,7e-04,5e-04,0.0013,0.0017,0.0016,0.0022,9e-04,7.48,0,0,,,,,,,,,"wrist"
"IZTECH_S016","IZTECH_S016_w","2025-05-06 21:30:19",FALSE,0,33.25,1,1595,13.2917,23,0.191667,94,0.783333,9.55,0,153,134,1e-04,6e-04,5e-04,0.0012,0.0016,0.0015,0.0018,8e-04,7.01,0,0,,,,,,,,,"wrist"
"IZTECH_S016","IZTECH_S016_w","2025-05-06 21:32:19",FALSE,0,33.19,8,2243,18.6917,47,0.391667,119,0.991667,7.2,0,136,139,1e-04,4e-04,4e-04,9e-04,0.0012,0.0013,0.0015,7e-04,4.83,0,0,,,,,,,,,"wrist"
"IZTECH_S016","IZTECH_S016_w","2025-05-06 21:34:19",FALSE,0,33.31,1,2888,24.0667,62,0.516667,166,1.38333,12.45,0,129,138,1e-04,8e-04,7e-04,0.0015,0.0021,0.002,0.0024,0.0011,9.34,0.01,0,,,,,,,,,"wrist"
"IZTECH_S016","IZTECH_S016_w","2025-05-06 21:36:19",FALSE,0,33.44,16,2283,19.025,29,0.241667,172,1.43333,22.73,0,134,99,2e-04,0.0016,0.0014,0.0029,0.0037,0.0036,0.0044,0.0018,18.28,0.01,0,,,,,,,,,"wrist"
"IZTECH_S016","IZTECH_S016_w","2025-05-06 21:38:19",FALSE,0,33.12,8,5419,45.1583,114,0.95,376,3.13333,14.8,0,131,149,2e-04,0.001,8e-04,0.0019,0.0025,0.0023,0.0028,0.0012,11.24,0.01,0,,,,,,,,,"wrist"
"IZTECH_S016","IZTECH_S016_w","2025-05-06 21:40:19",FALSE,0,33.06,8,2737,22.8083,39,0.325,239,1.99167,12.08,0,145,151,1e-04,8e-04,7e-04,0.0016,0.002,0.0019,0.0023,0.001,9.14,0,0,,,,,,,,,"wrist"
"IZTECH_S016","IZTECH_S016_w","2025-05-06 21:42:19",FALSE,0,33.12,8,2332,19.4333,28,0.233333,163,1.35833,10.54,0,178,136,1e-04,7e-04,6e-04,0.0013,0.0018,0.0016,0.0021,9e-04,7.69,0,0,,,,,,,,,"wrist"
"IZTECH_S016","IZTECH_S016_w","2025-05-06 21:44:19",FALSE,0,32.88,8,2123,17.6917,24,0.2,133,1.10833,8.56,0,206,152,1e-04,5e-04,5e-04,0.001,0.0014,0.0015,0.0017,8e-04,5.85,0,0,,,,,,,,,"wrist"
"IZTECH_S016","IZTECH_S016_w","2025-05-06 21:46:19",FALSE,0,33.19,1,1193,9.94167,22,0.183333,80,0.666667,4.48,0,128,121,0,2e-04,2e-04,5e-04,7e-04,0.001,0.001,6e-04,2.55,0,0,,,,,,,,,"wrist"
"IZTECH_S016","IZTECH_S016_w","2025-05-06 21:48:19",FALSE,0,32.94,8,8533,71.1083,228,1.9,423,3.525,11.28,0,134,128,1e-04,7e-04,6e-04,0.0014,0.0018,0.0019,0.0025,0.001,7.95,0,0,,,,,,,,,"wrist"
"IZTECH_S016","IZTECH_S016_w","2025-05-06 21:50:19",FALSE,0,33.12,1,4545,37.875,54,0.45,333,2.775,8.79,0,125,128,1e-04,6e-04,5e-04,0.001,0.0015,0.0015,0.0019,9e-04,6.26,0,0,,,,,,,,,"wrist"
"IZTECH_S016","IZTECH_S016_w","2025-05-06 21:52:19",FALSE,0,33.25,16,5339,44.4917,90,0.75,448,3.73333,15.93,0,167,120,2e-04,0.001,9e-04,0.0019,0.0026,0.0029,0.0033,0.0017,11.54,0.01,0,,,,,,,,,"wrist"
"IZTECH_S016","IZTECH_S016_w","2025-05-06 21:54:19",FALSE,0,33.5,1,660,5.5,7,0.0583333,53,0.441667,2.81,0,124,117,0,1e-04,1e-04,3e-04,5e-04,6e-04,7e-04,4e-04,1.55,0,0,,,,,,,,,"wrist"
"IZTECH_S016","IZTECH_S016_w","2025-05-06 21:56:19",FALSE,0,33,8,3045,25.375,66,0.55,191,1.59167,7.27,0,143,142,1e-04,4e-04,4e-04,8e-04,0.0012,0.0014,0.0016,9e-04,4.61,0,0,,,,,,,,,"wrist"
"IZTECH_S016","IZTECH_S016_w","2025-05-06 21:58:19",FALSE,0,32.81,8,1699,14.1583,26,0.216667,122,1.01667,6.66,0,182,147,0,3e-04,4e-04,7e-04,0.0011,0.0014,0.0015,8e-04,4.12,0,0,,,,,,,,,"wrist"
"IZTECH_S016","IZTECH_S016_w","2025-05-06 22:00:19",FALSE,0,32.75,8,1796,14.9667,20,0.166667,136,1.13333,7.83,0,187,151,1e-04,4e-04,4e-04,9e-04,0.0013,0.0016,0.0017,9e-04,5.15,0,0,,,,,,,,,"wrist"
"IZTECH_S016","IZTECH_S016_w","2025-05-06 22:02:19",FALSE,0,32.94,8,3743,31.1917,56,0.466667,260,2.16667,7.24,0,155,110,1e-04,4e-04,4e-04,8e-04,0.0012,0.0015,0.0016,9e-04,4.6,0,0,,,,,,,,,"wrist"
"IZTECH_S016","IZTECH_S016_w","2025-05-06 22:04:19",FALSE,0,33.06,1,5933,49.4417,102,0.85,349,2.90833,9.59,0,136,118,1e-04,4e-04,5e-04,0.001,0.0015,0.0021,0.0021,0.0012,5.95,0,0,,,,,,,,,"wrist"
"IZTECH_S016","IZTECH_S016_w","2025-05-06 22:06:19",FALSE,0,33.31,16,1265,10.5417,26,0.216667,73,0.608333,13.55,0,128,122,2e-04,6e-04,8e-04,0.0014,0.0021,0.0029,0.003,0.0018,8.6,0.01,0,,,,,,,,,"wrist"
"IZTECH_S016","IZTECH_S016_w","2025-05-06 22:08:19",FALSE,0,33.31,1,999,8.325,11,0.0916667,64,0.533333,3.94,0,128,128,0,2e-04,2e-04,4e-04,6e-04,8e-04,9e-04,6e-04,2.24,0,0,,,,,,,,,"wrist"
"IZTECH_S016","IZTECH_S016_w","2025-05-06 22:10:19",FALSE,0,33.38,1,2729,22.7417,50,0.416667,169,1.40833,7.52,0,128,107,1e-04,4e-04,4e-04,8e-04,0.0012,0.0016,0.0016,0.001,4.78,0,0,,,,,,,,,"wrist"
"IZTECH_S016","IZTECH_S016_w","2025-05-06 22:12:19",FALSE,0,33.06,8,2375,19.7917,29,0.241667,170,1.41667,8.55,0,170,144,1e-04,4e-04,5e-04,9e-04,0.0013,0.0019,0.0019,0.0011,5.27,0,0,,,,,,,,,"wrist"
"IZTECH_S016","IZTECH_S016_w","2025-05-06 22:14:19",FALSE,0,33.25,8,614,5.11667,6,0.05,57,0.475,5.7,0,137,118,0,2e-04,3e-04,6e-04,9e-04,0.0013,0.0013,8e-04,3.3,0,0,,,,,,,,,"wrist"
"IZTECH_S016","IZTECH_S016_w","2025-05-06 22:16:19",FALSE,0,33.12,8,800,6.66667,19,0.158333,48,0.4,6.75,0,153,146,0,3e-04,4e-04,7e-04,0.0011,0.0015,0.0015,9e-04,3.98,0,0,,,,,,,,,"wrist"
"IZTECH_S016","IZTECH_S016_w","2025-05-06 22:18:19",FALSE,0,33.06,8,1270,10.5833,17,0.141667,100,0.833333,5.8,0,169,139,0,2e-04,3e-04,6e-04,9e-04,0.0013,0.0013,8e-04,3.29,0,0,,,,,,,,,"wrist"
"IZTECH_S016","IZTECH_S016_w","2025-05-06 22:20:19",FALSE,0,32.81,8,1729,14.4083,49,0.408333,96,0.8,4.81,0,193,154,0,2e-04,3e-04,5e-04,8e-04,0.001,0.0011,6e-04,2.75,0,0,,,,,,,,,"wrist"
"IZTECH_S016","IZTECH_S016_w","2025-05-06 22:22:19",FALSE,0,32.75,8,172,1.43333,0,0,7,0.0583333,4.31,0,192,152,0,2e-04,2e-04,4e-04,7e-04,9e-04,0.001,6e-04,2.48,0,0,,,,,,,,,"wrist"
"IZTECH_S016","IZTECH_S016_w","2025-05-06 22:24:19",FALSE,0,33.31,8,1205,10.0417,9,0.075,81,0.675,9.86,0,143,113,1e-04,5e-04,5e-04,0.001,0.0015,0.0021,0.0022,0.0012,6.16,0,0,,,,,,,,,"wrist"
"IZTECH_S016","IZTECH_S016_w","2025-05-06 22:26:19",FALSE,0,33.5,16,573,4.775,15,0.125,39,0.325,15.07,0,152,115,2e-04,8e-04,9e-04,0.0016,0.0024,0.0032,0.0033,0.0018,9.87,0.01,0,,,,,,,,,"wrist"
"IZTECH_S016","IZTECH_S016_w","2025-05-06 22:28:19",FALSE,0,33.62,4,7145,59.5417,167,1.39167,444,3.7,13.72,0,134,134,1e-04,4e-04,4e-04,0.001,0.0022,0.0032,0.0042,0.0033,4.96,0.01,0,,,,,,,,,"wrist"
"IZTECH_S016","IZTECH_S016_w","2025-05-06 22:30:19",FALSE,0,33.12,4,14303,119.192,410,3.41667,632,5.26667,18.04,0,194,151,3e-04,5e-04,7e-04,0.0016,0.0027,0.0043,0.006,0.005,7.63,0.01,0,,,,,,,,,"wrist"
"IZTECH_S016","IZTECH_S016_w","2025-05-06 22:32:19",FALSE,0,32.81,16,1876,15.6333,38,0.316667,115,0.958333,89.39,0,175,142,0.0014,0.0028,0.0036,0.008,0.0137,0.0211,0.0285,0.0233,39.19,0.04,0,,,,,,,,,"wrist"
"IZTECH_S016","IZTECH_S016_w","2025-05-06 22:34:19",FALSE,0,32.62,16,889,7.40833,13,0.108333,57,0.475,94.38,0,204,155,0.0015,0.003,0.0038,0.0084,0.0145,0.0223,0.0301,0.0246,41.5,0.05,0,,,,,,,,,"wrist"
"IZTECH_S016","IZTECH_S016_w","2025-05-06 22:36:19",FALSE,0,32.69,16,1725,14.375,32,0.266667,118,0.983333,88.6,0,202,150,0.0014,0.0028,0.0036,0.0079,0.0136,0.0209,0.0283,0.0231,39.15,0.04,0,,,,,,,,,"wrist"
"IZTECH_S016","IZTECH_S016_w","2025-05-06 22:38:19",FALSE,0,33,16,6826,56.8833,177,1.475,441,3.675,79.75,0,201,167,0.0013,0.0025,0.0032,0.0071,0.0122,0.0189,0.0254,0.0207,35.11,0.04,0,,,,,,,,,"wrist"
"IZTECH_S016","IZTECH_S016_w","2025-05-06 22:40:19",FALSE,0,32.25,16,977,8.14167,20,0.166667,73,0.608333,92.9,0,218,166,0.0015,0.0029,0.0038,0.0082,0.0142,0.022,0.0296,0.0241,41.07,0.05,0,,,,,,,,,"wrist"
"IZTECH_S016","IZTECH_S016_w","2025-05-06 22:42:19",FALSE,0,32.5,8,2116,17.6333,45,0.375,126,1.05,91.71,0,200,166,0.0015,0.0029,0.0037,0.0081,0.014,0.0217,0.0292,0.0237,40.49,0.05,0,,,,,,,,,"wrist"
"IZTECH_S016","IZTECH_S016_w","2025-05-06 22:44:19",FALSE,0,32.62,8,3423,28.525,67,0.558333,259,2.15833,55.98,0,192,146,9e-04,0.0017,0.0023,0.005,0.0085,0.0133,0.0179,0.0146,24.56,0.03,0,,,,,,,,,"wrist"
"IZTECH_S016","IZTECH_S016_w","2025-05-06 22:46:19",FALSE,0,32.69,1,1843,15.3583,47,0.391667,107,0.891667,87.61,0,213,154,0.0014,0.0028,0.0036,0.0077,0.0134,0.0208,0.028,0.0228,38.81,0.04,0,,,,,,,,,"wrist"
"IZTECH_S016","IZTECH_S016_w","2025-05-06 22:48:19",FALSE,0,32.69,1,2599,21.6583,65,0.541667,159,1.325,80.5,0,204,158,0.0013,0.0025,0.0033,0.0071,0.0123,0.0191,0.0258,0.021,35.41,0.04,0,,,,,,,,,"wrist"
"IZTECH_S016","IZTECH_S016_w","2025-05-06 22:50:19",FALSE,0,32.19,1,9709,80.9083,191,1.59167,597,4.975,50.91,0,193,165,8e-04,0.0015,0.002,0.0044,0.0078,0.0122,0.0164,0.0134,21.76,0.03,0,,,,,,,,,"wrist"
"IZTECH_S016","IZTECH_S016_w","2025-05-06 22:52:19",FALSE,0,32.25,4,9478,78.9833,240,2,560,4.66667,25.98,0,159,93,5e-04,0.0024,0.0013,0.0031,0.0045,0.0045,0.0034,0.0019,21.18,0.01,0,,,,,,,,,"wrist"
"IZTECH_S016","IZTECH_S016_w","2025-05-06 22:54:19",FALSE,0,31.94,1,7527,62.725,279,2.325,325,2.70833,15.34,0,210,155,3e-04,0.0012,8e-04,0.0019,0.0025,0.0029,0.0025,0.0015,12.1,0.01,0,,,,,,,,,"wrist"
"IZTECH_S016","IZTECH_S016_w","2025-05-06 22:56:19",FALSE,0,32.19,1,170,1.41667,0,0,7,0.0583333,8.91,0,212,155,1e-04,4e-04,5e-04,9e-04,0.0014,0.0019,0.0019,0.0012,5.29,0,0,,,,,,,,,"wrist"
"IZTECH_S016","IZTECH_S016_w","2025-05-06 22:58:19",FALSE,0,32.56,1,249,2.075,0,0,14,0.116667,8.77,0,192,112,1e-04,4e-04,5e-04,9e-04,0.0014,0.0019,0.0019,0.0012,5.17,0,0,,,,,,,,,"wrist"
"IZTECH_S016","IZTECH_S016_w","2025-05-06 23:00:19",FALSE,0,32.62,1,46,0.383333,0,0,3,0.025,9.11,0,186,118,1e-04,4e-04,5e-04,9e-04,0.0014,0.002,0.002,0.0012,5.39,0,0,,,,,,,,,"wrist"
"IZTECH_S016","IZTECH_S016_w","2025-05-06 23:02:19",FALSE,0,32.88,1,484,4.03333,7,0.0583333,33,0.275,8.96,0,185,102,1e-04,4e-04,5e-04,9e-04,0.0014,0.002,0.0019,0.0012,5.26,0,0,,,,,,,,,"wrist"
"IZTECH_S016","IZTECH_S016_w","2025-05-06 23:04:19",FALSE,0,32.88,1,834,6.95,17,0.141667,45,0.375,8.92,0,166,94,1e-04,4e-04,5e-04,9e-04,0.0014,0.002,0.0019,0.0012,5.34,0,0,,,,,,,,,"wrist"
"IZTECH_S016","IZTECH_S016_w","2025-05-06 23:06:19",FALSE,0,33.06,1,816,6.8,21,0.175,38,0.316667,8.7,0,167,99,1e-04,4e-04,5e-04,9e-04,0.0014,0.0019,0.0019,0.0011,5.2,0,0,,,,,,,,,"wrist"
"IZTECH_S016","IZTECH_S016_w","2025-05-06 23:08:19",FALSE,0,33.12,1,339,2.825,1,0.00833333,15,0.125,6.12,0,184,107,0,2e-04,3e-04,6e-04,0.001,0.0013,0.0014,8e-04,3.56,0,0,,,,,,,,,"wrist"
"IZTECH_S016","IZTECH_S016_w","2025-05-06 23:10:19",FALSE,0,33.25,1,988,8.23333,24,0.2,42,0.35,8.1,0,180,100,1e-04,4e-04,4e-04,8e-04,0.0013,0.0018,0.0018,0.0011,4.81,0,0,,,,,,,,,"wrist"
"IZTECH_S016","IZTECH_S016_w","2025-05-06 23:12:19",FALSE,0,33.31,1,912,7.6,27,0.225,42,0.35,8.35,0,166,98,1e-04,4e-04,5e-04,8e-04,0.0013,0.0018,0.0018,0.0011,4.95,0,0,,,,,,,,,"wrist"
"IZTECH_S016","IZTECH_S016_w","2025-05-06 23:14:19",FALSE,0,33.31,1,862,7.18333,23,0.191667,55,0.458333,8.59,0,163,100,1e-04,4e-04,5e-04,9e-04,0.0014,0.0019,0.0019,0.0011,5.05,0,0,,,,,,,,,"wrist"
"IZTECH_S016","IZTECH_S016_w","2025-05-06 23:16:19",FALSE,0,33.31,1,1830,15.25,42,0.35,103,0.858333,9.04,0,198,130,1e-04,4e-04,5e-04,9e-04,0.0014,0.002,0.002,0.0012,5.46,0,0,,,,,,,,,"wrist"
"IZTECH_S016","IZTECH_S016_w","2025-05-06 23:18:19",FALSE,0,33.38,1,144,1.2,0,0,6,0.05,9.04,0,175,106,1e-04,4e-04,5e-04,9e-04,0.0014,0.002,0.002,0.0012,5.48,0,0,,,,,,,,,"wrist"
"IZTECH_S016","IZTECH_S016_w","2025-05-06 23:20:19",FALSE,0,33.31,1,1831,15.2583,47,0.391667,92,0.766667,8.06,0,180,104,0,4e-04,4e-04,8e-04,0.0013,0.0018,0.0018,0.0011,4.79,0,0,,,,,,,,,"wrist"
"IZTECH_S016","IZTECH_S016_w","2025-05-06 23:22:19",FALSE,0,33.19,1,3477,28.975,82,0.683333,192,1.6,6.7,0,204,146,0,3e-04,4e-04,7e-04,0.0011,0.0015,0.0015,9e-04,3.9,0,0,,,,,,,,,"wrist"
"IZTECH_S016","IZTECH_S016_w","2025-05-06 23:24:19",FALSE,0,33,1,2929,24.4083,83,0.691667,116,0.966667,8.7,0,177,110,1e-04,4e-04,5e-04,9e-04,0.0014,0.0019,0.0019,0.0012,5.08,0,0,,,,,,,,,"wrist"
"IZTECH_S016","IZTECH_S016_w","2025-05-06 23:26:19",FALSE,0,32.94,8,2334,19.45,63,0.525,136,1.13333,8.39,0,181,134,1e-04,4e-04,5e-04,0.001,0.0013,0.0017,0.002,0.0011,5.7,0,0,,,,,,,,,"wrist"
"IZTECH_S016","IZTECH_S016_w","2025-05-06 23:28:19",FALSE,0,32.81,8,2660,22.1667,59,0.491667,155,1.29167,6.03,0,217,158,0,3e-04,3e-04,6e-04,0.001,0.0013,0.0013,8e-04,3.59,0,0,,,,,,,,,"wrist"
"IZTECH_S016","IZTECH_S016_w","2025-05-06 23:30:19",FALSE,0,33,1,198,1.65,0,0,14,0.116667,9.88,0,207,140,1e-04,4e-04,5e-04,0.001,0.0016,0.0022,0.0021,0.0013,6.01,0,0,,,,,,,,,"wrist"
"IZTECH_S016","IZTECH_S016_w","2025-05-06 23:32:19",FALSE,0,32.62,8,3195,26.625,88,0.733333,162,1.35,6.72,0,208,162,0,3e-04,4e-04,7e-04,0.0011,0.0015,0.0015,9e-04,4.05,0,0,,,,,,,,,"wrist"
"IZTECH_S016","IZTECH_S016_w","2025-05-06 23:34:19",FALSE,0,32.88,1,467,3.89167,6,0.05,25,0.208333,5.84,0,205,136,0,2e-04,3e-04,6e-04,9e-04,0.0013,0.0013,8e-04,3.38,0,0,,,,,,,,,"wrist"
"IZTECH_S016","IZTECH_S016_w","2025-05-06 23:36:19",FALSE,0,32.94,1,872,7.26667,19,0.158333,49,0.408333,9.73,0,214,150,1e-04,4e-04,5e-04,0.001,0.0015,0.0021,0.0021,0.0013,5.93,0,0,,,,,,,,,"wrist"
"IZTECH_S016","IZTECH_S016_w","2025-05-06 23:38:19",FALSE,0,32.75,1,6377,53.1417,171,1.425,257,2.14167,5.61,0,192,154,0,2e-04,3e-04,6e-04,9e-04,0.0012,0.0012,7e-04,3.32,0,0,,,,,,,,,"wrist"
"IZTECH_S016","IZTECH_S016_w","2025-05-06 23:40:19",FALSE,0,32.88,1,1338,11.15,36,0.3,83,0.691667,0.08,0,163,115,0,0,0,0,0,0,0,0,0,0,0,,,,,,,,,"wrist"
"IZTECH_S016","IZTECH_S016_w","2025-05-06 23:42:19",FALSE,0,32.69,16,8805,73.375,280,2.33333,320,2.66667,0.02,0,171,106,0,0,0,0,0,0,0,0,0,0,0,,,,,,,,,"wrist"
"IZTECH_S016","IZTECH_S016_w","2025-05-06 23:44:19",FALSE,0,32.5,4,1594,13.2833,35,0.291667,74,0.616667,0,0,193,138,0,0,0,0,0,0,0,0,0,0,0,,,,,,,,,"wrist"
"IZTECH_S016","IZTECH_S016_w","2025-05-06 23:46:19",FALSE,0,32.62,1,7516,62.6333,242,2.01667,237,1.975,0,0,201,138,0,0,0,0,0,0,0,0,0,0,0,,,,,,,,,"wrist"
"IZTECH_S016","IZTECH_S016_w","2025-05-06 23:48:19",FALSE,0,32.69,8,1389,11.575,16,0.133333,103,0.858333,0.1,0,200,138,0,0,0,0,0,0,0,0,0,0,0,,,,,,,,,"wrist"
"IZTECH_S016","IZTECH_S016_w","2025-05-06 23:50:19",FALSE,0,32.62,1,2337,19.475,61,0.508333,130,1.08333,0.02,0,144,98,0,0,0,0,0,0,0,0,0,0,0,,,,,,,,,"wrist"
"IZTECH_S016","IZTECH_S016_w","2025-05-06 23:52:19",FALSE,0,32.69,16,1959,16.325,79,0.658333,87,0.725,0,0,150,98,0,0,0,0,0,0,0,0,0,0,0,,,,,,,,,"wrist"
"IZTECH_S016","IZTECH_S016_w","2025-05-06 23:54:19",FALSE,0,32.69,16,1272,10.6,42,0.35,44,0.366667,0,0,156,94,0,0,0,0,0,0,0,0,0,0,0,,,,,,,,,"wrist"
"IZTECH_S016","IZTECH_S016_w","2025-05-06 23:56:19",FALSE,0,32.62,16,1352,11.2667,35,0.291667,77,0.641667,0,0,203,142,0,0,0,0,0,0,0,0,0,0,0,,,,,,,,,"wrist"
"IZTECH_S016","IZTECH_S016_w","2025-05-06 23:58:19",FALSE,0,32.56,1,7202,60.0167,204,1.7,401,3.34167,0,0,159,98,0,0,0,0,0,0,0,0,0,0,0,,,,,,,,,"wrist"
"IZTECH_S016","IZTECH_S016_w","2025-05-07 00:00:19",FALSE,0,32.56,1,6881,57.3417,203,1.69167,333,2.775,0,0,201,142,0,0,0,0,0,0,0,0,0,0,0,,,,,,,,,"wrist"
"IZTECH_S016","IZTECH_S016_w","2025-05-07 00:02:19",FALSE,0,32.38,16,1098,9.15,20,0.166667,73,0.608333,0,0,202,147,0,0,0,0,0,0,0,0,0,0,0,,,,,,,,,"wrist"
"IZTECH_S016","IZTECH_S016_w","2025-05-07 00:04:19",FALSE,0,32.75,16,840,7,19,0.158333,58,0.483333,0,0,182,98,0,0,0,0,0,0,0,0,0,0,0,,,,,,,,,"wrist"
"IZTECH_S016","IZTECH_S016_w","2025-05-07 00:06:19",FALSE,0,32.62,16,1724,14.3667,47,0.391667,94,0.783333,0,0,202,142,0,0,0,0,0,0,0,0,0,0,0,,,,,,,,,"wrist"
"IZTECH_S016","IZTECH_S016_w","2025-05-07 00:08:19",FALSE,0,32.69,16,2862,23.85,73,0.608333,147,1.225,0.14,0,186,134,0,0,0,0,1e-04,0,0,0,0,0,0,,,,,,,,,"wrist"
"IZTECH_S016","IZTECH_S016_w","2025-05-07 00:10:19",FALSE,0,32.88,16,584,4.86667,7,0.0583333,43,0.358333,0.06,0,180,105,0,0,0,0,0,0,0,0,0,0,0,,,,,,,,,"wrist"
"IZTECH_S016","IZTECH_S016_w","2025-05-07 00:12:19",FALSE,0,32.81,16,2094,17.45,46,0.383333,104,0.866667,0,0,178,109,0,0,0,0,0,0,0,0,0,0,0,,,,,,,,,"wrist"
"IZTECH_S016","IZTECH_S016_w","2025-05-07 00:14:19",FALSE,0,32.56,16,424,3.53333,6,0.05,30,0.25,0,0,204,155,0,0,0,0,0,0,0,0,0,0,0,,,,,,,,,"wrist"
"IZTECH_S016","IZTECH_S016_w","2025-05-07 00:16:19",FALSE,0,32.31,16,7,0.0583333,0,0,1,0.00833333,0.07,0,199,152,0,0,0,0,0,0,0,0,0,0,0,,,,,,,,,"wrist"
"IZTECH_S016","IZTECH_S016_w","2025-05-07 00:18:19",FALSE,0,32.31,16,9,0.075,0,0,1,0.00833333,0.03,0,199,152,0,0,0,0,0,0,0,0,0,0,0,,,,,,,,,"wrist"
"IZTECH_S016","IZTECH_S016_w","2025-05-07 00:20:19",FALSE,0,32.75,16,469,3.90833,9,0.075,29,0.241667,0.03,0,165,123,0,0,0,0,0,0,0,0,0,0,0,,,,,,,,,"wrist"
"IZTECH_S016","IZTECH_S016_w","2025-05-07 00:22:19",FALSE,0,32.75,16,550,4.58333,11,0.0916667,30,0.25,0,0,200,146,0,0,0,0,0,0,0,0,0,0,0,,,,,,,,,"wrist"
"IZTECH_S016","IZTECH_S016_w","2025-05-07 00:24:19",FALSE,0,32.62,16,0,0,0,0,1,0.00833333,0,0,197,144,0,0,0,0,0,0,0,0,0,0,0,,,,,,,,,"wrist"
"IZTECH_S016","IZTECH_S016_w","2025-05-07 00:26:19",FALSE,0,32.62,16,0,0,0,0,0,0,0.01,0,196,144,0,0,0,0,0,0,0,0,0,0,0,,,,,,,,,"wrist"
"IZTECH_S016","IZTECH_S016_w","2025-05-07 00:28:19",FALSE,0,32.69,16,3,0.025,0,0,0,0,0,0,196,144,0,0,0,0,0,0,0,0,0,0,0,,,,,,,,,"wrist"
"IZTECH_S016","IZTECH_S016_w","2025-05-07 00:30:19",FALSE,0,32.69,16,10,0.0833333,0,0,0,0,0,0,194,142,0,0,0,0,0,0,0,0,0,0,0,,,,,,,,,"wrist"
"IZTECH_S016","IZTECH_S016_w","2025-05-07 00:32:19",FALSE,0,32.75,16,0,0,0,0,0,0,0.01,0,194,139,0,0,0,0,0,0,0,0,0,0,0,,,,,,,,,"wrist"
"IZTECH_S016","IZTECH_S016_w","2025-05-07 00:34:19",FALSE,0,32.69,16,0,0,0,0,0,0,0.02,0,192,137,0,0,0,0,0,0,0,0,0,0,0,,,,,,,,,"wrist"
"IZTECH_S016","IZTECH_S016_w","2025-05-07 00:36:19",FALSE,0,32.69,16,14,0.116667,0,0,0,0,0,0,188,131,0,0,0,0,0,0,0,0,0,0,0,,,,,,,,,"wrist"
"IZTECH_S016","IZTECH_S016_w","2025-05-07 00:38:19",FALSE,0,32.69,16,18,0.15,0,0,2,0.0166667,0,0,186,128,0,0,0,0,0,0,0,0,0,0,0,,,,,,,,,"wrist"
"IZTECH_S016","IZTECH_S016_w","2025-05-07 00:40:19",FALSE,0,32.56,16,2379,19.825,67,0.558333,103,0.858333,0,0,190,130,0,0,0,0,0,0,0,0,0,0,0,,,,,,,,,"wrist"
"IZTECH_S016","IZTECH_S016_w","2025-05-07 00:42:19",FALSE,0,32.44,16,0,0,0,0,0,0,0,0,179,107,0,0,0,0,0,0,0,0,0,0,0,,,,,,,,,"wrist"
"IZTECH_S016","IZTECH_S016_w","2025-05-07 00:44:19",FALSE,0,32.62,1,10735,89.4583,235,1.95833,647,5.39167,1.28,0,171,94,0,0,1e-04,1e-04,2e-04,3e-04,3e-04,2e-04,0.56,0,0,,,,,,,,,"wrist"
"IZTECH_S016","IZTECH_S016_w","2025-05-07 00:46:19",FALSE,0,32.38,8,5016,41.8,127,1.05833,190,1.58333,0,0,198,120,0,0,0,0,0,0,0,0,0,0,0,,,,,,,,,"wrist"
"IZTECH_S016","IZTECH_S016_w","2025-05-07 00:48:19",FALSE,0,32.44,16,5900,49.1667,216,1.8,261,2.175,0,0,172,114,0,0,0,0,0,0,0,0,0,0,0,,,,,,,,,"wrist"
"IZTECH_S016","IZTECH_S016_w","2025-05-07 00:50:19",FALSE,0,31.94,16,823,6.85833,25,0.208333,47,0.391667,0,0,198,154,0,0,0,0,0,0,0,0,0,0,0,,,,,,,,,"wrist"
"IZTECH_S016","IZTECH_S016_w","2025-05-07 00:52:19",FALSE,0,31.88,16,410,3.41667,7,0.0583333,21,0.175,0,0,202,155,0,0,0,0,0,0,0,0,0,0,0,,,,,,,,,"wrist"
"IZTECH_S016","IZTECH_S016_w","2025-05-07 00:54:19",FALSE,0,31.94,16,0,0,0,0,0,0,0,0,194,146,0,0,0,0,0,0,0,0,0,0,0,,,,,,,,,"wrist"
"IZTECH_S016","IZTECH_S016_w","2025-05-07 00:56:19",FALSE,0,31.94,16,0,0,0,0,0,0,0,0,188,138,0,0,0,0,0,0,0,0,0,0,0,,,,,,,,,"wrist"
"IZTECH_S016","IZTECH_S016_w","2025-05-07 00:58:19",FALSE,0,32.06,16,0,0,0,0,0,0,0,0,184,130,0,0,0,0,0,0,0,0,0,0,0,,,,,,,,,"wrist"
"IZTECH_S016","IZTECH_S016_w","2025-05-07 01:00:19",FALSE,0,32.06,16,4,0.0333333,0,0,0,0,0,0,185,134,0,0,0,0,0,0,0,0,0,0,0,,,,,,,,,"wrist"
"IZTECH_S016","IZTECH_S016_w","2025-05-07 01:02:19",FALSE,0,32.06,16,0,0,0,0,0,0,0,0,185,134,0,0,0,0,0,0,0,0,0,0,0,,,,,,,,,"wrist"
"IZTECH_S016","IZTECH_S016_w","2025-05-07 01:04:19",FALSE,0,32.38,16,3770,31.4167,118,0.983333,162,1.35,0,0,164,99,0,0,0,0,0,0,0,0,0,0,0,,,,,,,,,"wrist"
"IZTECH_S016","IZTECH_S016_w","2025-05-07 01:06:19",FALSE,0,32.5,16,0,0,0,0,0,0,0,0,162,98,0,0,0,0,0,0,0,0,0,0,0,,,,,,,,,"wrist"
"IZTECH_S016","IZTECH_S016_w","2025-05-07 01:08:19",FALSE,0,32.56,16,0,0,0,0,0,0,0,0,161,96,0,0,0,0,0,0,0,0,0,0,0,,,,,,,,,"wrist"
"IZTECH_S016","IZTECH_S016_w","2025-05-07 01:10:19",FALSE,0,32.56,16,0,0,0,0,0,0,0,0,163,95,0,0,0,0,0,0,0,0,0,0,0,,,,,,,,,"wrist"
"IZTECH_S016","IZTECH_S016_w","2025-05-07 01:12:19",FALSE,0,32.62,16,0,0,0,0,0,0,0,0,160,95,0,0,0,0,0,0,0,0,0,0,0,,,,,,,,,"wrist"
"IZTECH_S016","IZTECH_S016_w","2025-05-07 01:14:19",FALSE,0,32.56,16,0,0,0,0,0,0,0,0,157,94,0,0,0,0,0,0,0,0,0,0,0,,,,,,,,,"wrist"
"IZTECH_S016","IZTECH_S016_w","2025-05-07 01:16:19",FALSE,0,32.56,16,173,1.44167,5,0.0416667,9,0.075,0,0,147,95,0,0,0,0,0,0,0,0,0,0,0,,,,,,,,,"wrist"
"IZTECH_S016","IZTECH_S016_w","2025-05-07 01:18:19",FALSE,0,32.62,4,920,7.66667,30,0.25,49,0.408333,0,0,124,94,0,0,0,0,0,0,0,0,0,0,0,,,,,,,,,"wrist"
"IZTECH_S016","IZTECH_S016_w","2025-05-07 01:20:19",FALSE,0,32.56,4,0,0,0,0,0,0,0,0,123,91,0,0,0,0,0,0,0,0,0,0,0,,,,,,,,,"wrist"
"IZTECH_S016","IZTECH_S016_w","2025-05-07 01:22:19",FALSE,0,32.5,4,0,0,0,0,0,0,0,0,123,91,0,0,0,0,0,0,0,0,0,0,0,,,,,,,,,"wrist"
"IZTECH_S016","IZTECH_S016_w","2025-05-07 01:24:19",FALSE,0,32.44,4,379,3.15833,2,0.0166667,31,0.258333,0,0,123,91,0,0,0,0,0,0,0,0,0,0,0,,,,,,,,,"wrist"
"IZTECH_S016","IZTECH_S016_w","2025-05-07 01:26:19",FALSE,0,32.38,4,0,0,0,0,0,0,0,0,123,91,0,0,0,0,0,0,0,0,0,0,0,,,,,,,,,"wrist"
"IZTECH_S016","IZTECH_S016_w","2025-05-07 01:28:19",FALSE,0,32.38,4,0,0,0,0,0,0,0,0,123,91,0,0,0,0,0,0,0,0,0,0,0,,,,,,,,,"wrist"
"IZTECH_S016","IZTECH_S016_w","2025-05-07 01:30:19",FALSE,0,32.38,4,0,0,0,0,0,0,0,0,123,91,0,0,0,0,0,0,0,0,0,0,0,,,,,,,,,"wrist"
"IZTECH_S016","IZTECH_S016_w","2025-05-07 01:32:19",FALSE,0,32.44,4,0,0,0,0,0,0,0,0,122,91,0,0,0,0,0,0,0,0,0,0,0,,,,,,,,,"wrist"
"IZTECH_S016","IZTECH_S016_w","2025-05-07 01:34:19",FALSE,0,32.44,4,0,0,0,0,0,0,0,0,122,91,0,0,0,0,0,0,0,0,0,0,0,,,,,,,,,"wrist"
"IZTECH_S016","IZTECH_S016_w","2025-05-07 01:36:19",FALSE,0,32.44,4,0,0,0,0,0,0,0,0,122,91,0,0,0,0,0,0,0,0,0,0,0,,,,,,,,,"wrist"
"IZTECH_S016","IZTECH_S016_w","2025-05-07 01:38:19",FALSE,0,32.38,4,292,2.43333,1,0.00833333,23,0.191667,0,0,122,91,0,0,0,0,0,0,0,0,0,0,0,,,,,,,,,"wrist"
"IZTECH_S016","IZTECH_S016_w","2025-05-07 01:40:19",FALSE,0,32.38,1,0,0,0,0,0,0,0,0,122,91,0,0,0,0,0,0,0,0,0,0,0,,,,,,,,,"wrist"
"IZTECH_S016","IZTECH_S016_w","2025-05-07 01:42:19",FALSE,0,32.38,1,0,0,0,0,0,0,0,0,122,91,0,0,0,0,0,0,0,0,0,0,0,,,,,,,,,"wrist"
"IZTECH_S016","IZTECH_S016_w","2025-05-07 01:44:19",FALSE,0,32.38,1,3,0.025,0,0,0,0,0,0,122,91,0,0,0,0,0,0,0,0,0,0,0,,,,,,,,,"wrist"
"IZTECH_S016","IZTECH_S016_w","2025-05-07 01:46:19",FALSE,0,32.31,4,1703,14.1917,44,0.366667,113,0.941667,0,0,122,91,0,0,0,0,0,0,0,0,0,0,0,,,,,,,,,"wrist"
"IZTECH_S016","IZTECH_S016_w","2025-05-07 01:48:19",FALSE,0,32.5,4,0,0,0,0,0,0,0,0,122,91,0,0,0,0,0,0,0,0,0,0,0,,,,,,,,,"wrist"
"IZTECH_S016","IZTECH_S016_w","2025-05-07 01:50:19",FALSE,0,32.88,4,0,0,0,0,0,0,0,0,122,91,0,0,0,0,0,0,0,0,0,0,0,,,,,,,,,"wrist"
"IZTECH_S016","IZTECH_S016_w","2025-05-07 01:52:19",FALSE,0,33.19,4,0,0,0,0,0,0,0,0,122,91,0,0,0,0,0,0,0,0,0,0,0,,,,,,,,,"wrist"
"IZTECH_S016","IZTECH_S016_w","2025-05-07 01:54:19",FALSE,0,33.44,4,0,0,0,0,0,0,0,0,122,91,0,0,0,0,0,0,0,0,0,0,0,,,,,,,,,"wrist"
"IZTECH_S016","IZTECH_S016_w","2025-05-07 01:56:19",FALSE,0,33.62,4,0,0,0,0,0,0,0,0,122,91,0,0,0,0,0,0,0,0,0,0,0,,,,,,,,,"wrist"
"IZTECH_S016","IZTECH_S016_w","2025-05-07 01:58:19",FALSE,0,33.81,4,0,0,0,0,0,0,0,0,123,92,0,0,0,0,0,0,0,0,0,0,0,,,,,,,,,"wrist"
"IZTECH_S016","IZTECH_S016_w","2025-05-07 02:00:19",FALSE,0,33.88,4,0,0,0,0,0,0,0,0,123,92,0,0,0,0,0,0,0,0,0,0,0,,,,,,,,,"wrist"
"IZTECH_S016","IZTECH_S016_w","2025-05-07 02:02:19",FALSE,0,33.94,4,1643,13.6917,45,0.375,104,0.866667,0,0,123,92,0,0,0,0,0,0,0,0,0,0,0,,,,,,,,,"wrist"
"IZTECH_S016","IZTECH_S016_w","2025-05-07 02:04:19",FALSE,0,33.75,16,1342,11.1833,37,0.308333,77,0.641667,0,0,123,91,0,0,0,0,0,0,0,0,0,0,0,,,,,,,,,"wrist"
"IZTECH_S016","IZTECH_S016_w","2025-05-07 02:06:19",FALSE,0,33.69,16,987,8.225,15,0.125,60,0.5,0,0,123,91,0,0,0,0,0,0,0,0,0,0,0,,,,,,,,,"wrist"
"IZTECH_S016","IZTECH_S016_w","2025-05-07 02:08:19",FALSE,0,33.62,16,0,0,0,0,0,0,0,0,123,92,0,0,0,0,0,0,0,0,0,0,0,,,,,,,,,"wrist"
"IZTECH_S016","IZTECH_S016_w","2025-05-07 02:10:19",FALSE,0,33.62,16,0,0,0,0,0,0,0,0,123,91,0,0,0,0,0,0,0,0,0,0,0,,,,,,,,,"wrist"
"IZTECH_S016","IZTECH_S016_w","2025-05-07 02:12:19",FALSE,0,33.62,16,5,0.0416667,0,0,0,0,0,0,124,91,0,0,0,0,0,0,0,0,0,0,0,,,,,,,,,"wrist"
"IZTECH_S016","IZTECH_S016_w","2025-05-07 02:14:19",FALSE,0,33.62,16,519,4.325,18,0.15,30,0.25,0,0,125,91,0,0,0,0,0,0,0,0,0,0,0,,,,,,,,,"wrist"
"IZTECH_S016","IZTECH_S016_w","2025-05-07 02:16:19",FALSE,0,33.62,16,0,0,0,0,0,0,0,0,126,91,0,0,0,0,0,0,0,0,0,0,0,,,,,,,,,"wrist"
"IZTECH_S016","IZTECH_S016_w","2025-05-07 02:18:19",FALSE,0,33.62,16,1130,9.41667,30,0.25,60,0.5,0,0,129,91,0,0,0,0,0,0,0,0,0,0,0,,,,,,,,,"wrist"
"IZTECH_S016","IZTECH_S016_w","2025-05-07 02:20:19",FALSE,0,33.62,16,1713,14.275,54,0.45,97,0.808333,0,0,133,92,0,0,0,0,0,0,0,0,0,0,0,,,,,,,,,"wrist"
"IZTECH_S016","IZTECH_S016_w","2025-05-07 02:22:19",FALSE,0,33.62,16,0,0,0,0,0,0,0,0,136,93,0,0,0,0,0,0,0,0,0,0,0,,,,,,,,,"wrist"
"IZTECH_S016","IZTECH_S016_w","2025-05-07 02:24:19",FALSE,0,33.69,16,0,0,0,0,0,0,0,0,141,91,0,0,0,0,0,0,0,0,0,0,0,,,,,,,,,"wrist"
"IZTECH_S016","IZTECH_S016_w","2025-05-07 02:26:19",FALSE,0,33.69,16,0,0,0,0,0,0,0,0,138,91,0,0,0,0,0,0,0,0,0,0,0,,,,,,,,,"wrist"
"IZTECH_S016","IZTECH_S016_w","2025-05-07 02:28:19",FALSE,0,33.75,16,0,0,0,0,0,0,0,0,136,92,0,0,0,0,0,0,0,0,0,0,0,,,,,,,,,"wrist"
"IZTECH_S016","IZTECH_S016_w","2025-05-07 02:30:19",FALSE,0,33.75,16,53,0.441667,0,0,6,0.05,0,0,139,91,0,0,0,0,0,0,0,0,0,0,0,,,,,,,,,"wrist"
"IZTECH_S016","IZTECH_S016_w","2025-05-07 02:32:19",FALSE,0,33.75,16,1740,14.5,51,0.425,94,0.783333,0,0,140,91,0,0,0,0,0,0,0,0,0,0,0,,,,,,,,,"wrist"
"IZTECH_S016","IZTECH_S016_w","2025-05-07 02:34:19",FALSE,0,33.81,16,0,0,0,0,0,0,0,0,157,91,0,0,0,0,0,0,0,0,0,0,0,,,,,,,,,"wrist"
"IZTECH_S016","IZTECH_S016_w","2025-05-07 02:36:19",FALSE,0,33.88,16,4,0.0333333,0,0,0,0,0,0,162,93,0,0,0,0,0,0,0,0,0,0,0,,,,,,,,,"wrist"
"IZTECH_S016","IZTECH_S016_w","2025-05-07 02:38:19",FALSE,0,33.88,16,0,0,0,0,0,0,0,0,160,91,0,0,0,0,0,0,0,0,0,0,0,,,,,,,,,"wrist"
"IZTECH_S016","IZTECH_S016_w","2025-05-07 02:40:19",FALSE,0,33.88,16,1434,11.95,45,0.375,69,0.575,0,0,170,91,0,0,0,0,0,0,0,0,0,0,0,,,,,,,,,"wrist"
"IZTECH_S016","IZTECH_S016_w","2025-05-07 02:42:19",FALSE,0,33.81,16,0,0,0,0,0,0,0,0,170,92,0,0,0,0,0,0,0,0,0,0,0,,,,,,,,,"wrist"
"IZTECH_S016","IZTECH_S016_w","2025-05-07 02:44:19",FALSE,0,33.88,16,0,0,0,0,0,0,0,0,171,91,0,0,0,0,0,0,0,0,0,0,0,,,,,,,,,"wrist"
"IZTECH_S016","IZTECH_S016_w","2025-05-07 02:46:19",FALSE,0,33.88,16,1020,8.5,25,0.208333,62,0.516667,0,0,171,93,0,0,0,0,0,0,0,0,0,0,0,,,,,,,,,"wrist"
"IZTECH_S016","IZTECH_S016_w","2025-05-07 02:48:19",FALSE,0,33.88,16,0,0,0,0,0,0,0,0,170,93,0,0,0,0,0,0,0,0,0,0,0,,,,,,,,,"wrist"
"IZTECH_S016","IZTECH_S016_w","2025-05-07 02:50:19",FALSE,0,33.88,16,0,0,0,0,0,0,0,0,172,91,0,0,0,0,0,0,0,0,0,0,0,,,,,,,,,"wrist"
"IZTECH_S016","IZTECH_S016_w","2025-05-07 02:52:19",FALSE,0,33.56,16,1359,11.325,50,0.416667,70,0.583333,0,0,182,95,0,0,0,0,0,0,0,0,0,0,0,,,,,,,,,"wrist"
"IZTECH_S016","IZTECH_S016_w","2025-05-07 02:54:19",FALSE,0,33.38,16,0,0,0,0,1,0.00833333,0,0,183,94,0,0,0,0,0,0,0,0,0,0,0,,,,,,,,,"wrist"
"IZTECH_S016","IZTECH_S016_w","2025-05-07 02:56:19",FALSE,0,33.25,16,0,0,0,0,0,0,0,0,189,95,0,0,0,0,0,0,0,0,0,0,0,,,,,,,,,"wrist"
"IZTECH_S016","IZTECH_S016_w","2025-05-07 02:58:19",FALSE,0,33.38,16,1500,12.5,46,0.383333,85,0.708333,0,0,193,97,0,0,0,0,0,0,0,0,0,0,0,,,,,,,,,"wrist"
"IZTECH_S016","IZTECH_S016_w","2025-05-07 03:00:19",FALSE,0,33.62,16,284,2.36667,8,0.0666667,23,0.191667,0,0,194,93,0,0,0,0,0,0,0,0,0,0,0,,,,,,,,,"wrist"
"IZTECH_S016","IZTECH_S016_w","2025-05-07 03:02:19",FALSE,0,33.69,16,4,0.0333333,0,0,0,0,0,0,192,93,0,0,0,0,0,0,0,0,0,0,0,,,,,,,,,"wrist"
"IZTECH_S016","IZTECH_S016_w","2025-05-07 03:04:19",FALSE,0,33.75,16,0,0,0,0,0,0,0,0,189,93,0,0,0,0,0,0,0,0,0,0,0,,,,,,,,,"wrist"
"IZTECH_S016","IZTECH_S016_w","2025-05-07 03:06:19",FALSE,0,33.75,16,5335,44.4583,196,1.63333,235,1.95833,0,0,157,91,0,0,0,0,0,0,0,0,0,0,0,,,,,,,,,"wrist"
"IZTECH_S016","IZTECH_S016_w","2025-05-07 03:08:19",FALSE,0,33.81,4,1097,9.14167,41,0.341667,55,0.458333,0,0,125,91,0,0,0,0,0,0,0,0,0,0,0,,,,,,,,,"wrist"
"IZTECH_S016","IZTECH_S016_w","2025-05-07 03:10:19",FALSE,0,33.88,4,0,0,0,0,0,0,0,0,124,93,0,0,0,0,0,0,0,0,0,0,0,,,,,,,,,"wrist"
"IZTECH_S016","IZTECH_S016_w","2025-05-07 03:12:19",FALSE,0,33.88,4,0,0,0,0,0,0,0,0,124,93,0,0,0,0,0,0,0,0,0,0,0,,,,,,,,,"wrist"
"IZTECH_S016","IZTECH_S016_w","2025-05-07 03:14:19",FALSE,0,33.94,4,0,0,0,0,0,0,0,0,124,92,0,0,0,0,0,0,0,0,0,0,0,,,,,,,,,"wrist"
"IZTECH_S016","IZTECH_S016_w","2025-05-07 03:16:19",FALSE,0,33.94,4,31,0.258333,0,0,0,0,0,0,124,93,0,0,0,0,0,0,0,0,0,0,0,,,,,,,,,"wrist"
"IZTECH_S016","IZTECH_S016_w","2025-05-07 03:18:19",FALSE,0,33.94,4,0,0,0,0,0,0,0,0,124,92,0,0,0,0,0,0,0,0,0,0,0,,,,,,,,,"wrist"
"IZTECH_S016","IZTECH_S016_w","2025-05-07 03:20:19",FALSE,0,33.94,4,0,0,0,0,0,0,0,0,123,92,0,0,0,0,0,0,0,0,0,0,0,,,,,,,,,"wrist"
"IZTECH_S016","IZTECH_S016_w","2025-05-07 03:22:19",FALSE,0,33.94,4,0,0,0,0,0,0,0,0,123,91,0,0,0,0,0,0,0,0,0,0,0,,,,,,,,,"wrist"
"IZTECH_S016","IZTECH_S016_w","2025-05-07 03:24:19",FALSE,0,34,4,0,0,0,0,0,0,0,0,123,91,0,0,0,0,0,0,0,0,0,0,0,,,,,,,,,"wrist"
"IZTECH_S016","IZTECH_S016_w","2025-05-07 03:26:19",FALSE,0,34,4,0,0,0,0,0,0,0,0,123,92,0,0,0,0,0,0,0,0,0,0,0,,,,,,,,,"wrist"
"IZTECH_S016","IZTECH_S016_w","2025-05-07 03:28:19",FALSE,0,33.94,4,0,0,0,0,0,0,0,0,123,92,0,0,0,0,0,0,0,0,0,0,0,,,,,,,,,"wrist"
"IZTECH_S016","IZTECH_S016_w","2025-05-07 03:30:19",FALSE,0,33.94,4,0,0,0,0,0,0,0,0,123,92,0,0,0,0,0,0,0,0,0,0,0,,,,,,,,,"wrist"
"IZTECH_S016","IZTECH_S016_w","2025-05-07 03:32:19",FALSE,0,33.94,4,0,0,0,0,0,0,0,0,123,93,0,0,0,0,0,0,0,0,0,0,0,,,,,,,,,"wrist"
"IZTECH_S016","IZTECH_S016_w","2025-05-07 03:34:19",FALSE,0,33.94,4,0,0,0,0,0,0,0,0,123,91,0,0,0,0,0,0,0,0,0,0,0,,,,,,,,,"wrist"
"IZTECH_S016","IZTECH_S016_w","2025-05-07 03:36:19",FALSE,0,33.88,4,1525,12.7083,41,0.341667,102,0.85,0,0,123,92,0,0,0,0,0,0,0,0,0,0,0,,,,,,,,,"wrist"
"IZTECH_S016","IZTECH_S016_w","2025-05-07 03:38:19",FALSE,0,34,16,0,0,0,0,0,0,0,0,123,91,0,0,0,0,0,0,0,0,0,0,0,,,,,,,,,"wrist"
"IZTECH_S016","IZTECH_S016_w","2025-05-07 03:40:19",FALSE,0,34.12,16,0,0,0,0,0,0,0,0,123,92,0,0,0,0,0,0,0,0,0,0,0,,,,,,,,,"wrist"
"IZTECH_S016","IZTECH_S016_w","2025-05-07 03:42:19",FALSE,0,34.31,16,0,0,0,0,0,0,0,0,123,93,0,0,0,0,0,0,0,0,0,0,0,,,,,,,,,"wrist"
"IZTECH_S016","IZTECH_S016_w","2025-05-07 03:44:19",FALSE,0,34.44,16,0,0,0,0,0,0,0,0,123,92,0,0,0,0,0,0,0,0,0,0,0,,,,,,,,,"wrist"
"IZTECH_S016","IZTECH_S016_w","2025-05-07 03:46:19",FALSE,0,34.5,4,887,7.39167,22,0.183333,60,0.5,0,0,123,92,0,0,0,0,0,0,0,0,0,0,0,,,,,,,,,"wrist"
"IZTECH_S016","IZTECH_S016_w","2025-05-07 03:48:19",FALSE,0,34.38,16,602,5.01667,12,0.1,49,0.408333,0,0,123,92,0,0,0,0,0,0,0,0,0,0,0,,,,,,,,,"wrist"
"IZTECH_S016","IZTECH_S016_w","2025-05-07 03:50:19",FALSE,0,34.25,16,570,4.75,19,0.158333,36,0.3,0,0,123,92,0,0,0,0,0,0,0,0,0,0,0,,,,,,,,,"wrist"
"IZTECH_S016","IZTECH_S016_w","2025-05-07 03:52:19",FALSE,0,34.25,4,0,0,0,0,0,0,0,0,123,93,0,0,0,0,0,0,0,0,0,0,0,,,,,,,,,"wrist"
"IZTECH_S016","IZTECH_S016_w","2025-05-07 03:54:19",FALSE,0,34.19,16,602,5.01667,15,0.125,36,0.3,0,0,123,92,0,0,0,0,0,0,0,0,0,0,0,,,,,,,,,"wrist"
"IZTECH_S016","IZTECH_S016_w","2025-05-07 03:56:19",FALSE,0,34.25,16,0,0,0,0,0,0,0,0,123,92,0,0,0,0,0,0,0,0,0,0,0,,,,,,,,,"wrist"
"IZTECH_S016","IZTECH_S016_w","2025-05-07 03:58:19",FALSE,0,34.25,16,3221,26.8417,96,0.8,172,1.43333,0,0,131,92,0,0,0,0,0,0,0,0,0,0,0,,,,,,,,,"wrist"
"IZTECH_S016","IZTECH_S016_w","2025-05-07 04:00:19",FALSE,0,34.06,16,0,0,0,0,0,0,0,0,130,92,0,0,0,0,0,0,0,0,0,0,0,,,,,,,,,"wrist"
"IZTECH_S016","IZTECH_S016_w","2025-05-07 04:02:19",FALSE,0,33.94,16,0,0,0,0,0,0,0,0,132,92,0,0,0,0,0,0,0,0,0,0,0,,,,,,,,,"wrist"
"IZTECH_S016","IZTECH_S016_w","2025-05-07 04:04:19",FALSE,0,33.88,16,0,0,0,0,0,0,0,0,134,91,0,0,0,0,0,0,0,0,0,0,0,,,,,,,,,"wrist"
"IZTECH_S016","IZTECH_S016_w","2025-05-07 04:06:19",FALSE,0,33.81,16,0,0,0,0,0,0,0,0,139,92,0,0,0,0,0,0,0,0,0,0,0,,,,,,,,,"wrist"
"IZTECH_S016","IZTECH_S016_w","2025-05-07 04:08:19",FALSE,0,33.75,16,1293,10.775,40,0.333333,50,0.416667,0,0,146,91,0,0,0,0,0,0,0,0,0,0,0,,,,,,,,,"wrist"
"IZTECH_S016","IZTECH_S016_w","2025-05-07 04:10:19",FALSE,0,33.69,16,246,2.05,6,0.05,18,0.15,0,0,151,93,0,0,0,0,0,0,0,0,0,0,0,,,,,,,,,"wrist"
"IZTECH_S016","IZTECH_S016_w","2025-05-07 04:12:19",FALSE,0,33.69,16,390,3.25,16,0.133333,24,0.2,0,0,160,91,0,0,0,0,0,0,0,0,0,0,0,,,,,,,,,"wrist"
"IZTECH_S016","IZTECH_S016_w","2025-05-07 04:14:19",FALSE,0,33.75,16,1590,13.25,45,0.375,102,0.85,0,0,162,91,0,0,0,0,0,0,0,0,0,0,0,,,,,,,,,"wrist"
"IZTECH_S016","IZTECH_S016_w","2025-05-07 04:16:19",FALSE,0,33.75,16,0,0,0,0,0,0,0,0,166,91,0,0,0,0,0,0,0,0,0,0,0,,,,,,,,,"wrist"
"IZTECH_S016","IZTECH_S016_w","2025-05-07 04:18:19",FALSE,0,33.75,16,965,8.04167,17,0.141667,69,0.575,0,0,170,93,0,0,0,0,0,0,0,0,0,0,0,,,,,,,,,"wrist"
"IZTECH_S016","IZTECH_S016_w","2025-05-07 04:20:19",FALSE,0,33.69,16,0,0,0,0,0,0,0,0,174,92,0,0,0,0,0,0,0,0,0,0,0,,,,,,,,,"wrist"
"IZTECH_S016","IZTECH_S016_w","2025-05-07 04:22:19",FALSE,0,33.69,16,0,0,0,0,0,0,0,0,179,93,0,0,0,0,0,0,0,0,0,0,0,,,,,,,,,"wrist"
"IZTECH_S016","IZTECH_S016_w","2025-05-07 04:24:19",FALSE,0,33.75,16,303,2.525,6,0.05,18,0.15,0,0,179,91,0,0,0,0,0,0,0,0,0,0,0,,,,,,,,,"wrist"
"IZTECH_S016","IZTECH_S016_w","2025-05-07 04:26:19",FALSE,0,33.75,16,0,0,0,0,0,0,0,0,176,91,0,0,0,0,0,0,0,0,0,0,0,,,,,,,,,"wrist"
"IZTECH_S016","IZTECH_S016_w","2025-05-07 04:28:19",FALSE,0,33.75,16,0,0,0,0,0,0,0,0,178,91,0,0,0,0,0,0,0,0,0,0,0,,,,,,,,,"wrist"
"IZTECH_S016","IZTECH_S016_w","2025-05-07 04:30:19",FALSE,0,33.75,16,1282,10.6833,45,0.375,66,0.55,0,0,160,91,0,0,0,0,0,0,0,0,0,0,0,,,,,,,,,"wrist"
"IZTECH_S016","IZTECH_S016_w","2025-05-07 04:32:19",FALSE,0,33.75,16,0,0,0,0,0,0,0,0,160,91,0,0,0,0,0,0,0,0,0,0,0,,,,,,,,,"wrist"
"IZTECH_S016","IZTECH_S016_w","2025-05-07 04:34:19",FALSE,0,33.75,16,0,0,0,0,0,0,0,0,160,91,0,0,0,0,0,0,0,0,0,0,0,,,,,,,,,"wrist"
"IZTECH_S016","IZTECH_S016_w","2025-05-07 04:36:19",FALSE,0,32.88,16,1264,10.5333,29,0.241667,77,0.641667,0,0,222,157,0,0,0,0,0,0,0,0,0,0,0,,,,,,,,,"wrist"
"IZTECH_S016","IZTECH_S016_w","2025-05-07 04:38:19",FALSE,0,32.81,16,0,0,0,0,0,0,0,0,224,184,0,0,0,0,0,0,0,0,0,0,0,,,,,,,,,"wrist"
"IZTECH_S016","IZTECH_S016_w","2025-05-07 04:40:19",FALSE,0,32.75,16,0,0,0,0,0,0,0,0,224,177,0,0,0,0,0,0,0,0,0,0,0,,,,,,,,,"wrist"
"IZTECH_S016","IZTECH_S016_w","2025-05-07 04:42:19",FALSE,0,32.69,16,0,0,0,0,0,0,0,0,224,176,0,0,0,0,0,0,0,0,0,0,0,,,,,,,,,"wrist"
"IZTECH_S016","IZTECH_S016_w","2025-05-07 04:44:19",FALSE,0,32.62,16,0,0,0,0,0,0,0,0,224,174,0,0,0,0,0,0,0,0,0,0,0,,,,,,,,,"wrist"
"IZTECH_S016","IZTECH_S016_w","2025-05-07 04:46:19",FALSE,0,33.19,16,450,3.75,7,0.0583333,27,0.225,0,0,213,153,0,0,0,0,0,0,0,0,0,0,0,,,,,,,,,"wrist"
"IZTECH_S016","IZTECH_S016_w","2025-05-07 04:48:19",FALSE,0,33.38,16,0,0,0,0,0,0,0,0,211,151,0,0,0,0,0,0,0,0,0,0,0,,,,,,,,,"wrist"
"IZTECH_S016","IZTECH_S016_w","2025-05-07 04:50:19",FALSE,0,33.38,16,0,0,0,0,0,0,0,0,211,152,0,0,0,0,0,0,0,0,0,0,0,,,,,,,,,"wrist"
"IZTECH_S016","IZTECH_S016_w","2025-05-07 04:52:19",FALSE,0,33.5,16,0,0,0,0,0,0,0,0,211,152,0,0,0,0,0,0,0,0,0,0,0,,,,,,,,,"wrist"
"IZTECH_S016","IZTECH_S016_w","2025-05-07 04:54:19",FALSE,0,33.5,16,0,0,0,0,0,0,0,0,211,151,0,0,0,0,0,0,0,0,0,0,0,,,,,,,,,"wrist"
"IZTECH_S016","IZTECH_S016_w","2025-05-07 04:56:19",FALSE,0,33.56,16,0,0,0,0,0,0,0,0,214,155,0,0,0,0,0,0,0,0,0,0,0,,,,,,,,,"wrist"
"IZTECH_S016","IZTECH_S016_w","2025-05-07 04:58:19",FALSE,0,33.56,16,0,0,0,0,0,0,0,0,211,153,0,0,0,0,0,0,0,0,0,0,0,,,,,,,,,"wrist"
"IZTECH_S016","IZTECH_S016_w","2025-05-07 05:00:19",FALSE,0,33.62,16,0,0,0,0,0,0,0,0,212,153,0,0,0,0,0,0,0,0,0,0,0,,,,,,,,,"wrist"
"IZTECH_S016","IZTECH_S016_w","2025-05-07 05:02:19",FALSE,0,33.62,16,0,0,0,0,0,0,0,0,211,152,0,0,0,0,0,0,0,0,0,0,0,,,,,,,,,"wrist"
"IZTECH_S016","IZTECH_S016_w","2025-05-07 05:04:19",FALSE,0,33.62,16,0,0,0,0,0,0,0,0,211,152,0,0,0,0,0,0,0,0,0,0,0,,,,,,,,,"wrist"
"IZTECH_S016","IZTECH_S016_w","2025-05-07 05:06:19",FALSE,0,33.62,16,5,0.0416667,0,0,0,0,0,0,213,154,0,0,0,0,0,0,0,0,0,0,0,,,,,,,,,"wrist"
"IZTECH_S016","IZTECH_S016_w","2025-05-07 05:08:19",FALSE,0,33.62,16,0,0,0,0,0,0,0,0,213,155,0,0,0,0,0,0,0,0,0,0,0,,,,,,,,,"wrist"
"IZTECH_S016","IZTECH_S016_w","2025-05-07 05:10:19",FALSE,0,33.62,16,0,0,0,0,0,0,0,0,212,155,0,0,0,0,0,0,0,0,0,0,0,,,,,,,,,"wrist"
"IZTECH_S016","IZTECH_S016_w","2025-05-07 05:12:19",FALSE,0,33.62,16,0,0,0,0,0,0,0,0,211,153,0,0,0,0,0,0,0,0,0,0,0,,,,,,,,,"wrist"
"IZTECH_S016","IZTECH_S016_w","2025-05-07 05:14:19",FALSE,0,33.62,16,0,0,0,0,0,0,0,0,211,153,0,0,0,0,0,0,0,0,0,0,0,,,,,,,,,"wrist"
"IZTECH_S016","IZTECH_S016_w","2025-05-07 05:16:19",FALSE,0,33.56,16,0,0,0,0,0,0,0,0,211,153,0,0,0,0,0,0,0,0,0,0,0,,,,,,,,,"wrist"
"IZTECH_S016","IZTECH_S016_w","2025-05-07 05:18:19",FALSE,0,33.56,16,0,0,0,0,0,0,0,0,210,153,0,0,0,0,0,0,0,0,0,0,0,,,,,,,,,"wrist"
"IZTECH_S016","IZTECH_S016_w","2025-05-07 05:20:19",FALSE,0,33.56,16,0,0,0,0,0,0,0,0,210,153,0,0,0,0,0,0,0,0,0,0,0,,,,,,,,,"wrist"
"IZTECH_S016","IZTECH_S016_w","2025-05-07 05:22:19",FALSE,0,33.56,16,0,0,0,0,0,0,0,0,209,153,0,0,0,0,0,0,0,0,0,0,0,,,,,,,,,"wrist"
"IZTECH_S016","IZTECH_S016_w","2025-05-07 05:24:19",FALSE,0,33.5,16,0,0,0,0,0,0,0,0,209,153,0,0,0,0,0,0,0,0,0,0,0,,,,,,,,,"wrist"
"IZTECH_S016","IZTECH_S016_w","2025-05-07 05:26:19",FALSE,0,33.5,16,0,0,0,0,0,0,0,0,209,153,0,0,0,0,0,0,0,0,0,0,0,,,,,,,,,"wrist"
"IZTECH_S016","IZTECH_S016_w","2025-05-07 05:28:19",FALSE,0,33.5,16,0,0,0,0,0,0,0,0,208,153,0,0,0,0,0,0,0,0,0,0,0,,,,,,,,,"wrist"
"IZTECH_S016","IZTECH_S016_w","2025-05-07 05:30:19",FALSE,0,33.44,16,0,0,0,0,0,0,0,0,210,153,0,0,0,0,0,0,0,0,0,0,0,,,,,,,,,"wrist"
"IZTECH_S016","IZTECH_S016_w","2025-05-07 05:32:19",FALSE,0,33.5,16,2863,23.8583,63,0.525,150,1.25,0,0,163,92,0,0,0,0,0,0,0,0,0,0,0,,,,,,,,,"wrist"
"IZTECH_S016","IZTECH_S016_w","2025-05-07 05:34:19",FALSE,0,33.38,1,0,0,0,0,0,0,0,0,158,93,0,0,0,0,0,0,0,0,0,0,0,,,,,,,,,"wrist"
"IZTECH_S016","IZTECH_S016_w","2025-05-07 05:36:19",FALSE,0,33.12,1,0,0,0,0,0,0,0,0,160,92,0,0,0,0,0,0,0,0,0,0,0,,,,,,,,,"wrist"
"IZTECH_S016","IZTECH_S016_w","2025-05-07 05:38:19",FALSE,0,32.88,1,0,0,0,0,0,0,0,0,163,93,0,0,0,0,0,0,0,0,0,0,0,,,,,,,,,"wrist"
"IZTECH_S016","IZTECH_S016_w","2025-05-07 05:40:19",FALSE,0,32.69,1,7,0.0583333,0,0,1,0.00833333,0,0,163,91,0,0,0,0,0,0,0,0,0,0,0,,,,,,,,,"wrist"
"IZTECH_S016","IZTECH_S016_w","2025-05-07 05:42:19",FALSE,0,32.56,1,0,0,0,0,0,0,0,0,161,92,0,0,0,0,0,0,0,0,0,0,0,,,,,,,,,"wrist"
"IZTECH_S016","IZTECH_S016_w","2025-05-07 05:44:19",FALSE,0,32.38,1,283,2.35833,2,0.0166667,17,0.141667,0,0,178,94,0,0,0,0,0,0,0,0,0,0,0,,,,,,,,,"wrist"
"IZTECH_S016","IZTECH_S016_w","2025-05-07 05:46:19",FALSE,0,32.19,1,0,0,0,0,0,0,0,0,176,94,0,0,0,0,0,0,0,0,0,0,0,,,,,,,,,"wrist"
"IZTECH_S016","IZTECH_S016_w","2025-05-07 05:48:19",FALSE,0,32,1,1583,13.1917,49,0.408333,58,0.483333,0,0,174,94,0,0,0,0,0,0,0,0,0,0,0,,,,,,,,,"wrist"
"IZTECH_S016","IZTECH_S016_w","2025-05-07 05:50:19",FALSE,0,31.94,16,46,0.383333,0,0,5,0.0416667,0,0,180,94,0,0,0,0,0,0,0,0,0,0,0,,,,,,,,,"wrist"
"IZTECH_S016","IZTECH_S016_w","2025-05-07 05:52:19",FALSE,0,31.88,16,2352,19.6,81,0.675,136,1.13333,0,0,171,94,0,0,0,0,0,0,0,0,0,0,0,,,,,,,,,"wrist"
"IZTECH_S016","IZTECH_S016_w","2025-05-07 05:54:19",FALSE,0,32.06,16,5,0.0416667,0,0,0,0,0,0,175,94,0,0,0,0,0,0,0,0,0,0,0,,,,,,,,,"wrist"
"IZTECH_S016","IZTECH_S016_w","2025-05-07 05:56:19",FALSE,0,32.25,16,539,4.49167,17,0.141667,30,0.25,0,0,177,98,0,0,0,0,0,0,0,0,0,0,0,,,,,,,,,"wrist"
"IZTECH_S016","IZTECH_S016_w","2025-05-07 05:58:19",FALSE,0,32.56,16,5,0.0416667,0,0,1,0.00833333,0,0,178,99,0,0,0,0,0,0,0,0,0,0,0,,,,,,,,,"wrist"
"IZTECH_S016","IZTECH_S016_w","2025-05-07 06:00:19",FALSE,0,32.81,16,43,0.358333,0,0,3,0.025,0,0,178,99,0,0,0,0,0,0,0,0,0,0,0,,,,,,,,,"wrist"
"IZTECH_S016","IZTECH_S016_w","2025-05-07 06:02:19",FALSE,0,33.06,16,1145,9.54167,30,0.25,72,0.6,0,0,174,97,0,0,0,0,0,0,0,0,0,0,0,,,,,,,,,"wrist"
"IZTECH_S016","IZTECH_S016_w","2025-05-07 06:04:19",FALSE,0,33.19,16,331,2.75833,6,0.05,24,0.2,0,0,193,95,0,0,0,0,0,0,0,0,0,0,0,,,,,,,,,"wrist"
"IZTECH_S016","IZTECH_S016_w","2025-05-07 06:06:19",FALSE,0,33.31,16,0,0,0,0,0,0,0,0,194,95,0,0,0,0,0,0,0,0,0,0,0,,,,,,,,,"wrist"
"IZTECH_S016","IZTECH_S016_w","2025-05-07 06:08:19",FALSE,0,33.31,16,0,0,0,0,0,0,0,0,192,95,0,0,0,0,0,0,0,0,0,0,0,,,,,,,,,"wrist"
"IZTECH_S016","IZTECH_S016_w","2025-05-07 06:10:19",FALSE,0,33.38,16,259,2.15833,5,0.0416667,21,0.175,0,0,193,97,0,0,0,0,0,0,0,0,0,0,0,,,,,,,,,"wrist"
"IZTECH_S016","IZTECH_S016_w","2025-05-07 06:12:19",FALSE,0,33.44,16,822,6.85,15,0.125,54,0.45,0,0,182,95,0,0,0,0,0,0,0,0,0,0,0,,,,,,,,,"wrist"
"IZTECH_S016","IZTECH_S016_w","2025-05-07 06:14:19",FALSE,0,33.44,16,0,0,0,0,0,0,0,0,180,95,0,0,0,0,0,0,0,0,0,0,0,,,,,,,,,"wrist"
"IZTECH_S016","IZTECH_S016_w","2025-05-07 06:16:19",FALSE,0,33.5,16,3,0.025,0,0,0,0,0,0,182,95,0,0,0,0,0,0,0,0,0,0,0,,,,,,,,,"wrist"
"IZTECH_S016","IZTECH_S016_w","2025-05-07 06:18:19",FALSE,0,33.56,16,186,1.55,5,0.0416667,12,0.1,0,0,184,95,0,0,0,0,0,0,0,0,0,0,0,,,,,,,,,"wrist"
"IZTECH_S016","IZTECH_S016_w","2025-05-07 06:20:19",FALSE,0,33.5,16,1086,9.05,30,0.25,55,0.458333,0,0,199,117,0,0,0,0,0,0,0,0,0,0,0,,,,,,,,,"wrist"
"IZTECH_S016","IZTECH_S016_w","2025-05-07 06:22:19",FALSE,0,33.38,16,8,0.0666667,0,0,1,0.00833333,0,0,200,112,0,0,0,0,0,0,1e-04,1e-04,0,0,0,,,,,,,,,"wrist"
"IZTECH_S016","IZTECH_S016_w","2025-05-07 06:24:19",FALSE,0,33.31,1,1686,14.05,46,0.383333,88,0.733333,0,0,160,94,0,0,0,0,0,0,1e-04,2e-04,0,0,0,,,,,,,,,"wrist"
"IZTECH_S016","IZTECH_S016_w","2025-05-07 06:26:19",FALSE,0,33,1,8,0.0666667,0,0,0,0,0,0,159,94,0,0,0,0,0,1e-04,1e-04,2e-04,0,0,0,,,,,,,,,"wrist"
"IZTECH_S016","IZTECH_S016_w","2025-05-07 06:28:19",FALSE,0,32.69,1,0,0,0,0,0,0,0.04,0,158,94,0,0,0,0,1e-04,1e-04,1e-04,2e-04,0,0,0,,,,,,,,,"wrist"
"IZTECH_S016","IZTECH_S016_w","2025-05-07 06:30:19",FALSE,0,32.44,1,0,0,0,0,0,0,0.06,0,158,93,0,0,0,0,1e-04,1e-04,1e-04,2e-04,0,0,0,,,,,,,,,"wrist"
"IZTECH_S016","IZTECH_S016_w","2025-05-07 06:32:19",FALSE,0,32.25,1,570,4.75,13,0.108333,34,0.283333,0.2,0,157,93,0,0,1e-04,1e-04,1e-04,1e-04,1e-04,3e-04,0,0,0,,,,,,,,,"wrist"
"IZTECH_S016","IZTECH_S016_w","2025-05-07 06:34:19",FALSE,0,32.31,16,1119,9.325,40,0.333333,33,0.275,0.29,0,175,92,0,0,1e-04,1e-04,1e-04,1e-04,1e-04,2e-04,0.13,0,0,,,,,,,,,"wrist"
"IZTECH_S016","IZTECH_S016_w","2025-05-07 06:36:19",FALSE,0,32.5,16,19,0.158333,0,0,1,0.00833333,0,0,176,94,0,0,0,0,0,0,0,0,0,0,0,,,,,,,,,"wrist"
"IZTECH_S016","IZTECH_S016_w","2025-05-07 06:38:19",FALSE,0,32.69,16,54,0.45,1,0.00833333,3,0.025,0,0,176,94,0,0,0,0,0,0,0,0,0,0,0,,,,,,,,,"wrist"
"IZTECH_S016","IZTECH_S016_w","2025-05-07 06:40:19",FALSE,0,32.81,16,0,0,0,0,0,0,0,0,177,94,0,0,0,0,0,0,0,0,0,0,0,,,,,,,,,"wrist"
"IZTECH_S016","IZTECH_S016_w","2025-05-07 06:42:19",FALSE,0,33,16,0,0,0,0,0,0,0,0,178,93,0,0,0,0,0,0,0,0,0,0,0,,,,,,,,,"wrist"
"IZTECH_S016","IZTECH_S016_w","2025-05-07 06:44:19",FALSE,0,33.12,16,0,0,0,0,0,0,0,0,177,93,0,0,0,0,0,0,0,0,0,0,0,,,,,,,,,"wrist"
"IZTECH_S016","IZTECH_S016_w","2025-05-07 06:46:19",FALSE,0,33.25,16,4621,38.5083,141,1.175,207,1.725,0.18,0,190,96,0,0,0,1e-04,1e-04,1e-04,1e-04,2e-04,0,0,0,,,,,,,,,"wrist"
"IZTECH_S016","IZTECH_S016_w","2025-05-07 06:48:19",FALSE,0,33.25,1,4138,34.4833,134,1.11667,154,1.28333,0.38,0,152,94,0,1e-04,1e-04,1e-04,1e-04,1e-04,2e-04,3e-04,0.06,0,0,,,,,,,,,"wrist"
"IZTECH_S016","IZTECH_S016_w","2025-05-07 06:50:19",FALSE,0,33.06,1,0,0,0,0,0,0,0.63,0,152,94,1e-04,1e-04,1e-04,2e-04,1e-04,2e-04,3e-04,5e-04,0.34,0,0,,,,,,,,,"wrist"
"IZTECH_S016","IZTECH_S016_w","2025-05-07 06:52:19",FALSE,0,32.81,1,0,0,0,0,0,0,0.75,0,152,92,1e-04,1e-04,1e-04,2e-04,2e-04,2e-04,3e-04,6e-04,0.33,0,0,,,,,,,,,"wrist"
"IZTECH_S016","IZTECH_S016_w","2025-05-07 06:54:19",FALSE,0,32.69,1,0,0,0,0,0,0,0.85,0,154,94,0,1e-04,1e-04,2e-04,2e-04,2e-04,3e-04,6e-04,0.27,0,0,,,,,,,,,"wrist"
"IZTECH_S016","IZTECH_S016_w","2025-05-07 06:56:19",FALSE,0,32.5,1,0,0,0,0,0,0,0.93,0,154,93,0,1e-04,1e-04,2e-04,2e-04,2e-04,4e-04,6e-04,0.31,0,0,,,,,,,,,"wrist"
"IZTECH_S016","IZTECH_S016_w","2025-05-07 06:58:19",FALSE,0,32.44,1,81,0.675,2,0.0166667,5,0.0416667,1.03,0,155,92,1e-04,1e-04,1e-04,2e-04,2e-04,3e-04,4e-04,7e-04,0.58,0,0,,,,,,,,,"wrist"
"IZTECH_S016","IZTECH_S016_w","2025-05-07 07:00:19",FALSE,0,32.31,1,0,0,0,0,0,0,1.02,0,153,92,1e-04,1e-04,2e-04,2e-04,2e-04,3e-04,4e-04,7e-04,0.69,0,0,,,,,,,,,"wrist"
"IZTECH_S016","IZTECH_S016_w","2025-05-07 07:02:19",FALSE,0,32.25,1,0,0,0,0,0,0,1.23,0,153,92,1e-04,1e-04,2e-04,2e-04,3e-04,3e-04,4e-04,7e-04,0.73,0,0,,,,,,,,,"wrist"
"IZTECH_S016","IZTECH_S016_w","2025-05-07 07:04:19",FALSE,0,32.25,1,0,0,0,0,0,0,1.27,0,151,92,1e-04,1e-04,2e-04,2e-04,3e-04,3e-04,5e-04,8e-04,0.76,0,0,,,,,,,,,"wrist"
"IZTECH_S016","IZTECH_S016_w","2025-05-07 07:06:19",FALSE,0,32.12,16,2875,23.9583,86,0.716667,114,0.95,0.5,0,192,94,0,1e-04,1e-04,1e-04,2e-04,2e-04,2e-04,5e-04,0.19,0,0,,,,,,,,,"wrist"
"IZTECH_S016","IZTECH_S016_w","2025-05-07 07:08:19",FALSE,0,32.31,16,7,0.0583333,0,0,0,0,0,0,192,94,0,0,0,0,0,0,0,2e-04,0,0,0,,,,,,,,,"wrist"
"IZTECH_S016","IZTECH_S016_w","2025-05-07 07:10:19",FALSE,0,32.56,16,0,0,0,0,0,0,0,0,192,94,0,0,0,0,0,0,0,2e-04,0,0,0,,,,,,,,,"wrist"
"IZTECH_S016","IZTECH_S016_w","2025-05-07 07:12:19",FALSE,0,32.81,16,0,0,0,0,0,0,0,0,192,94,0,0,0,0,0,0,0,2e-04,0,0,0,,,,,,,,,"wrist"
"IZTECH_S016","IZTECH_S016_w","2025-05-07 07:14:19",FALSE,0,32.94,16,660,5.5,14,0.116667,40,0.333333,0,0,192,95,0,0,0,0,0,0,0,2e-04,0,0,0,,,,,,,,,"wrist"
"IZTECH_S016","IZTECH_S016_w","2025-05-07 07:16:19",FALSE,0,32.88,16,0,0,0,0,0,0,0,0,206,145,0,0,0,0,0,0,0,2e-04,0,0,0,,,,,,,,,"wrist"
"IZTECH_S016","IZTECH_S016_w","2025-05-07 07:18:19",FALSE,0,32.94,16,11,0.0916667,0,0,2,0.0166667,0,0,205,143,0,0,0,0,0,0,0,2e-04,0,0,0,,,,,,,,,"wrist"
"IZTECH_S016","IZTECH_S016_w","2025-05-07 07:20:19",FALSE,0,33.06,16,0,0,0,0,0,0,0,0,203,139,0,0,0,0,0,0,0,2e-04,0,0,0,,,,,,,,,"wrist"
"IZTECH_S016","IZTECH_S016_w","2025-05-07 07:22:19",FALSE,0,33.38,16,466,3.88333,14,0.116667,25,0.208333,0,0,175,99,0,0,0,0,1e-04,0,1e-04,2e-04,0,0,0,,,,,,,,,"wrist"
"IZTECH_S016","IZTECH_S016_w","2025-05-07 07:24:19",FALSE,0,33.5,16,612,5.1,12,0.1,51,0.425,0,0,188,113,0,0,0,0,0,0,0,0,0,0,0,,,,,,,,,"wrist"
"IZTECH_S016","IZTECH_S016_w","2025-05-07 07:26:19",FALSE,0,33.69,16,0,0,0,0,0,0,0,0,188,113,0,0,0,0,0,0,0,0,0,0,0,,,,,,,,,"wrist"
"IZTECH_S016","IZTECH_S016_w","2025-05-07 07:28:19",FALSE,0,33.88,16,1517,12.6417,43,0.358333,76,0.633333,6.8,0.01,171,94,4e-04,6e-04,8e-04,0.0011,0.0013,0.0015,0.0018,0.0026,5.45,0.01,0,,,,,,,,,"wrist"
"IZTECH_S016","IZTECH_S016_w","2025-05-07 07:30:19",FALSE,0,33.69,16,20,0.166667,0,0,2,0.0166667,16.08,0.01,166,94,8e-04,0.0014,0.0018,0.0026,0.0029,0.0034,0.0042,0.0059,13.18,0.02,0,,,,,,,,,"wrist"
"IZTECH_S016","IZTECH_S016_w","2025-05-07 07:32:19",FALSE,0,33.44,16,86,0.716667,0,0,12,0.1,17.36,0.02,173,94,9e-04,0.0015,0.002,0.0028,0.0032,0.0037,0.0046,0.0064,14.1,0.02,0,,,,,,,,,"wrist"
"IZTECH_S016","IZTECH_S016_w","2025-05-07 07:34:19",FALSE,0,33.19,16,202,1.68333,2,0.0166667,23,0.191667,19.18,0.02,171,94,0.001,0.0017,0.0022,0.0031,0.0035,0.0042,0.0051,0.0072,15.55,0.02,0,,,,,,,,,"wrist"
"IZTECH_S016","IZTECH_S016_w","2025-05-07 07:36:19",FALSE,0,32.88,16,1727,14.3917,37,0.308333,87,0.725,23.46,0.02,200,111,0.0012,0.002,0.0026,0.0038,0.0043,0.0051,0.0062,0.0088,18.98,0.03,0,,,,,,,,,"wrist"
"IZTECH_S016","IZTECH_S016_w","2025-05-07 07:38:19",FALSE,0,32.5,16,0,0,0,0,0,0,45.29,0.04,206,103,0.0022,0.0037,0.0048,0.007,0.0081,0.0096,0.0118,0.0161,36.05,0.05,0,,,,,,,,,"wrist"
"IZTECH_S016","IZTECH_S016_w","2025-05-07 07:40:19",FALSE,0,32.44,16,416,3.46667,13,0.108333,22,0.183333,48.91,0.04,197,96,0.0024,0.0039,0.0052,0.0075,0.0088,0.0104,0.0128,0.0175,38.55,0.05,0,,,,,,,,,"wrist"
"IZTECH_S016","IZTECH_S016_w","2025-05-07 07:42:19",FALSE,0,32.44,16,713,5.94167,19,0.158333,49,0.408333,38.76,0.03,194,94,0.0019,0.0031,0.0041,0.006,0.0069,0.0083,0.0102,0.014,30.37,0.04,0,,,,,,,,,"wrist"
"IZTECH_S016","IZTECH_S016_w","2025-05-07 07:44:19",FALSE,0,32.12,16,1390,11.5833,44,0.366667,64,0.533333,19.88,0.02,210,162,0.001,0.0016,0.0021,0.0031,0.0035,0.0043,0.0053,0.0073,15.72,0.02,0,,,,,,,,,"wrist"
"IZTECH_S016","IZTECH_S016_w","2025-05-07 07:46:19",FALSE,0,31.94,16,0,0,0,0,0,0,28.68,0.02,201,158,0.0014,0.0023,0.0031,0.0045,0.0052,0.0062,0.0076,0.0105,22.36,0.03,0,,,,,,,,,"wrist"
"IZTECH_S016","IZTECH_S016_w","2025-05-07 07:48:19",FALSE,0,31.81,16,0,0,0,0,0,0,27.47,0.02,206,160,0.0014,0.0023,0.003,0.0043,0.005,0.006,0.0074,0.0102,21.37,0.03,0,,,,,,,,,"wrist"
"IZTECH_S016","IZTECH_S016_w","2025-05-07 07:50:19",FALSE,0,31.62,16,0,0,0,0,0,0,18.87,0.02,208,162,9e-04,0.0015,0.0021,0.003,0.0034,0.0041,0.005,0.0069,14.86,0.02,0,,,,,,,,,"wrist"
"IZTECH_S016","IZTECH_S016_w","2025-05-07 07:52:19",FALSE,0,31.69,16,3,0.025,0,0,0,0,15.41,0.01,203,158,7e-04,0.0013,0.0017,0.0025,0.0028,0.0033,0.004,0.0055,12.28,0.02,0,,,,,,,,,"wrist"
"IZTECH_S016","IZTECH_S016_w","2025-05-07 07:54:19",FALSE,0,31.38,16,993,8.275,29,0.241667,46,0.383333,20.62,0.02,213,163,0.001,0.0017,0.0022,0.0032,0.0037,0.0043,0.0052,0.0071,16.61,0.02,0,,,,,,,,,"wrist"
"IZTECH_S016","IZTECH_S016_w","2025-05-07 07:56:19",FALSE,0,31.31,16,0,0,0,0,0,0,18.17,0.01,212,163,9e-04,0.0015,0.002,0.0029,0.0032,0.0038,0.0045,0.006,15.14,0.02,0,,,,,,,,,"wrist"
"IZTECH_S016","IZTECH_S016_w","2025-05-07 07:58:19",FALSE,0,32.12,16,1836,15.3,59,0.491667,84,0.7,23.93,0.02,173,94,0.0011,0.0019,0.0026,0.0037,0.0042,0.0049,0.0059,0.0078,20.2,0.02,0,,,,,,,,,"wrist"
"IZTECH_S016","IZTECH_S016_w","2025-05-07 08:00:19",FALSE,0,32,16,671,5.59167,14,0.116667,31,0.258333,29.63,0.02,174,94,0.0014,0.0023,0.0031,0.0045,0.0052,0.0061,0.0073,0.0097,24.44,0.03,0,,,,,,,,,"wrist"
"IZTECH_S016","IZTECH_S016_w","2025-05-07 08:02:19",FALSE,0,31.81,16,505,4.20833,14,0.116667,26,0.216667,58,0.04,189,104,0.0027,0.0045,0.006,0.0088,0.0102,0.0122,0.0148,0.0198,46.23,0.06,0,,,,,,,,,"wrist"
"IZTECH_S016","IZTECH_S016_w","2025-05-07 08:04:19",FALSE,0,32,16,2338,19.4833,62,0.516667,110,0.916667,30.8,0.03,187,98,0.0016,0.0027,0.0034,0.005,0.0056,0.0067,0.0082,0.0122,24.65,0.04,0,,,,,,,,,"wrist"
"IZTECH_S016","IZTECH_S016_w","2025-05-07 08:06:19",FALSE,0,32.12,1,1254,10.45,48,0.4,58,0.483333,2.72,0,124,103,1e-04,2e-04,3e-04,4e-04,5e-04,7e-04,9e-04,0.0013,1.76,0,0,,,,,,,,,"wrist"
"IZTECH_S016","IZTECH_S016_w","2025-05-07 08:08:19",FALSE,0,32.25,1,8249,68.7417,240,2,419,3.49167,12.56,0.01,141,144,5e-04,0.0012,0.0011,0.0018,0.0023,0.0026,0.0027,0.0034,9.69,0.01,0,,,,,,,,,"wrist"
"IZTECH_S016","IZTECH_S016_w","2025-05-07 08:10:19",FALSE,0,32.19,8,889,7.40833,15,0.125,52,0.433333,52.4,0,143,147,0.0012,0.0055,0.0027,0.0064,0.009,0.0088,0.0063,0.0035,45.73,0.02,0,,,,,,,,,"wrist"
"IZTECH_S016","IZTECH_S016_w","2025-05-07 08:12:19",FALSE,0,32.38,1,1146,9.55,26,0.216667,74,0.616667,56.94,0,137,94,0.0014,0.006,0.0029,0.007,0.0097,0.0096,0.0069,0.0038,50.09,0.02,0,,,,,,,,,"wrist"
"IZTECH_S016","IZTECH_S016_w","2025-05-07 08:14:19",FALSE,0,32.69,1,2108,17.5667,43,0.358333,135,1.125,89.51,0,134,94,0.002,0.0092,0.0047,0.0107,0.0154,0.0152,0.0109,0.006,77.55,0.03,0,,,,,,,,,"wrist"
"IZTECH_S016","IZTECH_S016_w","2025-05-07 08:16:19",FALSE,1,26.75,16,10656,88.8,352,2.93333,517,4.30833,204.79,0,198,153,0.0048,0.0216,0.0109,0.0246,0.0352,0.0347,0.0248,0.0135,180.71,0.08,0,,,,,,,,,"wrist"
"IZTECH_S016","IZTECH_S016_w","2025-05-07 08:18:19",FALSE,0,25.56,16,0,0,0,0,0,0,297.17,0.01,197,154,0.0071,0.0319,0.016,0.036,0.051,0.0502,0.0358,0.0195,265.18,0.11,0,,,,,,,,,"wrist"
"IZTECH_S016","IZTECH_S016_w","2025-05-07 08:20:19",FALSE,0,25.06,16,0,0,0,0,0,0,296.16,0.01,197,152,0.007,0.0316,0.0159,0.0358,0.0508,0.0501,0.0358,0.0195,263.74,0.11,0,,,,,,,,,"wrist"
"IZTECH_S016","IZTECH_S016_w","2025-05-07 08:22:19",FALSE,0,24.75,16,0,0,0,0,0,0,273.64,0.01,197,152,0.0066,0.0292,0.0145,0.0332,0.0469,0.0463,0.0332,0.018,243.2,0.1,0,,,,,,,,,"wrist"
"IZTECH_S016","IZTECH_S016_w","2025-05-07 08:24:19",FALSE,1,28.62,16,7001,58.3417,219,1.825,362,3.01667,209.25,0.01,198,155,0.0051,0.022,0.0115,0.0255,0.0359,0.0358,0.0263,0.0156,184.81,0.08,0,,,,,,,,,"wrist"
"IZTECH_S016","IZTECH_S016_w","2025-05-07 08:26:19",FALSE,0,29.81,1,21031,175.258,710,5.91667,1086,9.05,408.5,0.22,172,132,0.0177,0.0298,0.0407,0.0602,0.0698,0.0828,0.1009,0.1304,335.97,0.37,0,,,,,,,,,"wrist"
"IZTECH_S016","IZTECH_S016_w","2025-05-07 08:28:19",FALSE,0,30.38,1,19665,163.875,626,5.21667,1136,9.46667,289.84,0.16,183,150,0.0129,0.0219,0.0297,0.0435,0.0491,0.0581,0.0709,0.0916,247.73,0.26,0,,,,,,,,,"wrist"
"IZTECH_S016","IZTECH_S016_w","2025-05-07 08:30:19",FALSE,0,30.69,1,21897,182.475,718,5.98333,1059,8.825,146.21,0.08,175,138,0.0068,0.0115,0.0156,0.0228,0.0247,0.0293,0.0357,0.0464,129.34,0.14,0,,,,,,,,,"wrist"
"IZTECH_S016","IZTECH_S016_w","2025-05-07 08:32:19",FALSE,0,30.81,4,14874,123.95,410,3.41667,798,6.65,150.02,0.09,189,148,0.0065,0.0111,0.015,0.022,0.0258,0.0307,0.0373,0.0482,121.88,0.14,0,,,,,,,,,"wrist"
"IZTECH_S016","IZTECH_S016_w","2025-05-07 08:34:19",FALSE,0,31.12,8,13365,111.375,353,2.94167,799,6.65833,73.54,0.03,158,122,0.0026,0.0067,0.0057,0.0101,0.0127,0.014,0.014,0.0151,61.78,0.05,0,,,,,,,,,"wrist"
"IZTECH_S016","IZTECH_S016_w","2025-05-07 08:36:19",FALSE,0,31.06,1,7868,65.5667,144,1.2,520,4.33333,340.37,0.17,162,138,0.0143,0.0244,0.0332,0.0488,0.0582,0.0684,0.0826,0.1056,277.87,0.29,0,,,,,,,,,"wrist"
"IZTECH_S016","IZTECH_S016_w","2025-05-07 08:38:19",FALSE,0,31.25,16,12212,101.767,358,2.98333,642,5.35,8.53,0.01,187,144,3e-04,6e-04,8e-04,0.0012,0.0015,0.0019,0.0023,0.0029,6.03,0.01,0,,,,,,,,,"wrist"
"IZTECH_S016","IZTECH_S016_w","2025-05-07 08:40:19",FALSE,0,31.5,1,2572,21.4333,19,0.158333,220,1.83333,4.71,0,165,132,1e-04,3e-04,4e-04,6e-04,8e-04,0.0011,0.0013,0.0017,2.97,0,0,,,,,,,,,"wrist"
"IZTECH_S016","IZTECH_S016_w","2025-05-07 08:42:19",FALSE,0,31.69,1,2505,20.875,21,0.175,170,1.41667,4.69,0,141,146,2e-04,3e-04,4e-04,6e-04,9e-04,0.001,0.0013,0.0016,3.05,0,0,,,,,,,,,"wrist"
"IZTECH_S016","IZTECH_S016_w","2025-05-07 08:44:19",FALSE,0,31.62,1,2893,24.1083,25,0.208333,223,1.85833,7.88,0,200,167,2e-04,4e-04,5e-04,9e-04,0.0013,0.0018,0.0024,0.0025,4.21,0.01,0,,,,,,,,,"wrist"
"IZTECH_S016","IZTECH_S016_w","2025-05-07 08:46:19",FALSE,0,31.69,16,3715,30.9583,69,0.575,249,2.075,61.81,0.01,195,144,0.0011,0.0021,0.0026,0.0057,0.0096,0.0145,0.0197,0.0168,27.88,0.03,0,,,,,,,,,"wrist"
"IZTECH_S016","IZTECH_S016_w","2025-05-07 08:48:19",FALSE,0,31.75,16,3531,29.425,67,0.558333,215,1.79167,54.04,0,215,166,0.001,0.0018,0.0023,0.005,0.0084,0.0127,0.0172,0.0147,24.37,0.03,0,,,,,,,,,"wrist"
"IZTECH_S016","IZTECH_S016_w","2025-05-07 08:50:19",FALSE,0,31.69,8,3361,28.0083,61,0.508333,255,2.125,30.01,0,214,162,6e-04,0.0011,0.0014,0.0029,0.0047,0.007,0.0095,0.0084,14,0.02,0,,,,,,,,,"wrist"
"IZTECH_S016","IZTECH_S016_w","2025-05-07 08:52:19",FALSE,0,31.44,8,2087,17.3917,38,0.316667,153,1.275,23.9,0,216,166,5e-04,9e-04,0.0012,0.0023,0.0038,0.0057,0.0077,0.0071,10.93,0.01,0,,,,,,,,,"wrist"
"IZTECH_S016","IZTECH_S016_w","2025-05-07 08:54:19",FALSE,0,31.31,8,1115,9.29167,16,0.133333,81,0.675,16.21,0,217,166,4e-04,7e-04,9e-04,0.0016,0.0026,0.0038,0.0051,0.005,7.82,0.01,0,,,,,,,,,"wrist"
"IZTECH_S016","IZTECH_S016_w","2025-05-07 08:56:19",FALSE,0,31.81,16,3678,30.65,90,0.75,217,1.80833,72.01,0.01,201,152,0.0013,0.0027,0.0033,0.0068,0.0112,0.0168,0.0224,0.0191,34.24,0.04,0,,,,,,,,,"wrist"
"IZTECH_S016","IZTECH_S016_w","2025-05-07 08:58:19",FALSE,0,31.5,1,10759,89.6583,307,2.55833,604,5.03333,11.04,0.01,192,154,6e-04,0.001,0.0012,0.0018,0.002,0.0023,0.0028,0.0037,9.3,0.01,0,,,,,,,,,"wrist"
"IZTECH_S016","IZTECH_S016_w","2025-05-07 09:00:19",FALSE,0,31.25,1,6082,50.6833,167,1.39167,312,2.6,18.93,0.01,209,154,7e-04,0.0017,0.0016,0.0027,0.0034,0.0038,0.0038,0.0044,15.35,0.02,0,,,,,,,,,"wrist"
"IZTECH_S016","IZTECH_S016_w","2025-05-07 09:02:19",FALSE,0,31.31,4,6509,54.2417,166,1.38333,408,3.4,158.35,0.05,196,140,0.0064,0.0114,0.0154,0.0225,0.0259,0.0311,0.0377,0.0422,137.58,0.12,0,,,,,,,,,"wrist"
"IZTECH_S016","IZTECH_S016_w","2025-05-07 09:04:19",FALSE,0,31.25,4,20616,171.8,662,5.51667,831,6.925,32.56,0.01,209,154,0.0012,0.0024,0.0029,0.0045,0.0053,0.0069,0.0081,0.0086,26.45,0.03,0,,,,,,,,,"wrist"
"IZTECH_S016","IZTECH_S016_w","2025-05-07 09:06:19",FALSE,0,30.38,4,24052,200.433,903,7.525,1009,8.40833,3264.58,1.19,203,156,0.1544,0.2727,0.3613,0.4928,0.5363,0.5968,0.6941,0.8332,3267.06,2.49,0,,,,,,,,,"wrist"
"IZTECH_S016","IZTECH_S016_w","2025-05-07 09:08:19",FALSE,0,29.69,16,4891,40.7583,83,0.691667,371,3.09167,2599,0.44,213,169,0.0951,0.1834,0.2681,0.3731,0.4213,0.4395,0.4763,0.5163,2568.58,1.53,0,,,,,,,,,"wrist"
"IZTECH_S016","IZTECH_S016_w","2025-05-07 09:10:19",FALSE,0,30.12,16,2253,18.775,34,0.283333,136,1.13333,3540.52,0.59,204,164,0.13,0.2506,0.366,0.5077,0.5733,0.5985,0.6488,0.7018,3509.06,2.07,0,,,,,,,,,"wrist"
"IZTECH_S016","IZTECH_S016_w","2025-05-07 09:12:19",FALSE,0,31.44,16,5169,43.075,49,0.408333,419,3.49167,3712.3,0.61,165,117,0.1365,0.2619,0.3828,0.5324,0.5996,0.6281,0.686,0.7593,3675.93,2.17,0,,,,,,,,,"wrist"
"IZTECH_S016","IZTECH_S016_w","2025-05-07 09:14:19",FALSE,0,31.5,1,14294,119.117,424,3.53333,689,5.74167,3976.06,1.16,202,150,0.1644,0.2988,0.412,0.5703,0.6565,0.7182,0.8179,0.9596,3781.82,2.75,0,,,,,,,,,"wrist"
"IZTECH_S016","IZTECH_S016_w","2025-05-07 09:16:19",FALSE,0,31.19,4,9074,75.6167,190,1.58333,548,4.56667,1786.69,0.84,187,151,0.086,0.1489,0.1929,0.2633,0.3035,0.343,0.399,0.4879,1669.23,1.49,0,,,,,,,,,"wrist"
"IZTECH_S016","IZTECH_S016_w","2025-05-07 09:18:19",FALSE,0,30.81,8,2577,21.475,33,0.275,174,1.45,75.37,0.05,206,156,0.0036,0.0063,0.0081,0.0118,0.0138,0.015,0.0162,0.0204,64.05,0.08,0,,,,,,,,,"wrist"
"IZTECH_S016","IZTECH_S016_w","2025-05-07 09:20:19",FALSE,0,31.31,8,1354,11.2833,24,0.2,78,0.65,81.23,0.06,186,128,0.0039,0.0068,0.0087,0.0126,0.0147,0.0162,0.0176,0.0221,69.67,0.08,0,,,,,,,,,"wrist"
"IZTECH_S016","IZTECH_S016_w","2025-05-07 09:22:19",FALSE,0,31,8,1683,14.025,32,0.266667,92,0.766667,80.67,0.05,197,158,0.0039,0.0068,0.0087,0.0125,0.0146,0.016,0.0174,0.0217,69.61,0.08,0,,,,,,,,,"wrist"
"IZTECH_S016","IZTECH_S016_w","2025-05-07 09:24:19",FALSE,0,31.38,8,6058,50.4833,142,1.18333,381,3.175,114.51,0.08,179,122,0.0056,0.0097,0.0122,0.0175,0.0207,0.023,0.0253,0.0312,98.34,0.11,0,,,,,,,,,"wrist"
"IZTECH_S016","IZTECH_S016_w","2025-05-07 09:26:19",FALSE,0,31.75,8,6750,56.25,168,1.4,438,3.65,101.65,0.06,132,130,0.0049,0.0085,0.0108,0.0154,0.0181,0.0201,0.0222,0.0274,88.63,0.1,0,,,,,,,,,"wrist"
"IZTECH_S016","IZTECH_S016_w","2025-05-07 09:28:19",FALSE,0,31.94,8,49,0.408333,0,0,2,0.0166667,90.56,0.06,129,100,0.0043,0.0075,0.0096,0.0138,0.0162,0.0178,0.0195,0.0239,78.55,0.09,0,,,,,,,,,"wrist"
"IZTECH_S016","IZTECH_S016_w","2025-05-07 09:30:19",FALSE,0,32.12,8,87,0.725,0,0,4,0.0333333,91.44,0.06,128,98,0.0043,0.0076,0.0097,0.0139,0.0164,0.0179,0.0196,0.024,79.73,0.09,0,,,,,,,,,"wrist"
"IZTECH_S016","IZTECH_S016_w","2025-05-07 09:32:19",FALSE,0,32.19,8,92,0.766667,0,0,3,0.025,94.63,0.06,128,98,0.0045,0.0079,0.0101,0.0144,0.017,0.0186,0.0203,0.0249,82.48,0.09,0,,,,,,,,,"wrist"
"IZTECH_S016","IZTECH_S016_w","2025-05-07 09:34:19",FALSE,0,32.31,8,157,1.30833,0,0,9,0.075,97.91,0.06,128,98,0.0047,0.0082,0.0104,0.015,0.0177,0.0193,0.021,0.0259,84.77,0.09,0,,,,,,,,,"wrist"
"IZTECH_S016","IZTECH_S016_w","2025-05-07 09:36:19",FALSE,0,32.31,8,571,4.75833,8,0.0666667,48,0.4,113.15,0.08,128,98,0.0054,0.0095,0.0121,0.0174,0.0204,0.0225,0.0244,0.0302,97.49,0.11,0,,,,,,,,,"wrist"
"IZTECH_S016","IZTECH_S016_w","2025-05-07 09:38:19",FALSE,0,32.25,8,237,1.975,1,0.00833333,16,0.133333,124.93,0.08,128,96,0.006,0.0104,0.0133,0.0191,0.0225,0.0248,0.027,0.0334,107.61,0.12,0,,,,,,,,,"wrist"
"IZTECH_S016","IZTECH_S016_w","2025-05-07 09:40:19",FALSE,0,32.19,8,1157,9.64167,11,0.0916667,72,0.6,127.67,0.08,129,103,0.0061,0.0107,0.0135,0.0195,0.023,0.0254,0.0276,0.0342,110.16,0.12,0,,,,,,,,,"wrist"
"IZTECH_S016","IZTECH_S016_w","2025-05-07 09:42:19",FALSE,0,32.12,8,490,4.08333,4,0.0333333,26,0.216667,156.07,0.11,129,98,0.0076,0.0131,0.0166,0.0239,0.0283,0.0312,0.034,0.0417,133.83,0.15,0,,,,,,,,,"wrist"
"IZTECH_S016","IZTECH_S016_w","2025-05-07 09:44:19",FALSE,0,32.06,8,858,7.15,2,0.0166667,71,0.591667,154.6,0.11,128,97,0.0076,0.0131,0.0165,0.0237,0.0281,0.031,0.0337,0.0415,132.31,0.15,0,,,,,,,,,"wrist"
"IZTECH_S016","IZTECH_S016_w","2025-05-07 09:46:19",FALSE,0,31.88,1,4850,40.4167,119,0.991667,274,2.28333,144.83,0.1,128,94,0.0071,0.0123,0.0153,0.0222,0.0263,0.0289,0.0314,0.0383,123.93,0.14,0,,,,,,,,,"wrist"
"IZTECH_S016","IZTECH_S016_w","2025-05-07 09:48:19",FALSE,0,31.75,8,5971,49.7583,123,1.025,353,2.94167,178.25,0.13,166,96,0.0088,0.0152,0.0189,0.0273,0.0328,0.0359,0.0388,0.0474,149.75,0.18,0,,,,,,,,,"wrist"
"IZTECH_S016","IZTECH_S016_w","2025-05-07 09:50:19",FALSE,0,31.69,16,4436,36.9667,103,0.858333,282,2.35,191.59,0.14,131,94,0.0095,0.0164,0.0204,0.0295,0.035,0.0385,0.0417,0.0508,163.23,0.19,0,,,,,,,,,"wrist"
"IZTECH_S016","IZTECH_S016_w","2025-05-07 09:52:19",FALSE,0,31.69,16,3064,25.5333,55,0.458333,197,1.64167,188.66,0.13,131,102,0.0091,0.0159,0.0198,0.0287,0.0342,0.0375,0.0407,0.0493,161.28,0.18,0,,,,,,,,,"wrist"
"IZTECH_S016","IZTECH_S016_w","2025-05-07 09:54:19",FALSE,0,31.81,1,3735,31.125,83,0.691667,189,1.575,115.89,0.07,129,101,0.0055,0.0097,0.0121,0.0176,0.0207,0.0227,0.0247,0.0303,101.23,0.11,0,,,,,,,,,"wrist"
"IZTECH_S016","IZTECH_S016_w","2025-05-07 09:56:19",FALSE,0,31.81,8,1638,13.65,19,0.158333,84,0.7,102.32,0.07,157,94,0.0049,0.0086,0.0109,0.0157,0.0185,0.0203,0.0219,0.0273,87.95,0.1,0,,,,,,,,,"wrist"
"IZTECH_S016","IZTECH_S016_w","2025-05-07 09:58:19",FALSE,0,31.81,1,1590,13.25,21,0.175,99,0.825,138.7,0.07,128,98,0.0065,0.0114,0.0146,0.0207,0.0242,0.0268,0.0297,0.0361,124.3,0.12,0,,,,,,,,,"wrist"
"IZTECH_S016","IZTECH_S016_w","2025-05-07 10:00:19",FALSE,0,31.81,1,496,4.13333,11,0.0916667,35,0.291667,146,0.07,128,94,0.0068,0.0119,0.0154,0.0218,0.0255,0.0281,0.0312,0.0378,131.35,0.13,0,,,,,,,,,"wrist"
"IZTECH_S016","IZTECH_S016_w","2025-05-07 10:02:19",FALSE,0,31.75,8,1402,11.6833,29,0.241667,108,0.9,118.94,0.07,129,96,0.0057,0.0099,0.0127,0.0182,0.0212,0.0232,0.0251,0.0309,105.21,0.11,0,,,,,,,,,"wrist"
"IZTECH_S016","IZTECH_S016_w","2025-05-07 10:04:19",FALSE,0,31.75,8,1452,12.1,34,0.283333,83,0.691667,125.11,0.08,145,94,0.006,0.0105,0.0134,0.0192,0.0225,0.0246,0.0265,0.0327,109.46,0.12,0,,,,,,,,,"wrist"
"IZTECH_S016","IZTECH_S016_w","2025-05-07 10:06:19",FALSE,0,31.69,8,3312,27.6,76,0.633333,191,1.59167,215.58,0.16,135,96,0.0109,0.0187,0.0233,0.0335,0.0395,0.0433,0.0462,0.0566,185.45,0.22,0,,,,,,,,,"wrist"
"IZTECH_S016","IZTECH_S016_w","2025-05-07 10:08:19",FALSE,0,30.94,4,7281,60.675,202,1.68333,380,3.16667,212.97,0.13,188,148,0.0106,0.0183,0.0228,0.0322,0.038,0.0426,0.0469,0.0577,187.14,0.2,0,,,,,,,,,"wrist"
"IZTECH_S016","IZTECH_S016_w","2025-05-07 10:10:19",FALSE,0,31.31,16,1502,12.5167,21,0.175,109,0.908333,163.93,0.12,128,109,0.0084,0.0144,0.0179,0.0258,0.0302,0.0331,0.0351,0.0437,141.17,0.17,0,,,,,,,,,"wrist"
"IZTECH_S016","IZTECH_S016_w","2025-05-07 10:12:19",FALSE,0,31.31,8,2273,18.9417,42,0.35,132,1.1,142.58,0.11,128,119,0.0073,0.0125,0.0155,0.0224,0.0264,0.0289,0.0304,0.0379,121.39,0.15,0,,,,,,,,,"wrist"
"IZTECH_S016","IZTECH_S016_w","2025-05-07 10:14:19",FALSE,0,31.31,1,389,3.24167,0,0,26,0.216667,169.5,0.1,132,115,0.0082,0.0142,0.0181,0.0256,0.0299,0.0328,0.0359,0.0435,152.43,0.15,0,,,,,,,,,"wrist"
"IZTECH_S016","IZTECH_S016_w","2025-05-07 10:16:19",FALSE,0,31.31,1,528,4.4,0,0,40,0.333333,164.03,0.08,125,108,0.0077,0.0136,0.0175,0.0245,0.0285,0.0313,0.0346,0.0416,150.14,0.14,0,,,,,,,,,"wrist"
"IZTECH_S016","IZTECH_S016_w","2025-05-07 10:18:19",FALSE,0,31.25,8,1039,8.65833,16,0.133333,71,0.591667,134.42,0.08,125,108,0.0064,0.0112,0.0143,0.0203,0.0238,0.0259,0.0281,0.034,120.49,0.12,0,,,,,,,,,"wrist"
"IZTECH_S016","IZTECH_S016_w","2025-05-07 10:20:19",FALSE,0,31.19,8,253,2.10833,0,0,9,0.075,135.72,0.08,128,116,0.0065,0.0114,0.0146,0.0207,0.0243,0.0264,0.0283,0.0343,120.48,0.13,0,,,,,,,,,"wrist"
"IZTECH_S016","IZTECH_S016_w","2025-05-07 10:22:19",FALSE,0,31.12,1,1941,16.175,38,0.316667,124,1.03333,169.79,0.09,124,94,0.008,0.0141,0.0181,0.0256,0.0296,0.0323,0.0355,0.0426,155.43,0.15,0,,,,,,,,,"wrist"
"IZTECH_S016","IZTECH_S016_w","2025-05-07 10:24:19",FALSE,0,31,8,1824,15.2,28,0.233333,125,1.04167,99.97,0.07,183,112,0.0049,0.0086,0.011,0.0157,0.018,0.0195,0.0207,0.0255,89.63,0.1,0,,,,,,,,,"wrist"
"IZTECH_S016","IZTECH_S016_w","2025-05-07 10:26:19",FALSE,0,30.56,8,1908,15.9,40,0.333333,116,0.966667,129.2,0.08,196,160,0.0062,0.0108,0.0138,0.0196,0.023,0.0251,0.0271,0.0332,115.22,0.12,0,,,,,,,,,"wrist"
"IZTECH_S016","IZTECH_S016_w","2025-05-07 10:28:19",FALSE,0,30.56,1,2633,21.9417,76,0.633333,109,0.908333,176.48,0.09,128,129,0.0083,0.0146,0.0186,0.0262,0.0305,0.0335,0.0371,0.0447,162.14,0.15,0,,,,,,,,,"wrist"
"IZTECH_S016","IZTECH_S016_w","2025-05-07 10:30:19",FALSE,0,30.5,1,1003,8.35833,10,0.0833333,45,0.375,160.19,0.08,125,133,0.0075,0.0133,0.0169,0.024,0.0278,0.0306,0.0338,0.0409,146.31,0.14,0,,,,,,,,,"wrist"
"IZTECH_S016","IZTECH_S016_w","2025-05-07 10:32:19",FALSE,0,30.38,8,1027,8.55833,14,0.116667,75,0.625,170.16,0.11,134,143,0.0082,0.0143,0.0182,0.0259,0.0305,0.0335,0.0365,0.0446,149.11,0.16,0,,,,,,,,,"wrist"
"IZTECH_S016","IZTECH_S016_w","2025-05-07 10:34:19",FALSE,0,29.75,1,13202,110.017,386,3.21667,565,4.70833,68.7,0.03,184,128,0.0024,0.0055,0.0056,0.0093,0.0122,0.0131,0.0127,0.0126,55.5,0.05,0,,,,,,,,,"wrist"
"IZTECH_S016","IZTECH_S016_w","2025-05-07 10:36:19",FALSE,0,29.12,4,36526,304.383,812,6.76667,934,7.78333,38.35,0,200,149,8e-04,0.0028,0.0022,0.0042,0.0068,0.0068,0.0057,0.0032,28.41,0.02,0,,,,,,,,,"wrist"
"IZTECH_S016","IZTECH_S016_w","2025-05-07 10:38:19",FALSE,0,29.12,4,12275,102.292,353,2.94167,589,4.90833,79.6,0.03,201,151,0.0028,0.0067,0.0066,0.0109,0.0141,0.0152,0.0145,0.0141,65.53,0.06,0,,,,,,,,,"wrist"
"IZTECH_S016","IZTECH_S016_w","2025-05-07 10:40:19",FALSE,0,29.06,1,1933,16.1083,52,0.433333,103,0.858333,101.49,0.09,171,124,0.0052,0.0088,0.0111,0.0162,0.019,0.0207,0.0215,0.0275,85.01,0.11,0,,,,,,,,,"wrist"
"IZTECH_S016","IZTECH_S016_w","2025-05-07 10:42:19",FALSE,0,29.06,1,7078,58.9833,165,1.375,384,3.2,93.95,0.08,170,121,0.0048,0.0082,0.0103,0.015,0.0175,0.0193,0.0203,0.0258,78.53,0.1,0,,,,,,,,,"wrist"
"IZTECH_S016","IZTECH_S016_w","2025-05-07 10:44:19",FALSE,0,29.12,1,4272,35.6,81,0.675,298,2.48333,86.24,0.07,195,153,0.0045,0.0076,0.0094,0.0137,0.0161,0.0179,0.0191,0.0247,71.5,0.09,0,,,,,,,,,"wrist"
"IZTECH_S016","IZTECH_S016_w","2025-05-07 10:46:19",FALSE,0,29.44,1,81,0.675,0,0,6,0.05,96.62,0.07,187,117,0.0047,0.0082,0.0102,0.0149,0.0176,0.0199,0.0216,0.0269,80.42,0.1,0,,,,,,,,,"wrist"
"IZTECH_S016","IZTECH_S016_w","2025-05-07 10:48:19",FALSE,0,29.38,1,3,0.025,0,0,0,0,100.32,0.07,179,105,0.0048,0.0085,0.0106,0.0154,0.0183,0.0205,0.0223,0.0276,83.57,0.1,0,,,,,,,,,"wrist"
"IZTECH_S016","IZTECH_S016_w","2025-05-07 10:50:19",FALSE,0,29.31,1,375,3.125,0,0,38,0.316667,85.99,0.06,167,105,0.0041,0.0072,0.0091,0.0132,0.0155,0.0175,0.0191,0.0238,72.46,0.09,0,,,,,,,,,"wrist"
"IZTECH_S016","IZTECH_S016_w","2025-05-07 10:52:19",FALSE,0,29.06,1,1730,14.4167,39,0.325,110,0.916667,74.1,0.05,203,145,0.0036,0.0062,0.0078,0.0113,0.0134,0.0152,0.0166,0.021,62,0.07,0,,,,,,,,,"wrist"
"IZTECH_S016","IZTECH_S016_w","2025-05-07 10:54:19",FALSE,0,29.06,1,444,3.7,5,0.0416667,42,0.35,65.4,0.05,190,141,0.0032,0.0055,0.0069,0.01,0.0118,0.0135,0.0148,0.0187,54.5,0.07,0,,,,,,,,,"wrist"
"IZTECH_S016","IZTECH_S016_w","2025-05-07 10:56:19",FALSE,0,29.25,1,2785,23.2083,73,0.608333,205,1.70833,79.85,0.06,187,141,0.0039,0.0068,0.0085,0.0124,0.0147,0.0165,0.0179,0.0226,66.13,0.08,0,,,,,,,,,"wrist"
"IZTECH_S016","IZTECH_S016_w","2025-05-07 10:58:19",FALSE,0,29.19,1,280,2.33333,3,0.025,20,0.166667,73.54,0.05,205,143,0.0035,0.0062,0.0077,0.0112,0.0133,0.015,0.0165,0.0207,61.33,0.07,0,,,,,,,,,"wrist"
"IZTECH_S016","IZTECH_S016_w","2025-05-07 11:00:19",FALSE,0,29.25,1,7272,60.6,175,1.45833,429,3.575,90.33,0.07,204,153,0.0044,0.0077,0.0097,0.0141,0.0166,0.0185,0.0199,0.025,75.52,0.09,0,,,,,,,,,"wrist"
"IZTECH_S016","IZTECH_S016_w","2025-05-07 11:02:19",FALSE,0,29.25,1,0,0,0,0,0,0,77.38,0.06,201,152,0.0038,0.0065,0.0082,0.0121,0.0144,0.0158,0.0165,0.0209,63.98,0.08,0,,,,,,,,,"wrist"
"IZTECH_S016","IZTECH_S016_w","2025-05-07 11:04:19",FALSE,0,29.44,8,2158,17.9833,62,0.516667,105,0.875,101.88,0.08,197,136,0.0051,0.0088,0.011,0.016,0.0189,0.0209,0.022,0.0277,84.73,0.11,0,,,,,,,,,"wrist"
"IZTECH_S016","IZTECH_S016_w","2025-05-07 11:06:19",FALSE,0,29.25,1,3017,25.1417,77,0.641667,181,1.50833,73.6,0.06,195,165,0.0036,0.0062,0.0078,0.0114,0.0137,0.0152,0.0162,0.0204,59.4,0.08,0,,,,,,,,,"wrist"
"IZTECH_S016","IZTECH_S016_w","2025-05-07 11:08:19",FALSE,0,29.12,16,351,2.925,4,0.0333333,34,0.283333,68.8,0.06,207,169,0.0034,0.0059,0.0074,0.0108,0.0127,0.0142,0.0152,0.0191,56.73,0.07,0,,,,,,,,,"wrist"
"IZTECH_S016","IZTECH_S016_w","2025-05-07 11:10:19",FALSE,0,29.38,1,1665,13.875,39,0.325,129,1.075,57.39,0.05,192,157,0.0029,0.0049,0.0062,0.0089,0.0106,0.0119,0.0128,0.0162,47.16,0.06,0,,,,,,,,,"wrist"
"IZTECH_S016","IZTECH_S016_w","2025-05-07 11:12:19",FALSE,0,30,1,4752,39.6,140,1.16667,253,2.10833,123.26,0.08,148,142,0.0059,0.0103,0.013,0.0188,0.0221,0.0245,0.0269,0.0328,106.55,0.12,0,,,,,,,,,"wrist"
"IZTECH_S016","IZTECH_S016_w","2025-05-07 11:14:19",FALSE,0,30.25,1,1806,15.05,54,0.45,91,0.758333,52.14,0.04,152,128,0.0025,0.0044,0.0054,0.008,0.0094,0.0105,0.0115,0.0142,43.94,0.05,0,,,,,,,,,"wrist"
"IZTECH_S016","IZTECH_S016_w","2025-05-07 11:16:19",FALSE,0,31.06,16,360,3,9,0.075,23,0.191667,6.81,0.01,128,96,5e-04,8e-04,9e-04,0.0013,0.0014,0.0017,0.0018,0.0024,5.5,0.01,0,,,,,,,,,"wrist"
"IZTECH_S016","IZTECH_S016_w","2025-05-07 11:18:19",FALSE,0,31.19,16,2762,23.0167,69,0.575,144,1.2,103.5,0.07,192,158,0.005,0.0087,0.011,0.0159,0.0187,0.0207,0.0227,0.0277,88.64,0.1,0,,,,,,,,,"wrist"
"IZTECH_S016","IZTECH_S016_w","2025-05-07 11:20:19",FALSE,0,31.25,16,5253,43.775,142,1.18333,283,2.35833,177.14,0.12,135,138,0.0084,0.0148,0.0184,0.0268,0.0321,0.0355,0.0388,0.0472,149.09,0.17,0,,,,,,,,,"wrist"
"IZTECH_S016","IZTECH_S016_w","2025-05-07 11:22:19",FALSE,0,31.12,1,24,0.2,0,0,2,0.0166667,158.33,0.11,140,136,0.0076,0.0134,0.0166,0.0241,0.0285,0.0317,0.0346,0.0422,135.63,0.15,0,,,,,,,,,"wrist"
"IZTECH_S016","IZTECH_S016_w","2025-05-07 11:24:19",FALSE,0,31.12,1,1284,10.7,30,0.25,57,0.475,97.56,0.07,131,112,0.0047,0.0082,0.0103,0.0148,0.0176,0.0197,0.0216,0.0267,82.52,0.1,0,,,,,,,,,"wrist"
"IZTECH_S016","IZTECH_S016_w","2025-05-07 11:26:19",FALSE,0,31,1,0,0,0,0,0,0,29.69,0.03,130,118,0.0016,0.0027,0.0033,0.0048,0.0056,0.0064,0.007,0.0092,24.17,0.03,0,,,,,,,,,"wrist"
"IZTECH_S016","IZTECH_S016_w","2025-05-07 11:28:19",FALSE,0,30.44,1,853,7.10833,12,0.1,56,0.466667,82.36,0.06,205,160,0.004,0.007,0.0087,0.0127,0.015,0.017,0.0185,0.0231,68.12,0.08,0,,,,,,,,,"wrist"
"IZTECH_S016","IZTECH_S016_w","2025-05-07 11:30:19",FALSE,0,30.81,1,691,5.75833,13,0.108333,51,0.425,40.49,0.04,128,120,0.0021,0.0037,0.0044,0.0064,0.0076,0.0087,0.0095,0.0123,32.98,0.05,0,,,,,,,,,"wrist"
"IZTECH_S016","IZTECH_S016_w","2025-05-07 11:32:19",FALSE,0,30.25,1,629,5.24167,5,0.0416667,54,0.45,74.73,0.06,213,160,0.0036,0.0064,0.0078,0.0115,0.0136,0.0154,0.0168,0.0209,61.77,0.08,0,,,,,,,,,"wrist"
"IZTECH_S016","IZTECH_S016_w","2025-05-07 11:34:19",FALSE,0,30.25,16,1617,13.475,44,0.366667,103,0.858333,137.64,0.1,195,148,0.0066,0.0116,0.0143,0.021,0.025,0.0278,0.0304,0.0368,115.01,0.14,0,,,,,,,,,"wrist"
"IZTECH_S016","IZTECH_S016_w","2025-05-07 11:36:19",FALSE,0,30,8,4935,41.125,138,1.15,278,2.31667,132.09,0.1,203,165,0.0064,0.0112,0.0139,0.0204,0.0242,0.0267,0.0287,0.0352,110.95,0.13,0,,,,,,,,,"wrist"
"IZTECH_S016","IZTECH_S016_w","2025-05-07 11:38:19",FALSE,0,30.12,1,2209,18.4083,61,0.508333,121,1.00833,229.65,0.13,187,143,0.011,0.0192,0.0239,0.0345,0.0407,0.045,0.0494,0.0599,201.65,0.21,0,,,,,,,,,"wrist"
"IZTECH_S016","IZTECH_S016_w","2025-05-07 11:40:19",FALSE,0,30,1,2772,23.1,53,0.441667,167,1.39167,136.56,0.09,158,150,0.0066,0.0116,0.0142,0.0207,0.0245,0.0272,0.0295,0.036,117.75,0.13,0,,,,,,,,,"wrist"
"IZTECH_S016","IZTECH_S016_w","2025-05-07 11:42:19",FALSE,0,29.88,16,5035,41.9583,137,1.14167,274,2.28333,176.98,0.12,207,167,0.0087,0.0151,0.0188,0.0273,0.032,0.0356,0.0388,0.0475,151.57,0.17,0,,,,,,,,,"wrist"
"IZTECH_S016","IZTECH_S016_w","2025-05-07 11:44:19",FALSE,0,29.69,16,4593,38.275,90,0.75,380,3.16667,197.36,0.14,207,162,0.0096,0.0166,0.0209,0.0303,0.0358,0.0398,0.0434,0.0531,167.37,0.19,0,,,,,,,,,"wrist"
"IZTECH_S016","IZTECH_S016_w","2025-05-07 11:46:19",FALSE,0,29.62,16,4066,33.8833,96,0.8,267,2.225,185.76,0.13,217,167,0.0091,0.0156,0.0196,0.0285,0.0338,0.0376,0.0409,0.0502,156.28,0.18,0,,,,,,,,,"wrist"
"IZTECH_S016","IZTECH_S016_w","2025-05-07 11:48:19",FALSE,0,29.69,8,5605,46.7083,139,1.15833,379,3.15833,176.75,0.13,211,164,0.0087,0.0151,0.0189,0.0274,0.0321,0.0356,0.0388,0.0474,151,0.18,0,,,,,,,,,"wrist"
"IZTECH_S016","IZTECH_S016_w","2025-05-07 11:50:19",FALSE,0,29.69,8,1939,16.1583,37,0.308333,158,1.31667,142.61,0.1,215,157,0.0069,0.0119,0.015,0.0219,0.026,0.0289,0.0314,0.0386,119.57,0.14,0,,,,,,,,,"wrist"
"IZTECH_S016","IZTECH_S016_w","2025-05-07 11:52:19",FALSE,0,29.88,1,54,0.45,0,0,2,0.0166667,114.74,0.09,208,148,0.0056,0.0097,0.0122,0.0178,0.021,0.0236,0.0254,0.0318,95.17,0.12,0,,,,,,,,,"wrist"
"IZTECH_S016","IZTECH_S016_w","2025-05-07 11:54:19",FALSE,0,29.62,1,2653,22.1083,46,0.383333,189,1.575,131.66,0.1,141,137,0.0065,0.0112,0.014,0.0204,0.0242,0.0269,0.0289,0.0359,109.93,0.13,0,,,,,,,,,"wrist"
"IZTECH_S016","IZTECH_S016_w","2025-05-07 11:56:19",FALSE,0,29.5,8,3643,30.3583,75,0.625,255,2.125,124.71,0.1,215,161,0.0062,0.0107,0.0133,0.0195,0.0229,0.0253,0.027,0.0336,105.04,0.13,0,,,,,,,,,"wrist"
"IZTECH_S016","IZTECH_S016_w","2025-05-07 11:58:19",FALSE,0,29.56,1,7022,58.5167,183,1.525,449,3.74167,112.67,0.08,203,153,0.0054,0.0097,0.0116,0.0171,0.0206,0.0228,0.0247,0.0299,94.16,0.11,0,,,,,,,,,"wrist"
"IZTECH_S016","IZTECH_S016_w","2025-05-07 12:00:19",FALSE,0,29.69,16,3669,30.575,126,1.05,196,1.63333,172.39,0.11,177,128,0.0081,0.0144,0.0179,0.0262,0.0312,0.0342,0.0372,0.045,146.26,0.16,0,,,,,,,,,"wrist"
"IZTECH_S016","IZTECH_S016_w","2025-05-07 12:02:19",FALSE,0,29.25,16,5198,43.3167,130,1.08333,334,2.78333,193.55,0.12,216,169,0.0092,0.016,0.0202,0.0293,0.0349,0.0384,0.042,0.0511,165.03,0.18,0,,,,,,,,,"wrist"
"IZTECH_S016","IZTECH_S016_w","2025-05-07 12:04:19",FALSE,0,29.5,8,3226,26.8833,55,0.458333,212,1.76667,180.02,0.13,201,139,0.0088,0.015,0.0189,0.0274,0.0329,0.0365,0.0399,0.0487,150.03,0.18,0,,,,,,,,,"wrist"
"IZTECH_S016","IZTECH_S016_w","2025-05-07 12:06:19",FALSE,0,29.5,8,4406,36.7167,97,0.808333,256,2.13333,146.41,0.11,217,169,0.0072,0.0123,0.0154,0.0223,0.0269,0.0299,0.0324,0.0395,121.14,0.15,0,,,,,,,,,"wrist"
"IZTECH_S016","IZTECH_S016_w","2025-05-07 12:08:19",FALSE,0,29.62,8,5414,45.1167,130,1.08333,295,2.45833,168.68,0.12,214,164,0.0083,0.0144,0.018,0.0261,0.0308,0.0341,0.0369,0.0451,142.96,0.17,0,,,,,,,,,"wrist"
"IZTECH_S016","IZTECH_S016_w","2025-05-07 12:10:19",FALSE,0,29.56,16,2816,23.4667,62,0.516667,179,1.49167,128.56,0.08,213,169,0.0061,0.0107,0.0135,0.0196,0.0232,0.0256,0.028,0.0341,109.35,0.12,0,,,,,,,,,"wrist"
"IZTECH_S016","IZTECH_S016_w","2025-05-07 12:12:19",FALSE,0,29.56,16,5308,44.2333,119,0.991667,339,2.825,143.17,0.09,217,167,0.0069,0.012,0.0151,0.022,0.0259,0.0286,0.0311,0.0378,122.49,0.14,0,,,,,,,,,"wrist"
"IZTECH_S016","IZTECH_S016_w","2025-05-07 12:14:19",FALSE,0,30,1,3997,33.3083,96,0.8,234,1.95,72.86,0.06,171,137,0.0036,0.0063,0.0078,0.0113,0.0134,0.0149,0.0162,0.02,60.82,0.08,0,,,,,,,,,"wrist"
"IZTECH_S016","IZTECH_S016_w","2025-05-07 12:16:19",FALSE,0,30,1,733,6.10833,5,0.0416667,64,0.533333,27.96,0.03,189,149,0.0015,0.0026,0.0031,0.0045,0.0053,0.006,0.0065,0.0084,22.73,0.03,0,,,,,,,,,"wrist"
"IZTECH_S016","IZTECH_S016_w","2025-05-07 12:18:19",FALSE,0,29.88,8,1454,12.1167,24,0.2,88,0.733333,58.63,0.04,203,156,0.0028,0.005,0.0062,0.0091,0.0108,0.0119,0.0128,0.0157,48.71,0.06,0,,,,,,,,,"wrist"
"IZTECH_S016","IZTECH_S016_w","2025-05-07 12:20:19",FALSE,0,30.06,8,1562,13.0167,38,0.316667,91,0.758333,58.19,0.04,203,153,0.0028,0.0049,0.0061,0.009,0.0107,0.0118,0.0127,0.0155,48.55,0.06,0,,,,,,,,,"wrist"
"IZTECH_S016","IZTECH_S016_w","2025-05-07 12:22:19",FALSE,0,30,1,1620,13.5,33,0.275,122,1.01667,48.77,0.03,195,153,0.0024,0.0042,0.0052,0.0076,0.0089,0.0099,0.0108,0.0133,41.22,0.05,0,,,,,,,,,"wrist"
"IZTECH_S016","IZTECH_S016_w","2025-05-07 12:24:19",FALSE,0,30.19,8,1135,9.45833,27,0.225,71,0.591667,56.19,0.04,204,141,0.0027,0.0048,0.0059,0.0086,0.0103,0.0115,0.0124,0.0152,46.73,0.06,0,,,,,,,,,"wrist"
"IZTECH_S016","IZTECH_S016_w","2025-05-07 12:26:19",FALSE,0,29.94,1,529,4.40833,3,0.025,45,0.375,44.42,0.03,187,156,0.0021,0.0038,0.0047,0.0068,0.0081,0.0091,0.0099,0.0122,36.85,0.05,0,,,,,,,,,"wrist"
"IZTECH_S016","IZTECH_S016_w","2025-05-07 12:28:19",FALSE,0,30.12,1,1473,12.275,32,0.266667,112,0.933333,44.45,0.03,199,137,0.0021,0.0037,0.0046,0.0068,0.0081,0.009,0.0098,0.012,37.06,0.04,0,,,,,,,,,"wrist"
"IZTECH_S016","IZTECH_S016_w","2025-05-07 12:30:19",FALSE,0,30.06,1,771,6.425,8,0.0666667,62,0.516667,54.29,0.04,201,140,0.0025,0.0045,0.0056,0.0082,0.0098,0.0109,0.0119,0.0144,45.61,0.05,0,,,,,,,,,"wrist"
"IZTECH_S016","IZTECH_S016_w","2025-05-07 12:32:19",FALSE,0,29.69,8,2860,23.8333,59,0.491667,219,1.825,62.58,0.04,209,160,0.0029,0.0053,0.0065,0.0096,0.0114,0.0124,0.0135,0.0164,52.99,0.06,0,,,,,,,,,"wrist"
"IZTECH_S016","IZTECH_S016_w","2025-05-07 12:34:19",FALSE,0,29.88,1,778,6.48333,9,0.075,51,0.425,63.39,0.04,205,153,0.0029,0.0052,0.0067,0.0098,0.0116,0.0125,0.0133,0.0165,53.56,0.06,0,,,,,,,,,"wrist"
"IZTECH_S016","IZTECH_S016_w","2025-05-07 12:36:19",FALSE,0,29.81,1,129,1.075,0,0,9,0.075,58.61,0.04,201,145,0.0027,0.0048,0.0061,0.0091,0.0108,0.0115,0.0121,0.015,49.35,0.06,0,,,,,,,,,"wrist"
"IZTECH_S016","IZTECH_S016_w","2025-05-07 12:38:19",FALSE,0,29.5,8,1192,9.93333,30,0.25,87,0.725,68.81,0.05,211,160,0.0033,0.0057,0.0073,0.0107,0.0127,0.0137,0.0144,0.018,57.75,0.07,0,,,,,,,,,"wrist"
"IZTECH_S016","IZTECH_S016_w","2025-05-07 12:40:19",FALSE,0,29.94,8,987,8.225,18,0.15,82,0.683333,75.16,0.06,184,125,0.0036,0.0063,0.008,0.0118,0.0139,0.015,0.0159,0.0199,63.15,0.08,0,,,,,,,,,"wrist"
"IZTECH_S016","IZTECH_S016_w","2025-05-07 12:42:19",FALSE,0,29.56,16,3087,25.725,58,0.483333,216,1.8,131.46,0.08,213,161,0.0061,0.0108,0.0137,0.0199,0.0236,0.0259,0.0284,0.0345,112.43,0.12,0,,,,,,,,,"wrist"
"IZTECH_S016","IZTECH_S016_w","2025-05-07 12:44:19",FALSE,0,29.88,8,958,7.98333,10,0.0833333,91,0.758333,79.88,0.06,200,136,0.004,0.0069,0.0086,0.0125,0.0147,0.0165,0.0178,0.0221,66.15,0.08,0,,,,,,,,,"wrist"
"IZTECH_S016","IZTECH_S016_w","2025-05-07 12:46:19",FALSE,0,29.88,8,2941,24.5083,65,0.541667,179,1.49167,131.46,0.09,201,153,0.0062,0.0111,0.0137,0.02,0.0238,0.0261,0.0286,0.0342,112.04,0.13,0,,,,,,,,,"wrist"
"IZTECH_S016","IZTECH_S016_w","2025-05-07 12:48:19",FALSE,0,29.94,16,4350,36.25,102,0.85,270,2.25,174.91,0.1,208,141,0.008,0.0142,0.018,0.026,0.031,0.034,0.0376,0.0448,151.68,0.15,0,,,,,,,,,"wrist"
"IZTECH_S016","IZTECH_S016_w","2025-05-07 12:50:19",FALSE,0,29.62,1,3521,29.3417,81,0.675,216,1.8,108.06,0.07,199,161,0.0051,0.0091,0.0113,0.0164,0.0193,0.0213,0.0233,0.0283,93.7,0.1,0,,,,,,,,,"wrist"
"IZTECH_S016","IZTECH_S016_w","2025-05-07 12:52:19",FALSE,0,29.44,1,1763,14.6917,33,0.275,102,0.85,102.71,0.06,209,167,0.0047,0.0086,0.0105,0.0154,0.0183,0.0201,0.0221,0.0265,88.72,0.09,0,,,,,,,,,"wrist"
"IZTECH_S016","IZTECH_S016_w","2025-05-07 12:54:19",FALSE,0,29.5,8,6018,50.15,137,1.14167,390,3.25,157.85,0.09,224,165,0.0072,0.013,0.0161,0.0234,0.028,0.0307,0.0337,0.0401,136.82,0.14,0,,,,,,,,,"wrist"
"IZTECH_S016","IZTECH_S016_w","2025-05-07 12:56:19",FALSE,0,29.75,1,1376,11.4667,36,0.3,75,0.625,45.93,0.03,210,145,0.0021,0.0038,0.0047,0.0069,0.0082,0.0091,0.01,0.0119,39.17,0.04,0,,,,,,,,,"wrist"
"IZTECH_S016","IZTECH_S016_w","2025-05-07 12:58:19",FALSE,0,29.75,16,3631,30.2583,78,0.65,216,1.8,103.19,0.06,217,167,0.0046,0.0085,0.0105,0.0154,0.0183,0.02,0.0222,0.026,89.03,0.09,0,,,,,,,,,"wrist"
"IZTECH_S016","IZTECH_S016_w","2025-05-07 13:00:19",FALSE,0,29.5,1,16791,139.925,506,4.21667,833,6.94167,2039.33,1.14,210,149,0.1053,0.1801,0.2283,0.3156,0.3505,0.3985,0.4558,0.5563,1931.85,1.86,0,,,,,,,,,"wrist"
"IZTECH_S016","IZTECH_S016_w","2025-05-07 13:02:19",FALSE,0,29.5,1,9865,82.2083,256,2.13333,609,5.075,113.82,0.07,214,153,0.0053,0.0093,0.0118,0.017,0.0202,0.0226,0.0251,0.0305,97.35,0.1,0,,,,,,,,,"wrist"
"IZTECH_S016","IZTECH_S016_w","2025-05-07 13:04:19",FALSE,0,29.44,1,1464,12.2,5,0.0416667,121,1.00833,69.66,0.04,207,137,0.0032,0.0057,0.0072,0.0104,0.0123,0.014,0.0157,0.0192,59.37,0.06,0,,,,,,,,,"wrist"
"IZTECH_S016","IZTECH_S016_w","2025-05-07 13:06:19",FALSE,0,29.31,1,950,7.91667,0,0,69,0.575,70.16,0.04,207,143,0.0032,0.0057,0.0072,0.0104,0.0124,0.0141,0.0158,0.0193,59.22,0.06,0,,,,,,,,,"wrist"
"IZTECH_S016","IZTECH_S016_w","2025-05-07 13:08:19",FALSE,0,29.31,1,1942,16.1833,5,0.0416667,167,1.39167,79.46,0.05,208,143,0.0036,0.0065,0.0081,0.0118,0.0141,0.0159,0.0179,0.0215,67.04,0.07,0,,,,,,,,,"wrist"
"IZTECH_S016","IZTECH_S016_w","2025-05-07 13:10:19",FALSE,0,29.44,1,1536,12.8,2,0.0166667,110,0.916667,83.26,0.05,201,141,0.0039,0.0069,0.0087,0.0126,0.0148,0.0168,0.0187,0.0227,70.88,0.08,0,,,,,,,,,"wrist"
"IZTECH_S016","IZTECH_S016_w","2025-05-07 13:12:19",FALSE,0,29.19,1,901,7.50833,0,0,52,0.433333,93.68,0.06,195,149,0.0044,0.0079,0.0098,0.0141,0.0167,0.0189,0.021,0.0255,80.2,0.09,0,,,,,,,,,"wrist"
"IZTECH_S016","IZTECH_S016_w","2025-05-07 13:14:19",FALSE,0,29.38,1,1061,8.84167,0,0,56,0.466667,110.73,0.08,196,113,0.0053,0.0094,0.0116,0.0169,0.0199,0.0225,0.0249,0.0304,94.03,0.11,0,,,,,,,,,"wrist"
"IZTECH_S016","IZTECH_S016_w","2025-05-07 13:16:19",FALSE,0,29.38,1,11733,97.775,341,2.84167,592,4.93333,101.09,0.06,178,116,0.0046,0.0083,0.0104,0.015,0.0183,0.0202,0.0218,0.026,84.8,0.09,0,,,,,,,,,"wrist"
"IZTECH_S016","IZTECH_S016_w","2025-05-07 13:18:19",FALSE,0,29.06,8,11020,91.8333,290,2.41667,503,4.19167,113.13,0.08,206,147,0.0054,0.0095,0.012,0.0174,0.0205,0.0227,0.0246,0.0307,96.36,0.11,0,,,,,,,,,"wrist"
"IZTECH_S016","IZTECH_S016_w","2025-05-07 13:20:19",FALSE,0,29.31,8,6078,50.65,139,1.15833,396,3.3,208.89,0.12,196,128,0.0097,0.0172,0.0219,0.0312,0.0372,0.0411,0.0455,0.0549,180.97,0.19,0,,,,,,,,,"wrist"
"IZTECH_S016","IZTECH_S016_w","2025-05-07 13:22:19",FALSE,0,29.31,8,2561,21.3417,42,0.35,225,1.875,220.15,0.12,193,103,0.0101,0.0176,0.0227,0.0324,0.0391,0.0432,0.048,0.0578,188.85,0.2,0,,,,,,,,,"wrist"
"IZTECH_S016","IZTECH_S016_w","2025-05-07 13:24:19",FALSE,0,29.06,1,4482,37.35,93,0.775,330,2.75,282.61,0.16,198,143,0.0131,0.023,0.0296,0.0423,0.0498,0.0548,0.0607,0.0726,249.45,0.25,0,,,,,,,,,"wrist"
"IZTECH_S016","IZTECH_S016_w","2025-05-07 13:26:19",FALSE,0,29.06,16,3037,25.3083,38,0.316667,262,2.18333,260.8,0.15,203,141,0.0121,0.0213,0.0273,0.0391,0.0463,0.0508,0.0562,0.0672,227.47,0.23,0,,,,,,,,,"wrist"
"IZTECH_S016","IZTECH_S016_w","2025-05-07 13:28:19",FALSE,0,29.06,16,3696,30.8,67,0.558333,302,2.51667,236.83,0.14,149,117,0.011,0.0193,0.0248,0.0355,0.0421,0.0461,0.051,0.0609,206.53,0.21,0,,,,,,,,,"wrist"
"IZTECH_S016","IZTECH_S016_w","2025-05-07 13:30:19",FALSE,0,29.31,8,4754,39.6167,115,0.958333,328,2.73333,223.63,0.13,140,101,0.0105,0.0186,0.0234,0.0337,0.0399,0.0437,0.0481,0.0572,195.04,0.2,0,,,,,,,,,"wrist"
"IZTECH_S016","IZTECH_S016_w","2025-05-07 13:32:19",FALSE,0,29.38,1,7469,62.2417,173,1.44167,423,3.525,154.76,0.09,171,129,0.0072,0.0127,0.0162,0.0232,0.0276,0.0304,0.0335,0.0401,134.07,0.14,0,,,,,,,,,"wrist"
"IZTECH_S016","IZTECH_S016_w","2025-05-07 13:34:19",FALSE,0,29.38,1,1966,16.3833,26,0.216667,119,0.991667,73.99,0.05,169,125,0.0036,0.0063,0.0079,0.0115,0.0135,0.015,0.0161,0.0199,62.53,0.07,0,,,,,,,,,"wrist"
"IZTECH_S016","IZTECH_S016_w","2025-05-07 13:36:19",FALSE,0,29.5,1,2230,18.5833,54,0.45,104,0.866667,73,0.05,147,103,0.0035,0.0062,0.0078,0.0113,0.0133,0.0147,0.0159,0.0196,62.11,0.07,0,,,,,,,,,"wrist"
"IZTECH_S016","IZTECH_S016_w","2025-05-07 13:38:19",FALSE,0,29.75,1,1920,16,58,0.483333,81,0.675,70.74,0.05,131,97,0.0033,0.0058,0.0075,0.0109,0.0129,0.0142,0.0152,0.0188,59.65,0.07,0,,,,,,,,,"wrist"
"IZTECH_S016","IZTECH_S016_w","2025-05-07 13:40:19",FALSE,0,29.88,1,0,0,0,0,0,0,71.57,0.05,130,93,0.0033,0.0059,0.0075,0.011,0.013,0.0143,0.0154,0.0191,60.29,0.07,0,,,,,,,,,"wrist"
"IZTECH_S016","IZTECH_S016_w","2025-05-07 13:42:19",FALSE,0,30,1,1347,11.225,39,0.325,91,0.758333,78.82,0.05,130,93,0.0037,0.0065,0.0083,0.0121,0.0143,0.0158,0.0169,0.0209,66.48,0.08,0,,,,,,,,,"wrist"
"IZTECH_S016","IZTECH_S016_w","2025-05-07 13:44:19",FALSE,0,30.19,1,3600,30,71,0.591667,224,1.86667,68.81,0.05,157,116,0.0033,0.0058,0.0073,0.0106,0.0125,0.0139,0.0151,0.0186,58.33,0.07,0,,,,,,,,,"wrist"
"IZTECH_S016","IZTECH_S016_w","2025-05-07 13:46:19",FALSE,0,30.5,1,4244,35.3667,82,0.683333,284,2.36667,64.37,0.05,150,136,0.003,0.0054,0.0068,0.01,0.0118,0.0129,0.0138,0.0171,53.99,0.06,0,,,,,,,,,"wrist"
"IZTECH_S016","IZTECH_S016_w","2025-05-07 13:48:19",FALSE,0,30.94,16,3454,28.7833,67,0.558333,211,1.75833,111.48,0.08,128,96,0.0054,0.0094,0.012,0.0172,0.0202,0.0225,0.0243,0.0302,95,0.11,0,,,,,,,,,"wrist"
"IZTECH_S016","IZTECH_S016_w","2025-05-07 13:50:19",FALSE,0,31.12,16,2609,21.7417,52,0.433333,183,1.525,109.85,0.08,129,96,0.0054,0.0093,0.0118,0.017,0.02,0.0223,0.0241,0.0298,92.8,0.11,0,,,,,,,,,"wrist"
"IZTECH_S016","IZTECH_S016_w","2025-05-07 13:52:19",FALSE,0,31.12,16,2113,17.6083,41,0.341667,177,1.475,116.18,0.08,128,96,0.0056,0.0098,0.0124,0.0179,0.0212,0.0235,0.0254,0.0315,98.22,0.12,0,,,,,,,,,"wrist"
"IZTECH_S016","IZTECH_S016_w","2025-05-07 13:54:19",FALSE,0,31.31,16,1176,9.8,22,0.183333,96,0.8,115.44,0.08,128,94,0.0055,0.0096,0.0123,0.0177,0.0209,0.0233,0.0254,0.0314,97.65,0.11,0,,,,,,,,,"wrist"
"IZTECH_S016","IZTECH_S016_w","2025-05-07 13:56:19",FALSE,0,30.75,16,2657,22.1417,47,0.391667,196,1.63333,123.32,0.08,205,141,0.0059,0.0102,0.013,0.0188,0.0224,0.0248,0.027,0.0332,103.98,0.12,0,,,,,,,,,"wrist"
"IZTECH_S016","IZTECH_S016_w","2025-05-07 13:58:19",FALSE,0,30.5,1,8070,67.25,227,1.89167,429,3.575,132.11,0.08,204,141,0.0062,0.0109,0.014,0.0201,0.0237,0.0261,0.0283,0.0348,113.88,0.12,0,,,,,,,,,"wrist"
"IZTECH_S016","IZTECH_S016_w","2025-05-07 14:00:19",FALSE,0,30.44,8,10338,86.15,294,2.45,528,4.4,223.01,0.12,213,147,0.0096,0.018,0.0219,0.0326,0.0394,0.0428,0.0465,0.0544,191.76,0.19,0,,,,,,,,,"wrist"
"IZTECH_S016","IZTECH_S016_w","2025-05-07 14:02:19",FALSE,0,30.31,8,4473,37.275,88,0.733333,223,1.85833,118.15,0.07,203,140,0.0049,0.01,0.0111,0.0177,0.0212,0.0227,0.024,0.027,99.4,0.1,0,,,,,,,,,"wrist"
"IZTECH_S016","IZTECH_S016_w","2025-05-07 14:04:19",FALSE,0,30.38,8,4716,39.3,92,0.766667,272,2.26667,105.99,0.08,201,133,0.0052,0.0091,0.0114,0.0165,0.0192,0.0215,0.0232,0.0288,90.77,0.11,0,,,,,,,,,"wrist"
"IZTECH_S016","IZTECH_S016_w","2025-05-07 14:06:19",FALSE,0,30.44,1,2249,18.7417,75,0.625,130,1.08333,71.07,0.05,200,142,0.0032,0.0057,0.0072,0.0104,0.0129,0.0145,0.0158,0.0195,57.45,0.07,0,,,,,,,,,"wrist"
"IZTECH_S016","IZTECH_S016_w","2025-05-07 14:08:19",FALSE,0,30.38,8,11999,99.9917,367,3.05833,790,6.58333,102.97,0.07,205,141,0.0049,0.0086,0.0109,0.0159,0.0188,0.0208,0.0225,0.0279,86.55,0.1,0,,,,,,,,,"wrist"
"IZTECH_S016","IZTECH_S016_w","2025-05-07 14:10:19",FALSE,0,30.06,1,2259,18.825,32,0.266667,173,1.44167,88.38,0.07,212,160,0.0043,0.0074,0.0094,0.0136,0.0161,0.018,0.0195,0.0243,73.94,0.09,0,,,,,,,,,"wrist"
"IZTECH_S016","IZTECH_S016_w","2025-05-07 14:12:19",FALSE,0,30.25,8,2031,16.925,51,0.425,118,0.983333,120.13,0.09,181,109,0.0058,0.0101,0.0128,0.0186,0.0219,0.0243,0.0261,0.0327,100.95,0.12,0,,,,,,,,,"wrist"
"IZTECH_S016","IZTECH_S016_w","2025-05-07 14:14:19",FALSE,0,29.94,1,2011,16.7583,31,0.258333,113,0.941667,98.54,0.08,192,124,0.0048,0.0083,0.0105,0.0153,0.0181,0.0202,0.0216,0.0273,82.03,0.1,0,,,,,,,,,"wrist"
"IZTECH_S016","IZTECH_S016_w","2025-05-07 14:16:19",FALSE,0,30.12,1,110,0.916667,0,0,10,0.0833333,120.54,0.09,198,116,0.0058,0.01,0.0127,0.0185,0.0219,0.0246,0.0266,0.0336,100.62,0.12,0,,,,,,,,,"wrist"
"IZTECH_S016","IZTECH_S016_w","2025-05-07 14:18:19",FALSE,0,30.06,1,212,1.76667,1,0.00833333,20,0.166667,112.02,0.08,196,109,0.0054,0.0094,0.0119,0.0172,0.0204,0.0228,0.0246,0.0311,93.8,0.11,0,,,,,,,,,"wrist"
"IZTECH_S016","IZTECH_S016_w","2025-05-07 14:20:19",FALSE,0,30,1,0,0,0,0,0,0,99.73,0.07,195,108,0.0048,0.0083,0.0105,0.0153,0.0181,0.0203,0.0219,0.0276,83.72,0.1,0,,,,,,,,,"wrist"
"IZTECH_S016","IZTECH_S016_w","2025-05-07 14:22:19",FALSE,0,30,1,374,3.11667,4,0.0333333,26,0.216667,105.81,0.08,192,103,0.0051,0.0088,0.0112,0.0163,0.0192,0.0215,0.0232,0.0292,88.71,0.11,0,,,,,,,,,"wrist"
"IZTECH_S016","IZTECH_S016_w","2025-05-07 14:24:19",FALSE,0,30,1,4,0.0333333,0,0,2,0.0166667,120.63,0.09,192,99,0.0058,0.0101,0.0128,0.0187,0.0221,0.0246,0.0264,0.033,100.76,0.12,0,,,,,,,,,"wrist"
"IZTECH_S016","IZTECH_S016_w","2025-05-07 14:26:19",FALSE,0,29.94,1,2696,22.4667,54,0.45,192,1.6,98.71,0.08,206,140,0.0048,0.0084,0.0106,0.0154,0.0182,0.0202,0.0215,0.027,82.39,0.1,0,,,,,,,,,"wrist"
"IZTECH_S016","IZTECH_S016_w","2025-05-07 14:28:19",FALSE,0,29.94,8,913,7.60833,15,0.125,47,0.391667,113.95,0.09,209,149,0.0057,0.0099,0.0123,0.0178,0.021,0.0236,0.0255,0.0319,94.86,0.12,0,,,,,,,,,"wrist"
"IZTECH_S016","IZTECH_S016_w","2025-05-07 14:30:19",FALSE,0,29.88,1,3325,27.7083,40,0.333333,212,1.76667,92.71,0.07,198,137,0.0045,0.0078,0.0098,0.0143,0.0171,0.019,0.0203,0.0255,76.24,0.09,0,,,,,,,,,"wrist"
"IZTECH_S016","IZTECH_S016_w","2025-05-07 14:32:19",FALSE,0,29.88,1,1105,9.20833,19,0.158333,100,0.833333,75.02,0.06,205,128,0.0036,0.0062,0.0079,0.0116,0.0138,0.0152,0.0161,0.0203,62.26,0.08,0,,,,,,,,,"wrist"
"IZTECH_S016","IZTECH_S016_w","2025-05-07 14:34:19",FALSE,0,29.94,8,2480,20.6667,61,0.508333,165,1.375,125.77,0.09,163,96,0.0061,0.0106,0.0134,0.0195,0.023,0.0255,0.0274,0.0342,105.66,0.13,0,,,,,,,,,"wrist"
"IZTECH_S016","IZTECH_S016_w","2025-05-07 14:36:19",FALSE,0,29.94,16,7594,63.2833,254,2.11667,332,2.76667,106.67,0.08,134,105,0.0052,0.0089,0.0113,0.0165,0.0196,0.0219,0.0236,0.0296,88.2,0.11,0,,,,,,,,,"wrist"
"IZTECH_S016","IZTECH_S016_w","2025-05-07 14:38:19",FALSE,0,29.81,4,904,7.53333,13,0.108333,85,0.708333,76.24,0.06,129,103,0.0037,0.0064,0.0081,0.0118,0.014,0.0158,0.0172,0.0217,62.66,0.08,0,,,,,,,,,"wrist"
"IZTECH_S016","IZTECH_S016_w","2025-05-07 14:40:19",FALSE,0,29.88,1,2725,22.7083,69,0.575,140,1.16667,114.23,0.09,176,121,0.0056,0.0096,0.0121,0.0177,0.0209,0.0234,0.0253,0.0318,94.91,0.12,0,,,,,,,,,"wrist"
"IZTECH_S016","IZTECH_S016_w","2025-05-07 14:42:19",FALSE,0,30.06,16,2216,18.4667,47,0.391667,151,1.25833,141.78,0.11,201,149,0.0069,0.0119,0.0152,0.0222,0.0262,0.0286,0.0302,0.038,118.5,0.14,0,,,,,,,,,"wrist"
"IZTECH_S016","IZTECH_S016_w","2025-05-07 14:44:19",FALSE,0,30.12,1,848,7.06667,7,0.0583333,69,0.575,132.51,0.1,207,149,0.0064,0.0111,0.0141,0.0206,0.0243,0.0268,0.0286,0.0358,111.05,0.13,0,,,,,,,,,"wrist"
"IZTECH_S016","IZTECH_S016_w","2025-05-07 14:46:19",FALSE,0,30.19,1,3399,28.325,96,0.8,225,1.875,121.72,0.09,141,125,0.0058,0.0101,0.0129,0.0188,0.0223,0.0245,0.0261,0.0327,102,0.12,0,,,,,,,,,"wrist"
"IZTECH_S016","IZTECH_S016_w","2025-05-07 14:48:19",FALSE,0,30.06,1,1349,11.2417,26,0.216667,96,0.8,138.89,0.1,193,148,0.0067,0.0116,0.0147,0.0215,0.0254,0.0278,0.0296,0.0369,116.88,0.14,0,,,,,,,,,"wrist"
"IZTECH_S016","IZTECH_S016_w","2025-05-07 14:50:19",FALSE,0,30.19,1,1275,10.625,34,0.283333,87,0.725,110.14,0.09,178,116,0.0054,0.0093,0.0118,0.0174,0.0205,0.0221,0.0227,0.0288,92.64,0.11,0,,,,,,,,,"wrist"
"IZTECH_S016","IZTECH_S016_w","2025-05-07 14:52:19",FALSE,0,30.38,1,1318,10.9833,28,0.233333,61,0.508333,58.99,0.05,187,108,0.0029,0.0049,0.0063,0.0093,0.0109,0.0117,0.0121,0.0154,49.53,0.06,0,,,,,,,,,"wrist"
"IZTECH_S016","IZTECH_S016_w","2025-05-07 14:54:19",FALSE,0,30.69,1,1338,11.15,13,0.108333,111,0.925,82.92,0.06,198,143,0.004,0.007,0.0088,0.0129,0.0152,0.0169,0.0182,0.0228,69.22,0.08,0,,,,,,,,,"wrist"
"IZTECH_S016","IZTECH_S016_w","2025-05-07 14:56:19",FALSE,0,30.69,1,2840,23.6667,55,0.458333,190,1.58333,117.43,0.09,136,116,0.0058,0.01,0.0125,0.0183,0.0217,0.0242,0.026,0.0328,96.72,0.12,0,,,,,,,,,"wrist"
"IZTECH_S016","IZTECH_S016_w","2025-05-07 14:58:19",FALSE,0,30.5,16,668,5.56667,5,0.0416667,43,0.358333,163.05,0.14,204,151,0.0081,0.0138,0.0174,0.0255,0.0302,0.0339,0.0363,0.0458,133.19,0.17,0,,,,,,,,,"wrist"
"IZTECH_S016","IZTECH_S016_w","2025-05-07 15:00:19",FALSE,0,30.19,2,5486,45.7167,139,1.15833,371,3.09167,142.23,0.12,220,165,0.0072,0.0122,0.0153,0.0226,0.0267,0.0293,0.0308,0.0391,116.31,0.15,0,,,,,,,,,"wrist"
"IZTECH_S016","IZTECH_S016_w","2025-05-07 15:02:19",FALSE,0,30.5,1,715,5.95833,11,0.0916667,46,0.383333,134.62,0.12,205,141,0.0068,0.0115,0.0145,0.0214,0.0252,0.0277,0.0291,0.0369,110.46,0.14,0,,,,,,,,,"wrist"
"IZTECH_S016","IZTECH_S016_w","2025-05-07 15:04:19",FALSE,0,30.12,1,2716,22.6333,74,0.616667,166,1.38333,121.53,0.1,203,143,0.0062,0.0105,0.0132,0.0192,0.0226,0.0253,0.0272,0.0348,100.25,0.13,0,,,,,,,,,"wrist"
"IZTECH_S016","IZTECH_S016_w","2025-05-07 15:06:19",FALSE,0,29.69,8,1255,10.4583,26,0.216667,67,0.558333,165.67,0.14,203,149,0.0083,0.0142,0.0179,0.0263,0.0308,0.0337,0.0354,0.045,138.02,0.17,0,,,,,,,,,"wrist"
"IZTECH_S016","IZTECH_S016_w","2025-05-07 15:08:19",FALSE,0,29.69,1,5502,45.85,145,1.20833,159,1.325,155.68,0.13,192,144,0.0077,0.0132,0.0167,0.0246,0.0291,0.0317,0.033,0.0421,128.82,0.16,0,,,,,,,,,"wrist"
"IZTECH_S016","IZTECH_S016_w","2025-05-07 15:10:19",FALSE,0,29.81,1,2140,17.8333,39,0.325,143,1.19167,140.95,0.12,187,156,0.0072,0.0121,0.0152,0.0226,0.0266,0.0288,0.0297,0.038,115.9,0.15,0,,,,,,,,,"wrist"
"IZTECH_S016","IZTECH_S016_w","2025-05-07 15:12:19",FALSE,0,30.25,1,6228,51.9,176,1.46667,249,2.075,189.96,0.14,143,112,0.0089,0.0156,0.0195,0.0286,0.0347,0.0386,0.042,0.0527,155.24,0.19,0,,,,,,,,,"wrist"
"IZTECH_S016","IZTECH_S016_w","2025-05-07 15:14:19",FALSE,0,30.75,16,4840,40.3333,135,1.125,247,2.05833,286.14,0.19,132,100,0.014,0.0242,0.0308,0.0439,0.0507,0.0571,0.0637,0.0791,252.06,0.27,0,,,,,,,,,"wrist"
"IZTECH_S016","IZTECH_S016_w","2025-05-07 15:16:19",FALSE,0,30.75,16,2855,23.7917,75,0.625,152,1.26667,181.86,0.15,188,157,0.0091,0.0156,0.0196,0.0286,0.0336,0.0376,0.0405,0.051,150.44,0.19,0,,,,,,,,,"wrist"
"IZTECH_S016","IZTECH_S016_w","2025-05-07 15:18:19",FALSE,0,30.69,8,2146,17.8833,41,0.341667,129,1.075,201.23,0.17,138,137,0.0102,0.0173,0.0217,0.0316,0.0375,0.0418,0.0447,0.0564,164.9,0.21,0,,,,,,,,,"wrist"
"IZTECH_S016","IZTECH_S016_w","2025-05-07 15:20:19",FALSE,0,30.75,1,4306,35.8833,96,0.8,340,2.83333,173.12,0.15,154,113,0.0088,0.015,0.0188,0.0276,0.0325,0.0356,0.0372,0.0474,143.08,0.19,0,,,,,,,,,"wrist"
"IZTECH_S016","IZTECH_S016_w","2025-05-07 15:22:19",FALSE,0,30.69,8,3392,28.2667,72,0.6,216,1.8,178.02,0.16,132,97,0.0091,0.0155,0.0194,0.0285,0.0333,0.0368,0.0389,0.0495,147.58,0.19,0,,,,,,,,,"wrist"
"IZTECH_S016","IZTECH_S016_w","2025-05-07 15:24:19",FALSE,0,30.38,16,1570,13.0833,38,0.316667,94,0.783333,105.18,0.09,199,144,0.0054,0.0091,0.0114,0.0167,0.0196,0.0222,0.0238,0.0305,85.66,0.12,0,,,,,,,,,"wrist"
"IZTECH_S016","IZTECH_S016_w","2025-05-07 15:26:19",FALSE,0,30.31,16,773,6.44167,7,0.0583333,69,0.575,113.76,0.1,207,156,0.0058,0.0098,0.0124,0.018,0.0211,0.0239,0.0256,0.0327,93.18,0.12,0,,,,,,,,,"wrist"
"IZTECH_S016","IZTECH_S016_w","2025-05-07 15:28:19",FALSE,0,30.5,8,3707,30.8917,80,0.666667,272,2.26667,158.83,0.13,201,137,0.0079,0.0136,0.0171,0.0248,0.0293,0.033,0.0358,0.045,131.14,0.17,0,,,,,,,,,"wrist"
"IZTECH_S016","IZTECH_S016_w","2025-05-07 15:30:19",FALSE,0,30.56,8,3520,29.3333,58,0.483333,285,2.375,167.46,0.13,205,160,0.0083,0.0142,0.0179,0.026,0.0307,0.0347,0.0378,0.0477,138.15,0.17,0,,,,,,,,,"wrist"
"IZTECH_S016","IZTECH_S016_w","2025-05-07 15:32:19",FALSE,0,30.44,8,16660,138.833,420,3.5,731,6.09167,164.38,0.13,204,160,0.0076,0.013,0.0164,0.0237,0.0308,0.0348,0.0379,0.0475,122.94,0.17,0,,,,,,,,,"wrist"
"IZTECH_S016","IZTECH_S016_w","2025-05-07 15:34:19",FALSE,0,30.19,32,96,0.8,0,0,6,0.05,6.08,0.03,208,149,8e-04,0.0012,0.0013,0.0016,0.0016,0.002,0.0019,0.0024,5.14,0.02,0,,,,,,,,,"wrist"
"IZTECH_S016","IZTECH_S016_w","2025-05-07 15:36:19",FALSE,0,30.5,32,871,7.25833,18,0.15,56,0.466667,54.1,0.05,211,161,0.0029,0.0049,0.006,0.0087,0.0101,0.0115,0.0124,0.0158,44.84,0.06,0,,,,,,,,,"wrist"
"IZTECH_S016","IZTECH_S016_w","2025-05-07 15:38:19",FALSE,0,30.31,1,1204,10.0333,15,0.125,105,0.875,73.12,0.07,199,148,0.004,0.0066,0.0082,0.0117,0.0137,0.0157,0.0168,0.0215,60,0.08,0,,,,,,,,,"wrist"
"IZTECH_S016","IZTECH_S016_w","2025-05-07 15:40:19",FALSE,0,31.06,16,3276,27.3,89,0.741667,178,1.48333,135.31,0.12,195,140,0.007,0.0118,0.0148,0.0213,0.0252,0.0286,0.0311,0.0396,110.35,0.15,0,,,,,,,,,"wrist"
"IZTECH_S016","IZTECH_S016_w","2025-05-07 15:42:19",FALSE,0,31.06,1,3076,25.6333,79,0.658333,152,1.26667,167.53,0.14,201,144,0.0083,0.0143,0.0179,0.0265,0.0312,0.034,0.0357,0.0454,138.87,0.17,0,,,,,,,,,"wrist"
"IZTECH_S016","IZTECH_S016_w","2025-05-07 15:44:19",FALSE,0,30.88,1,1536,12.8,37,0.308333,96,0.8,141.21,0.12,207,152,0.0071,0.0121,0.0153,0.0224,0.0264,0.0289,0.0302,0.039,116.95,0.15,0,,,,,,,,,"wrist"
"IZTECH_S016","IZTECH_S016_w","2025-05-07 15:46:19",FALSE,0,31.06,1,557,4.64167,14,0.116667,48,0.4,179.57,0.16,165,98,0.009,0.0153,0.0193,0.0286,0.0338,0.0367,0.038,0.0487,147.09,0.19,0,,,,,,,,,"wrist"
"IZTECH_S016","IZTECH_S016_w","2025-05-07 15:48:19",FALSE,0,30.31,8,872,7.26667,8,0.0666667,66,0.55,156.05,0.14,211,153,0.008,0.0136,0.0171,0.0253,0.0296,0.032,0.0328,0.0421,128.71,0.17,0,,,,,,,,,"wrist"
"IZTECH_S016","IZTECH_S016_w","2025-05-07 15:50:19",FALSE,0,30.81,1,816,6.8,11,0.0916667,72,0.6,128.51,0.11,169,103,0.0064,0.0109,0.0139,0.0204,0.0239,0.0259,0.0268,0.0341,107.72,0.13,0,,,,,,,,,"wrist"
"IZTECH_S016","IZTECH_S016_w","2025-05-07 15:52:19",FALSE,0,30.69,8,1496,12.4667,23,0.191667,100,0.833333,109.31,0.09,192,108,0.0055,0.0095,0.0119,0.0173,0.0202,0.0224,0.024,0.0303,91.7,0.12,0,,,,,,,,,"wrist"
"IZTECH_S016","IZTECH_S016_w","2025-05-07 15:54:19",FALSE,0,30.69,8,2592,21.6,56,0.466667,152,1.26667,151.66,0.12,173,142,0.0075,0.0129,0.0163,0.0236,0.0278,0.0309,0.0335,0.0418,126.98,0.16,0,,,,,,,,,"wrist"
"IZTECH_S016","IZTECH_S016_w","2025-05-07 15:56:19",FALSE,0,30.75,16,3137,26.1417,74,0.616667,200,1.66667,302.49,0.19,206,143,0.0143,0.0247,0.0317,0.0458,0.0543,0.0601,0.0664,0.081,258.04,0.29,0,,,,,,,,,"wrist"
"IZTECH_S016","IZTECH_S016_w","2025-05-07 15:58:19",FALSE,0,30.75,8,3968,33.0667,78,0.65,244,2.03333,269.32,0.17,208,154,0.0127,0.0221,0.0281,0.0407,0.0483,0.0532,0.0587,0.0713,230.93,0.25,0,,,,,,,,,"wrist"
"IZTECH_S016","IZTECH_S016_w","2025-05-07 16:00:19",FALSE,0,30.81,8,3266,27.2167,66,0.55,216,1.8,253.14,0.16,198,138,0.012,0.0207,0.0265,0.0382,0.0454,0.0502,0.0555,0.0675,216.36,0.24,0,,,,,,,,,"wrist"
"IZTECH_S016","IZTECH_S016_w","2025-05-07 16:02:19",FALSE,0,30.62,1,12258,102.15,327,2.725,619,5.15833,84.94,0.05,201,141,0.0036,0.007,0.0081,0.0124,0.0152,0.0168,0.0175,0.02,70.36,0.07,0,,,,,,,,,"wrist"
"IZTECH_S016","IZTECH_S016_w","2025-05-07 16:04:19",FALSE,0,30,1,4727,39.3917,122,1.01667,282,2.35,51.58,0.25,209,164,0.007,0.0098,0.0094,0.012,0.0126,0.0203,0.0258,0.0404,27.34,0.16,0,,,,,,,,,"wrist"
"IZTECH_S016","IZTECH_S016_w","2025-05-07 16:06:19",FALSE,0,29.69,16,7459,62.1583,204,1.7,393,3.275,122.38,0.45,214,161,0.0133,0.0187,0.0185,0.0246,0.0272,0.0428,0.0554,0.0849,66.09,0.3,0,,,,,,,,,"wrist"
"IZTECH_S016","IZTECH_S016_w","2025-05-07 16:08:19",FALSE,1,27.5,4,19567,163.058,635,5.29167,931,7.75833,61.4,0.08,213,165,0.0036,0.0063,0.0066,0.0095,0.0118,0.0138,0.0153,0.0187,48.26,0.07,0,,,,,,,,,"wrist"
"IZTECH_S016","IZTECH_S016_w","2025-05-07 16:10:19",FALSE,0,24.5,16,50,0.416667,1,0.00833333,5,0.0416667,64.06,0.01,211,163,0.0017,0.0045,0.0047,0.0069,0.0119,0.0107,0.0098,0.0064,49.7,0.03,0,,,,,,,,,"wrist"
"IZTECH_S016","IZTECH_S016_w","2025-05-07 16:12:19",FALSE,0,23.81,16,2233,18.6083,71,0.591667,107,0.891667,62.85,0.01,211,162,0.0016,0.0044,0.0046,0.0068,0.0117,0.0105,0.0096,0.0061,48.62,0.03,0,,,,,,,,,"wrist"
"IZTECH_S016","IZTECH_S016_w","2025-05-07 16:14:19",FALSE,0,23.81,1,17072,142.267,534,4.45,758,6.31667,0,0,225,174,0,0,0,0,0,0,0,0,0,0,0,,,,,,,,,"wrist"
"IZTECH_S016","IZTECH_S016_w","2025-05-07 16:16:19",FALSE,0,23.69,1,21490,179.083,737,6.14167,812,6.76667,0,0,225,174,0,0,0,0,0,0,0,0,0,0,0,,,,,,,,,"wrist"
"IZTECH_S016","IZTECH_S016_w","2025-05-07 16:18:19",FALSE,0,23.62,1,0,0,0,0,0,0,0,0,225,174,0,0,0,0,0,0,0,0,0,0,0,,,,,,,,,"wrist"
"IZTECH_S016","IZTECH_S016_w","2025-05-07 16:20:19",FALSE,0,23.56,1,0,0,0,0,0,0,0,0,225,174,0,0,0,0,0,0,0,0,0,0,0,,,,,,,,,"wrist"
"IZTECH_S016","IZTECH_S016_w","2025-05-07 16:22:19",FALSE,0,23.5,1,0,0,0,0,0,0,0,0,225,174,0,0,0,0,0,0,0,0,0,0,0,,,,,,,,,"wrist"
"IZTECH_S016","IZTECH_S016_w","2025-05-07 16:24:19",FALSE,0,23.44,1,0,0,0,0,0,0,0,0,225,174,0,0,0,0,0,0,0,0,0,0,0,,,,,,,,,"wrist"
"IZTECH_S016","IZTECH_S016_w","2025-05-07 16:26:19",FALSE,0,23.38,1,0,0,0,0,0,0,0,0,225,174,0,0,0,0,0,0,0,0,0,0,0,,,,,,,,,"wrist"
"IZTECH_S016","IZTECH_S016_w","2025-05-07 16:28:19",FALSE,0,23.38,1,0,0,0,0,0,0,0,0,225,174,0,0,0,0,0,0,0,0,0,0,0,,,,,,,,,"wrist"
"IZTECH_S016","IZTECH_S016_w","2025-05-07 16:30:19",FALSE,0,23.38,1,4,0.0333333,0,0,0,0,0,0,225,174,0,0,0,0,0,0,0,0,0,0,0,,,,,,,,,"wrist"
"IZTECH_S016","IZTECH_S016_w","2025-05-07 16:32:19",FALSE,0,23.31,1,0,0,0,0,0,0,0,0,225,174,0,0,0,0,0,0,0,0,0,0,0,,,,,,,,,"wrist"
"IZTECH_S016","IZTECH_S016_w","2025-05-07 16:34:19",FALSE,0,23.31,1,0,0,0,0,0,0,0,0,225,174,0,0,0,0,0,0,0,0,0,0,0,,,,,,,,,"wrist"
"IZTECH_S016","IZTECH_S016_w","2025-05-07 16:36:19",FALSE,0,23.25,1,0,0,0,0,0,0,0,0,225,173,0,0,0,0,0,0,0,0,0,0,0,,,,,,,,,"wrist"
"IZTECH_S016","IZTECH_S016_w","2025-05-07 16:38:19",FALSE,0,23.25,1,0,0,0,0,0,0,0,0,225,174,0,0,0,0,0,0,0,0,0,0,0,,,,,,,,,"wrist"
"IZTECH_S016","IZTECH_S016_w","2025-05-07 16:40:19",FALSE,0,23.25,1,0,0,0,0,0,0,0,0,225,174,0,0,0,0,0,0,0,0,0,0,0,,,,,,,,,"wrist"
"IZTECH_S016","IZTECH_S016_w","2025-05-07 16:42:19",FALSE,0,23.25,1,0,0,0,0,0,0,0,0,225,173,0,0,0,0,0,0,0,0,0,0,0,,,,,,,,,"wrist"
"IZTECH_S016","IZTECH_S016_w","2025-05-07 16:44:19",FALSE,0,23.19,1,0,0,0,0,0,0,0,0,224,173,0,0,0,0,0,0,0,0,0,0,0,,,,,,,,,"wrist"
"IZTECH_S016","IZTECH_S016_w","2025-05-07 16:46:19",FALSE,0,23.19,1,8,0.0666667,0,0,1,0.00833333,0,0,225,173,0,0,0,0,0,0,0,0,0,0,0,,,,,,,,,"wrist"
"IZTECH_S016","IZTECH_S016_w","2025-05-07 16:48:19",FALSE,0,23.19,1,0,0,0,0,0,0,0,0,225,173,0,0,0,0,0,0,0,0,0,0,0,,,,,,,,,"wrist"
"IZTECH_S016","IZTECH_S016_w","2025-05-07 16:50:19",FALSE,0,23.19,1,7,0.0583333,0,0,1,0.00833333,0,0,225,174,0,0,0,0,0,0,0,0,0,0,0,,,,,,,,,"wrist"
"IZTECH_S016","IZTECH_S016_w","2025-05-07 16:52:19",FALSE,0,23.19,1,0,0,0,0,0,0,0,0,225,173,0,0,0,0,0,0,0,0,0,0,0,,,,,,,,,"wrist"
"IZTECH_S016","IZTECH_S016_w","2025-05-07 16:54:19",FALSE,0,23.19,1,0,0,0,0,0,0,0,0,225,173,0,0,0,0,0,0,0,0,0,0,0,,,,,,,,,"wrist"
"IZTECH_S016","IZTECH_S016_w","2025-05-07 16:56:19",FALSE,0,23.25,1,9625,80.2083,286,2.38333,556,4.63333,0,0,225,174,0,0,0,0,0,0,0,0,0,0,0,,,,,,,,,"wrist"
"IZTECH_S016","IZTECH_S016_w","2025-05-07 16:58:19",FALSE,0,23.25,1,18902,157.517,657,5.475,657,5.475,0,0,225,173,0,0,0,0,0,0,0,0,0,0,0,,,,,,,,,"wrist"
"IZTECH_S016","IZTECH_S016_w","2025-05-07 17:00:19",FALSE,0,23.31,1,36319,302.658,1471,12.2583,1031,8.59167,0,0,225,173,0,0,0,0,0,0,0,0,0,0,0,,,,,,,,,"wrist"
"IZTECH_S016","IZTECH_S016_w","2025-05-07 17:02:19",FALSE,0,23.31,1,32185,268.208,1257,10.475,1044,8.7,0,0,225,174,0,0,0,0,0,0,0,0,0,0,0,,,,,,,,,"wrist"
"IZTECH_S016","IZTECH_S016_w","2025-05-07 17:04:19",FALSE,0,23.44,1,30219,251.825,1124,9.36667,1031,8.59167,0,0,225,174,0,0,0,0,0,0,0,0,0,0,0,,,,,,,,,"wrist"
"IZTECH_S016","IZTECH_S016_w","2025-05-07 17:06:19",FALSE,0,23.5,1,31646,263.717,1194,9.95,1082,9.01667,0,0,225,173,0,0,0,0,0,0,0,0,0,0,0,,,,,,,,,"wrist"
"IZTECH_S016","IZTECH_S016_w","2025-05-07 17:08:19",FALSE,0,23.62,1,27736,231.133,1009,8.40833,915,7.625,0,0,225,173,0,0,0,0,0,0,0,0,0,0,0,,,,,,,,,"wrist"
"IZTECH_S016","IZTECH_S016_w","2025-05-07 17:10:19",FALSE,0,23.75,1,33403,278.358,1238,10.3167,1056,8.8,0,0,225,174,0,0,0,0,0,0,0,0,0,0,0,,,,,,,,,"wrist"
"IZTECH_S016","IZTECH_S016_w","2025-05-07 17:12:19",FALSE,0,23.88,1,15180,126.5,494,4.11667,612,5.1,0,0,225,174,0,0,0,0,0,0,0,0,0,0,0,,,,,,,,,"wrist"
"IZTECH_S016","IZTECH_S016_w","2025-05-07 17:14:19",FALSE,0,24,1,21999,183.325,761,6.34167,956,7.96667,0,0,225,174,0,0,0,0,0,0,0,0,0,0,0,,,,,,,,,"wrist"
"IZTECH_S016","IZTECH_S016_w","2025-05-07 17:16:19",FALSE,0,24.12,1,9,0.075,0,0,2,0.0166667,0,0,225,174,0,0,0,0,0,0,0,0,0,0,0,,,,,,,,,"wrist"
"IZTECH_S016","IZTECH_S016_w","2025-05-07 17:18:19",FALSE,0,24.19,1,0,0,0,0,0,0,0,0,225,174,0,0,0,0,0,0,0,0,0,0,0,,,,,,,,,"wrist"
"IZTECH_S016","IZTECH_S016_w","2025-05-07 17:20:19",FALSE,0,24.25,1,5733,47.775,192,1.6,275,2.29167,0,0,225,173,0,0,0,0,0,0,0,0,0,0,0,,,,,,,,,"wrist"
"IZTECH_S016","IZTECH_S016_w","2025-05-07 17:22:19",FALSE,0,24.44,8,0,0,0,0,0,0,0,0,226,174,0,0,0,0,0,0,0,0,0,0,0,,,,,,,,,"wrist"
"IZTECH_S016","IZTECH_S016_w","2025-05-07 17:24:19",FALSE,0,24.44,8,0,0,0,0,0,0,0,0,226,174,0,0,0,0,0,0,0,0,0,0,0,,,,,,,,,"wrist"
"IZTECH_S016","IZTECH_S016_w","2025-05-07 17:26:19",FALSE,0,24.44,8,0,0,0,0,0,0,0,0,226,174,0,0,0,0,0,0,0,0,0,0,0,,,,,,,,,"wrist"
"IZTECH_S016","IZTECH_S016_w","2025-05-07 17:28:19",FALSE,0,24.44,8,0,0,0,0,0,0,0,0,226,174,0,0,0,0,0,0,0,0,0,0,0,,,,,,,,,"wrist"
"IZTECH_S016","IZTECH_S016_w","2025-05-07 17:30:19",FALSE,0,24.44,8,0,0,0,0,0,0,0,0,226,173,0,0,0,0,0,0,0,0,0,0,0,,,,,,,,,"wrist"
"IZTECH_S016","IZTECH_S016_w","2025-05-07 17:32:19",FALSE,0,24.38,8,0,0,0,0,0,0,0,0,226,174,0,0,0,0,0,0,0,0,0,0,0,,,,,,,,,"wrist"
"IZTECH_S016","IZTECH_S016_w","2025-05-07 17:34:19",FALSE,0,24.38,8,0,0,0,0,0,0,0,0,226,174,0,0,0,0,0,0,0,0,0,0,0,,,,,,,,,"wrist"
"IZTECH_S016","IZTECH_S016_w","2025-05-07 17:36:19",FALSE,0,24.44,8,0,0,0,0,0,0,0,0,226,174,0,0,0,0,0,0,0,0,0,0,0,,,,,,,,,"wrist"
"IZTECH_S016","IZTECH_S016_w","2025-05-07 17:38:19",FALSE,0,24.38,8,0,0,0,0,0,0,0,0,226,174,0,0,0,0,0,0,0,0,0,0,0,,,,,,,,,"wrist"
"IZTECH_S016","IZTECH_S016_w","2025-05-07 17:40:19",FALSE,0,24.38,8,0,0,0,0,0,0,0,0,226,174,0,0,0,0,0,0,0,0,0,0,0,,,,,,,,,"wrist"
"IZTECH_S016","IZTECH_S016_w","2025-05-07 17:42:19",FALSE,0,24.38,8,0,0,0,0,0,0,0,0,226,174,0,0,0,0,0,0,0,0,0,0,0,,,,,,,,,"wrist"
"IZTECH_S016","IZTECH_S016_w","2025-05-07 17:44:19",FALSE,0,24.38,8,0,0,0,0,0,0,0,0,226,176,0,0,0,0,0,0,0,0,0,0,0,,,,,,,,,"wrist"
"IZTECH_S016","IZTECH_S016_w","2025-05-07 17:46:19",FALSE,0,24.38,8,0,0,0,0,0,0,0,0,226,174,0,1e-04,1e-04,1e-04,0,1e-04,1e-04,1e-04,0,0,0,,,,,,,,,"wrist"
"IZTECH_S016","IZTECH_S016_w","2025-05-07 17:48:19",FALSE,0,24.38,8,0,0,0,0,0,0,0,0,226,174,0,1e-04,1e-04,1e-04,0,1e-04,1e-04,1e-04,0,0,0,,,,,,,,,"wrist"
"IZTECH_S016","IZTECH_S016_w","2025-05-07 17:50:19",FALSE,0,24.44,8,0,0,0,0,0,0,0,0,226,173,0,1e-04,1e-04,1e-04,0,1e-04,1e-04,1e-04,0,0,0,,,,,,,,,"wrist"
"IZTECH_S016","IZTECH_S016_w","2025-05-07 17:52:19",FALSE,0,24.44,8,1264,10.5333,44,0.366667,93,0.775,0,0,226,174,0,1e-04,1e-04,1e-04,0,1e-04,1e-04,1e-04,0,0,0,,,,,,,,,"wrist"
"IZTECH_S016","IZTECH_S016_w","2025-05-07 17:54:19",FALSE,1,30.88,1,7498,62.4833,231,1.925,423,3.525,22.99,0.01,129,111,0.001,0.0018,0.0023,0.0034,0.0041,0.0049,0.006,0.0078,18.02,0.02,0,,,,,,,,,"wrist"
"IZTECH_S016","IZTECH_S016_w","2025-05-07 17:56:19",FALSE,0,31.81,1,511,4.25833,0,0,24,0.2,35.91,0.02,128,114,0.0016,0.0027,0.0036,0.0052,0.0063,0.0075,0.0091,0.0118,28.34,0.03,0,,,,,,,,,"wrist"
"IZTECH_S016","IZTECH_S016_w","2025-05-07 17:58:19",FALSE,0,32.62,4,5578,46.4833,154,1.28333,329,2.74167,148.04,0.1,128,98,0.0068,0.0112,0.0148,0.0215,0.0261,0.0316,0.04,0.0538,113.27,0.15,0,,,,,,,,,"wrist"
"IZTECH_S016","IZTECH_S016_w","2025-05-07 18:00:19",FALSE,0,32.94,4,7191,59.925,158,1.31667,465,3.875,286.28,0.17,189,150,0.0144,0.0239,0.0314,0.0449,0.0479,0.0585,0.0742,0.099,257.78,0.28,0,,,,,,,,,"wrist"
"IZTECH_S016","IZTECH_S016_w","2025-05-07 18:02:19",FALSE,0,32.81,16,7608,63.4,182,1.51667,506,4.21667,104.7,0.05,200,161,0.0044,0.0077,0.0104,0.0151,0.0179,0.0212,0.0261,0.0331,85.98,0.09,0,,,,,,,,,"wrist"
"IZTECH_S016","IZTECH_S016_w","2025-05-07 18:04:19",FALSE,0,32.94,1,3954,32.95,93,0.775,235,1.95833,138.33,0.08,199,165,0.0061,0.0105,0.014,0.02,0.0238,0.0281,0.0348,0.0446,114.36,0.13,0,,,,,,,,,"wrist"
"IZTECH_S016","IZTECH_S016_w","2025-05-07 18:06:19",FALSE,0,32.62,1,2690,22.4167,53,0.441667,171,1.425,60.74,0.03,216,158,0.0025,0.0044,0.0058,0.0084,0.0104,0.0124,0.0151,0.0191,48.51,0.05,0,,,,,,,,,"wrist"
"IZTECH_S016","IZTECH_S016_w","2025-05-07 18:08:19",FALSE,0,32.62,1,5315,44.2917,116,0.966667,391,3.25833,58.68,0.03,212,162,0.0025,0.0045,0.0058,0.0083,0.01,0.0119,0.0145,0.0183,48.78,0.05,0,,,,,,,,,"wrist"
"IZTECH_S016","IZTECH_S016_w","2025-05-07 18:10:19",FALSE,0,32.69,8,5049,42.075,114,0.95,349,2.90833,37.74,0.02,220,167,0.0016,0.0028,0.0037,0.0054,0.0065,0.0077,0.0094,0.012,30.58,0.03,0,,,,,,,,,"wrist"
"IZTECH_S016","IZTECH_S016_w","2025-05-07 18:12:19",FALSE,0,32.56,1,2202,18.35,23,0.191667,191,1.59167,15.86,0.01,214,150,8e-04,0.0013,0.0016,0.0023,0.0028,0.0034,0.0043,0.006,12.1,0.02,0,,,,,,,,,"wrist"
"IZTECH_S016","IZTECH_S016_w","2025-05-07 18:14:19",FALSE,0,32.94,8,3618,30.15,68,0.566667,224,1.86667,33.29,0.02,201,142,0.0014,0.0025,0.0032,0.0047,0.0058,0.0068,0.0084,0.0107,26.35,0.03,0,,,,,,,,,"wrist"
"IZTECH_S016","IZTECH_S016_w","2025-05-07 18:16:19",FALSE,0,32.38,4,11276,93.9667,361,3.00833,486,4.05,26.55,0.02,224,170,0.0012,0.0021,0.0028,0.0039,0.0046,0.0054,0.0065,0.0084,22.45,0.02,0,,,,,,,,,"wrist"
"IZTECH_S016","IZTECH_S016_w","2025-05-07 18:18:19",FALSE,0,32.75,1,3505,29.2083,74,0.616667,207,1.725,16.57,0.01,166,114,8e-04,0.0014,0.0018,0.0026,0.0029,0.0034,0.004,0.0053,14.28,0.02,0,,,,,,,,,"wrist"
"IZTECH_S016","IZTECH_S016_w","2025-05-07 18:20:19",FALSE,0,33.12,1,5055,42.125,142,1.18333,276,2.3,20.03,0.01,150,130,0.001,0.0016,0.0021,0.003,0.0036,0.0043,0.0052,0.007,16.11,0.02,0,,,,,,,,,"wrist"
"IZTECH_S016","IZTECH_S016_w","2025-05-07 18:22:19",FALSE,0,33.31,8,2958,24.65,62,0.516667,209,1.74167,11.86,0.01,129,130,6e-04,0.001,0.0013,0.0019,0.0021,0.0026,0.0032,0.0044,9.54,0.01,0,,,,,,,,,"wrist"
"IZTECH_S016","IZTECH_S016_w","2025-05-07 18:24:19",FALSE,0,33.56,1,9035,75.2917,236,1.96667,441,3.675,11.22,0.01,132,109,6e-04,0.001,0.0013,0.0018,0.002,0.0024,0.0029,0.0039,9.16,0.01,0,,,,,,,,,"wrist"
"IZTECH_S016","IZTECH_S016_w","2025-05-07 18:26:19",FALSE,0,33.25,8,9982,83.1833,306,2.55,546,4.55,13.14,0.01,157,118,7e-04,0.0011,0.0015,0.0021,0.0024,0.0027,0.0033,0.0044,11.26,0.01,0,,,,,,,,,"wrist"
"IZTECH_S016","IZTECH_S016_w","2025-05-07 18:28:19",FALSE,0,32.56,16,3217,26.8083,90,0.75,201,1.675,7.55,0.01,200,166,4e-04,7e-04,9e-04,0.0013,0.0014,0.0016,0.002,0.0027,6.18,0.01,0,,,,,,,,,"wrist"
"IZTECH_S016","IZTECH_S016_w","2025-05-07 18:30:19",FALSE,0,32.81,2,5176,43.1333,129,1.075,302,2.51667,5.16,0.01,148,129,3e-04,5e-04,6e-04,9e-04,0.001,0.0011,0.0014,0.002,4.2,0.01,0,,,,,,,,,"wrist"
"IZTECH_S016","IZTECH_S016_w","2025-05-07 18:32:19",FALSE,0,32.5,16,3515,29.2917,77,0.641667,200,1.66667,14.15,0.01,167,158,7e-04,0.0012,0.0015,0.0022,0.0025,0.0029,0.0035,0.0047,11.71,0.02,0,,,,,,,,,"wrist"
"IZTECH_S016","IZTECH_S016_w","2025-05-07 18:34:19",FALSE,0,32.44,16,14842,123.683,437,3.64167,781,6.50833,21.66,0.01,211,153,8e-04,0.0016,0.0021,0.0031,0.0037,0.0044,0.0052,0.0061,17.49,0.02,0,,,,,,,,,"wrist"
"IZTECH_S016","IZTECH_S016_w","2025-05-07 18:36:19",FALSE,0,32.5,4,18822,156.85,426,3.55,773,6.44167,89.01,0.04,205,151,0.0042,0.0073,0.0097,0.0139,0.0149,0.0172,0.0206,0.0256,83.01,0.08,0,,,,,,,,,"wrist"
"IZTECH_S016","IZTECH_S016_w","2025-05-07 18:38:19",FALSE,0,31.75,1,2288,19.0667,30,0.25,174,1.45,6.35,0,215,166,2e-04,6e-04,5e-04,9e-04,0.0011,0.0012,0.0013,0.0011,5.17,0,0,,,,,,,,,"wrist"
"IZTECH_S016","IZTECH_S016_w","2025-05-07 18:40:19",FALSE,0,32.31,16,2445,20.375,39,0.325,150,1.25,14.47,0,211,146,4e-04,0.001,0.001,0.0018,0.0025,0.003,0.0034,0.003,10.23,0.01,0,,,,,,,,,"wrist"
"IZTECH_S016","IZTECH_S016_w","2025-05-07 18:42:19",FALSE,0,32.56,8,600,5,7,0.0583333,36,0.3,10.48,0,204,140,3e-04,7e-04,8e-04,0.0014,0.0018,0.0023,0.0026,0.0027,7.19,0.01,0,,,,,,,,,"wrist"
"IZTECH_S016","IZTECH_S016_w","2025-05-07 18:44:19",FALSE,0,32.5,8,1017,8.475,6,0.05,76,0.633333,11.34,0,209,146,3e-04,8e-04,9e-04,0.0015,0.0019,0.0024,0.0028,0.0027,8.02,0.01,0,,,,,,,,,"wrist"
"IZTECH_S016","IZTECH_S016_w","2025-05-07 18:46:19",FALSE,0,32.69,8,3214,26.7833,82,0.683333,209,1.74167,9.19,0,195,114,3e-04,7e-04,7e-04,0.0012,0.0016,0.002,0.0023,0.0023,6.3,0.01,0,,,,,,,,,"wrist"
"IZTECH_S016","IZTECH_S016_w","2025-05-07 18:48:19",FALSE,0,32.75,8,2283,19.025,30,0.25,172,1.43333,10.93,0,195,135,3e-04,8e-04,8e-04,0.0014,0.0018,0.0023,0.0028,0.0026,7.72,0.01,0,,,,,,,,,"wrist"
"IZTECH_S016","IZTECH_S016_w","2025-05-07 18:50:19",FALSE,0,32.81,1,742,6.18333,18,0.15,44,0.366667,8.44,0,155,114,2e-04,6e-04,7e-04,0.0011,0.0014,0.0019,0.0021,0.0022,5.65,0.01,0,,,,,,,,,"wrist"
"IZTECH_S016","IZTECH_S016_w","2025-05-07 18:52:19",FALSE,0,32.88,8,2145,17.875,57,0.475,146,1.21667,10.18,0,189,115,3e-04,7e-04,8e-04,0.0013,0.0017,0.0022,0.0026,0.0025,6.94,0.01,0,,,,,,,,,"wrist"
"IZTECH_S016","IZTECH_S016_w","2025-05-07 18:54:19",FALSE,0,32.94,8,1535,12.7917,46,0.383333,83,0.691667,9.39,0,175,114,3e-04,6e-04,7e-04,0.0012,0.0016,0.0021,0.0024,0.0023,6.48,0.01,0,,,,,,,,,"wrist"
"IZTECH_S016","IZTECH_S016_w","2025-05-07 18:56:19",FALSE,0,32.75,8,1021,8.50833,11,0.0916667,84,0.7,9.84,0,214,162,3e-04,7e-04,8e-04,0.0013,0.0017,0.0021,0.0024,0.0023,6.89,0.01,0,,,,,,,,,"wrist"
"IZTECH_S016","IZTECH_S016_w","2025-05-07 18:58:19",FALSE,0,32.94,8,2916,24.3,67,0.558333,160,1.33333,9,0,199,134,2e-04,6e-04,7e-04,0.0012,0.0015,0.0019,0.0022,0.0021,6.27,0.01,0,,,,,,,,,"wrist"
"IZTECH_S016","IZTECH_S016_w","2025-05-07 19:00:19",FALSE,0,33.06,8,823,6.85833,12,0.1,57,0.475,8.52,0,208,159,2e-04,6e-04,6e-04,0.0011,0.0014,0.0018,0.002,0.0018,5.97,0.01,0,,,,,,,,,"wrist"
"IZTECH_S016","IZTECH_S016_w","2025-05-07 19:02:19",FALSE,0,33,1,2728,22.7333,51,0.425,175,1.45833,2.64,0,170,130,1e-04,2e-04,2e-04,3e-04,5e-04,7e-04,8e-04,8e-04,1.36,0,0,,,,,,,,,"wrist"
"IZTECH_S016","IZTECH_S016_w","2025-05-07 19:04:19",FALSE,0,33.06,8,1411,11.7583,23,0.191667,94,0.783333,9.73,0,201,162,2e-04,6e-04,7e-04,0.0013,0.0016,0.0019,0.0022,0.0019,6.69,0.01,0,,,,,,,,,"wrist"
"IZTECH_S016","IZTECH_S016_w","2025-05-07 19:06:19",FALSE,0,33,1,367,3.05833,12,0.1,21,0.175,2.41,0,180,114,0,1e-04,2e-04,3e-04,4e-04,6e-04,7e-04,7e-04,1.11,0,0,,,,,,,,,"wrist"
"IZTECH_S016","IZTECH_S016_w","2025-05-07 19:08:19",FALSE,0,33,8,434,3.61667,2,0.0166667,37,0.308333,9.63,0,193,110,2e-04,6e-04,6e-04,0.0012,0.0017,0.002,0.0022,0.0019,6.27,0.01,0,,,,,,,,,"wrist"
"IZTECH_S016","IZTECH_S016_w","2025-05-07 19:10:19",FALSE,0,33,8,1351,11.2583,30,0.25,98,0.816667,10.36,0,182,103,2e-04,6e-04,7e-04,0.0013,0.0018,0.0021,0.0023,0.002,6.97,0.01,0,,,,,,,,,"wrist"
"IZTECH_S016","IZTECH_S016_w","2025-05-07 19:12:19",FALSE,0,32.94,1,3463,28.8583,72,0.6,223,1.85833,6.91,0,152,112,1e-04,6e-04,5e-04,8e-04,0.0011,0.0015,0.0017,0.0015,5,0,0,,,,,,,,,"wrist"
"IZTECH_S016","IZTECH_S016_w","2025-05-07 19:14:19",FALSE,0,32.75,1,3344,27.8667,71,0.591667,178,1.48333,6.39,0,161,115,1e-04,7e-04,5e-04,8e-04,0.0011,0.0013,0.0015,0.0013,5.36,0,0,,,,,,,,,"wrist"
"IZTECH_S016","IZTECH_S016_w","2025-05-07 19:16:19",FALSE,0,32.88,1,1903,15.8583,31,0.258333,167,1.39167,8.06,0,153,108,2e-04,6e-04,5e-04,0.001,0.0013,0.0017,0.002,0.0017,5.56,0.01,0,,,,,,,,,"wrist"
"IZTECH_S016","IZTECH_S016_w","2025-05-07 19:18:19",FALSE,0,32.75,1,1232,10.2667,4,0.0333333,132,1.1,7.17,0,167,106,1e-04,5e-04,5e-04,9e-04,0.0012,0.0015,0.0017,0.0014,4.9,0,0,,,,,,,,,"wrist"
"IZTECH_S016","IZTECH_S016_w","2025-05-07 19:20:19",FALSE,0,32.56,1,1968,16.4,11,0.0916667,200,1.66667,6.74,0,186,106,1e-04,5e-04,5e-04,8e-04,0.0011,0.0014,0.0016,0.0014,4.69,0,0,,,,,,,,,"wrist"
"IZTECH_S016","IZTECH_S016_w","2025-05-07 19:22:19",FALSE,0,32.5,1,1236,10.3,8,0.0666667,117,0.975,7.94,0,171,106,1e-04,5e-04,5e-04,9e-04,0.0013,0.0017,0.0018,0.0015,5.4,0.01,0,,,,,,,,,"wrist"
"IZTECH_S016","IZTECH_S016_w","2025-05-07 19:24:19",FALSE,0,32.38,1,2275,18.9583,12,0.1,238,1.98333,7.46,0,168,106,1e-04,5e-04,5e-04,9e-04,0.0012,0.0016,0.0017,0.0014,5.21,0,0,,,,,,,,,"wrist"
"IZTECH_S016","IZTECH_S016_w","2025-05-07 19:26:19",FALSE,0,32.19,1,1978,16.4833,22,0.183333,184,1.53333,7.06,0,151,118,1e-04,5e-04,5e-04,8e-04,0.0012,0.0015,0.0016,0.0014,4.77,0,0,,,,,,,,,"wrist"
"IZTECH_S016","IZTECH_S016_w","2025-05-07 19:28:19",FALSE,0,31.94,1,4262,35.5167,88,0.733333,282,2.35,6.59,0,145,132,1e-04,6e-04,5e-04,8e-04,0.0011,0.0014,0.0015,0.0013,4.87,0,0,,,,,,,,,"wrist"
"IZTECH_S016","IZTECH_S016_w","2025-05-07 19:30:19",FALSE,0,31.81,1,2261,18.8417,19,0.158333,219,1.825,5.74,0,145,132,1e-04,4e-04,4e-04,7e-04,0.001,0.0012,0.0013,0.0011,3.97,0,0,,,,,,,,,"wrist"
"IZTECH_S016","IZTECH_S016_w","2025-05-07 19:32:19",FALSE,0,31.69,1,1671,13.925,14,0.116667,139,1.15833,5.99,0,143,137,1e-04,5e-04,4e-04,7e-04,0.001,0.0013,0.0014,0.0011,4.3,0,0,,,,,,,,,"wrist"
"IZTECH_S016","IZTECH_S016_w","2025-05-07 19:34:19",FALSE,0,31.62,1,1523,12.6917,12,0.1,155,1.29167,5.71,0,145,134,1e-04,4e-04,4e-04,7e-04,9e-04,0.0012,0.0013,0.001,4.15,0,0,,,,,,,,,"wrist"
"IZTECH_S016","IZTECH_S016_w","2025-05-07 19:36:19",FALSE,0,31.56,1,1479,12.325,6,0.05,123,1.025,5.4,0,146,130,1e-04,4e-04,4e-04,6e-04,9e-04,0.0012,0.0013,9e-04,3.91,0,0,,,,,,,,,"wrist"
"IZTECH_S016","IZTECH_S016_w","2025-05-07 19:38:19",FALSE,0,31.5,1,1108,9.23333,17,0.141667,93,0.775,5.48,0,147,130,1e-04,4e-04,4e-04,6e-04,9e-04,0.0012,0.0012,9e-04,3.84,0,0,,,,,,,,,"wrist"
"IZTECH_S016","IZTECH_S016_w","2025-05-07 19:40:19",FALSE,0,31.31,1,3870,32.25,112,0.933333,289,2.40833,6.47,0,178,142,1e-04,6e-04,4e-04,8e-04,0.0011,0.0013,0.0015,0.001,4.9,0,0,,,,,,,,,"wrist"
"IZTECH_S016","IZTECH_S016_w","2025-05-07 19:42:19",FALSE,0,31.44,16,2892,24.1,92,0.766667,176,1.46667,13.67,0,157,146,2e-04,8e-04,9e-04,0.0016,0.0022,0.0029,0.003,0.0021,9.49,0.01,0,,,,,,,,,"wrist"
"IZTECH_S016","IZTECH_S016_w","2025-05-07 19:44:19",FALSE,0,31.81,16,1293,10.775,10,0.0833333,123,1.025,17.56,0,137,134,3e-04,9e-04,0.0011,0.002,0.0028,0.0037,0.004,0.0027,11.76,0.01,0,,,,,,,,,"wrist"
"IZTECH_S016","IZTECH_S016_w","2025-05-07 19:46:19",FALSE,0,31.88,16,2363,19.6917,20,0.166667,233,1.94167,17.72,0,141,136,2e-04,9e-04,0.0011,0.002,0.0028,0.0037,0.004,0.0026,11.78,0.01,0,,,,,,,,,"wrist"
"IZTECH_S016","IZTECH_S016_w","2025-05-07 19:48:19",FALSE,0,31.94,16,1537,12.8083,11,0.0916667,173,1.44167,16.58,0,140,139,2e-04,9e-04,0.001,0.0018,0.0026,0.0035,0.0037,0.0024,11.1,0.01,0,,,,,,,,,"wrist"
"IZTECH_S016","IZTECH_S016_w","2025-05-07 19:50:19",FALSE,0,31.94,16,1957,16.3083,13,0.108333,195,1.625,16.99,0,138,128,2e-04,9e-04,0.0011,0.0019,0.0027,0.0036,0.0038,0.0024,11.38,0.01,0,,,,,,,,,"wrist"
"IZTECH_S016","IZTECH_S016_w","2025-05-07 19:52:19",FALSE,0,31.94,16,1667,13.8917,9,0.075,171,1.425,17,0,140,138,2e-04,9e-04,0.001,0.0019,0.0027,0.0036,0.0038,0.0024,11.24,0.01,0,,,,,,,,,"wrist"
"IZTECH_S016","IZTECH_S016_w","2025-05-07 19:54:19",FALSE,0,32,16,2034,16.95,49,0.408333,135,1.125,15.23,0,140,128,2e-04,8e-04,9e-04,0.0017,0.0024,0.0033,0.0034,0.0022,10.16,0.01,0,,,,,,,,,"wrist"
"IZTECH_S016","IZTECH_S016_w","2025-05-07 19:56:19",FALSE,0,32.12,16,1647,13.725,31,0.258333,113,0.941667,13.67,0,129,138,2e-04,7e-04,8e-04,0.0015,0.0021,0.0029,0.003,0.0019,9,0.01,0,,,,,,,,,"wrist"
"IZTECH_S016","IZTECH_S016_w","2025-05-07 19:58:19",FALSE,0,32.31,8,1640,13.6667,28,0.233333,107,0.891667,5.14,0,137,135,0,3e-04,3e-04,5e-04,8e-04,0.0011,0.0012,7e-04,3.25,0,0,,,,,,,,,"wrist"
"IZTECH_S016","IZTECH_S016_w","2025-05-07 20:00:19",FALSE,0,32.56,8,713,5.94167,10,0.0833333,56,0.466667,3.64,0,132,128,0,2e-04,2e-04,4e-04,6e-04,8e-04,8e-04,5e-04,2.11,0,0,,,,,,,,,"wrist"
"IZTECH_S016","IZTECH_S016_w","2025-05-07 20:02:19",FALSE,0,32.75,8,712,5.93333,5,0.0416667,68,0.566667,3.67,0,137,134,0,2e-04,2e-04,4e-04,6e-04,8e-04,9e-04,5e-04,2.2,0,0,,,,,,,,,"wrist"
"IZTECH_S016","IZTECH_S016_w","2025-05-07 20:04:19",FALSE,0,32.81,8,1484,12.3667,27,0.225,83,0.691667,7.89,0,128,136,1e-04,4e-04,4e-04,8e-04,0.0012,0.0017,0.0019,0.0012,4.91,0,0,,,,,,,,,"wrist"
"IZTECH_S016","IZTECH_S016_w","2025-05-07 20:06:19",FALSE,0,33,16,3189,26.575,71,0.591667,226,1.88333,8.89,0,128,136,1e-04,5e-04,5e-04,0.001,0.0014,0.0019,0.0022,0.0013,5.82,0,0,,,,,,,,,"wrist"
"IZTECH_S016","IZTECH_S016_w","2025-05-07 20:08:19",FALSE,0,32.94,16,4945,41.2083,133,1.10833,304,2.53333,11.64,0,136,139,1e-04,6e-04,7e-04,0.0012,0.0018,0.0025,0.0026,0.0016,7.36,0.01,0,,,,,,,,,"wrist"
"IZTECH_S016","IZTECH_S016_w","2025-05-07 20:10:19",FALSE,0,32.94,8,3602,30.0167,75,0.625,199,1.65833,10.61,0,143,137,1e-04,5e-04,6e-04,0.0011,0.0017,0.0023,0.0024,0.0014,6.77,0,0,,,,,,,,,"wrist"
"IZTECH_S016","IZTECH_S016_w","2025-05-07 20:12:19",FALSE,0,33.12,16,7304,60.8667,206,1.71667,412,3.43333,6.32,0,130,121,1e-04,4e-04,4e-04,7e-04,0.001,0.0014,0.0015,9e-04,4.14,0,0,,,,,,,,,"wrist"
"IZTECH_S016","IZTECH_S016_w","2025-05-07 20:14:19",FALSE,0,33.06,16,1945,16.2083,31,0.258333,145,1.20833,6.64,0,128,115,1e-04,4e-04,4e-04,7e-04,0.0011,0.0014,0.0015,9e-04,4.38,0,0,,,,,,,,,"wrist"
"IZTECH_S016","IZTECH_S016_w","2025-05-07 20:16:19",FALSE,0,33.19,8,5975,49.7917,152,1.26667,322,2.68333,5.6,0,130,139,1e-04,5e-04,4e-04,6e-04,9e-04,0.0011,0.0012,7e-04,4.35,0,0,,,,,,,,,"wrist"
"IZTECH_S016","IZTECH_S016_w","2025-05-07 20:18:19",FALSE,0,33.25,1,15345,127.875,443,3.69167,794,6.61667,8.2,0,138,102,1e-04,2e-04,3e-04,7e-04,0.0013,0.002,0.0028,0.0023,3,0,0,,,,,,,,,"wrist"
"IZTECH_S016","IZTECH_S016_w","2025-05-07 20:20:19",FALSE,0,32.56,1,13856,115.467,391,3.25833,610,5.08333,15.93,0,198,153,2e-04,6e-04,7e-04,0.0015,0.0025,0.0036,0.0047,0.0037,7.87,0.01,0,,,,,,,,,"wrist"
"IZTECH_S016","IZTECH_S016_w","2025-05-07 20:22:19",FALSE,0,32.75,1,6052,50.4333,136,1.13333,332,2.76667,7.62,0,146,128,1e-04,9e-04,6e-04,0.001,0.0013,0.0012,0.0012,7e-04,7.75,0,0,,,,,,,,,"wrist"
"IZTECH_S016","IZTECH_S016_w","2025-05-07 20:24:19",FALSE,0,33.06,16,1875,15.625,27,0.225,121,1.00833,9.68,0,132,99,1e-04,6e-04,6e-04,0.0011,0.0016,0.0019,0.0019,0.0011,6.79,0,0,,,,,,,,,"wrist"
"IZTECH_S016","IZTECH_S016_w","2025-05-07 20:26:19",FALSE,0,33.12,16,1110,9.25,12,0.1,83,0.691667,9.67,0,129,96,1e-04,6e-04,6e-04,0.0011,0.0016,0.0019,0.0019,0.0011,6.71,0,0,,,,,,,,,"wrist"
"IZTECH_S016","IZTECH_S016_w","2025-05-07 20:28:19",FALSE,0,33.12,16,1381,11.5083,13,0.108333,119,0.991667,10.08,0,128,95,1e-04,6e-04,6e-04,0.0011,0.0016,0.002,0.002,0.0012,6.85,0,0,,,,,,,,,"wrist"
"IZTECH_S016","IZTECH_S016_w","2025-05-07 20:30:19",FALSE,0,33.19,16,992,8.26667,3,0.025,94,0.783333,9.56,0,128,95,1e-04,6e-04,5e-04,0.001,0.0015,0.0019,0.0019,0.0011,6.55,0,0,,,,,,,,,"wrist"
"IZTECH_S016","IZTECH_S016_w","2025-05-07 20:32:19",FALSE,0,33.19,16,1899,15.825,11,0.0916667,127,1.05833,8.69,0,128,119,1e-04,8e-04,6e-04,0.0011,0.0015,0.0015,0.0014,9e-04,7.47,0,0,,,,,,,,,"wrist"
"IZTECH_S016","IZTECH_S016_w","2025-05-07 20:34:19",FALSE,0,33.25,1,1203,10.025,14,0.116667,82,0.683333,9.38,0,128,106,1e-04,0.0013,7e-04,0.0013,0.0016,0.0013,0.0012,7e-04,10,0,0,,,,,,,,,"wrist"
"IZTECH_S016","IZTECH_S016_w","2025-05-07 20:36:19",FALSE,0,33.38,16,1594,13.2833,20,0.166667,106,0.883333,9.67,0,128,94,1e-04,9e-04,6e-04,0.0012,0.0016,0.0017,0.0016,0.001,8.06,0,0,,,,,,,,,"wrist"
"IZTECH_S016","IZTECH_S016_w","2025-05-07 20:38:19",FALSE,0,33.44,16,787,6.55833,4,0.0333333,71,0.591667,10.2,0,128,94,1e-04,6e-04,6e-04,0.0011,0.0016,0.0021,0.002,0.0012,7.07,0,0,,,,,,,,,"wrist"
"IZTECH_S016","IZTECH_S016_w","2025-05-07 20:40:19",FALSE,0,33.5,16,1595,13.2917,19,0.158333,110,0.916667,10.32,0,128,94,1e-04,6e-04,6e-04,0.0011,0.0017,0.0021,0.002,0.0012,7.04,0,0,,,,,,,,,"wrist"
"IZTECH_S016","IZTECH_S016_w","2025-05-07 20:42:19",FALSE,0,33.5,16,1396,11.6333,1,0.00833333,116,0.966667,10.26,0,128,94,1e-04,6e-04,6e-04,0.0011,0.0017,0.0021,0.002,0.0012,6.99,0,0,,,,,,,,,"wrist"
"IZTECH_S016","IZTECH_S016_w","2025-05-07 20:44:19",FALSE,0,33.62,1,1241,10.3417,8,0.0666667,68,0.566667,8.88,0,128,106,1e-04,0.001,6e-04,0.0011,0.0015,0.0014,0.0013,8e-04,8.41,0,0,,,,,,,,,"wrist"
"IZTECH_S016","IZTECH_S016_w","2025-05-07 20:46:19",FALSE,0,33.75,16,1182,9.85,9,0.075,74,0.616667,9.64,0,128,96,1e-04,9e-04,6e-04,0.0012,0.0016,0.0016,0.0016,9e-04,8.34,0,0,,,,,,,,,"wrist"
"IZTECH_S016","IZTECH_S016_w","2025-05-07 20:48:19",FALSE,0,33.75,16,1319,10.9917,3,0.025,119,0.991667,10.84,0,128,94,1e-04,6e-04,6e-04,0.0012,0.0017,0.0022,0.0022,0.0013,7.44,0,0,,,,,,,,,"wrist"
"IZTECH_S016","IZTECH_S016_w","2025-05-07 20:50:19",FALSE,0,33.75,16,1635,13.625,24,0.2,116,0.966667,10.68,0,128,94,1e-04,6e-04,6e-04,0.0012,0.0017,0.0022,0.0021,0.0013,7.37,0,0,,,,,,,,,"wrist"
"IZTECH_S016","IZTECH_S016_w","2025-05-07 20:52:19",FALSE,0,33.75,16,1662,13.85,19,0.158333,122,1.01667,10.47,0,129,94,1e-04,6e-04,6e-04,0.0011,0.0017,0.0021,0.0021,0.0012,7.22,0,0,,,,,,,,,"wrist"
"IZTECH_S016","IZTECH_S016_w","2025-05-07 20:54:19",FALSE,0,33.75,16,2327,19.3917,33,0.275,163,1.35833,9.23,0,128,120,1e-04,7e-04,6e-04,0.0011,0.0015,0.0017,0.0017,0.001,7.02,0,0,,,,,,,,,"wrist"
"IZTECH_S016","IZTECH_S016_w","2025-05-07 20:56:19",FALSE,0,33.75,1,2202,18.35,27,0.225,154,1.28333,8.42,0,131,94,1e-04,9e-04,6e-04,0.0011,0.0015,0.0013,0.0013,7e-04,8.03,0,0,,,,,,,,,"wrist"
"IZTECH_S016","IZTECH_S016_w","2025-05-07 20:58:19",FALSE,0,33.81,16,1945,16.2083,23,0.191667,142,1.18333,9.27,0,128,93,1e-04,5e-04,5e-04,0.001,0.0015,0.0019,0.0018,0.0011,6.31,0,0,,,,,,,,,"wrist"
"IZTECH_S016","IZTECH_S016_w","2025-05-07 21:00:19",FALSE,0,33.81,16,1282,10.6833,2,0.0166667,121,1.00833,9.94,0,128,94,1e-04,6e-04,6e-04,0.0011,0.0016,0.002,0.002,0.0012,6.92,0,0,,,,,,,,,"wrist"
"IZTECH_S016","IZTECH_S016_w","2025-05-07 21:02:19",FALSE,0,33.88,16,1513,12.6083,13,0.108333,119,0.991667,9.74,0,128,94,1e-04,7e-04,6e-04,0.001,0.0015,0.002,0.0021,0.0012,7.15,0,0,,,,,,,,,"wrist"
"IZTECH_S016","IZTECH_S016_w","2025-05-07 21:04:19",FALSE,0,33.81,16,1980,16.5,25,0.208333,137,1.14167,8.91,0,131,100,1e-04,8e-04,6e-04,0.001,0.0014,0.0019,0.0019,0.0011,7.17,0,0,,,,,,,,,"wrist"
"IZTECH_S016","IZTECH_S016_w","2025-05-07 21:06:19",FALSE,0,33.81,1,2777,23.1417,39,0.325,240,2,3.52,0,124,99,0,4e-04,3e-04,4e-04,6e-04,7e-04,8e-04,5e-04,3.03,0,0,,,,,,,,,"wrist"
"IZTECH_S016","IZTECH_S016_w","2025-05-07 21:08:19",FALSE,0,33.31,16,4144,34.5333,69,0.575,297,2.475,11.52,0,192,139,1e-04,6e-04,6e-04,0.0012,0.0018,0.0024,0.0028,0.0018,7.06,0.01,0,,,,,,,,,"wrist"
"IZTECH_S016","IZTECH_S016_w","2025-05-07 21:10:19",FALSE,0,32.94,16,1045,8.70833,3,0.025,84,0.7,15.25,0,195,142,2e-04,7e-04,8e-04,0.0016,0.0024,0.0033,0.0035,0.0021,9.53,0.01,0,,,,,,,,,"wrist"
"IZTECH_S016","IZTECH_S016_w","2025-05-07 21:12:19",FALSE,0,32.69,16,2062,17.1833,15,0.125,184,1.53333,15.32,0,201,146,2e-04,7e-04,8e-04,0.0016,0.0024,0.0033,0.0035,0.0022,9.47,0.01,0,,,,,,,,,"wrist"
"IZTECH_S016","IZTECH_S016_w","2025-05-07 21:14:19",FALSE,0,32.5,16,1734,14.45,11,0.0916667,160,1.33333,15.22,0,207,150,2e-04,7e-04,8e-04,0.0016,0.0024,0.0032,0.0035,0.0021,9.43,0.01,0,,,,,,,,,"wrist"
"IZTECH_S016","IZTECH_S016_w","2025-05-07 21:16:19",FALSE,0,32.56,16,2945,24.5417,48,0.4,240,2,11.81,0,207,146,1e-04,6e-04,6e-04,0.0012,0.0018,0.0025,0.0027,0.0017,7.35,0.01,0,,,,,,,,,"wrist"
"IZTECH_S016","IZTECH_S016_w","2025-05-07 21:18:19",FALSE,0,32.5,1,4968,41.4,111,0.925,268,2.23333,5.22,0,192,118,0,3e-04,3e-04,6e-04,8e-04,0.0011,0.0012,8e-04,3.23,0,0,,,,,,,,,"wrist"
"IZTECH_S016","IZTECH_S016_w","2025-05-07 21:20:19",FALSE,0,32.56,8,1968,16.4,24,0.2,137,1.14167,6,0,159,118,0,5e-04,4e-04,7e-04,0.001,0.0012,0.0014,9e-04,4.5,0,0,,,,,,,,,"wrist"
"IZTECH_S016","IZTECH_S016_w","2025-05-07 21:22:19",FALSE,0,32.31,8,1014,8.45,13,0.108333,63,0.525,6.45,0,219,173,1e-04,5e-04,4e-04,7e-04,0.001,0.0013,0.0015,9e-04,4.74,0,0,,,,,,,,,"wrist"
"IZTECH_S016","IZTECH_S016_w","2025-05-07 21:24:19",FALSE,0,32.44,1,4740,39.5,77,0.641667,405,3.375,3.88,0,150,128,0,3e-04,2e-04,4e-04,6e-04,8e-04,9e-04,6e-04,2.59,0,0,,,,,,,,,"wrist"
"IZTECH_S016","IZTECH_S016_w","2025-05-07 21:26:19",FALSE,0,32.25,1,4261,35.5083,36,0.3,430,3.58333,3.66,0,189,155,0,2e-04,2e-04,4e-04,6e-04,8e-04,9e-04,5e-04,2.22,0,0,,,,,,,,,"wrist"
"IZTECH_S016","IZTECH_S016_w","2025-05-07 21:28:19",FALSE,0,31.81,1,3424,28.5333,57,0.475,242,2.01667,3.08,0,214,171,0,2e-04,2e-04,3e-04,5e-04,7e-04,7e-04,5e-04,1.89,0,0,,,,,,,,,"wrist"
"IZTECH_S016","IZTECH_S016_w","2025-05-07 21:30:19",FALSE,0,31.31,1,480,4,0,0,17,0.141667,2.28,0,217,174,0,2e-04,1e-04,3e-04,4e-04,5e-04,6e-04,3e-04,1.41,0,0,,,,,,,,,"wrist"
"IZTECH_S016","IZTECH_S016_w","2025-05-07 21:32:19",FALSE,0,31.31,1,868,7.23333,0,0,43,0.358333,2.19,0,193,167,0,2e-04,1e-04,3e-04,3e-04,5e-04,6e-04,3e-04,1.44,0,0,,,,,,,,,"wrist"
"IZTECH_S016","IZTECH_S016_w","2025-05-07 21:34:19",FALSE,0,31.75,1,3212,26.7667,59,0.491667,186,1.55,2.77,0,209,163,0,2e-04,1e-04,3e-04,5e-04,6e-04,7e-04,4e-04,1.68,0,0,,,,,,,,,"wrist"
"IZTECH_S016","IZTECH_S016_w","2025-05-07 21:36:19",FALSE,0,31.88,8,6118,50.9833,178,1.48333,292,2.43333,3.68,0,197,152,0,2e-04,2e-04,4e-04,6e-04,7e-04,8e-04,5e-04,2.36,0,0,,,,,,,,,"wrist"
"IZTECH_S016","IZTECH_S016_w","2025-05-07 21:38:19",FALSE,0,31.88,8,2152,17.9333,26,0.216667,142,1.18333,3.93,0,183,151,0,3e-04,3e-04,5e-04,6e-04,8e-04,9e-04,5e-04,2.94,0,0,,,,,,,,,"wrist"
"IZTECH_S016","IZTECH_S016_w","2025-05-07 21:40:19",FALSE,0,31.81,1,1990,16.5833,47,0.391667,150,1.25,3.92,0,179,164,0,4e-04,3e-04,5e-04,6e-04,7e-04,9e-04,5e-04,3.13,0,0,,,,,,,,,"wrist"
"IZTECH_S016","IZTECH_S016_w","2025-05-07 21:42:19",FALSE,0,31.62,1,1927,16.0583,48,0.4,114,0.95,2.6,0,137,154,0,3e-04,2e-04,3e-04,4e-04,5e-04,5e-04,3e-04,2.41,0,0,,,,,,,,,"wrist"
"IZTECH_S016","IZTECH_S016_w","2025-05-07 21:44:19",FALSE,0,31.5,1,1081,9.00833,24,0.2,70,0.583333,2.38,0,183,163,0,3e-04,2e-04,3e-04,4e-04,5e-04,5e-04,3e-04,2.45,0,0,,,,,,,,,"wrist"
"IZTECH_S016","IZTECH_S016_w","2025-05-07 21:46:19",FALSE,0,31.44,1,2048,17.0667,37,0.308333,146,1.21667,3.35,0,182,163,0,5e-04,3e-04,4e-04,5e-04,6e-04,7e-04,4e-04,3.46,0,0,,,,,,,,,"wrist"
"IZTECH_S016","IZTECH_S016_w","2025-05-07 21:48:19",FALSE,0,31.44,1,492,4.1,0,0,41,0.341667,2.39,0,174,162,0,3e-04,2e-04,3e-04,4e-04,5e-04,5e-04,3e-04,2.3,0,0,,,,,,,,,"wrist"
"IZTECH_S016","IZTECH_S016_w","2025-05-07 21:50:19",FALSE,0,31.38,1,740,6.16667,9,0.075,63,0.525,2.42,0,182,163,0,4e-04,2e-04,3e-04,4e-04,5e-04,5e-04,3e-04,2.59,0,0,,,,,,,,,"wrist"
"IZTECH_S016","IZTECH_S016_w","2025-05-07 21:52:19",FALSE,0,31.38,1,1162,9.68333,17,0.141667,79,0.658333,2.32,0,180,162,0,3e-04,2e-04,3e-04,4e-04,5e-04,5e-04,3e-04,2.27,0,0,,,,,,,,,"wrist"
"IZTECH_S016","IZTECH_S016_w","2025-05-07 21:54:19",FALSE,0,32.06,1,2316,19.3,55,0.458333,152,1.26667,3.47,0,135,112,0,6e-04,3e-04,4e-04,5e-04,7e-04,7e-04,4e-04,4.04,0,0,,,,,,,,,"wrist"
"IZTECH_S016","IZTECH_S016_w","2025-05-07 21:56:19",FALSE,0,32.12,1,1614,13.45,29,0.241667,127,1.05833,2.6,0,166,142,0,4e-04,2e-04,3e-04,4e-04,5e-04,6e-04,4e-04,2.64,0,0,,,,,,,,,"wrist"
"IZTECH_S016","IZTECH_S016_w","2025-05-07 21:58:19",FALSE,0,32.5,8,3779,31.4917,49,0.408333,273,2.275,4.37,0,148,130,1e-04,9e-04,4e-04,6e-04,7e-04,8e-04,9e-04,6e-04,5.61,0,0,,,,,,,,,"wrist"
"IZTECH_S016","IZTECH_S016_w","2025-05-07 22:00:19",FALSE,0,32.75,8,2828,23.5667,36,0.3,229,1.90833,3.64,0,128,98,0,7e-04,3e-04,5e-04,6e-04,7e-04,7e-04,5e-04,4.43,0,0,,,,,,,,,"wrist"
"IZTECH_S016","IZTECH_S016_w","2025-05-07 22:02:19",FALSE,0,32.75,8,2476,20.6333,40,0.333333,154,1.28333,5.09,0,125,110,0,6e-04,4e-04,7e-04,9e-04,8e-04,8e-04,5e-04,4.94,0,0,,,,,,,,,"wrist"
"IZTECH_S016","IZTECH_S016_w","2025-05-07 22:04:19",FALSE,0,32.56,1,992,8.26667,25,0.208333,44,0.366667,3.79,0,128,114,0,4e-04,2e-04,5e-04,7e-04,6e-04,6e-04,4e-04,3.04,0,0,,,,,,,,,"wrist"
"IZTECH_S016","IZTECH_S016_w","2025-05-07 22:06:19",FALSE,0,32.56,1,2157,17.975,52,0.433333,125,1.04167,4.16,0,128,110,0,4e-04,3e-04,5e-04,7e-04,6e-04,6e-04,4e-04,3.45,0,0,,,,,,,,,"wrist"
"IZTECH_S016","IZTECH_S016_w","2025-05-07 22:08:19",FALSE,0,32.5,1,951,7.925,12,0.1,68,0.566667,2.89,0,125,110,0,2e-04,1e-04,3e-04,5e-04,5e-04,5e-04,3e-04,1.94,0,0,,,,,,,,,"wrist"
"IZTECH_S016","IZTECH_S016_w","2025-05-07 22:10:19",FALSE,0,32.5,1,293,2.44167,0,0,26,0.216667,3.03,0,124,107,0,2e-04,1e-04,4e-04,5e-04,5e-04,5e-04,3e-04,2.11,0,0,,,,,,,,,"wrist"
"IZTECH_S016","IZTECH_S016_w","2025-05-07 22:12:19",FALSE,0,31.62,1,2032,16.9333,44,0.366667,134,1.11667,3.93,0,192,167,0,3e-04,3e-04,5e-04,7e-04,7e-04,7e-04,4e-04,3.25,0,0,,,,,,,,,"wrist"
"IZTECH_S016","IZTECH_S016_w","2025-05-07 22:14:19",FALSE,0,31.69,1,2917,24.3083,69,0.575,205,1.70833,3.57,0,184,162,0,3e-04,2e-04,4e-04,6e-04,6e-04,6e-04,3e-04,2.79,0,0,,,,,,,,,"wrist"
"IZTECH_S016","IZTECH_S016_w","2025-05-07 22:16:19",FALSE,0,31.5,1,287,2.39167,0,0,19,0.158333,2.65,0,187,166,0,2e-04,1e-04,3e-04,5e-04,5e-04,5e-04,2e-04,1.8,0,0,,,,,,,,,"wrist"
"IZTECH_S016","IZTECH_S016_w","2025-05-07 22:18:19",FALSE,0,31.25,1,1214,10.1167,33,0.275,69,0.575,3.13,0,190,166,0,3e-04,2e-04,4e-04,5e-04,5e-04,5e-04,3e-04,2.64,0,0,,,,,,,,,"wrist"
"IZTECH_S016","IZTECH_S016_w","2025-05-07 22:20:19",FALSE,0,31.38,1,1928,16.0667,35,0.291667,115,0.958333,2.76,0,171,154,0,2e-04,1e-04,3e-04,5e-04,5e-04,5e-04,3e-04,1.86,0,0,,,,,,,,,"wrist"
"IZTECH_S016","IZTECH_S016_w","2025-05-07 22:22:19",FALSE,0,31.56,1,3859,32.1583,98,0.816667,237,1.975,3.78,0,181,160,0,4e-04,3e-04,5e-04,6e-04,6e-04,6e-04,4e-04,3.59,0,0,,,,,,,,,"wrist"
"IZTECH_S016","IZTECH_S016_w","2025-05-07 22:24:19",FALSE,0,31.38,1,11906,99.2167,314,2.61667,677,5.64167,3.1,0,182,158,0,3e-04,2e-04,4e-04,5e-04,6e-04,6e-04,3e-04,2.54,0,0,,,,,,,,,"wrist"
"IZTECH_S016","IZTECH_S016_w","2025-05-07 22:26:19",FALSE,0,31.31,8,3147,26.225,40,0.333333,224,1.86667,7.29,0,167,149,1e-04,6e-04,4e-04,9e-04,0.0012,0.0013,0.0017,0.001,5.6,0,0,,,,,,,,,"wrist"
"IZTECH_S016","IZTECH_S016_w","2025-05-07 22:28:19",FALSE,0,32.06,8,3158,26.3167,16,0.133333,265,2.20833,3.63,0,161,155,0,2e-04,2e-04,4e-04,6e-04,8e-04,0.001,5e-04,2.39,0,0,,,,,,,,,"wrist"
"IZTECH_S016","IZTECH_S016_w","2025-05-07 22:30:19",FALSE,0,32.19,8,2966,24.7167,15,0.125,292,2.43333,3.79,0,154,150,0,3e-04,2e-04,5e-04,6e-04,8e-04,0.001,5e-04,2.7,0,0,,,,,,,,,"wrist"
"IZTECH_S016","IZTECH_S016_w","2025-05-07 22:32:19",FALSE,0,32.38,8,3559,29.6583,30,0.25,295,2.45833,3.26,0,141,146,0,3e-04,2e-04,4e-04,5e-04,7e-04,9e-04,4e-04,2.59,0,0,,,,,,,,,"wrist"
"IZTECH_S016","IZTECH_S016_w","2025-05-07 22:34:19",FALSE,0,32.5,8,3168,26.4,26,0.216667,249,2.075,3.31,0,135,140,0,3e-04,2e-04,4e-04,5e-04,7e-04,9e-04,4e-04,2.73,0,0,,,,,,,,,"wrist"
"IZTECH_S016","IZTECH_S016_w","2025-05-07 22:36:19",FALSE,0,32.69,8,2750,22.9167,39,0.325,192,1.6,2.65,0,133,128,0,2e-04,1e-04,3e-04,4e-04,6e-04,7e-04,4e-04,1.59,0,0,,,,,,,,,"wrist"
"IZTECH_S016","IZTECH_S016_w","2025-05-07 22:38:19",FALSE,0,32.62,1,2351,19.5917,52,0.433333,156,1.3,2.11,0,155,135,0,1e-04,1e-04,2e-04,3e-04,5e-04,5e-04,3e-04,1.15,0,0,,,,,,,,,"wrist"
"IZTECH_S016","IZTECH_S016_w","2025-05-07 22:40:19",FALSE,0,32.44,1,5062,42.1833,113,0.941667,226,1.88333,3.04,0,153,114,0,2e-04,2e-04,4e-04,5e-04,5e-04,7e-04,3e-04,2.35,0,0,,,,,,,,,"wrist"
"IZTECH_S016","IZTECH_S016_w","2025-05-07 22:42:19",FALSE,0,32.25,1,752,6.26667,4,0.0333333,44,0.366667,3.04,0,137,130,0,2e-04,2e-04,4e-04,5e-04,6e-04,8e-04,3e-04,2.32,0,0,,,,,,,,,"wrist"
"IZTECH_S016","IZTECH_S016_w","2025-05-07 22:44:19",FALSE,0,32.06,1,362,3.01667,13,0.108333,19,0.158333,0.84,0,167,146,0,0,0,1e-04,1e-04,2e-04,3e-04,2e-04,0.03,0,0,,,,,,,,,"wrist"
"IZTECH_S016","IZTECH_S016_w","2025-05-07 22:46:19",FALSE,0,31.94,1,1024,8.53333,22,0.183333,60,0.5,0.98,0,151,134,0,0,0,1e-04,2e-04,3e-04,3e-04,2e-04,0.08,0,0,,,,,,,,,"wrist"
"IZTECH_S016","IZTECH_S016_w","2025-05-07 22:48:19",FALSE,0,31.75,1,231,1.925,0,0,21,0.175,0.96,0,162,142,0,0,0,1e-04,2e-04,3e-04,3e-04,2e-04,0.13,0,0,,,,,,,,,"wrist"
"IZTECH_S016","IZTECH_S016_w","2025-05-07 22:50:19",FALSE,0,31.56,1,644,5.36667,11,0.0916667,60,0.5,0.97,0,165,138,0,0,0,1e-04,2e-04,3e-04,3e-04,2e-04,0.1,0,0,,,,,,,,,"wrist"
"IZTECH_S016","IZTECH_S016_w","2025-05-07 22:52:19",FALSE,0,31.5,1,1018,8.48333,20,0.166667,80,0.666667,1.17,0,157,135,0,0,0,1e-04,2e-04,3e-04,3e-04,2e-04,0.24,0,0,,,,,,,,,"wrist"
"IZTECH_S016","IZTECH_S016_w","2025-05-07 22:54:19",FALSE,0,31.38,1,802,6.68333,17,0.141667,52,0.433333,0.86,0,152,134,0,0,0,1e-04,1e-04,3e-04,3e-04,2e-04,0.08,0,0,,,,,,,,,"wrist"
"IZTECH_S016","IZTECH_S016_w","2025-05-07 22:56:19",FALSE,0,31.31,1,1386,11.55,33,0.275,110,0.916667,0.86,0,185,142,0,0,0,1e-04,1e-04,2e-04,3e-04,2e-04,0.17,0,0,,,,,,,,,"wrist"
"IZTECH_S016","IZTECH_S016_w","2025-05-07 22:58:19",FALSE,0,31.12,1,732,6.1,4,0.0333333,71,0.591667,1.6,0,146,124,0,1e-04,1e-04,2e-04,2e-04,4e-04,5e-04,2e-04,0.75,0,0,,,,,,,,,"wrist"
"IZTECH_S016","IZTECH_S016_w","2025-05-07 23:00:19",FALSE,0,31.12,8,1649,13.7417,29,0.241667,88,0.733333,10.53,0,164,153,1e-04,0.001,7e-04,0.0013,0.0017,0.0019,0.0024,0.0014,8.88,0.01,0,,,,,,,,,"wrist"
"IZTECH_S016","IZTECH_S016_w","2025-05-07 23:02:19",FALSE,0,31.75,8,686,5.71667,5,0.0416667,45,0.375,13.63,0,147,144,2e-04,9e-04,7e-04,0.0016,0.0021,0.0027,0.0036,0.0023,9.47,0.01,0,,,,,,,,,"wrist"
"IZTECH_S016","IZTECH_S016_w","2025-05-07 23:04:19",FALSE,0,32,8,3705,30.875,116,0.966667,256,2.13333,10.12,0,190,160,1e-04,6e-04,5e-04,0.0011,0.0016,0.002,0.0027,0.0017,6.62,0,0,,,,,,,,,"wrist"
"IZTECH_S016","IZTECH_S016_w","2025-05-07 23:06:19",FALSE,0,32.31,8,1508,12.5667,22,0.183333,91,0.758333,13.06,0,139,128,2e-04,9e-04,7e-04,0.0015,0.002,0.0026,0.0035,0.0023,8.84,0.01,0,,,,,,,,,"wrist"
"IZTECH_S016","IZTECH_S016_w","2025-05-07 23:08:19",FALSE,0,32.5,8,2725,22.7083,46,0.383333,165,1.375,11.55,0,135,114,1e-04,8e-04,6e-04,0.0013,0.0018,0.0023,0.003,0.002,7.6,0.01,0,,,,,,,,,"wrist"
"IZTECH_S016","IZTECH_S016_w","2025-05-07 23:10:19",FALSE,0,32.62,8,3093,25.775,63,0.525,231,1.925,12.53,0,133,128,2e-04,9e-04,6e-04,0.0014,0.002,0.0025,0.0033,0.0021,8.48,0.01,0,,,,,,,,,"wrist"
"IZTECH_S016","IZTECH_S016_w","2025-05-07 23:12:19",FALSE,0,32.81,8,4192,34.9333,114,0.95,218,1.81667,14,0,133,120,2e-04,9e-04,7e-04,0.0017,0.0022,0.0026,0.0034,0.0021,9.6,0.01,0,,,,,,,,,"wrist"
"IZTECH_S016","IZTECH_S016_w","2025-05-07 23:14:19",FALSE,0,32.88,1,1488,12.4,26,0.216667,89,0.741667,3.27,0,136,102,0,2e-04,1e-04,4e-04,5e-04,7e-04,9e-04,6e-04,1.86,0,0,,,,,,,,,"wrist"
"IZTECH_S016","IZTECH_S016_w","2025-05-07 23:16:19",FALSE,0,32.75,1,858,7.15,21,0.175,51,0.425,0.91,0,141,102,0,0,0,1e-04,2e-04,2e-04,3e-04,2e-04,0.29,0,0,,,,,,,,,"wrist"
"IZTECH_S016","IZTECH_S016_w","2025-05-07 23:18:19",FALSE,0,32.56,1,1311,10.925,26,0.216667,116,0.966667,1,0,141,102,0,1e-04,0,1e-04,2e-04,3e-04,3e-04,2e-04,0.44,0,0,,,,,,,,,"wrist"
"IZTECH_S016","IZTECH_S016_w","2025-05-07 23:20:19",FALSE,0,32.44,1,115,0.958333,0,0,3,0.025,0.96,0,141,102,0,1e-04,1e-04,1e-04,2e-04,3e-04,3e-04,2e-04,0.47,0,0,,,,,,,,,"wrist"
"IZTECH_S016","IZTECH_S016_w","2025-05-07 23:22:19",FALSE,0,32.25,1,771,6.425,13,0.108333,45,0.375,1.47,0,139,106,0,1e-04,1e-04,2e-04,2e-04,3e-04,4e-04,2e-04,1.17,0,0,,,,,,,,,"wrist"
"IZTECH_S016","IZTECH_S016_w","2025-05-07 23:24:19",FALSE,0,32.12,1,1699,14.1583,43,0.358333,109,0.908333,1.97,0,140,106,0,3e-04,2e-04,2e-04,3e-04,4e-04,5e-04,2e-04,1.8,0,0,,,,,,,,,"wrist"
"IZTECH_S016","IZTECH_S016_w","2025-05-07 23:26:19",FALSE,0,32.06,1,917,7.64167,31,0.258333,56,0.466667,1.48,0,130,114,0,2e-04,1e-04,1e-04,2e-04,3e-04,4e-04,2e-04,1.2,0,0,,,,,,,,,"wrist"
"IZTECH_S016","IZTECH_S016_w","2025-05-07 23:28:19",FALSE,0,32.12,1,1744,14.5333,20,0.166667,156,1.3,1.76,0,135,103,0,2e-04,1e-04,2e-04,3e-04,4e-04,4e-04,2e-04,1.66,0,0,,,,,,,,,"wrist"
"IZTECH_S016","IZTECH_S016_w","2025-05-07 23:30:19",FALSE,0,32.38,1,1422,11.85,17,0.141667,92,0.766667,1.68,0,132,106,0,2e-04,1e-04,2e-04,3e-04,4e-04,4e-04,2e-04,1.39,0,0,,,,,,,,,"wrist"
"IZTECH_S016","IZTECH_S016_w","2025-05-07 23:32:19",FALSE,0,32.56,1,577,4.80833,0,0,34,0.283333,1.05,0,128,102,0,1e-04,1e-04,1e-04,2e-04,3e-04,3e-04,2e-04,0.53,0,0,,,,,,,,,"wrist"
"IZTECH_S016","IZTECH_S016_w","2025-05-07 23:34:19",FALSE,0,32.56,1,1569,13.075,23,0.191667,120,1,1.98,0,145,112,0,2e-04,1e-04,2e-04,3e-04,4e-04,5e-04,2e-04,1.68,0,0,,,,,,,,,"wrist"
"IZTECH_S016","IZTECH_S016_w","2025-05-07 23:36:19",FALSE,0,32.62,1,1193,9.94167,0,0,104,0.866667,1.21,0,131,103,0,1e-04,1e-04,1e-04,2e-04,3e-04,3e-04,2e-04,0.93,0,0,,,,,,,,,"wrist"
"IZTECH_S016","IZTECH_S016_w","2025-05-07 23:38:19",FALSE,0,32.69,1,2242,18.6833,18,0.15,187,1.55833,2.26,0,129,98,0,3e-04,2e-04,2e-04,4e-04,5e-04,6e-04,3e-04,2.04,0,0,,,,,,,,,"wrist"
"IZTECH_S016","IZTECH_S016_w","2025-05-07 23:40:19",FALSE,0,32.94,8,582,4.85,6,0.05,34,0.283333,2.82,0,128,112,0,2e-04,2e-04,3e-04,4e-04,6e-04,8e-04,4e-04,2.03,0,0,,,,,,,,,"wrist"
"IZTECH_S016","IZTECH_S016_w","2025-05-07 23:42:19",FALSE,0,33.25,8,749,6.24167,8,0.0666667,49,0.408333,3.02,0,128,112,0,2e-04,2e-04,3e-04,5e-04,7e-04,9e-04,4e-04,2,0,0,,,,,,,,,"wrist"
"IZTECH_S016","IZTECH_S016_w","2025-05-07 23:44:19",FALSE,0,33.38,8,182,1.51667,0,0,15,0.125,3.39,0,128,115,0,3e-04,2e-04,4e-04,5e-04,7e-04,0.001,5e-04,2.38,0,0,,,,,,,,,"wrist"
"IZTECH_S016","IZTECH_S016_w","2025-05-07 23:46:19",FALSE,0,33.5,8,939,7.825,8,0.0666667,67,0.558333,3.38,0,128,112,0,5e-04,3e-04,4e-04,5e-04,7e-04,9e-04,5e-04,3.35,0,0,,,,,,,,,"wrist"
"IZTECH_S016","IZTECH_S016_w","2025-05-07 23:48:19",FALSE,0,33.62,8,75,0.625,0,0,0,0,3.07,0,128,111,0,6e-04,3e-04,4e-04,5e-04,6e-04,7e-04,5e-04,3.71,0,0,,,,,,,,,"wrist"
"IZTECH_S016","IZTECH_S016_w","2025-05-07 23:50:19",FALSE,0,33.62,8,858,7.15,6,0.05,62,0.516667,3.14,0,128,113,0,6e-04,3e-04,4e-04,5e-04,6e-04,8e-04,5e-04,3.92,0,0,,,,,,,,,"wrist"
"IZTECH_S016","IZTECH_S016_w","2025-05-07 23:52:19",FALSE,0,33.69,8,328,2.73333,1,0.00833333,16,0.133333,2.93,0,128,97,1e-04,6e-04,3e-04,4e-04,4e-04,6e-04,7e-04,5e-04,3.61,0,0,,,,,,,,,"wrist"
"IZTECH_S016","IZTECH_S016_w","2025-05-07 23:54:19",FALSE,0,33.69,8,686,5.71667,11,0.0916667,40,0.333333,3.41,0,128,113,1e-04,6e-04,3e-04,4e-04,5e-04,7e-04,8e-04,5e-04,4.28,0,0,,,,,,,,,"wrist"
"IZTECH_S016","IZTECH_S016_w","2025-05-07 23:56:19",FALSE,0,33.69,8,121,1.00833,0,0,4,0.0333333,3.28,0,128,114,0,6e-04,3e-04,4e-04,5e-04,6e-04,8e-04,5e-04,4.09,0,0,,,,,,,,,"wrist"
"IZTECH_S016","IZTECH_S016_w","2025-05-07 23:58:19",FALSE,0,33.75,8,1358,11.3167,15,0.125,108,0.9,2.27,0,129,115,0,4e-04,2e-04,3e-04,3e-04,4e-04,6e-04,3e-04,2.79,0,0,,,,,,,,,"wrist"
"IZTECH_S016","IZTECH_S016_w","2025-05-08 00:00:19",FALSE,0,33.56,32,1126,9.38333,15,0.125,75,0.625,2.85,0,128,115,0,4e-04,2e-04,4e-04,4e-04,5e-04,7e-04,3e-04,3.12,0,0,,,,,,,,,"wrist"
"IZTECH_S016","IZTECH_S016_w","2025-05-08 00:02:19",FALSE,0,33.12,8,2195,18.2917,24,0.2,159,1.325,4.18,0,155,139,0,3e-04,2e-04,4e-04,6e-04,9e-04,0.0013,6e-04,2.72,0,0,,,,,,,,,"wrist"
"IZTECH_S016","IZTECH_S016_w","2025-05-08 00:04:19",FALSE,0,33.19,8,1334,11.1167,21,0.175,75,0.625,5.37,0,164,143,1e-04,4e-04,3e-04,6e-04,8e-04,0.0012,0.0017,8e-04,3.53,0,0,,,,,,,,,"wrist"
"IZTECH_S016","IZTECH_S016_w","2025-05-08 00:06:19",FALSE,0,33.31,8,1173,9.775,32,0.266667,70,0.583333,10.93,0,141,110,1e-04,9e-04,6e-04,0.0013,0.0017,0.0022,0.003,0.0016,8.06,0.01,0,,,,,,,,,"wrist"
"IZTECH_S016","IZTECH_S016_w","2025-05-08 00:08:19",FALSE,0,33.5,32,2249,18.7417,37,0.308333,164,1.36667,1.61,0,139,95,0,1e-04,1e-04,1e-04,2e-04,4e-04,6e-04,3e-04,0.84,0,0,,,,,,,,,"wrist"
"IZTECH_S016","IZTECH_S016_w","2025-05-08 00:10:19",FALSE,0,32.75,4,1668,13.9,33,0.275,107,0.891667,3.15,0,181,154,0,2e-04,2e-04,3e-04,5e-04,7e-04,0.001,5e-04,1.92,0,0,,,,,,,,,"wrist"
"IZTECH_S016","IZTECH_S016_w","2025-05-08 00:12:19",FALSE,0,33,4,461,3.84167,2,0.0166667,24,0.2,2.13,0,172,122,0,1e-04,1e-04,2e-04,3e-04,5e-04,7e-04,3e-04,1.09,0,0,,,,,,,,,"wrist"
"IZTECH_S016","IZTECH_S016_w","2025-05-08 00:14:19",FALSE,0,33,8,1791,14.925,26,0.216667,122,1.01667,5.01,0,148,102,0,3e-04,3e-04,5e-04,7e-04,0.0011,0.0016,7e-04,3.23,0,0,,,,,,,,,"wrist"
"IZTECH_S016","IZTECH_S016_w","2025-05-08 00:16:19",FALSE,0,33.12,8,2514,20.95,50,0.416667,132,1.1,8.16,0,151,110,1e-04,5e-04,5e-04,9e-04,0.0013,0.0017,0.0018,0.0011,5.39,0,0,,,,,,,,,"wrist"
"IZTECH_S016","IZTECH_S016_w","2025-05-08 00:18:19",FALSE,0,33.12,8,287,2.39167,0,0,10,0.0833333,4.73,0,128,128,0,2e-04,2e-04,5e-04,8e-04,0.001,0.0011,6e-04,2.84,0,0,,,,,,,,,"wrist"
"IZTECH_S016","IZTECH_S016_w","2025-05-08 00:20:19",FALSE,0,33.44,8,1642,13.6833,15,0.125,99,0.825,6.02,0,128,99,0,3e-04,3e-04,6e-04,0.001,0.0013,0.0014,8e-04,3.7,0,0,,,,,,,,,"wrist"
"IZTECH_S016","IZTECH_S016_w","2025-05-08 00:22:19",FALSE,0,33.31,16,3824,31.8667,117,0.975,260,2.16667,8.88,0,128,103,1e-04,5e-04,5e-04,9e-04,0.0014,0.0019,0.0021,0.0012,5.57,0,0,,,,,,,,,"wrist"
"IZTECH_S016","IZTECH_S016_w","2025-05-08 00:24:19",FALSE,0,32.88,8,8796,73.3,229,1.90833,440,3.66667,4.01,0,170,151,0,2e-04,2e-04,4e-04,6e-04,9e-04,0.001,6e-04,2.36,0,0,,,,,,,,,"wrist"
"IZTECH_S016","IZTECH_S016_w","2025-05-08 00:26:19",FALSE,0,32.75,8,4136,34.4667,100,0.833333,238,1.98333,0,0,144,137,0,0,0,0,0,0,0,0,0,0,0,,,,,,,,,"wrist"
"IZTECH_S016","IZTECH_S016_w","2025-05-08 00:28:19",FALSE,0,32.62,16,1291,10.7583,27,0.225,75,0.625,0,0,175,146,0,0,0,0,0,0,0,0,0,0,0,,,,,,,,,"wrist"
"IZTECH_S016","IZTECH_S016_w","2025-05-08 00:30:19",FALSE,0,32.25,8,17729,147.742,616,5.13333,818,6.81667,0.7,0,222,166,0,0,0,1e-04,1e-04,1e-04,1e-04,1e-04,0.45,0,0,,,,,,,,,"wrist"
"IZTECH_S016","IZTECH_S016_w","2025-05-08 00:32:19",FALSE,0,31.75,8,3737,31.1417,92,0.766667,220,1.83333,0,0,219,171,0,0,0,0,0,0,0,0,0,0,0,,,,,,,,,"wrist"
"IZTECH_S016","IZTECH_S016_w","2025-05-08 00:34:19",FALSE,0,31.62,8,710,5.91667,3,0.025,51,0.425,0,0,219,170,0,0,0,0,0,0,0,0,0,0,0,,,,,,,,,"wrist"
"IZTECH_S016","IZTECH_S016_w","2025-05-08 00:36:19",FALSE,0,31.69,8,488,4.06667,2,0.0166667,35,0.291667,0,0,212,166,0,0,0,0,0,0,0,0,0,0,0,,,,,,,,,"wrist"
"IZTECH_S016","IZTECH_S016_w","2025-05-08 00:38:19",FALSE,0,32.44,8,10095,84.125,343,2.85833,494,4.11667,0,0,158,136,0,0,0,0,0,0,0,0,0,0,0,,,,,,,,,"wrist"
"IZTECH_S016","IZTECH_S016_w","2025-05-08 00:40:19",FALSE,0,32.12,8,837,6.975,0,0,31,0.258333,0,0,137,142,0,0,0,0,0,0,0,0,0,0,0,,,,,,,,,"wrist"
"IZTECH_S016","IZTECH_S016_w","2025-05-08 00:42:19",FALSE,0,32.31,8,654,5.45,1,0.00833333,34,0.283333,0,0,152,130,0,0,0,0,0,0,0,0,0,0,0,,,,,,,,,"wrist"
"IZTECH_S016","IZTECH_S016_w","2025-05-08 00:44:19",FALSE,0,32.19,8,489,4.075,0,0,21,0.175,0,0,138,140,0,0,0,0,0,0,0,0,0,0,0,,,,,,,,,"wrist"
"IZTECH_S016","IZTECH_S016_w","2025-05-08 00:46:19",FALSE,0,32.12,8,478,3.98333,0,0,28,0.233333,0,0,138,142,0,0,0,0,0,0,0,0,0,0,0,,,,,,,,,"wrist"
"IZTECH_S016","IZTECH_S016_w","2025-05-08 00:48:19",FALSE,0,32.06,8,357,2.975,0,0,12,0.1,0,0,135,142,0,0,0,0,0,0,0,0,0,0,0,,,,,,,,,"wrist"
"IZTECH_S016","IZTECH_S016_w","2025-05-08 00:50:19",FALSE,0,32.5,8,461,3.84167,1,0.00833333,31,0.258333,0,0,182,134,0,0,0,0,0,0,0,0,0,0,0,,,,,,,,,"wrist"
"IZTECH_S016","IZTECH_S016_w","2025-05-08 00:52:19",FALSE,0,32.69,8,205,1.70833,0,0,12,0.1,0,0,184,114,0,0,0,0,0,0,0,0,0,0,0,,,,,,,,,"wrist"
"IZTECH_S016","IZTECH_S016_w","2025-05-08 00:54:19",FALSE,0,32.88,8,399,3.325,3,0.025,27,0.225,0,0,161,123,0,0,0,0,0,0,0,0,0,0,0,,,,,,,,,"wrist"
"IZTECH_S016","IZTECH_S016_w","2025-05-08 00:56:19",FALSE,0,32.81,8,117,0.975,0,0,0,0,0,0,177,139,0,0,0,0,0,0,0,0,0,0,0,,,,,,,,,"wrist"
"IZTECH_S016","IZTECH_S016_w","2025-05-08 00:58:19",FALSE,0,32.88,8,172,1.43333,0,0,6,0.05,0,0,174,139,0,0,0,0,0,0,0,0,0,0,0,,,,,,,,,"wrist"
"IZTECH_S016","IZTECH_S016_w","2025-05-08 01:00:19",FALSE,0,32.88,1,7177,59.8083,165,1.375,431,3.59167,0,0,155,104,0,0,0,0,0,0,0,0,0,0,0,,,,,,,,,"wrist"
"IZTECH_S016","IZTECH_S016_w","2025-05-08 01:02:19",FALSE,0,32.5,16,8035,66.9583,310,2.58333,327,2.725,0,0,216,158,0,0,0,0,0,0,0,0,0,0,0,,,,,,,,,"wrist"
"IZTECH_S016","IZTECH_S016_w","2025-05-08 01:04:19",FALSE,0,33,16,2196,18.3,5,0.0416667,246,2.05,0,0,207,146,0,0,0,0,0,0,0,0,0,0,0,,,,,,,,,"wrist"
"IZTECH_S016","IZTECH_S016_w","2025-05-08 01:06:19",FALSE,0,33.12,16,19,0.158333,0,0,0,0,0,0,206,145,0,0,0,0,0,0,0,0,0,0,0,,,,,,,,,"wrist"
"IZTECH_S016","IZTECH_S016_w","2025-05-08 01:08:19",FALSE,0,33.19,16,2821,23.5083,82,0.683333,156,1.3,0,0,153,143,0,0,0,0,0,0,0,0,0,0,0,,,,,,,,,"wrist"
"IZTECH_S016","IZTECH_S016_w","2025-05-08 01:10:19",FALSE,0,33.06,1,5,0.0416667,0,0,0,0,0,0,143,131,0,0,0,0,0,0,0,0,0,0,0,,,,,,,,,"wrist"
"IZTECH_S016","IZTECH_S016_w","2025-05-08 01:12:19",FALSE,0,32.81,1,72,0.6,2,0.0166667,7,0.0583333,0,0,143,130,0,0,0,0,0,0,0,0,0,0,0,,,,,,,,,"wrist"
"IZTECH_S016","IZTECH_S016_w","2025-05-08 01:14:19",FALSE,0,32.56,1,14,0.116667,0,0,1,0.00833333,0,0,143,130,0,0,0,0,0,0,0,0,0,0,0,,,,,,,,,"wrist"
"IZTECH_S016","IZTECH_S016_w","2025-05-08 01:16:19",FALSE,0,32.38,1,26,0.216667,1,0.00833333,2,0.0166667,0,0,142,130,0,0,0,0,0,0,0,0,0,0,0,,,,,,,,,"wrist"
"IZTECH_S016","IZTECH_S016_w","2025-05-08 01:18:19",FALSE,0,32.25,1,37,0.308333,0,0,2,0.0166667,0,0,142,129,0,0,0,0,0,0,0,0,0,0,0,,,,,,,,,"wrist"
"IZTECH_S016","IZTECH_S016_w","2025-05-08 01:20:19",FALSE,0,32.19,1,0,0,0,0,0,0,0,0,141,128,0,0,0,0,0,0,0,0,0,0,0,,,,,,,,,"wrist"
"IZTECH_S016","IZTECH_S016_w","2025-05-08 01:22:19",FALSE,0,32.12,1,0,0,0,0,0,0,0,0,142,128,0,0,0,0,0,0,0,0,0,0,0,,,,,,,,,"wrist"
"IZTECH_S016","IZTECH_S016_w","2025-05-08 01:24:19",FALSE,0,32.06,1,6,0.05,0,0,0,0,0,0,141,128,0,0,0,0,0,0,0,0,0,0,0,,,,,,,,,"wrist"
"IZTECH_S016","IZTECH_S016_w","2025-05-08 01:26:19",FALSE,0,32.06,1,0,0,0,0,0,0,0,0,141,128,0,0,0,0,0,0,0,0,0,0,0,,,,,,,,,"wrist"
"IZTECH_S016","IZTECH_S016_w","2025-05-08 01:28:19",FALSE,0,32,1,0,0,0,0,0,0,0,0,141,128,0,0,0,0,0,0,0,0,0,0,0,,,,,,,,,"wrist"
"IZTECH_S016","IZTECH_S016_w","2025-05-08 01:30:19",FALSE,0,31.94,2,605,5.04167,10,0.0833333,41,0.341667,0,0,128,128,0,0,0,0,0,0,0,0,0,0,0,,,,,,,,,"wrist"
"IZTECH_S016","IZTECH_S016_w","2025-05-08 01:32:19",FALSE,0,32,2,0,0,0,0,0,0,0,0,128,128,0,0,0,0,0,0,0,0,0,0,0,,,,,,,,,"wrist"
"IZTECH_S016","IZTECH_S016_w","2025-05-08 01:34:19",FALSE,0,32.06,2,0,0,0,0,0,0,0,0,128,123,0,0,0,0,0,0,0,0,0,0,0,,,,,,,,,"wrist"
"IZTECH_S016","IZTECH_S016_w","2025-05-08 01:36:19",FALSE,0,32.19,2,0,0,0,0,0,0,0,0,128,122,0,0,0,0,0,0,0,0,0,0,0,,,,,,,,,"wrist"
"IZTECH_S016","IZTECH_S016_w","2025-05-08 01:38:19",FALSE,0,32.38,2,312,2.6,2,0.0166667,22,0.183333,0,0,124,119,0,0,0,0,0,0,0,0,0,0,0,,,,,,,,,"wrist"
"IZTECH_S016","IZTECH_S016_w","2025-05-08 01:40:19",FALSE,0,32.69,2,0,0,0,0,0,0,0,0,124,115,0,0,0,0,0,0,0,0,0,0,0,,,,,,,,,"wrist"
"IZTECH_S016","IZTECH_S016_w","2025-05-08 01:42:19",FALSE,0,32.88,2,0,0,0,0,0,0,0,0,124,111,0,0,0,0,0,0,0,0,0,0,0,,,,,,,,,"wrist"
"IZTECH_S016","IZTECH_S016_w","2025-05-08 01:44:19",FALSE,0,33,2,0,0,0,0,0,0,0,0,123,102,0,0,0,0,0,0,0,0,0,0,0,,,,,,,,,"wrist"
"IZTECH_S016","IZTECH_S016_w","2025-05-08 01:46:19",FALSE,0,33.06,2,4,0.0333333,0,0,0,0,0,0,123,99,0,0,0,0,0,0,0,0,0,0,0,,,,,,,,,"wrist"
"IZTECH_S016","IZTECH_S016_w","2025-05-08 01:48:19",FALSE,0,33.06,2,0,0,0,0,0,0,0,0,123,98,0,0,0,0,0,0,0,0,0,0,0,,,,,,,,,"wrist"
"IZTECH_S016","IZTECH_S016_w","2025-05-08 01:50:19",FALSE,0,33.19,2,0,0,0,0,0,0,0,0,123,97,0,0,0,0,0,0,0,0,0,0,0,,,,,,,,,"wrist"
"IZTECH_S016","IZTECH_S016_w","2025-05-08 01:52:19",FALSE,0,33.25,2,0,0,0,0,0,0,0,0,123,97,0,0,0,0,0,0,0,0,0,0,0,,,,,,,,,"wrist"
"IZTECH_S016","IZTECH_S016_w","2025-05-08 01:54:19",FALSE,0,33.25,2,0,0,0,0,0,0,0,0,123,95,0,0,0,0,0,0,0,0,0,0,0,,,,,,,,,"wrist"
"IZTECH_S016","IZTECH_S016_w","2025-05-08 01:56:19",FALSE,0,32.94,2,3447,28.725,93,0.775,188,1.56667,0,0,186,106,0,0,0,0,0,0,0,0,0,0,0,,,,,,,,,"wrist"
"IZTECH_S016","IZTECH_S016_w","2025-05-08 01:58:19",FALSE,0,33,1,417,3.475,11,0.0916667,30,0.25,0,0,133,111,0,0,0,0,0,0,0,0,0,0,0,,,,,,,,,"wrist"
"IZTECH_S016","IZTECH_S016_w","2025-05-08 02:00:19",FALSE,0,33.12,1,0,0,0,0,0,0,0,0,135,122,0,0,0,0,0,0,0,0,0,0,0,,,,,,,,,"wrist"
"IZTECH_S016","IZTECH_S016_w","2025-05-08 02:02:19",FALSE,0,33.31,1,0,0,0,0,0,0,0,0,140,131,0,0,0,0,0,0,0,0,0,0,0,,,,,,,,,"wrist"
"IZTECH_S016","IZTECH_S016_w","2025-05-08 02:04:19",FALSE,0,33.38,1,0,0,0,0,0,0,0,0,146,137,0,0,0,0,0,0,0,0,0,0,0,,,,,,,,,"wrist"
"IZTECH_S016","IZTECH_S016_w","2025-05-08 02:06:19",FALSE,0,33.69,1,1837,15.3083,47,0.391667,113,0.941667,0,0,156,129,0,0,0,0,0,0,0,0,0,0,0,,,,,,,,,"wrist"
"IZTECH_S016","IZTECH_S016_w","2025-05-08 02:08:19",FALSE,0,33.75,1,153,1.275,5,0.0416667,10,0.0833333,0,0,158,145,0,0,0,0,0,0,0,0,0,0,0,,,,,,,,,"wrist"
"IZTECH_S016","IZTECH_S016_w","2025-05-08 02:10:19",FALSE,0,33.75,1,0,0,0,0,0,0,0,0,168,145,0,0,0,0,0,0,0,0,0,0,0,,,,,,,,,"wrist"
"IZTECH_S016","IZTECH_S016_w","2025-05-08 02:12:19",FALSE,0,34.12,1,1170,9.75,39,0.325,59,0.491667,0,0,162,131,0,0,0,0,0,0,0,0,0,0,0,,,,,,,,,"wrist"
"IZTECH_S016","IZTECH_S016_w","2025-05-08 02:14:19",FALSE,0,34.25,1,0,0,0,0,0,0,0,0,164,131,0,0,0,0,0,0,0,0,0,0,0,,,,,,,,,"wrist"
"IZTECH_S016","IZTECH_S016_w","2025-05-08 02:16:19",FALSE,0,34.38,1,0,0,0,0,0,0,0,0,163,128,0,0,0,0,0,0,0,0,0,0,0,,,,,,,,,"wrist"
"IZTECH_S016","IZTECH_S016_w","2025-05-08 02:18:19",FALSE,0,34.56,1,34,0.283333,0,0,4,0.0333333,0,0,162,115,0,0,0,0,0,0,0,0,0,0,0,,,,,,,,,"wrist"
"IZTECH_S016","IZTECH_S016_w","2025-05-08 02:20:19",FALSE,0,34.69,1,511,4.25833,10,0.0833333,35,0.291667,0,0,158,111,0,0,0,0,0,0,0,0,0,0,0,,,,,,,,,"wrist"
"IZTECH_S016","IZTECH_S016_w","2025-05-08 02:22:19",FALSE,0,34.75,1,0,0,0,0,0,0,0,0,140,112,0,0,0,0,0,0,0,0,0,0,0,,,,,,,,,"wrist"
"IZTECH_S016","IZTECH_S016_w","2025-05-08 02:24:19",FALSE,0,34.81,1,1504,12.5333,41,0.341667,98,0.816667,0,0,147,110,0,0,0,0,0,0,0,0,0,0,0,,,,,,,,,"wrist"
"IZTECH_S016","IZTECH_S016_w","2025-05-08 02:26:19",FALSE,0,34.75,1,1103,9.19167,34,0.283333,60,0.5,0,0,135,101,0,0,0,0,0,0,0,0,0,0,0,,,,,,,,,"wrist"
"IZTECH_S016","IZTECH_S016_w","2025-05-08 02:28:19",FALSE,0,34.75,4,940,7.83333,19,0.158333,50,0.416667,0,0,128,96,0,0,0,0,0,0,0,0,0,0,0,,,,,,,,,"wrist"
"IZTECH_S016","IZTECH_S016_w","2025-05-08 02:30:19",FALSE,0,34.62,1,0,0,0,0,0,0,0,0,129,123,0,0,0,0,0,0,0,0,0,0,0,,,,,,,,,"wrist"
"IZTECH_S016","IZTECH_S016_w","2025-05-08 02:32:19",FALSE,0,34.62,1,0,0,0,0,0,0,0,0,128,121,0,0,0,0,0,0,0,0,0,0,0,,,,,,,,,"wrist"
"IZTECH_S016","IZTECH_S016_w","2025-05-08 02:34:19",FALSE,0,34.56,1,0,0,0,0,0,0,0,0,128,121,0,0,0,0,0,0,0,0,0,0,0,,,,,,,,,"wrist"
"IZTECH_S016","IZTECH_S016_w","2025-05-08 02:36:19",FALSE,0,34.56,1,0,0,0,0,0,0,0,0,128,120,0,0,0,0,0,0,0,0,0,0,0,,,,,,,,,"wrist"
"IZTECH_S016","IZTECH_S016_w","2025-05-08 02:38:19",FALSE,0,34.5,1,0,0,0,0,0,0,0,0,128,120,0,0,0,0,0,0,0,0,0,0,0,,,,,,,,,"wrist"
"IZTECH_S016","IZTECH_S016_w","2025-05-08 02:40:19",FALSE,0,34.5,1,0,0,0,0,0,0,0,0,125,117,0,0,0,0,0,0,0,0,0,0,0,,,,,,,,,"wrist"
"IZTECH_S016","IZTECH_S016_w","2025-05-08 02:42:19",FALSE,0,34.44,1,0,0,0,0,0,0,0,0,124,115,0,0,0,0,0,0,0,0,0,0,0,,,,,,,,,"wrist"
"IZTECH_S016","IZTECH_S016_w","2025-05-08 02:44:19",FALSE,0,34.44,1,0,0,0,0,0,0,0,0,124,111,0,0,0,0,0,0,0,0,0,0,0,,,,,,,,,"wrist"
"IZTECH_S016","IZTECH_S016_w","2025-05-08 02:46:19",FALSE,0,34.38,1,0,0,0,0,0,0,0,0,124,108,0,0,0,0,0,0,0,0,0,0,0,,,,,,,,,"wrist"
"IZTECH_S016","IZTECH_S016_w","2025-05-08 02:48:19",FALSE,0,34.31,1,0,0,0,0,0,0,0,0,123,104,0,0,0,0,0,0,0,0,0,0,0,,,,,,,,,"wrist"
"IZTECH_S016","IZTECH_S016_w","2025-05-08 02:50:19",FALSE,0,34.25,1,0,0,0,0,0,0,0,0,123,101,0,0,0,0,0,0,0,0,0,0,0,,,,,,,,,"wrist"
"IZTECH_S016","IZTECH_S016_w","2025-05-08 02:52:19",FALSE,0,34.19,1,0,0,0,0,0,0,0,0,123,99,0,0,0,0,0,0,0,0,0,0,0,,,,,,,,,"wrist"
"IZTECH_S016","IZTECH_S016_w","2025-05-08 02:54:19",FALSE,0,34.12,1,0,0,0,0,0,0,0,0,123,97,0,0,0,0,0,0,0,0,0,0,0,,,,,,,,,"wrist"
"IZTECH_S016","IZTECH_S016_w","2025-05-08 02:56:19",FALSE,0,34.06,4,2482,20.6833,76,0.633333,171,1.425,0,0,123,93,0,0,0,0,0,0,0,0,0,0,0,,,,,,,,,"wrist"
"IZTECH_S016","IZTECH_S016_w","2025-05-08 02:58:19",FALSE,0,34,4,0,0,0,0,0,0,0,0,123,93,0,0,0,0,0,0,0,0,0,0,0,,,,,,,,,"wrist"
"IZTECH_S016","IZTECH_S016_w","2025-05-08 03:00:19",FALSE,0,34,4,178,1.48333,2,0.0166667,19,0.158333,0,0,123,93,0,0,0,0,0,0,0,0,0,0,0,,,,,,,,,"wrist"
"IZTECH_S016","IZTECH_S016_w","2025-05-08 03:02:19",FALSE,0,34.06,4,0,0,0,0,0,0,0,0,123,93,0,0,0,0,0,0,0,0,0,0,0,,,,,,,,,"wrist"
"IZTECH_S016","IZTECH_S016_w","2025-05-08 03:04:19",FALSE,0,34.06,4,0,0,0,0,0,0,0,0,123,93,0,0,0,0,0,0,0,0,0,0,0,,,,,,,,,"wrist"
"IZTECH_S016","IZTECH_S016_w","2025-05-08 03:06:19",FALSE,0,34.06,4,0,0,0,0,0,0,0,0,123,92,0,0,0,0,0,0,0,0,0,0,0,,,,,,,,,"wrist"
"IZTECH_S016","IZTECH_S016_w","2025-05-08 03:08:19",FALSE,0,34.06,4,4,0.0333333,0,0,1,0.00833333,0,0,123,93,0,0,0,0,0,0,0,0,0,0,0,,,,,,,,,"wrist"
"IZTECH_S016","IZTECH_S016_w","2025-05-08 03:10:19",FALSE,0,34.06,4,0,0,0,0,0,0,0,0,123,91,0,0,0,0,0,0,0,0,0,0,0,,,,,,,,,"wrist"
"IZTECH_S016","IZTECH_S016_w","2025-05-08 03:12:19",FALSE,0,34.06,4,268,2.23333,1,0.00833333,24,0.2,0,0,123,92,0,0,0,0,0,0,0,0,0,0,0,,,,,,,,,"wrist"
"IZTECH_S016","IZTECH_S016_w","2025-05-08 03:14:19",FALSE,0,34.38,1,0,0,0,0,0,0,0,0,123,92,0,0,0,0,0,0,0,0,0,0,0,,,,,,,,,"wrist"
"IZTECH_S016","IZTECH_S016_w","2025-05-08 03:16:19",FALSE,0,34.69,1,0,0,0,0,0,0,0,0,123,92,0,0,0,0,0,0,0,0,0,0,0,,,,,,,,,"wrist"
"IZTECH_S016","IZTECH_S016_w","2025-05-08 03:18:19",FALSE,0,34.94,1,0,0,0,0,0,0,0,0,123,92,0,0,0,0,0,0,0,0,0,0,0,,,,,,,,,"wrist"
"IZTECH_S016","IZTECH_S016_w","2025-05-08 03:20:19",FALSE,0,35.06,1,0,0,0,0,0,0,0,0,123,92,0,0,0,0,0,0,0,0,0,0,0,,,,,,,,,"wrist"
"IZTECH_S016","IZTECH_S016_w","2025-05-08 03:22:19",FALSE,0,35.19,1,15,0.125,0,0,0,0,0,0,123,92,0,0,0,0,0,0,0,0,0,0,0,,,,,,,,,"wrist"
"IZTECH_S016","IZTECH_S016_w","2025-05-08 03:24:19",FALSE,0,35.25,1,0,0,0,0,0,0,0,0,123,92,0,0,0,0,0,0,0,0,0,0,0,,,,,,,,,"wrist"
"IZTECH_S016","IZTECH_S016_w","2025-05-08 03:26:19",FALSE,0,35.31,1,0,0,0,0,0,0,0,0,123,92,0,0,0,0,0,0,0,0,0,0,0,,,,,,,,,"wrist"
"IZTECH_S016","IZTECH_S016_w","2025-05-08 03:28:19",FALSE,0,35.38,1,0,0,0,0,0,0,0,0,123,92,0,0,0,0,0,0,0,0,0,0,0,,,,,,,,,"wrist"
"IZTECH_S016","IZTECH_S016_w","2025-05-08 03:30:19",FALSE,0,35.38,1,0,0,0,0,0,0,0,0,123,92,0,0,0,0,0,0,0,0,0,0,0,,,,,,,,,"wrist"
"IZTECH_S016","IZTECH_S016_w","2025-05-08 03:32:19",FALSE,0,35.44,1,0,0,0,0,0,0,0,0,123,92,0,0,0,0,0,0,0,0,0,0,0,,,,,,,,,"wrist"
"IZTECH_S016","IZTECH_S016_w","2025-05-08 03:34:19",FALSE,0,35.44,1,0,0,0,0,0,0,0,0,123,92,0,0,0,0,0,0,0,0,0,0,0,,,,,,,,,"wrist"
"IZTECH_S016","IZTECH_S016_w","2025-05-08 03:36:19",FALSE,0,35.44,1,0,0,0,0,0,0,0,0,123,92,0,0,0,0,0,0,0,0,0,0,0,,,,,,,,,"wrist"
"IZTECH_S016","IZTECH_S016_w","2025-05-08 03:38:19",FALSE,0,35.44,1,0,0,0,0,0,0,0,0,123,92,0,0,0,0,0,0,0,0,0,0,0,,,,,,,,,"wrist"
"IZTECH_S016","IZTECH_S016_w","2025-05-08 03:40:19",FALSE,0,35.5,1,0,0,0,0,0,0,0,0,123,92,0,0,0,0,0,0,0,0,0,0,0,,,,,,,,,"wrist"
"IZTECH_S016","IZTECH_S016_w","2025-05-08 03:42:19",FALSE,0,35.5,1,0,0,0,0,0,0,0,0,123,92,0,0,0,0,0,0,0,0,0,0,0,,,,,,,,,"wrist"
"IZTECH_S016","IZTECH_S016_w","2025-05-08 03:44:19",FALSE,0,35.5,1,0,0,0,0,0,0,0,0,123,92,0,0,0,0,0,0,0,0,0,0,0,,,,,,,,,"wrist"
"IZTECH_S016","IZTECH_S016_w","2025-05-08 03:46:19",FALSE,0,35.38,1,5498,45.8167,154,1.28333,358,2.98333,0,0,123,92,0,0,0,0,0,0,0,0,0,0,0,,,,,,,,,"wrist"
"IZTECH_S016","IZTECH_S016_w","2025-05-08 03:48:19",FALSE,0,35,1,3458,28.8167,109,0.908333,199,1.65833,0,0,123,92,0,0,0,0,0,0,0,0,0,0,0,,,,,,,,,"wrist"
"IZTECH_S016","IZTECH_S016_w","2025-05-08 03:50:19",FALSE,0,34.94,1,0,0,0,0,0,0,0,0,123,92,0,0,0,0,0,0,0,0,0,0,0,,,,,,,,,"wrist"
"IZTECH_S016","IZTECH_S016_w","2025-05-08 03:52:19",FALSE,0,34.88,1,4,0.0333333,0,0,0,0,0,0,123,92,0,0,0,0,0,0,0,0,0,0,0,,,,,,,,,"wrist"
"IZTECH_S016","IZTECH_S016_w","2025-05-08 03:54:19",FALSE,0,34.88,1,0,0,0,0,0,0,0,0,123,92,0,0,0,0,0,0,0,0,0,0,0,,,,,,,,,"wrist"
"IZTECH_S016","IZTECH_S016_w","2025-05-08 03:56:19",FALSE,0,34.88,1,0,0,0,0,0,0,0,0,124,92,0,0,0,0,0,0,0,0,0,0,0,,,,,,,,,"wrist"
"IZTECH_S016","IZTECH_S016_w","2025-05-08 03:58:19",FALSE,0,34.88,1,1039,8.65833,21,0.175,69,0.575,0,0,124,92,0,0,0,0,0,0,0,0,0,0,0,,,,,,,,,"wrist"
"IZTECH_S016","IZTECH_S016_w","2025-05-08 04:00:19",FALSE,0,34.88,1,18,0.15,0,0,1,0.00833333,0,0,124,92,0,0,0,0,0,0,0,0,0,0,0,,,,,,,,,"wrist"
"IZTECH_S016","IZTECH_S016_w","2025-05-08 04:02:19",FALSE,0,34.88,1,1517,12.6417,38,0.316667,96,0.8,0,0,125,92,0,0,0,0,0,0,0,0,0,0,0,,,,,,,,,"wrist"
"IZTECH_S016","IZTECH_S016_w","2025-05-08 04:04:19",FALSE,0,34.81,1,94,0.783333,0,0,10,0.0833333,0,0,125,92,0,0,0,0,0,0,0,0,0,0,0,,,,,,,,,"wrist"
"IZTECH_S016","IZTECH_S016_w","2025-05-08 04:06:19",FALSE,0,34.81,1,1448,12.0667,45,0.375,80,0.666667,0,0,125,92,0,0,0,0,0,0,0,0,0,0,0,,,,,,,,,"wrist"
"IZTECH_S016","IZTECH_S016_w","2025-05-08 04:08:19",FALSE,0,34.69,32,0,0,0,0,0,0,0,0,123,93,0,0,0,0,0,0,0,0,0,0,0,,,,,,,,,"wrist"
"IZTECH_S016","IZTECH_S016_w","2025-05-08 04:10:19",FALSE,0,34.56,32,0,0,0,0,0,0,0,0,123,93,0,0,0,0,0,0,0,0,0,0,0,,,,,,,,,"wrist"
"IZTECH_S016","IZTECH_S016_w","2025-05-08 04:12:19",FALSE,0,34.5,32,0,0,0,0,0,0,0,0,123,93,0,0,0,0,0,0,0,0,0,0,0,,,,,,,,,"wrist"
"IZTECH_S016","IZTECH_S016_w","2025-05-08 04:14:19",FALSE,0,34.5,16,1018,8.48333,29,0.241667,62,0.516667,0,0,123,93,0,0,0,0,0,0,0,0,0,0,0,,,,,,,,,"wrist"
"IZTECH_S016","IZTECH_S016_w","2025-05-08 04:16:19",FALSE,0,34.5,16,7,0.0583333,0,0,1,0.00833333,0,0,123,93,0,0,0,0,0,0,0,0,0,0,0,,,,,,,,,"wrist"
"IZTECH_S016","IZTECH_S016_w","2025-05-08 04:18:19",FALSE,0,34.56,16,7,0.0583333,0,0,0,0,0,0,123,93,0,0,0,0,0,0,0,0,0,0,0,,,,,,,,,"wrist"
"IZTECH_S016","IZTECH_S016_w","2025-05-08 04:20:19",FALSE,0,34.56,1,2930,24.4167,90,0.75,145,1.20833,0,0,128,93,0,0,0,0,0,0,0,0,0,0,0,,,,,,,,,"wrist"
"IZTECH_S016","IZTECH_S016_w","2025-05-08 04:22:19",FALSE,0,34.62,1,1074,8.95,31,0.258333,83,0.691667,0,0,128,92,0,0,0,0,0,0,0,0,0,0,0,,,,,,,,,"wrist"
"IZTECH_S016","IZTECH_S016_w","2025-05-08 04:24:19",FALSE,0,34.75,1,769,6.40833,18,0.15,45,0.375,0,0,130,93,0,0,0,0,0,0,0,0,0,0,0,,,,,,,,,"wrist"
"IZTECH_S016","IZTECH_S016_w","2025-05-08 04:26:19",FALSE,0,34.81,1,1064,8.86667,35,0.291667,51,0.425,0,0,128,92,0,0,0,0,0,0,0,0,0,0,0,,,,,,,,,"wrist"
"IZTECH_S016","IZTECH_S016_w","2025-05-08 04:28:19",FALSE,0,34.88,1,0,0,0,0,0,0,0,0,128,92,0,0,0,0,0,0,0,0,0,0,0,,,,,,,,,"wrist"
"IZTECH_S016","IZTECH_S016_w","2025-05-08 04:30:19",FALSE,0,34.94,1,58,0.483333,0,0,5,0.0416667,0,0,132,92,0,0,0,0,0,0,0,0,0,0,0,,,,,,,,,"wrist"
"IZTECH_S016","IZTECH_S016_w","2025-05-08 04:32:19",FALSE,0,35,1,36,0.3,0,0,2,0.0166667,0,0,135,93,0,0,0,0,0,0,0,0,0,0,0,,,,,,,,,"wrist"
"IZTECH_S016","IZTECH_S016_w","2025-05-08 04:34:19",FALSE,0,34.94,1,763,6.35833,25,0.208333,38,0.316667,0,0,129,96,0,0,0,0,0,0,0,0,0,0,0,,,,,,,,,"wrist"
"IZTECH_S016","IZTECH_S016_w","2025-05-08 04:36:19",FALSE,0,34.94,1,0,0,0,0,0,0,0,0,129,97,0,0,0,0,0,0,0,0,0,0,0,,,,,,,,,"wrist"
"IZTECH_S016","IZTECH_S016_w","2025-05-08 04:38:19",FALSE,0,34.94,1,26,0.216667,0,0,3,0.025,0,0,129,97,0,0,0,0,0,0,0,0,0,0,0,,,,,,,,,"wrist"
"IZTECH_S016","IZTECH_S016_w","2025-05-08 04:40:19",FALSE,0,34.88,32,1493,12.4417,51,0.425,89,0.741667,0,0,131,100,0,0,0,0,0,0,0,0,0,0,0,,,,,,,,,"wrist"
"IZTECH_S016","IZTECH_S016_w","2025-05-08 04:42:19",FALSE,0,34.69,32,0,0,0,0,0,0,0,0,130,101,0,0,0,0,0,0,0,0,0,0,0,,,,,,,,,"wrist"
"IZTECH_S016","IZTECH_S016_w","2025-05-08 04:44:19",FALSE,0,34.56,1,1989,16.575,65,0.541667,112,0.933333,0,0,128,109,0,0,0,0,0,0,0,0,0,0,0,,,,,,,,,"wrist"
"IZTECH_S016","IZTECH_S016_w","2025-05-08 04:46:19",FALSE,0,34.5,32,0,0,0,0,0,0,0,0,129,108,0,0,0,0,0,0,0,0,0,0,0,,,,,,,,,"wrist"
"IZTECH_S016","IZTECH_S016_w","2025-05-08 04:48:19",FALSE,0,34.5,32,0,0,0,0,0,0,0,0,130,108,0,0,0,0,0,0,0,0,0,0,0,,,,,,,,,"wrist"
"IZTECH_S016","IZTECH_S016_w","2025-05-08 04:50:19",FALSE,0,34.5,32,0,0,0,0,0,0,0,0,130,107,0,0,0,0,0,0,0,0,0,0,0,,,,,,,,,"wrist"
"IZTECH_S016","IZTECH_S016_w","2025-05-08 04:52:19",FALSE,0,34.5,32,0,0,0,0,0,0,0,0,131,109,0,0,0,0,0,0,0,0,0,0,0,,,,,,,,,"wrist"
"IZTECH_S016","IZTECH_S016_w","2025-05-08 04:54:19",FALSE,0,34.5,32,2084,17.3667,79,0.658333,77,0.641667,0,0,130,100,0,0,0,0,0,0,0,0,0,0,0,,,,,,,,,"wrist"
"IZTECH_S016","IZTECH_S016_w","2025-05-08 04:56:19",FALSE,0,34.5,16,0,0,0,0,0,0,0,0,129,100,0,0,0,0,0,0,0,0,0,0,0,,,,,,,,,"wrist"
"IZTECH_S016","IZTECH_S016_w","2025-05-08 04:58:19",FALSE,0,34.56,16,10,0.0833333,0,0,0,0,0,0,131,100,0,0,0,0,0,0,0,0,0,0,0,,,,,,,,,"wrist"
"IZTECH_S016","IZTECH_S016_w","2025-05-08 05:00:19",FALSE,0,34.56,16,0,0,0,0,0,0,0,0,129,100,0,0,0,0,0,0,0,0,0,0,0,,,,,,,,,"wrist"
"IZTECH_S016","IZTECH_S016_w","2025-05-08 05:02:19",FALSE,0,34.62,16,716,5.96667,6,0.05,66,0.55,0,0,124,96,0,0,0,0,0,0,0,0,0,0,0,,,,,,,,,"wrist"
"IZTECH_S016","IZTECH_S016_w","2025-05-08 05:04:19",FALSE,0,34.62,16,0,0,0,0,0,0,0,0,124,96,0,0,0,0,0,0,0,0,0,0,0,,,,,,,,,"wrist"
"IZTECH_S016","IZTECH_S016_w","2025-05-08 05:06:19",FALSE,0,34.56,16,0,0,0,0,0,0,0,0,124,95,0,0,0,0,0,0,0,0,0,0,0,,,,,,,,,"wrist"
"IZTECH_S016","IZTECH_S016_w","2025-05-08 05:08:19",FALSE,0,34.5,16,0,0,0,0,0,0,0,0,124,95,0,0,0,0,0,0,0,0,0,0,0,,,,,,,,,"wrist"
"IZTECH_S016","IZTECH_S016_w","2025-05-08 05:10:19",FALSE,0,34.56,16,218,1.81667,3,0.025,16,0.133333,0,0,124,100,0,0,0,0,0,0,0,0,0,0,0,,,,,,,,,"wrist"
"IZTECH_S016","IZTECH_S016_w","2025-05-08 05:12:19",FALSE,0,34.69,16,0,0,0,0,0,0,0,0,124,100,0,0,0,0,0,0,0,0,0,0,0,,,,,,,,,"wrist"
"IZTECH_S016","IZTECH_S016_w","2025-05-08 05:14:19",FALSE,0,34.75,16,0,0,0,0,0,0,0,0,124,99,0,0,0,0,0,0,0,0,0,0,0,,,,,,,,,"wrist"
"IZTECH_S016","IZTECH_S016_w","2025-05-08 05:16:19",FALSE,0,34.88,16,0,0,0,0,0,0,0,0,124,100,0,0,0,0,0,0,0,0,0,0,0,,,,,,,,,"wrist"
"IZTECH_S016","IZTECH_S016_w","2025-05-08 05:18:19",FALSE,0,34.88,16,0,0,0,0,0,0,0,0,124,100,0,0,0,0,0,0,0,0,0,0,0,,,,,,,,,"wrist"
"IZTECH_S016","IZTECH_S016_w","2025-05-08 05:20:19",FALSE,0,34.94,16,0,0,0,0,0,0,0,0,123,100,0,0,0,0,0,0,0,0,0,0,0,,,,,,,,,"wrist"
"IZTECH_S016","IZTECH_S016_w","2025-05-08 05:22:19",FALSE,0,34.94,16,0,0,0,0,0,0,0,0,124,100,0,0,0,0,0,0,0,0,0,0,0,,,,,,,,,"wrist"
"IZTECH_S016","IZTECH_S016_w","2025-05-08 05:24:19",FALSE,0,34.94,16,0,0,0,0,0,0,0,0,124,100,0,0,0,0,0,0,0,0,0,0,0,,,,,,,,,"wrist"
"IZTECH_S016","IZTECH_S016_w","2025-05-08 05:26:19",FALSE,0,34.94,16,184,1.53333,2,0.0166667,13,0.108333,0,0,123,96,0,0,0,0,0,0,0,0,0,0,0,,,,,,,,,"wrist"
"IZTECH_S016","IZTECH_S016_w","2025-05-08 05:28:19",FALSE,0,34.88,16,0,0,0,0,0,0,0,0,123,96,0,0,0,0,0,0,0,0,0,0,0,,,,,,,,,"wrist"
"IZTECH_S016","IZTECH_S016_w","2025-05-08 05:30:19",FALSE,0,34.88,16,0,0,0,0,0,0,0,0,123,96,0,0,0,0,0,0,0,0,0,0,0,,,,,,,,,"wrist"
"IZTECH_S016","IZTECH_S016_w","2025-05-08 05:32:19",FALSE,0,34.94,16,0,0,0,0,0,0,0,0,123,96,0,0,0,0,0,0,0,0,0,0,0,,,,,,,,,"wrist"
"IZTECH_S016","IZTECH_S016_w","2025-05-08 05:34:19",FALSE,0,34.94,16,0,0,0,0,0,0,0,0,123,95,0,0,0,0,0,0,0,0,0,0,0,,,,,,,,,"wrist"
"IZTECH_S016","IZTECH_S016_w","2025-05-08 05:36:19",FALSE,0,34.94,16,0,0,0,0,0,0,0,0,124,96,0,0,0,0,0,0,0,0,0,0,0,,,,,,,,,"wrist"
"IZTECH_S016","IZTECH_S016_w","2025-05-08 05:38:19",FALSE,0,34.94,16,0,0,0,0,0,0,0,0,124,96,0,0,0,0,0,0,0,0,0,0,0,,,,,,,,,"wrist"
"IZTECH_S016","IZTECH_S016_w","2025-05-08 05:40:19",FALSE,0,34.88,16,3537,29.475,122,1.01667,162,1.35,0,0,134,93,0,0,0,0,0,0,0,0,0,0,0,,,,,,,,,"wrist"
"IZTECH_S016","IZTECH_S016_w","2025-05-08 05:42:19",FALSE,0,34.88,1,0,0,0,0,0,0,0,0,138,93,0,0,0,0,0,0,0,0,0,0,0,,,,,,,,,"wrist"
"IZTECH_S016","IZTECH_S016_w","2025-05-08 05:44:19",FALSE,0,34.94,1,0,0,0,0,0,0,0,0,141,93,0,0,0,0,0,0,0,0,0,0,0,,,,,,,,,"wrist"
"IZTECH_S016","IZTECH_S016_w","2025-05-08 05:46:19",FALSE,0,35,8,1088,9.06667,19,0.158333,83,0.691667,0,0,128,93,0,0,0,0,0,0,0,0,0,0,0,,,,,,,,,"wrist"
"IZTECH_S016","IZTECH_S016_w","2025-05-08 05:48:19",FALSE,0,35,1,1797,14.975,59,0.491667,106,0.883333,0,0,132,93,0,0,0,0,0,0,0,0,0,0,0,,,,,,,,,"wrist"
"IZTECH_S016","IZTECH_S016_w","2025-05-08 05:50:19",FALSE,0,34.94,4,4292,35.7667,132,1.1,216,1.8,0,0,124,93,0,0,0,0,0,0,0,0,0,0,0,,,,,,,,,"wrist"
"IZTECH_S016","IZTECH_S016_w","2025-05-08 05:52:19",FALSE,0,34.88,4,0,0,0,0,0,0,0,0,124,92,0,0,0,0,0,0,0,0,0,0,0,,,,,,,,,"wrist"
"IZTECH_S016","IZTECH_S016_w","2025-05-08 05:54:19",FALSE,0,34.81,4,0,0,0,0,0,0,0,0,124,92,0,0,0,0,0,0,0,0,0,0,0,,,,,,,,,"wrist"
"IZTECH_S016","IZTECH_S016_w","2025-05-08 05:56:19",FALSE,0,34.75,4,25,0.208333,0,0,1,0.00833333,0,0,124,92,0,0,0,0,0,0,0,0,0,0,0,,,,,,,,,"wrist"
"IZTECH_S016","IZTECH_S016_w","2025-05-08 05:58:19",FALSE,0,34.75,4,0,0,0,0,0,0,0,0,124,93,0,0,0,0,0,0,0,0,0,0,0,,,,,,,,,"wrist"
"IZTECH_S016","IZTECH_S016_w","2025-05-08 06:00:19",FALSE,0,34.69,1,1807,15.0583,49,0.408333,102,0.85,0,0,163,93,0,0,0,0,0,0,0,0,0,0,0,,,,,,,,,"wrist"
"IZTECH_S016","IZTECH_S016_w","2025-05-08 06:02:19",FALSE,0,34.81,1,0,0,0,0,0,0,0,0,165,93,0,0,0,0,0,0,0,0,0,0,0,,,,,,,,,"wrist"
"IZTECH_S016","IZTECH_S016_w","2025-05-08 06:04:19",FALSE,0,34.88,1,3119,25.9917,90,0.75,184,1.53333,0,0,132,107,0,0,0,0,0,0,0,0,0,0,0,,,,,,,,,"wrist"
"IZTECH_S016","IZTECH_S016_w","2025-05-08 06:06:19",FALSE,0,34.88,1,0,0,0,0,0,0,0,0,128,93,0,0,0,0,0,0,0,0,0,0,0,,,,,,,,,"wrist"
"IZTECH_S016","IZTECH_S016_w","2025-05-08 06:08:19",FALSE,0,34.94,1,0,0,0,0,0,0,0,0,128,93,0,0,0,0,0,0,0,0,0,0,0,,,,,,,,,"wrist"
"IZTECH_S016","IZTECH_S016_w","2025-05-08 06:10:19",FALSE,0,34.94,1,660,5.5,15,0.125,41,0.341667,0,0,128,95,0,0,0,0,0,0,0,0,0,0,0,,,,,,,,,"wrist"
"IZTECH_S016","IZTECH_S016_w","2025-05-08 06:12:19",FALSE,0,35,1,8,0.0666667,0,0,0,0,0,0,142,96,0,0,0,0,0,0,0,0,0,0,0,,,,,,,,,"wrist"
"IZTECH_S016","IZTECH_S016_w","2025-05-08 06:14:19",FALSE,0,35.06,1,1143,9.525,29,0.241667,67,0.558333,0,0,133,96,0,0,0,0,0,0,0,0,0,0,0,,,,,,,,,"wrist"
"IZTECH_S016","IZTECH_S016_w","2025-05-08 06:16:19",FALSE,0,35.06,1,1134,9.45,38,0.316667,77,0.641667,0,0,128,96,0,0,0,0,0,0,0,0,0,0,0,,,,,,,,,"wrist"
"IZTECH_S016","IZTECH_S016_w","2025-05-08 06:18:19",FALSE,0,34.88,4,24,0.2,0,0,2,0.0166667,0,0,125,95,0,0,0,0,0,0,0,0,0,0,0,,,,,,,,,"wrist"
"IZTECH_S016","IZTECH_S016_w","2025-05-08 06:20:19",FALSE,0,34.75,4,8,0.0666667,0,0,1,0.00833333,0,0,124,95,0,0,0,0,0,0,0,0,0,0,0,,,,,,,,,"wrist"
"IZTECH_S016","IZTECH_S016_w","2025-05-08 06:22:19",FALSE,0,34.75,4,1643,13.6917,51,0.425,90,0.75,0,0,139,105,0,0,0,0,0,0,0,0,0,0,0,,,,,,,,,"wrist"
"IZTECH_S016","IZTECH_S016_w","2025-05-08 06:24:19",FALSE,0,34.81,1,2054,17.1167,56,0.466667,139,1.15833,0,0,148,93,0,0,0,0,0,0,0,0,0,0,0,,,,,,,,,"wrist"
"IZTECH_S016","IZTECH_S016_w","2025-05-08 06:26:19",FALSE,0,35,1,0,0,0,0,0,0,0,0,145,93,0,0,0,0,0,0,0,0,0,0,0,,,,,,,,,"wrist"
"IZTECH_S016","IZTECH_S016_w","2025-05-08 06:28:19",FALSE,0,35.12,1,0,0,0,0,0,0,0,0,148,93,0,0,0,0,0,0,0,0,0,0,0,,,,,,,,,"wrist"
"IZTECH_S016","IZTECH_S016_w","2025-05-08 06:30:19",FALSE,0,35.19,1,182,1.51667,5,0.0416667,12,0.1,0,0,143,93,0,0,0,0,0,0,0,0,0,0,0,,,,,,,,,"wrist"
"IZTECH_S016","IZTECH_S016_w","2025-05-08 06:32:19",FALSE,0,35.25,1,12,0.1,0,0,1,0.00833333,0,0,143,93,0,0,0,0,0,0,0,0,0,0,0,,,,,,,,,"wrist"
"IZTECH_S016","IZTECH_S016_w","2025-05-08 06:34:19",FALSE,0,35.31,1,801,6.675,19,0.158333,56,0.466667,0,0,160,93,0,0,0,0,0,0,0,0,0,0,0,,,,,,,,,"wrist"
"IZTECH_S016","IZTECH_S016_w","2025-05-08 06:36:19",FALSE,0,35.31,1,160,1.33333,2,0.0166667,11,0.0916667,0,0,160,93,0,0,0,0,0,0,0,0,0,0,0,,,,,,,,,"wrist"
"IZTECH_S016","IZTECH_S016_w","2025-05-08 06:38:19",FALSE,0,35.31,1,101,0.841667,2,0.0166667,9,0.075,0,0,160,92,0,0,0,0,0,0,0,0,0,0,0,,,,,,,,,"wrist"
"IZTECH_S016","IZTECH_S016_w","2025-05-08 06:40:19",FALSE,0,35.31,1,4,0.0333333,0,0,0,0,0,0,156,92,0,0,0,0,0,0,0,0,0,0,0,,,,,,,,,"wrist"
"IZTECH_S016","IZTECH_S016_w","2025-05-08 06:42:19",FALSE,0,35.38,1,943,7.85833,23,0.191667,63,0.525,0,0,155,92,0,0,0,0,0,0,0,0,0,0,0,,,,,,,,,"wrist"
"IZTECH_S016","IZTECH_S016_w","2025-05-08 06:44:19",FALSE,0,35.31,1,0,0,0,0,0,0,0,0,168,100,0,0,0,0,0,0,0,0,0,0,0,,,,,,,,,"wrist"
"IZTECH_S016","IZTECH_S016_w","2025-05-08 06:46:19",FALSE,0,35.31,1,14,0.116667,0,0,2,0.0166667,0,0,164,97,0,0,0,0,0,0,0,0,0,0,0,,,,,,,,,"wrist"
"IZTECH_S016","IZTECH_S016_w","2025-05-08 06:48:19",FALSE,0,35.31,1,59,0.491667,1,0.00833333,5,0.0416667,0,0,150,96,0,0,0,0,0,0,0,0,0,0,0,,,,,,,,,"wrist"
"IZTECH_S016","IZTECH_S016_w","2025-05-08 06:50:19",FALSE,0,35.31,1,4,0.0333333,0,0,0,0,0,0,151,96,0,0,0,0,0,0,0,0,0,0,0,,,,,,,,,"wrist"
"IZTECH_S016","IZTECH_S016_w","2025-05-08 06:52:19",FALSE,0,35.31,1,563,4.69167,11,0.0916667,36,0.3,0,0,145,99,0,0,0,0,0,0,0,0,0,0,0,,,,,,,,,"wrist"
"IZTECH_S016","IZTECH_S016_w","2025-05-08 06:54:19",FALSE,0,35.25,1,0,0,0,0,0,0,0,0,142,97,0,0,0,0,0,0,0,0,0,0,0,,,,,,,,,"wrist"
"IZTECH_S016","IZTECH_S016_w","2025-05-08 06:56:19",FALSE,0,35.25,1,0,0,0,0,0,0,0,0,143,98,0,0,0,0,0,0,0,0,0,0,0,,,,,,,,,"wrist"
"IZTECH_S016","IZTECH_S016_w","2025-05-08 06:58:19",FALSE,0,35.25,1,1063,8.85833,21,0.175,80,0.666667,0,0,144,97,0,0,0,0,0,0,0,0,0,0,0,,,,,,,,,"wrist"
"IZTECH_S016","IZTECH_S016_w","2025-05-08 07:00:19",FALSE,0,35.19,1,0,0,0,0,0,0,0,0,140,96,0,0,0,0,0,0,0,0,0,0,0,,,,,,,,,"wrist"
"IZTECH_S016","IZTECH_S016_w","2025-05-08 07:02:19",FALSE,0,35.25,1,0,0,0,0,0,0,0,0,140,96,0,0,0,0,0,0,0,0,0,0,0,,,,,,,,,"wrist"
"IZTECH_S016","IZTECH_S016_w","2025-05-08 07:04:19",FALSE,0,35.25,1,12,0.1,0,0,2,0.0166667,0,0,140,96,0,0,0,0,0,0,0,0,0,0,0,,,,,,,,,"wrist"
"IZTECH_S016","IZTECH_S016_w","2025-05-08 07:06:19",FALSE,0,35.25,1,712,5.93333,23,0.191667,42,0.35,0,0,128,93,0,0,0,0,0,0,0,0,0,0,0,,,,,,,,,"wrist"
"IZTECH_S016","IZTECH_S016_w","2025-05-08 07:08:19",FALSE,0,35.19,1,0,0,0,0,0,0,0,0,125,92,0,0,0,0,0,0,0,0,0,0,0,,,,,,,,,"wrist"
"IZTECH_S016","IZTECH_S016_w","2025-05-08 07:10:19",FALSE,0,35.25,1,0,0,0,0,0,0,0,0,125,92,0,0,0,0,0,0,0,0,0,0,0,,,,,,,,,"wrist"
"IZTECH_S016","IZTECH_S016_w","2025-05-08 07:12:19",FALSE,0,35.25,1,5,0.0416667,0,0,0,0,0,0,125,92,0,0,0,0,0,0,0,0,0,0,0,,,,,,,,,"wrist"
"IZTECH_S016","IZTECH_S016_w","2025-05-08 07:14:19",FALSE,0,35.25,1,0,0,0,0,0,0,0,0,125,92,0,0,0,0,0,0,0,0,0,0,0,,,,,,,,,"wrist"
"IZTECH_S016","IZTECH_S016_w","2025-05-08 07:16:19",FALSE,0,35.31,1,901,7.50833,17,0.141667,68,0.566667,0,0,175,93,0,0,0,0,0,0,0,1e-04,0,0,0,,,,,,,,,"wrist"
"IZTECH_S016","IZTECH_S016_w","2025-05-08 07:18:19",FALSE,0,35.31,1,0,0,0,0,0,0,0,0,176,93,0,0,0,0,0,0,0,1e-04,0,0,0,,,,,,,,,"wrist"
"IZTECH_S016","IZTECH_S016_w","2025-05-08 07:20:19",FALSE,0,35.38,1,0,0,0,0,0,0,0,0,176,93,0,0,0,0,0,0,0,1e-04,0,0,0,,,,,,,,,"wrist"
"IZTECH_S016","IZTECH_S016_w","2025-05-08 07:22:19",FALSE,0,35.38,1,0,0,0,0,0,0,0,0,176,93,0,0,0,0,0,0,0,1e-04,0,0,0,,,,,,,,,"wrist"
"IZTECH_S016","IZTECH_S016_w","2025-05-08 07:24:19",FALSE,0,35.38,1,240,2,10,0.0833333,11,0.0916667,0,0,183,96,0,0,0,0,0,0,0,1e-04,0,0,0,,,,,,,,,"wrist"
"IZTECH_S016","IZTECH_S016_w","2025-05-08 07:26:19",FALSE,0,35.38,1,4,0.0333333,0,0,1,0.00833333,0,0,183,96,0,0,0,0,0,0,0,1e-04,0,0,0,,,,,,,,,"wrist"
"IZTECH_S016","IZTECH_S016_w","2025-05-08 07:28:19",FALSE,0,35.44,1,16,0.133333,0,0,0,0,0,0,182,96,0,0,0,0,0,0,0,1e-04,0,0,0,,,,,,,,,"wrist"
"IZTECH_S016","IZTECH_S016_w","2025-05-08 07:30:19",FALSE,0,35.44,1,0,0,0,0,0,0,0,0,182,96,0,0,0,0,0,0,0,1e-04,0,0,0,,,,,,,,,"wrist"
"IZTECH_S016","IZTECH_S016_w","2025-05-08 07:32:19",FALSE,0,35.44,1,18,0.15,0,0,2,0.0166667,0,0,181,96,0,0,0,0,0,0,0,2e-04,0,0,0,,,,,,,,,"wrist"
"IZTECH_S016","IZTECH_S016_w","2025-05-08 07:34:19",FALSE,0,35.38,1,0,0,0,0,0,0,0,0,179,96,0,0,0,0,0,0,0,2e-04,0,0,0,,,,,,,,,"wrist"
"IZTECH_S016","IZTECH_S016_w","2025-05-08 07:36:19",FALSE,0,35.38,1,827,6.89167,22,0.183333,60,0.5,0,0,151,94,0,0,0,0,0,0,0,0,0,0,0,,,,,,,,,"wrist"
"IZTECH_S016","IZTECH_S016_w","2025-05-08 07:38:19",FALSE,0,35.38,1,0,0,0,0,0,0,0,0,154,93,0,0,0,0,0,0,0,0,0,0,0,,,,,,,,,"wrist"
"IZTECH_S016","IZTECH_S016_w","2025-05-08 07:40:19",FALSE,0,35.38,1,0,0,0,0,0,0,0,0,152,93,0,0,0,0,0,0,0,0,0,0,0,,,,,,,,,"wrist"
"IZTECH_S016","IZTECH_S016_w","2025-05-08 07:42:19",FALSE,0,35.5,1,10,0.0833333,0,0,1,0.00833333,0,0,159,93,0,0,0,0,0,0,0,0,0,0,0,,,,,,,,,"wrist"
"IZTECH_S016","IZTECH_S016_w","2025-05-08 07:44:19",FALSE,0,35.06,1,1921,16.0083,48,0.4,86,0.716667,10.68,0.02,178,97,9e-04,0.0014,0.0016,0.0021,0.0023,0.0027,0.0032,0.0054,8.95,0.02,0,,,,,,,,,"wrist"
"IZTECH_S016","IZTECH_S016_w","2025-05-08 07:46:19",FALSE,0,34.5,1,6,0.05,0,0,0,0,12.75,0.02,177,99,0.0011,0.0017,0.0019,0.0025,0.0027,0.0033,0.0038,0.0065,10.72,0.02,0,,,,,,,,,"wrist"
"IZTECH_S016","IZTECH_S016_w","2025-05-08 07:48:19",FALSE,0,34.12,1,0,0,0,0,0,0,13.97,0.02,179,101,0.0012,0.0018,0.0021,0.0028,0.0029,0.0036,0.0041,0.007,11.75,0.03,0,,,,,,,,,"wrist"
"IZTECH_S016","IZTECH_S016_w","2025-05-08 07:50:19",FALSE,0,33.81,1,0,0,0,0,0,0,15.09,0.03,179,103,0.0013,0.002,0.0022,0.003,0.0032,0.0038,0.0044,0.0076,12.77,0.03,0,,,,,,,,,"wrist"
"IZTECH_S016","IZTECH_S016_w","2025-05-08 07:52:19",FALSE,0,33.56,1,36,0.3,0,0,3,0.025,16.7,0.03,179,105,0.0014,0.0022,0.0024,0.0033,0.0035,0.0042,0.0049,0.0083,14.04,0.03,0,,,,,,,,,"wrist"
"IZTECH_S016","IZTECH_S016_w","2025-05-08 07:54:19",FALSE,0,33.44,1,0,0,0,0,0,0,19.38,0.03,177,105,0.0015,0.0024,0.0028,0.0037,0.004,0.0049,0.0056,0.0095,16.27,0.03,0,,,,,,,,,"wrist"
"IZTECH_S016","IZTECH_S016_w","2025-05-08 07:56:19",FALSE,0,33.31,1,0,0,0,0,0,0,21.1,0.03,177,105,0.0017,0.0026,0.003,0.004,0.0043,0.0053,0.0061,0.0103,17.71,0.04,0,,,,,,,,,"wrist"
"IZTECH_S016","IZTECH_S016_w","2025-05-08 07:58:19",FALSE,0,33.25,1,17,0.141667,0,0,1,0.00833333,22.65,0.04,179,107,0.0018,0.0028,0.0032,0.0043,0.0046,0.0056,0.0065,0.011,18.95,0.04,0,,,,,,,,,"wrist"
"IZTECH_S016","IZTECH_S016_w","2025-05-08 08:00:19",FALSE,0,33.12,1,4020,33.5,123,1.025,180,1.5,10.38,0.02,133,104,8e-04,0.0013,0.0015,0.002,0.0021,0.0026,0.003,0.0051,8.43,0.02,0,,,,,,,,,"wrist"
"IZTECH_S016","IZTECH_S016_w","2025-05-08 08:02:19",FALSE,0,33.19,32,4719,39.325,138,1.15,166,1.38333,2.15,0,142,102,2e-04,3e-04,4e-04,5e-04,5e-04,6e-04,8e-04,0.0016,1.6,0.01,0,,,,,,,,,"wrist"
"IZTECH_S016","IZTECH_S016_w","2025-05-08 08:04:19",FALSE,0,33.12,32,207,1.725,0,0,13,0.108333,1.45,0,138,106,1e-04,2e-04,3e-04,3e-04,4e-04,4e-04,6e-04,0.0013,0.85,0,0,,,,,,,,,"wrist"
"IZTECH_S016","IZTECH_S016_w","2025-05-08 08:06:19",FALSE,0,33.06,32,774,6.45,29,0.241667,55,0.458333,2.39,0,128,97,1e-04,2e-04,3e-04,4e-04,5e-04,5e-04,7e-04,0.001,1.97,0,0,,,,,,,,,"wrist"
"IZTECH_S016","IZTECH_S016_w","2025-05-08 08:08:19",FALSE,0,32.31,8,3779,31.4917,122,1.01667,169,1.40833,44.37,0.04,194,132,0.0023,0.004,0.005,0.0072,0.008,0.0096,0.0119,0.0168,36.51,0.05,0,,,,,,,,,"wrist"
"IZTECH_S016","IZTECH_S016_w","2025-05-08 08:10:19",FALSE,0,31.31,1,13453,112.108,348,2.9,817,6.80833,546.81,0.28,199,151,0.025,0.0429,0.0578,0.0833,0.0915,0.1073,0.1311,0.1679,491.96,0.48,0,,,,,,,,,"wrist"
"IZTECH_S016","IZTECH_S016_w","2025-05-08 08:12:19",FALSE,0,31.62,1,3548,29.5667,109,0.908333,198,1.65,46.46,0,174,104,0.001,0.0046,0.0024,0.0056,0.008,0.0079,0.0057,0.0032,39.53,0.02,0,,,,,,,,,"wrist"
"IZTECH_S016","IZTECH_S016_w","2025-05-08 08:14:19",FALSE,0,32.12,1,5918,49.3167,147,1.225,352,2.93333,50.03,0,184,134,0.0011,0.0051,0.0026,0.0062,0.0085,0.0085,0.0061,0.0034,43.66,0.02,0,,,,,,,,,"wrist"
"IZTECH_S016","IZTECH_S016_w","2025-05-08 08:16:19",FALSE,0,32.06,4,12238,101.983,340,2.83333,683,5.69167,123.65,0,176,110,0.0028,0.0121,0.0059,0.0144,0.0215,0.0214,0.0155,0.0083,101.77,0.04,0,,,,,,,,,"wrist"
"IZTECH_S016","IZTECH_S016_w","2025-05-08 08:18:19",FALSE,0,31.56,1,11601,96.675,299,2.49167,628,5.23333,86.89,0.03,202,142,0.0032,0.0075,0.0071,0.012,0.015,0.0168,0.0178,0.0205,71.68,0.06,0,,,,,,,,,"wrist"
"IZTECH_S016","IZTECH_S016_w","2025-05-08 08:20:19",FALSE,0,30.62,1,17496,145.8,517,4.30833,901,7.50833,169.12,0.09,212,152,0.007,0.0119,0.0159,0.023,0.0296,0.0349,0.0423,0.0547,128.71,0.15,0,,,,,,,,,"wrist"
"IZTECH_S016","IZTECH_S016_w","2025-05-08 08:22:19",FALSE,0,30.5,1,21299,177.492,702,5.85,1158,9.65,86.55,0.06,200,166,0.0039,0.0065,0.0087,0.0126,0.0153,0.0184,0.0224,0.03,66.49,0.09,0,,,,,,,,,"wrist"
"IZTECH_S016","IZTECH_S016_w","2025-05-08 08:24:19",FALSE,0,30.06,4,5853,48.775,156,1.3,335,2.79167,142.06,0.06,198,162,0.0057,0.011,0.0131,0.0202,0.0242,0.0282,0.0328,0.0411,117.69,0.12,0,,,,,,,,,"wrist"
"IZTECH_S016","IZTECH_S016_w","2025-05-08 08:26:19",FALSE,0,30.31,1,6195,51.625,163,1.35833,354,2.95,46.88,0.03,141,150,0.002,0.0035,0.0046,0.0068,0.0082,0.0098,0.012,0.0159,36.69,0.04,0,,,,,,,,,"wrist"
"IZTECH_S016","IZTECH_S016_w","2025-05-08 08:28:19",FALSE,0,30.75,1,11800,98.3333,331,2.75833,652,5.43333,76.27,0.05,169,116,0.0037,0.0062,0.0081,0.0118,0.0132,0.016,0.0195,0.0264,64.06,0.08,0,,,,,,,,,"wrist"
"IZTECH_S016","IZTECH_S016_w","2025-05-08 08:30:19",FALSE,0,31,1,8505,70.875,223,1.85833,494,4.11667,67.47,0.04,214,165,0.003,0.005,0.0066,0.0098,0.0118,0.0143,0.0174,0.0229,52.3,0.06,0,,,,,,,,,"wrist"
"IZTECH_S016","IZTECH_S016_w","2025-05-08 08:32:19",FALSE,0,31.56,16,5597,46.6417,95,0.791667,415,3.45833,30.04,0.02,186,135,0.0012,0.0021,0.0027,0.0041,0.0052,0.0065,0.0081,0.0105,21.27,0.03,0,,,,,,,,,"wrist"
"IZTECH_S016","IZTECH_S016_w","2025-05-08 08:34:19",FALSE,0,31.69,16,2177,18.1417,33,0.275,160,1.33333,33.61,0.02,192,138,0.0014,0.0023,0.003,0.0046,0.0059,0.0073,0.0091,0.0117,23.82,0.03,0,,,,,,,,,"wrist"
"IZTECH_S016","IZTECH_S016_w","2025-05-08 08:36:19",FALSE,0,32.12,16,1427,11.8917,11,0.0916667,90,0.75,33.09,0.02,174,128,0.0013,0.0022,0.0029,0.0045,0.0058,0.0072,0.0089,0.0116,23.06,0.03,0,,,,,,,,,"wrist"
"IZTECH_S016","IZTECH_S016_w","2025-05-08 08:38:19",FALSE,0,32.38,16,3093,25.775,14,0.116667,258,2.15,32.56,0.02,138,98,0.0013,0.0022,0.0029,0.0044,0.0057,0.0071,0.0088,0.0114,22.71,0.03,0,,,,,,,,,"wrist"
"IZTECH_S016","IZTECH_S016_w","2025-05-08 08:40:19",FALSE,0,32.56,16,3140,26.1667,37,0.308333,244,2.03333,35.58,0.02,169,106,0.0014,0.0024,0.0032,0.0048,0.0062,0.0077,0.0096,0.0124,25.15,0.03,0,,,,,,,,,"wrist"
"IZTECH_S016","IZTECH_S016_w","2025-05-08 08:42:19",FALSE,0,32.5,16,2090,17.4167,29,0.241667,173,1.44167,36.42,0.02,179,130,0.0014,0.0024,0.0032,0.0049,0.0063,0.0079,0.0098,0.0127,25.44,0.03,0,,,,,,,,,"wrist"
"IZTECH_S016","IZTECH_S016_w","2025-05-08 08:44:19",FALSE,0,32.5,16,3763,31.3583,60,0.5,248,2.06667,35.43,0.02,135,118,0.0014,0.0024,0.0031,0.0048,0.0062,0.0077,0.0095,0.0124,24.68,0.03,0,,,,,,,,,"wrist"
"IZTECH_S016","IZTECH_S016_w","2025-05-08 08:46:19",FALSE,0,32.31,16,3678,30.65,34,0.283333,272,2.26667,38.23,0.02,190,135,0.0016,0.0026,0.0034,0.0052,0.0066,0.0083,0.0102,0.0132,27.17,0.04,0,,,,,,,,,"wrist"
"IZTECH_S016","IZTECH_S016_w","2025-05-08 08:48:19",FALSE,0,32.56,1,2243,18.6917,15,0.125,133,1.10833,33.31,0.02,128,118,0.0013,0.0022,0.0029,0.0045,0.0058,0.0073,0.009,0.0116,22.73,0.03,0,,,,,,,,,"wrist"
"IZTECH_S016","IZTECH_S016_w","2025-05-08 08:50:19",FALSE,0,32.31,16,248,2.06667,4,0.0333333,20,0.166667,43.11,0.02,192,134,0.0017,0.0029,0.0038,0.0059,0.0075,0.0093,0.0114,0.0147,30.52,0.04,0,,,,,,,,,"wrist"
"IZTECH_S016","IZTECH_S016_w","2025-05-08 08:52:19",FALSE,0,32.56,16,4563,38.025,90,0.75,264,2.2,35.49,0.02,141,128,0.0014,0.0024,0.0032,0.0049,0.0062,0.0077,0.0095,0.0124,25.14,0.03,0,,,,,,,,,"wrist"
"IZTECH_S016","IZTECH_S016_w","2025-05-08 08:54:19",FALSE,0,31.56,1,14370,119.75,424,3.53333,855,7.125,126.93,0.02,193,146,0.0037,0.0124,0.0081,0.0163,0.0218,0.0227,0.0195,0.0166,109.48,0.06,0,,,,,,,,,"wrist"
"IZTECH_S016","IZTECH_S016_w","2025-05-08 08:56:19",FALSE,0,31.5,16,11714,97.6167,339,2.825,598,4.98333,43.01,0.01,153,108,0.0014,0.0038,0.0031,0.0056,0.0074,0.0082,0.0081,0.0086,35,0.03,0,,,,,,,,,"wrist"
"IZTECH_S016","IZTECH_S016_w","2025-05-08 08:58:19",FALSE,0,31.25,1,8106,67.55,196,1.63333,454,3.78333,103.06,0.05,192,138,0.0035,0.0061,0.0082,0.0119,0.0184,0.0222,0.0268,0.0339,64.76,0.08,0,,,,,,,,,"wrist"
"IZTECH_S016","IZTECH_S016_w","2025-05-08 09:00:19",FALSE,0,31.06,8,3762,31.35,94,0.783333,195,1.625,95.21,0.05,201,150,0.004,0.0069,0.0091,0.0132,0.0162,0.0198,0.0238,0.0304,75.81,0.08,0,,,,,,,,,"wrist"
"IZTECH_S016","IZTECH_S016_w","2025-05-08 09:02:19",FALSE,0,31.25,8,1277,10.6417,18,0.15,97,0.808333,103.63,0.05,182,128,0.0043,0.0075,0.0099,0.0144,0.0177,0.0215,0.0259,0.033,82.46,0.09,0,,,,,,,,,"wrist"
"IZTECH_S016","IZTECH_S016_w","2025-05-08 09:04:19",FALSE,0,31.94,16,2769,23.075,79,0.658333,180,1.5,59.58,0.03,143,102,0.0025,0.0044,0.0058,0.0083,0.0102,0.0125,0.0151,0.0193,46.85,0.05,0,,,,,,,,,"wrist"
"IZTECH_S016","IZTECH_S016_w","2025-05-08 09:06:19",FALSE,0,32.12,16,5886,49.05,161,1.34167,330,2.75,58.51,0.03,161,98,0.0024,0.0042,0.0055,0.0081,0.01,0.0122,0.0147,0.0188,45.98,0.05,0,,,,,,,,,"wrist"
"IZTECH_S016","IZTECH_S016_w","2025-05-08 09:08:19",FALSE,0,32,1,23507,195.892,682,5.68333,780,6.5,1719.98,0.83,180,134,0.0768,0.1329,0.1763,0.2487,0.2916,0.3392,0.4051,0.5063,1504.03,1.44,0,,,,,,,,,"wrist"
"IZTECH_S016","IZTECH_S016_w","2025-05-08 09:10:19",FALSE,0,31.69,4,14608,121.733,518,4.31667,621,5.175,58.79,0.03,209,162,0.0024,0.0043,0.0056,0.0082,0.01,0.0122,0.0147,0.0187,46.76,0.05,0,,,,,,,,,"wrist"
"IZTECH_S016","IZTECH_S016_w","2025-05-08 09:12:19",FALSE,0,31.06,4,20766,173.05,748,6.23333,958,7.98333,1349.68,0.42,217,170,0.0547,0.0994,0.1338,0.184,0.2264,0.2527,0.2881,0.3375,1211.24,0.95,0,,,,,,,,,"wrist"
"IZTECH_S016","IZTECH_S016_w","2025-05-08 09:14:19",FALSE,0,31.25,16,7168,59.7333,78,0.65,598,4.98333,2328.5,0.37,187,156,0.0971,0.1865,0.2573,0.3398,0.3754,0.3832,0.4065,0.4343,2489.16,1.35,0,,,,,,,,,"wrist"
"IZTECH_S016","IZTECH_S016_w","2025-05-08 09:16:19",FALSE,0,31.69,16,3813,31.775,37,0.308333,321,2.675,6751.62,1.03,176,138,0.2458,0.466,0.6792,0.94,1.095,1.1541,1.2637,1.3645,6537.67,3.85,0,,,,,,,,,"wrist"
"IZTECH_S016","IZTECH_S016_w","2025-05-08 09:18:19",FALSE,0,31.56,16,4989,41.575,45,0.375,417,3.475,6407.31,1.04,193,150,0.2633,0.5002,0.7353,1.0281,0.9794,1.0366,1.1325,1.2344,7199.17,3.8,0,,,,,,,,,"wrist"
"IZTECH_S016","IZTECH_S016_w","2025-05-08 09:20:19",FALSE,0,32.06,16,15767,131.392,504,4.2,770,6.41667,7525.42,2.54,207,150,0.3119,0.5581,0.76,1.04,1.2622,1.411,1.6366,1.9505,6790.26,5.43,0,,,,,,,,,"wrist"
"IZTECH_S016","IZTECH_S016_w","2025-05-08 09:22:19",FALSE,0,31.88,4,9619,80.1583,246,2.05,458,3.81667,1300.99,0.67,174,136,0.0738,0.1277,0.155,0.2007,0.2239,0.2403,0.2608,0.3087,1361.83,1.11,0,,,,,,,,,"wrist"
"IZTECH_S016","IZTECH_S016_w","2025-05-08 09:24:19",FALSE,0,31.81,1,2360,19.6667,38,0.316667,139,1.15833,59.44,0.05,183,128,0.0031,0.0055,0.0068,0.0096,0.011,0.0115,0.0116,0.0143,54.93,0.06,0,,,,,,,,,"wrist"
"IZTECH_S016","IZTECH_S016_w","2025-05-08 09:26:19",FALSE,0,31.56,16,4838,40.3167,101,0.841667,302,2.51667,87.29,0.05,199,152,0.0044,0.0081,0.0099,0.0138,0.0156,0.0162,0.0167,0.0194,85.02,0.08,0,,,,,,,,,"wrist"
"IZTECH_S016","IZTECH_S016_w","2025-05-08 09:28:19",FALSE,0,31.69,8,5238,43.65,135,1.125,288,2.4,126.7,0.07,187,120,0.0066,0.012,0.0146,0.0199,0.0224,0.0232,0.0241,0.0279,126.9,0.11,0,,,,,,,,,"wrist"
"IZTECH_S016","IZTECH_S016_w","2025-05-08 09:30:19",FALSE,0,31.56,16,5315,44.2917,132,1.1,296,2.46667,130.32,0.07,180,116,0.0068,0.0123,0.015,0.0205,0.0229,0.0238,0.0247,0.0287,130.83,0.11,0,,,,,,,,,"wrist"
"IZTECH_S016","IZTECH_S016_w","2025-05-08 09:32:19",FALSE,0,31.69,8,5132,42.7667,130,1.08333,279,2.325,117.99,0.07,200,138,0.0062,0.0111,0.0136,0.0186,0.021,0.0221,0.0231,0.0268,115.57,0.11,0,,,,,,,,,"wrist"
"IZTECH_S016","IZTECH_S016_w","2025-05-08 09:34:19",FALSE,0,31.5,8,4671,38.925,102,0.85,296,2.46667,108.42,0.07,192,135,0.0056,0.0102,0.0124,0.0171,0.0194,0.0202,0.021,0.0243,105.79,0.1,0,,,,,,,,,"wrist"
"IZTECH_S016","IZTECH_S016_w","2025-05-08 09:36:19",FALSE,0,31.5,8,3113,25.9417,53,0.441667,224,1.86667,79.24,0.05,177,112,0.0039,0.0075,0.0089,0.0124,0.0142,0.0149,0.0155,0.0177,76.07,0.07,0,,,,,,,,,"wrist"
"IZTECH_S016","IZTECH_S016_w","2025-05-08 09:38:19",FALSE,0,31.44,8,3018,25.15,60,0.5,189,1.575,75.54,0.04,205,142,0.0037,0.0069,0.0083,0.0114,0.0136,0.0142,0.0151,0.0164,70.52,0.07,0,,,,,,,,,"wrist"
"IZTECH_S016","IZTECH_S016_w","2025-05-08 09:40:19",FALSE,0,31.44,1,10537,87.8083,296,2.46667,469,3.90833,58.38,0.01,162,98,0.0016,0.0049,0.0039,0.0075,0.0102,0.0108,0.0094,0.0074,47.04,0.03,0,,,,,,,,,"wrist"
"IZTECH_S016","IZTECH_S016_w","2025-05-08 09:42:19",FALSE,0,30.69,4,17729,147.742,565,4.70833,769,6.40833,67.17,0,177,150,0.0012,0.0053,0.0035,0.0076,0.0116,0.0119,0.0096,0.0053,51.07,0.03,0,,,,,,,,,"wrist"
"IZTECH_S016","IZTECH_S016_w","2025-05-08 09:44:19",FALSE,0,30.31,1,7046,58.7167,189,1.575,334,2.78333,82.5,0.02,180,154,0.0028,0.007,0.0067,0.0108,0.0145,0.0152,0.0139,0.0125,70.55,0.05,0,,,,,,,,,"wrist"
"IZTECH_S016","IZTECH_S016_w","2025-05-08 09:46:19",FALSE,0,30.62,8,7919,65.9917,224,1.86667,449,3.74167,56.38,0.04,193,124,0.0029,0.0053,0.0064,0.0091,0.0103,0.011,0.0113,0.0138,52.35,0.06,0,,,,,,,,,"wrist"
"IZTECH_S016","IZTECH_S016_w","2025-05-08 09:48:19",FALSE,0,30.88,1,7095,59.125,174,1.45,419,3.49167,64.86,0.04,137,122,0.0033,0.006,0.0073,0.0101,0.0117,0.0124,0.013,0.0153,60.45,0.06,0,,,,,,,,,"wrist"
"IZTECH_S016","IZTECH_S016_w","2025-05-08 09:50:19",FALSE,0,31.19,1,4762,39.6833,114,0.95,326,2.71667,42.28,0.03,130,104,0.0022,0.0039,0.0048,0.0067,0.0076,0.0082,0.0085,0.0102,39.62,0.04,0,,,,,,,,,"wrist"
"IZTECH_S016","IZTECH_S016_w","2025-05-08 09:52:19",FALSE,0,31.31,8,2415,20.125,37,0.308333,153,1.275,76.37,0.05,169,100,0.0039,0.0071,0.0086,0.012,0.0138,0.0146,0.0152,0.0179,72.05,0.07,0,,,,,,,,,"wrist"
"IZTECH_S016","IZTECH_S016_w","2025-05-08 09:54:19",FALSE,0,31.44,8,2637,21.975,46,0.383333,151,1.25833,74,0.05,135,98,0.0038,0.0069,0.0084,0.0117,0.0134,0.0143,0.0149,0.0179,69.01,0.07,0,,,,,,,,,"wrist"
"IZTECH_S016","IZTECH_S016_w","2025-05-08 09:56:19",FALSE,0,31.56,16,1125,9.375,31,0.258333,60,0.5,75.74,0.05,132,96,0.0039,0.007,0.0085,0.012,0.0138,0.0147,0.0152,0.0183,69.94,0.07,0,,,,,,,,,"wrist"
"IZTECH_S016","IZTECH_S016_w","2025-05-08 09:58:19",FALSE,0,31.44,8,1503,12.525,20,0.166667,109,0.908333,87.04,0.06,189,119,0.0045,0.0081,0.0099,0.0138,0.0158,0.0169,0.0175,0.021,81.33,0.08,0,,,,,,,,,"wrist"
"IZTECH_S016","IZTECH_S016_w","2025-05-08 10:00:19",FALSE,0,31.81,8,2227,18.5583,34,0.283333,160,1.33333,76.97,0.05,192,119,0.004,0.0072,0.0087,0.0121,0.0139,0.0149,0.0155,0.0183,72.21,0.07,0,,,,,,,,,"wrist"
"IZTECH_S016","IZTECH_S016_w","2025-05-08 10:02:19",FALSE,0,31.75,8,2015,16.7917,34,0.283333,139,1.15833,82.16,0.06,184,114,0.0042,0.0077,0.0093,0.0129,0.0148,0.0158,0.0164,0.0194,77.45,0.08,0,,,,,,,,,"wrist"
"IZTECH_S016","IZTECH_S016_w","2025-05-08 10:04:19",FALSE,0,31.94,8,2848,23.7333,72,0.6,152,1.26667,113.44,0.07,173,102,0.0058,0.0107,0.0126,0.0177,0.0205,0.0216,0.0225,0.0261,106.88,0.1,0,,,,,,,,,"wrist"
"IZTECH_S016","IZTECH_S016_w","2025-05-08 10:06:19",FALSE,0,31.62,8,4323,36.025,117,0.975,246,2.05,66.54,0.05,187,154,0.0035,0.0062,0.0076,0.0107,0.0122,0.013,0.0133,0.0162,61.78,0.07,0,,,,,,,,,"wrist"
"IZTECH_S016","IZTECH_S016_w","2025-05-08 10:08:19",FALSE,0,31.88,16,2021,16.8417,38,0.316667,119,0.991667,40.74,0.03,164,122,0.0021,0.0038,0.0046,0.0065,0.0075,0.0081,0.0083,0.0101,36.46,0.04,0,,,,,,,,,"wrist"
"IZTECH_S016","IZTECH_S016_w","2025-05-08 10:10:19",FALSE,0,31.81,1,2689,22.4083,71,0.591667,159,1.325,65.74,0.05,185,138,0.0034,0.006,0.0073,0.0104,0.0121,0.0129,0.0132,0.016,59.39,0.07,0,,,,,,,,,"wrist"
"IZTECH_S016","IZTECH_S016_w","2025-05-08 10:12:19",FALSE,0,31.88,8,2887,24.0583,40,0.333333,221,1.84167,93.69,0.07,183,135,0.0049,0.0089,0.0106,0.0148,0.0171,0.0182,0.0188,0.0223,87.33,0.09,0,,,,,,,,,"wrist"
"IZTECH_S016","IZTECH_S016_w","2025-05-08 10:14:19",FALSE,0,31.69,1,2103,17.525,30,0.25,178,1.48333,67.36,0.06,159,142,0.0035,0.0062,0.0075,0.0108,0.0126,0.0131,0.0129,0.016,60.43,0.07,0,,,,,,,,,"wrist"
"IZTECH_S016","IZTECH_S016_w","2025-05-08 10:16:19",FALSE,0,31.38,8,3411,28.425,71,0.591667,235,1.95833,75.9,0.06,199,166,0.004,0.007,0.0085,0.0123,0.0142,0.015,0.0149,0.0184,67.42,0.08,0,,,,,,,,,"wrist"
"IZTECH_S016","IZTECH_S016_w","2025-05-08 10:18:19",FALSE,0,31.38,8,922,7.68333,14,0.116667,53,0.441667,73.04,0.07,200,151,0.0039,0.0067,0.0081,0.0119,0.0139,0.0146,0.0144,0.018,63.11,0.08,0,,,,,,,,,"wrist"
"IZTECH_S016","IZTECH_S016_w","2025-05-08 10:20:19",FALSE,0,31.69,1,781,6.50833,20,0.166667,42,0.35,52.98,0.05,195,146,0.0028,0.0049,0.0059,0.0086,0.01,0.0107,0.0106,0.0132,45.92,0.06,0,,,,,,,,,"wrist"
"IZTECH_S016","IZTECH_S016_w","2025-05-08 10:22:19",FALSE,0,31.69,8,1114,9.28333,22,0.183333,67,0.558333,65.27,0.06,192,153,0.0035,0.0061,0.0073,0.0107,0.0124,0.0131,0.0129,0.0163,56.46,0.07,0,,,,,,,,,"wrist"
"IZTECH_S016","IZTECH_S016_w","2025-05-08 10:24:19",FALSE,0,31.88,1,1044,8.7,18,0.15,73,0.608333,59.04,0.05,195,151,0.0031,0.0054,0.0066,0.0095,0.0111,0.0117,0.0116,0.0144,51.86,0.06,0,,,,,,,,,"wrist"
"IZTECH_S016","IZTECH_S016_w","2025-05-08 10:26:19",FALSE,0,31.81,1,952,7.93333,18,0.15,45,0.375,49.84,0.04,196,158,0.0026,0.0047,0.0056,0.008,0.0093,0.01,0.0101,0.0124,44.13,0.05,0,,,,,,,,,"wrist"
"IZTECH_S016","IZTECH_S016_w","2025-05-08 10:28:19",FALSE,0,32.31,1,3978,33.15,102,0.85,216,1.8,63.55,0.05,128,98,0.0029,0.0051,0.0061,0.0086,0.0123,0.0133,0.0136,0.0168,45.97,0.06,0,,,,,,,,,"wrist"
"IZTECH_S016","IZTECH_S016_w","2025-05-08 10:30:19",FALSE,0,31.94,1,13534,112.783,400,3.33333,625,5.20833,232.57,0.15,179,150,0.0129,0.0227,0.0265,0.0361,0.0415,0.045,0.0466,0.0548,225.82,0.22,0,,,,,,,,,"wrist"
"IZTECH_S016","IZTECH_S016_w","2025-05-08 10:32:19",FALSE,0,31.56,1,14755,122.958,417,3.475,757,6.30833,54.39,0.03,182,130,0.0022,0.0048,0.005,0.0079,0.0099,0.0105,0.0098,0.0102,45.71,0.04,0,,,,,,,,,"wrist"
"IZTECH_S016","IZTECH_S016_w","2025-05-08 10:34:19",FALSE,0,31.44,1,2604,21.7,62,0.516667,173,1.44167,74.98,0.06,174,112,0.0039,0.0069,0.0083,0.012,0.0142,0.0148,0.0146,0.0181,65.44,0.08,0,,,,,,,,,"wrist"
"IZTECH_S016","IZTECH_S016_w","2025-05-08 10:36:19",FALSE,0,31.38,8,1231,10.2583,17,0.141667,81,0.675,74.74,0.07,198,134,0.004,0.0069,0.0083,0.0121,0.0142,0.015,0.0147,0.0185,64.74,0.08,0,,,,,,,,,"wrist"
"IZTECH_S016","IZTECH_S016_w","2025-05-08 10:38:19",FALSE,0,31.38,1,3450,28.75,102,0.85,149,1.24167,60.31,0.05,167,119,0.0032,0.0055,0.0067,0.0097,0.0114,0.0121,0.012,0.0149,52.54,0.06,0,,,,,,,,,"wrist"
"IZTECH_S016","IZTECH_S016_w","2025-05-08 10:40:19",FALSE,0,31.31,16,7944,66.2,213,1.775,443,3.69167,62.42,0.05,157,94,0.0035,0.0059,0.0071,0.0103,0.0116,0.0124,0.0126,0.0156,56.93,0.07,0,,,,,,,,,"wrist"
"IZTECH_S016","IZTECH_S016_w","2025-05-08 10:42:19",FALSE,0,31.25,16,885,7.375,25,0.208333,60,0.5,75.56,0.06,160,98,0.004,0.007,0.0085,0.0121,0.0141,0.0152,0.0154,0.0189,66.8,0.08,0,,,,,,,,,"wrist"
"IZTECH_S016","IZTECH_S016_w","2025-05-08 10:44:19",FALSE,0,31.38,16,1550,12.9167,49,0.408333,76,0.633333,81.35,0.07,150,98,0.0043,0.0075,0.0091,0.0131,0.0153,0.0164,0.0164,0.0204,71.13,0.09,0,,,,,,,,,"wrist"
"IZTECH_S016","IZTECH_S016_w","2025-05-08 10:46:19",FALSE,0,31.31,1,316,2.63333,1,0.00833333,26,0.216667,41.19,0.04,164,106,0.0023,0.004,0.0048,0.0068,0.0079,0.0086,0.0085,0.0106,35.94,0.05,0,,,,,,,,,"wrist"
"IZTECH_S016","IZTECH_S016_w","2025-05-08 10:48:19",FALSE,0,31.62,1,2906,24.2167,56,0.466667,212,1.76667,79.7,0.07,200,120,0.0043,0.0075,0.0089,0.0129,0.015,0.0159,0.0158,0.0194,70.65,0.08,0,,,,,,,,,"wrist"
"IZTECH_S016","IZTECH_S016_w","2025-05-08 10:50:19",FALSE,0,31.75,16,3036,25.3,75,0.625,201,1.675,84.39,0.08,167,103,0.0045,0.0078,0.0094,0.0137,0.0162,0.0172,0.0169,0.0213,71.13,0.09,0,,,,,,,,,"wrist"
"IZTECH_S016","IZTECH_S016_w","2025-05-08 10:52:19",FALSE,0,31.69,8,3028,25.2333,67,0.558333,184,1.53333,87.11,0.08,197,138,0.0047,0.008,0.0097,0.0142,0.0167,0.0178,0.0175,0.0219,73.79,0.1,0,,,,,,,,,"wrist"
"IZTECH_S016","IZTECH_S016_w","2025-05-08 10:54:19",FALSE,0,31.88,8,2873,23.9417,49,0.408333,183,1.525,88.2,0.08,208,144,0.0047,0.0082,0.0099,0.0142,0.0166,0.0177,0.0176,0.0217,77.67,0.09,0,,,,,,,,,"wrist"
"IZTECH_S016","IZTECH_S016_w","2025-05-08 10:56:19",FALSE,0,31.88,8,1066,8.88333,6,0.05,75,0.625,74.11,0.07,160,94,0.004,0.0071,0.0084,0.012,0.014,0.0151,0.0152,0.0188,64.82,0.08,0,,,,,,,,,"wrist"
"IZTECH_S016","IZTECH_S016_w","2025-05-08 10:58:19",FALSE,0,31.75,8,1941,16.175,24,0.2,130,1.08333,85.89,0.06,215,150,0.0044,0.0083,0.0094,0.0135,0.0158,0.0166,0.0171,0.0197,78.91,0.08,0,,,,,,,,,"wrist"
"IZTECH_S016","IZTECH_S016_w","2025-05-08 11:00:19",FALSE,0,31.81,8,3256,27.1333,71,0.591667,192,1.6,88.58,0.08,186,110,0.0048,0.0084,0.0099,0.0142,0.0166,0.0178,0.018,0.0216,78.55,0.09,0,,,,,,,,,"wrist"
"IZTECH_S016","IZTECH_S016_w","2025-05-08 11:02:19",FALSE,0,31.75,8,1721,14.3417,27,0.225,104,0.866667,107.38,0.08,218,170,0.0056,0.0104,0.0119,0.017,0.0198,0.0209,0.0212,0.0248,99.06,0.11,0,,,,,,,,,"wrist"
"IZTECH_S016","IZTECH_S016_w","2025-05-08 11:04:19",FALSE,0,31.81,8,1793,14.9417,25,0.208333,125,1.04167,108.28,0.08,204,146,0.0057,0.0105,0.0121,0.0171,0.02,0.0212,0.0216,0.0254,99.51,0.11,0,,,,,,,,,"wrist"
"IZTECH_S016","IZTECH_S016_w","2025-05-08 11:06:19",FALSE,0,31.88,16,2619,21.825,67,0.558333,180,1.5,93.27,0.08,152,98,0.005,0.0087,0.0104,0.0149,0.0174,0.0188,0.0191,0.0233,82.44,0.1,0,,,,,,,,,"wrist"
"IZTECH_S016","IZTECH_S016_w","2025-05-08 11:08:19",FALSE,0,31.75,16,1116,9.3,18,0.15,106,0.883333,90.45,0.08,147,94,0.0049,0.0084,0.0101,0.0145,0.0169,0.0183,0.0186,0.0228,79.72,0.1,0,,,,,,,,,"wrist"
"IZTECH_S016","IZTECH_S016_w","2025-05-08 11:10:19",FALSE,0,31.5,1,5085,42.375,120,1,375,3.125,61.28,0.05,148,102,0.0033,0.0058,0.0069,0.0099,0.0114,0.0124,0.0126,0.0154,54.56,0.06,0,,,,,,,,,"wrist"
"IZTECH_S016","IZTECH_S016_w","2025-05-08 11:12:19",FALSE,0,31.44,1,2159,17.9917,47,0.391667,143,1.19167,77.91,0.07,176,98,0.0042,0.0072,0.0086,0.0125,0.0148,0.016,0.0161,0.0201,66.01,0.08,0,,,,,,,,,"wrist"
"IZTECH_S016","IZTECH_S016_w","2025-05-08 11:14:19",FALSE,0,31.38,1,1315,10.9583,14,0.116667,93,0.775,88.87,0.09,166,98,0.0048,0.0082,0.0099,0.0144,0.0169,0.0185,0.0185,0.0233,74.84,0.1,0,,,,,,,,,"wrist"
"IZTECH_S016","IZTECH_S016_w","2025-05-08 11:16:19",FALSE,0,31.38,1,2948,24.5667,50,0.416667,200,1.66667,87.25,0.08,192,96,0.0047,0.0083,0.0097,0.0141,0.0165,0.0179,0.018,0.022,75.15,0.09,0,,,,,,,,,"wrist"
"IZTECH_S016","IZTECH_S016_w","2025-05-08 11:18:19",FALSE,0,31.31,1,3238,26.9833,103,0.858333,206,1.71667,51.26,0.04,216,144,0.0027,0.0047,0.0057,0.0082,0.0095,0.0105,0.0108,0.0131,44.5,0.05,0,,,,,,,,,"wrist"
"IZTECH_S016","IZTECH_S016_w","2025-05-08 11:20:19",FALSE,0,31.31,16,2054,17.1167,26,0.216667,124,1.03333,88.1,0.08,168,96,0.0048,0.0081,0.0098,0.0142,0.0167,0.0183,0.0185,0.0231,74.24,0.1,0,,,,,,,,,"wrist"
"IZTECH_S016","IZTECH_S016_w","2025-05-08 11:22:19",FALSE,0,31.25,16,1001,8.34167,3,0.025,87,0.725,90.94,0.09,185,98,0.0049,0.0084,0.0101,0.0147,0.0173,0.0189,0.0191,0.0239,76.62,0.1,0,,,,,,,,,"wrist"
"IZTECH_S016","IZTECH_S016_w","2025-05-08 11:24:19",FALSE,0,31.19,8,4146,34.55,86,0.716667,264,2.2,81.84,0.08,160,105,0.0044,0.0077,0.0091,0.0132,0.0156,0.017,0.017,0.0211,69.35,0.09,0,,,,,,,,,"wrist"
"IZTECH_S016","IZTECH_S016_w","2025-05-08 11:26:19",FALSE,0,31.12,8,4615,38.4583,103,0.858333,293,2.44167,67.05,0.06,162,114,0.0037,0.0063,0.0075,0.0109,0.0128,0.0139,0.0138,0.0173,56.9,0.08,0,,,,,,,,,"wrist"
"IZTECH_S016","IZTECH_S016_w","2025-05-08 11:28:19",FALSE,0,31.19,1,1495,12.4583,23,0.191667,82,0.683333,50.5,0.05,156,104,0.0028,0.0049,0.0058,0.0083,0.0097,0.0106,0.0106,0.0132,43.12,0.06,0,,,,,,,,,"wrist"
"IZTECH_S016","IZTECH_S016_w","2025-05-08 11:30:19",FALSE,0,31.25,8,2441,20.3417,25,0.208333,189,1.575,82.26,0.08,167,96,0.0045,0.0077,0.0093,0.0133,0.0156,0.017,0.0171,0.0214,70.34,0.09,0,,,,,,,,,"wrist"
"IZTECH_S016","IZTECH_S016_w","2025-05-08 11:32:19",FALSE,0,31.12,1,2100,17.5,56,0.466667,118,0.983333,52.45,0.05,179,97,0.003,0.005,0.006,0.0086,0.01,0.011,0.011,0.0137,44.9,0.06,0,,,,,,,,,"wrist"
"IZTECH_S016","IZTECH_S016_w","2025-05-08 11:34:19",FALSE,0,31.12,1,1223,10.1917,3,0.025,89,0.741667,65.07,0.06,166,96,0.0035,0.0061,0.0073,0.0105,0.0122,0.0133,0.0134,0.0166,56.76,0.07,0,,,,,,,,,"wrist"
"IZTECH_S016","IZTECH_S016_w","2025-05-08 11:36:19",FALSE,0,31.06,1,4384,36.5333,93,0.775,252,2.1,48.08,0.05,158,103,0.0026,0.0045,0.0055,0.008,0.0091,0.0098,0.0097,0.0122,41.91,0.05,0,,,,,,,,,"wrist"
"IZTECH_S016","IZTECH_S016_w","2025-05-08 11:38:19",FALSE,0,31.12,1,2296,19.1333,33,0.275,149,1.24167,69.69,0.06,157,104,0.0038,0.0065,0.0078,0.0113,0.0133,0.0142,0.0141,0.0177,59.81,0.08,0,,,,,,,,,"wrist"
"IZTECH_S016","IZTECH_S016_w","2025-05-08 11:40:19",FALSE,0,31.12,1,1695,14.125,19,0.158333,107,0.891667,52.99,0.05,164,144,0.0029,0.005,0.0059,0.0086,0.0101,0.0109,0.0108,0.0136,44.98,0.06,0,,,,,,,,,"wrist"
"IZTECH_S016","IZTECH_S016_w","2025-05-08 11:42:19",FALSE,0,31.12,1,1810,15.0833,14,0.116667,129,1.075,64.22,0.06,181,112,0.0035,0.0061,0.0072,0.0103,0.0122,0.0133,0.0135,0.0167,54.89,0.07,0,,,,,,,,,"wrist"
"IZTECH_S016","IZTECH_S016_w","2025-05-08 11:44:19",FALSE,0,31.12,1,5649,47.075,132,1.1,310,2.58333,41.55,0.05,170,128,0.0024,0.0041,0.0049,0.007,0.0081,0.0089,0.0089,0.0112,35.28,0.05,0,,,,,,,,,"wrist"
"IZTECH_S016","IZTECH_S016_w","2025-05-08 11:46:19",FALSE,0,31.19,8,3295,27.4583,87,0.725,168,1.4,81.58,0.08,189,97,0.0046,0.0079,0.0093,0.0135,0.0155,0.0169,0.0168,0.0211,70.83,0.09,0,,,,,,,,,"wrist"
"IZTECH_S016","IZTECH_S016_w","2025-05-08 11:48:19",FALSE,0,31.06,1,995,8.29167,9,0.075,68,0.566667,50.69,0.05,179,97,0.0028,0.0048,0.0058,0.0083,0.0096,0.0106,0.0106,0.0133,43.59,0.06,0,,,,,,,,,"wrist"
"IZTECH_S016","IZTECH_S016_w","2025-05-08 11:50:19",FALSE,0,31.12,1,2899,24.1583,74,0.616667,165,1.375,61.65,0.06,159,108,0.0034,0.006,0.007,0.0101,0.0117,0.0128,0.0129,0.016,53.19,0.07,0,,,,,,,,,"wrist"
"IZTECH_S016","IZTECH_S016_w","2025-05-08 11:52:19",FALSE,0,31.19,8,3359,27.9917,91,0.758333,194,1.61667,94.29,0.08,160,104,0.0051,0.009,0.0106,0.0151,0.0177,0.0192,0.0196,0.0238,82.57,0.1,0,,,,,,,,,"wrist"
"IZTECH_S016","IZTECH_S016_w","2025-05-08 11:54:19",FALSE,0,31.06,8,924,7.7,7,0.0583333,59,0.491667,89.83,0.08,207,156,0.0048,0.0088,0.01,0.0145,0.0168,0.0181,0.0186,0.0223,80.01,0.1,0,,,,,,,,,"wrist"
"IZTECH_S016","IZTECH_S016_w","2025-05-08 11:56:19",FALSE,0,31.38,8,4179,34.825,117,0.975,220,1.83333,102.25,0.09,185,96,0.0055,0.0097,0.0114,0.0164,0.0193,0.0209,0.0211,0.0259,88.32,0.11,0,,,,,,,,,"wrist"
"IZTECH_S016","IZTECH_S016_w","2025-05-08 11:58:19",FALSE,0,31.31,1,757,6.30833,19,0.158333,46,0.383333,91.5,0.1,171,132,0.0051,0.0086,0.0104,0.0151,0.0177,0.0191,0.0189,0.0239,76.8,0.11,0,,,,,,,,,"wrist"
"IZTECH_S016","IZTECH_S016_w","2025-05-08 12:00:19",FALSE,0,31,1,700,5.83333,7,0.0583333,52,0.433333,34.36,0.05,175,155,0.0022,0.0037,0.0043,0.006,0.0068,0.0077,0.0077,0.0096,29.48,0.05,0,,,,,,,,,"wrist"
"IZTECH_S016","IZTECH_S016_w","2025-05-08 12:02:19",FALSE,0,31.19,1,2372,19.7667,51,0.425,148,1.23333,72.3,0.07,149,122,0.004,0.0069,0.0082,0.0118,0.0137,0.015,0.0151,0.0189,62.8,0.08,0,,,,,,,,,"wrist"
"IZTECH_S016","IZTECH_S016_w","2025-05-08 12:04:19",FALSE,0,31.19,1,1774,14.7833,41,0.341667,108,0.9,80.2,0.08,153,106,0.0044,0.0074,0.0089,0.0129,0.0152,0.0167,0.0167,0.0209,67.7,0.09,0,,,,,,,,,"wrist"
"IZTECH_S016","IZTECH_S016_w","2025-05-08 12:06:19",FALSE,0,31.19,1,2807,23.3917,53,0.441667,176,1.46667,78.58,0.07,176,98,0.0043,0.0074,0.0088,0.0127,0.0148,0.0163,0.0164,0.0205,67.49,0.09,0,,,,,,,,,"wrist"
"IZTECH_S016","IZTECH_S016_w","2025-05-08 12:08:19",FALSE,0,30.88,8,880,7.33333,5,0.0416667,58,0.483333,77.45,0.08,180,158,0.0043,0.0073,0.0088,0.0127,0.0148,0.0161,0.0161,0.0202,66.07,0.09,0,,,,,,,,,"wrist"
"IZTECH_S016","IZTECH_S016_w","2025-05-08 12:10:19",FALSE,0,31.25,8,532,4.43333,4,0.0333333,25,0.208333,99.02,0.1,177,102,0.0055,0.0092,0.011,0.016,0.0191,0.0207,0.0205,0.0258,82.17,0.11,0,,,,,,,,,"wrist"
"IZTECH_S016","IZTECH_S016_w","2025-05-08 12:12:19",FALSE,0,31.25,8,417,3.475,0,0,28,0.233333,102.2,0.1,181,100,0.0057,0.0096,0.0115,0.0168,0.0197,0.0214,0.021,0.0266,85.79,0.12,0,,,,,,,,,"wrist"
"IZTECH_S016","IZTECH_S016_w","2025-05-08 12:14:19",FALSE,0,31.19,8,393,3.275,0,0,25,0.208333,102.54,0.1,183,102,0.0057,0.0097,0.0116,0.0169,0.0198,0.0214,0.0211,0.0268,86.07,0.12,0,,,,,,,,,"wrist"
"IZTECH_S016","IZTECH_S016_w","2025-05-08 12:16:19",FALSE,0,30.62,8,919,7.65833,6,0.05,48,0.4,60.63,0.07,209,164,0.0036,0.0061,0.0072,0.0103,0.0119,0.0131,0.0129,0.0164,50.84,0.08,0,,,,,,,,,"wrist"
"IZTECH_S016","IZTECH_S016_w","2025-05-08 12:18:19",FALSE,0,31.25,8,3316,27.6333,62,0.516667,251,2.09167,90.94,0.09,147,100,0.0051,0.0088,0.0104,0.0148,0.0173,0.019,0.0194,0.0238,78.4,0.1,0,,,,,,,,,"wrist"
"IZTECH_S016","IZTECH_S016_w","2025-05-08 12:20:19",FALSE,0,31.25,8,966,8.05,12,0.1,57,0.475,108.6,0.11,132,103,0.0061,0.0106,0.0124,0.0177,0.0205,0.0226,0.0232,0.0282,94.64,0.12,0,,,,,,,,,"wrist"
"IZTECH_S016","IZTECH_S016_w","2025-05-08 12:22:19",FALSE,0,31.31,8,2414,20.1167,38,0.316667,173,1.44167,113.01,0.11,212,144,0.0063,0.0113,0.0129,0.0185,0.0213,0.0233,0.0239,0.0286,100.23,0.13,0,,,,,,,,,"wrist"
"IZTECH_S016","IZTECH_S016_w","2025-05-08 12:24:19",FALSE,0,31.31,8,3094,25.7833,55,0.458333,206,1.71667,94.85,0.09,132,102,0.0051,0.0094,0.0106,0.0153,0.0179,0.0194,0.02,0.0238,83.25,0.1,0,,,,,,,,,"wrist"
"IZTECH_S016","IZTECH_S016_w","2025-05-08 12:26:19",FALSE,0,31.38,8,2363,19.6917,49,0.408333,149,1.24167,105.87,0.1,183,102,0.0058,0.0102,0.0119,0.0171,0.0202,0.022,0.0222,0.0273,90.31,0.12,0,,,,,,,,,"wrist"
"IZTECH_S016","IZTECH_S016_w","2025-05-08 12:28:19",FALSE,0,31.25,8,4609,38.4083,85,0.708333,308,2.56667,113.67,0.11,181,112,0.0063,0.0111,0.0127,0.0186,0.0217,0.0239,0.0244,0.0296,96.26,0.13,0,,,,,,,,,"wrist"
"IZTECH_S016","IZTECH_S016_w","2025-05-08 12:30:19",FALSE,0,31.38,1,2472,20.6,54,0.45,146,1.21667,74.17,0.06,177,103,0.0036,0.0072,0.0076,0.0117,0.0139,0.0148,0.0157,0.0171,62.68,0.08,0,,,,,,,,,"wrist"
"IZTECH_S016","IZTECH_S016_w","2025-05-08 12:32:19",FALSE,0,31.31,1,1285,10.7083,21,0.175,77,0.641667,44.84,0.05,185,100,0.0025,0.0043,0.0051,0.0073,0.0086,0.0096,0.0097,0.0121,37.47,0.05,0,,,,,,,,,"wrist"
"IZTECH_S016","IZTECH_S016_w","2025-05-08 12:34:19",FALSE,0,31.12,1,966,8.05,18,0.15,67,0.558333,31.93,0.03,212,149,0.0017,0.003,0.0035,0.005,0.006,0.0066,0.0069,0.0083,27.08,0.03,0,,,,,,,,,"wrist"
"IZTECH_S016","IZTECH_S016_w","2025-05-08 12:36:19",FALSE,0,31.19,8,967,8.05833,4,0.0333333,75,0.625,114.1,0.12,172,106,0.0065,0.0112,0.0132,0.0187,0.0216,0.024,0.0246,0.0303,99.28,0.13,0,,,,,,,,,"wrist"
"IZTECH_S016","IZTECH_S016_w","2025-05-08 12:38:19",FALSE,0,31.19,8,1874,15.6167,26,0.216667,139,1.15833,112.27,0.11,204,146,0.0065,0.0113,0.0132,0.0186,0.0212,0.0236,0.0242,0.0296,99.64,0.13,0,,,,,,,,,"wrist"
"IZTECH_S016","IZTECH_S016_w","2025-05-08 12:40:19",FALSE,0,31.25,1,2531,21.0917,65,0.541667,155,1.29167,76.45,0.08,168,96,0.0043,0.0073,0.0087,0.0125,0.0147,0.0163,0.0164,0.0207,63.77,0.09,0,,,,,,,,,"wrist"
"IZTECH_S016","IZTECH_S016_w","2025-05-08 12:42:19",FALSE,0,31.38,1,7808,65.0667,182,1.51667,471,3.925,169.51,0.16,156,120,0.0097,0.0163,0.0192,0.0274,0.0323,0.0354,0.0357,0.0441,145.21,0.19,0,,,,,,,,,"wrist"
"IZTECH_S016","IZTECH_S016_w","2025-05-08 12:44:19",FALSE,0,31.06,8,2483,20.6917,50,0.416667,167,1.39167,165.5,0.15,198,158,0.0095,0.0161,0.0187,0.0266,0.0313,0.034,0.0342,0.0417,145.55,0.18,0,,,,,,,,,"wrist"
"IZTECH_S016","IZTECH_S016_w","2025-05-08 12:46:19",FALSE,0,31.12,16,5563,46.3583,130,1.08333,339,2.825,197.89,0.19,201,156,0.0111,0.0187,0.022,0.0317,0.038,0.0411,0.0411,0.0508,166.8,0.22,0,,,,,,,,,"wrist"
"IZTECH_S016","IZTECH_S016_w","2025-05-08 12:48:19",FALSE,0,31.12,8,3343,27.8583,82,0.683333,163,1.35833,197.88,0.2,212,167,0.0115,0.0193,0.0225,0.0324,0.0381,0.0414,0.0413,0.051,169.02,0.23,0,,,,,,,,,"wrist"
"IZTECH_S016","IZTECH_S016_w","2025-05-08 12:50:19",FALSE,0,31.19,16,4394,36.6167,126,1.05,229,1.90833,177.62,0.17,208,158,0.0101,0.0169,0.0198,0.0286,0.0342,0.0373,0.0373,0.0462,148.66,0.2,0,,,,,,,,,"wrist"
"IZTECH_S016","IZTECH_S016_w","2025-05-08 12:52:19",FALSE,0,31.44,16,3773,31.4417,77,0.641667,257,2.14167,184.04,0.18,150,148,0.0105,0.0176,0.0207,0.0299,0.0354,0.0384,0.0383,0.0476,156.13,0.21,0,,,,,,,,,"wrist"
"IZTECH_S016","IZTECH_S016_w","2025-05-08 12:54:19",FALSE,0,31.62,1,1946,16.2167,43,0.358333,113,0.941667,84.3,0.09,128,115,0.0047,0.008,0.0094,0.0136,0.0163,0.018,0.0179,0.0226,69.26,0.1,0,,,,,,,,,"wrist"
"IZTECH_S016","IZTECH_S016_w","2025-05-08 12:56:19",FALSE,0,31.38,1,535,4.45833,7,0.0583333,36,0.3,70.54,0.08,213,164,0.0041,0.0069,0.0081,0.0118,0.0137,0.0152,0.015,0.0192,58.51,0.09,0,,,,,,,,,"wrist"
"IZTECH_S016","IZTECH_S016_w","2025-05-08 12:58:19",FALSE,0,31.25,8,6323,52.6917,197,1.64167,315,2.625,107.68,0.13,208,160,0.0064,0.0106,0.0125,0.0183,0.0213,0.0233,0.0227,0.0291,88.21,0.13,0,,,,,,,,,"wrist"
"IZTECH_S016","IZTECH_S016_w","2025-05-08 13:00:19",FALSE,0,31.5,1,14043,117.025,379,3.15833,886,7.38333,131.89,0.14,152,138,0.0076,0.0127,0.015,0.0215,0.0256,0.0285,0.0289,0.0367,107.75,0.16,0,,,,,,,,,"wrist"
"IZTECH_S016","IZTECH_S016_w","2025-05-08 13:02:19",FALSE,0,31.38,1,3010,25.0833,15,0.125,251,2.09167,122.67,0.13,153,142,0.0072,0.012,0.0142,0.0203,0.0236,0.0264,0.0268,0.0338,103.45,0.15,0,,,,,,,,,"wrist"
"IZTECH_S016","IZTECH_S016_w","2025-05-08 13:04:19",FALSE,0,31.12,1,1050,8.75,5,0.0416667,88,0.733333,122.45,0.13,186,151,0.0072,0.0121,0.0142,0.0203,0.0236,0.0263,0.0267,0.0337,103.47,0.15,0,,,,,,,,,"wrist"
"IZTECH_S016","IZTECH_S016_w","2025-05-08 13:06:19",FALSE,0,31.19,1,1434,11.95,3,0.025,112,0.933333,118.69,0.14,149,146,0.0071,0.0119,0.0139,0.0199,0.023,0.026,0.0266,0.0337,99.22,0.15,0,,,,,,,,,"wrist"
"IZTECH_S016","IZTECH_S016_w","2025-05-08 13:08:19",FALSE,0,31.06,1,1300,10.8333,2,0.0166667,96,0.8,128.04,0.15,151,144,0.0076,0.0128,0.0149,0.0213,0.0248,0.028,0.0287,0.0362,106.53,0.16,0,,,,,,,,,"wrist"
"IZTECH_S016","IZTECH_S016_w","2025-05-08 13:10:19",FALSE,0,31.12,1,1130,9.41667,4,0.0333333,68,0.566667,131.29,0.15,164,154,0.0078,0.0133,0.0153,0.022,0.0255,0.0287,0.0294,0.0371,109.8,0.16,0,,,,,,,,,"wrist"
"IZTECH_S016","IZTECH_S016_w","2025-05-08 13:12:19",FALSE,0,31.06,8,6590,54.9167,149,1.24167,384,3.2,186.42,0.19,206,156,0.0109,0.0182,0.0213,0.0306,0.0361,0.0397,0.0401,0.0499,156.31,0.22,0,,,,,,,,,"wrist"
"IZTECH_S016","IZTECH_S016_w","2025-05-08 13:14:19",FALSE,0,31.06,8,3209,26.7417,67,0.558333,166,1.38333,207.05,0.22,184,148,0.0122,0.0205,0.0236,0.0341,0.0401,0.0439,0.044,0.0547,175.37,0.24,0,,,,,,,,,"wrist"
"IZTECH_S016","IZTECH_S016_w","2025-05-08 13:16:19",FALSE,0,31.5,1,3643,30.3583,68,0.566667,232,1.93333,154.96,0.18,132,122,0.0093,0.0156,0.0181,0.0259,0.0302,0.0337,0.0341,0.043,129.56,0.19,0,,,,,,,,,"wrist"
"IZTECH_S016","IZTECH_S016_w","2025-05-08 13:18:19",FALSE,0,31.69,1,1215,10.125,0,0,64,0.533333,139.24,0.16,128,108,0.0083,0.0141,0.0162,0.0232,0.027,0.0304,0.031,0.039,116.57,0.17,0,,,,,,,,,"wrist"
"IZTECH_S016","IZTECH_S016_w","2025-05-08 13:20:19",FALSE,0,31.69,1,3699,30.825,66,0.55,207,1.725,142.21,0.16,219,166,0.0085,0.0143,0.0166,0.0238,0.0276,0.0311,0.0318,0.0402,118.82,0.18,0,,,,,,,,,"wrist"
"IZTECH_S016","IZTECH_S016_w","2025-05-08 13:22:19",FALSE,0,31.31,8,8876,73.9667,210,1.75,596,4.96667,150.31,0.17,214,170,0.009,0.0151,0.0176,0.0253,0.0293,0.0328,0.0333,0.0424,125.1,0.19,0,,,,,,,,,"wrist"
"IZTECH_S016","IZTECH_S016_w","2025-05-08 13:24:19",FALSE,0,30.75,16,423,3.525,9,0.075,27,0.225,135.16,0.16,215,172,0.0079,0.0132,0.0155,0.0226,0.0263,0.0298,0.0304,0.0391,109.39,0.17,0,,,,,,,,,"wrist"
"IZTECH_S016","IZTECH_S016_w","2025-05-08 13:26:19",FALSE,0,31.19,8,3552,29.6,74,0.616667,187,1.55833,153.38,0.17,208,162,0.0089,0.0148,0.0176,0.0254,0.0298,0.0334,0.034,0.0435,125,0.19,0,,,,,,,,,"wrist"
"IZTECH_S016","IZTECH_S016_w","2025-05-08 13:28:19",FALSE,0,31.31,8,3870,32.25,57,0.475,223,1.85833,146.64,0.17,193,135,0.0087,0.0144,0.017,0.0246,0.0287,0.0321,0.0324,0.0416,119.8,0.18,0,,,,,,,,,"wrist"
"IZTECH_S016","IZTECH_S016_w","2025-05-08 13:30:19",FALSE,0,31.56,1,3040,25.3333,58,0.483333,186,1.55,117.3,0.13,133,132,0.0068,0.0113,0.0134,0.0194,0.0227,0.0253,0.0254,0.0326,96.63,0.14,0,,,,,,,,,"wrist"
"IZTECH_S016","IZTECH_S016_w","2025-05-08 13:32:19",FALSE,0,31.5,1,3330,27.75,77,0.641667,197,1.64167,102.33,0.11,142,148,0.0058,0.0097,0.0116,0.0169,0.0197,0.0221,0.0222,0.0285,83.97,0.12,0,,,,,,,,,"wrist"
"IZTECH_S016","IZTECH_S016_w","2025-05-08 13:34:19",FALSE,0,31.38,1,634,5.28333,6,0.05,37,0.308333,124.91,0.14,157,142,0.0072,0.012,0.0143,0.0209,0.0244,0.0268,0.0263,0.034,102.49,0.15,0,,,,,,,,,"wrist"
"IZTECH_S016","IZTECH_S016_w","2025-05-08 13:36:19",FALSE,0,31.31,1,824,6.86667,9,0.075,60,0.5,127.69,0.15,147,129,0.0074,0.0123,0.0146,0.0214,0.025,0.0274,0.0268,0.0346,104.94,0.16,0,,,,,,,,,"wrist"
"IZTECH_S016","IZTECH_S016_w","2025-05-08 13:38:19",FALSE,0,31.25,1,29,0.241667,0,0,1,0.00833333,129.06,0.15,148,134,0.0075,0.0124,0.0147,0.0216,0.0253,0.0277,0.0271,0.0351,105.78,0.16,0,,,,,,,,,"wrist"
"IZTECH_S016","IZTECH_S016_w","2025-05-08 13:40:19",FALSE,0,31.06,1,4530,37.75,129,1.075,253,2.10833,144.41,0.17,171,134,0.0083,0.0138,0.0164,0.024,0.0283,0.0312,0.031,0.0399,116.89,0.18,0,,,,,,,,,"wrist"
"IZTECH_S016","IZTECH_S016_w","2025-05-08 13:42:19",FALSE,0,31.38,1,610,5.08333,0,0,40,0.333333,127.98,0.15,131,103,0.0074,0.0122,0.0146,0.0213,0.025,0.0274,0.0269,0.0348,104.87,0.15,0,,,,,,,,,"wrist"
"IZTECH_S016","IZTECH_S016_w","2025-05-08 13:44:19",FALSE,0,31.38,1,274,2.28333,1,0.00833333,17,0.141667,137.87,0.16,128,98,0.0079,0.0131,0.0156,0.0229,0.0269,0.0296,0.0293,0.0378,112.39,0.17,0,,,,,,,,,"wrist"
"IZTECH_S016","IZTECH_S016_w","2025-05-08 13:46:19",FALSE,0,31.31,1,3495,29.125,89,0.741667,206,1.71667,254.34,0.23,128,97,0.0141,0.0236,0.0284,0.0408,0.0477,0.0527,0.0538,0.0677,219.12,0.28,0,,,,,,,,,"wrist"
"IZTECH_S016","IZTECH_S016_w","2025-05-08 13:48:19",FALSE,0,31.38,16,3823,31.8583,76,0.633333,254,2.11667,148.4,0.15,150,100,0.0077,0.0135,0.0157,0.0239,0.0283,0.0311,0.0316,0.0394,119.38,0.16,0,,,,,,,,,"wrist"
"IZTECH_S016","IZTECH_S016_w","2025-05-08 13:50:19",FALSE,0,31.69,16,2618,21.8167,24,0.2,243,2.025,179.6,0.16,128,102,0.0085,0.0161,0.0176,0.028,0.0336,0.0367,0.0376,0.0444,143.71,0.18,0,,,,,,,,,"wrist"
"IZTECH_S016","IZTECH_S016_w","2025-05-08 13:52:19",FALSE,0,32.12,16,1935,16.125,11,0.0916667,181,1.50833,169.57,0.17,128,96,0.0088,0.0152,0.0178,0.0271,0.0322,0.0356,0.0364,0.0455,135.39,0.19,0,,,,,,,,,"wrist"
"IZTECH_S016","IZTECH_S016_w","2025-05-08 13:54:19",FALSE,0,32.44,16,4983,41.525,89,0.741667,374,3.11667,179.56,0.16,124,118,0.0086,0.016,0.0177,0.0281,0.0336,0.0367,0.0376,0.0448,144.19,0.18,0,,,,,,,,,"wrist"
"IZTECH_S016","IZTECH_S016_w","2025-05-08 13:56:19",FALSE,0,31.94,16,8146,67.8833,238,1.98333,351,2.925,205,0.2,185,158,0.0109,0.0187,0.0222,0.0327,0.0387,0.0433,0.0448,0.0563,167.9,0.23,0,,,,,,,,,"wrist"
"IZTECH_S016","IZTECH_S016_w","2025-05-08 13:58:19",FALSE,0,31.75,16,4344,36.2,116,0.966667,233,1.94167,192.31,0.2,182,154,0.0105,0.0176,0.0213,0.031,0.0365,0.0414,0.0431,0.055,156.03,0.22,0,,,,,,,,,"wrist"
"IZTECH_S016","IZTECH_S016_w","2025-05-08 14:00:19",FALSE,0,31.56,16,582,4.85,12,0.1,39,0.325,193.5,0.2,183,154,0.0103,0.0173,0.0211,0.0308,0.0367,0.0417,0.0438,0.056,154.12,0.22,0,,,,,,,,,"wrist"
"IZTECH_S016","IZTECH_S016_w","2025-05-08 14:02:19",FALSE,0,31.31,16,1547,12.8917,20,0.166667,117,0.975,179.73,0.18,193,162,0.0096,0.0161,0.0196,0.0287,0.0341,0.0388,0.0408,0.0521,143.38,0.21,0,,,,,,,,,"wrist"
"IZTECH_S016","IZTECH_S016_w","2025-05-08 14:04:19",FALSE,0,31.06,16,27,0.225,0,0,1,0.00833333,172.41,0.17,201,166,0.0091,0.0153,0.0188,0.0274,0.0326,0.0371,0.0392,0.05,137.49,0.2,0,,,,,,,,,"wrist"
"IZTECH_S016","IZTECH_S016_w","2025-05-08 14:06:19",FALSE,0,31.19,16,2210,18.4167,68,0.566667,115,0.958333,195.38,0.19,188,158,0.0103,0.0173,0.0212,0.031,0.037,0.042,0.0443,0.0566,155.7,0.22,0,,,,,,,,,"wrist"
"IZTECH_S016","IZTECH_S016_w","2025-05-08 14:08:19",FALSE,0,31.12,16,164,1.36667,0,0,26,0.216667,199.21,0.2,187,158,0.0105,0.0177,0.0217,0.0317,0.0377,0.0428,0.0451,0.0577,159.03,0.22,0,,,,,,,,,"wrist"
"IZTECH_S016","IZTECH_S016_w","2025-05-08 14:10:19",FALSE,0,31.19,16,970,8.08333,28,0.233333,42,0.35,194.74,0.2,165,146,0.0105,0.0176,0.0215,0.0314,0.037,0.0418,0.0436,0.0559,156.82,0.22,0,,,,,,,,,"wrist"
"IZTECH_S016","IZTECH_S016_w","2025-05-08 14:12:19",FALSE,0,31.25,16,1092,9.1,30,0.25,50,0.416667,200.23,0.2,134,141,0.0106,0.018,0.022,0.032,0.0377,0.0429,0.0453,0.0578,162.45,0.23,0,,,,,,,,,"wrist"
"IZTECH_S016","IZTECH_S016_w","2025-05-08 14:14:19",FALSE,0,30.94,16,1564,13.0333,37,0.308333,86,0.716667,207.18,0.2,192,162,0.0108,0.0182,0.0224,0.0327,0.039,0.0443,0.047,0.0599,165.82,0.23,0,,,,,,,,,"wrist"
"IZTECH_S016","IZTECH_S016_w","2025-05-08 14:16:19",FALSE,0,31.12,16,3044,25.3667,85,0.708333,182,1.51667,189.08,0.19,172,150,0.0101,0.0169,0.0207,0.0303,0.0359,0.0406,0.0425,0.0545,151.27,0.22,0,,,,,,,,,"wrist"
"IZTECH_S016","IZTECH_S016_w","2025-05-08 14:18:19",FALSE,0,31.12,1,863,7.19167,18,0.15,55,0.458333,179.45,0.16,170,154,0.0092,0.0159,0.0192,0.028,0.0333,0.038,0.0405,0.0514,146.62,0.19,0,,,,,,,,,"wrist"
"IZTECH_S016","IZTECH_S016_w","2025-05-08 14:20:19",FALSE,0,31.19,1,541,4.50833,6,0.05,40,0.333333,146.27,0.13,137,130,0.0075,0.0126,0.0155,0.0226,0.027,0.0309,0.0329,0.042,118.95,0.15,0,,,,,,,,,"wrist"
"IZTECH_S016","IZTECH_S016_w","2025-05-08 14:22:19",FALSE,0,30.88,1,989,8.24167,21,0.175,70,0.583333,148.6,0.13,192,166,0.0076,0.0129,0.0159,0.0232,0.0275,0.0315,0.0335,0.0427,121.03,0.16,0,,,,,,,,,"wrist"
"IZTECH_S016","IZTECH_S016_w","2025-05-08 14:24:19",FALSE,0,31.06,16,3034,25.2833,71,0.591667,189,1.575,195.98,0.19,158,148,0.0103,0.0173,0.0212,0.0311,0.037,0.0419,0.0441,0.0564,156.92,0.22,0,,,,,,,,,"wrist"
"IZTECH_S016","IZTECH_S016_w","2025-05-08 14:26:19",FALSE,0,31.31,16,642,5.35,14,0.116667,43,0.358333,210.29,0.21,131,136,0.011,0.0186,0.0228,0.0335,0.0399,0.0447,0.0467,0.0596,168.5,0.24,0,,,,,,,,,"wrist"
"IZTECH_S016","IZTECH_S016_w","2025-05-08 14:28:19",FALSE,0,31.56,1,1357,11.3083,29,0.241667,79,0.658333,194.46,0.19,129,134,0.0104,0.0174,0.0213,0.0313,0.0369,0.0411,0.0423,0.0542,158.33,0.22,0,,,,,,,,,"wrist"
"IZTECH_S016","IZTECH_S016_w","2025-05-08 14:30:19",FALSE,0,31.75,8,1694,14.1167,24,0.2,104,0.866667,198.5,0.19,130,132,0.0105,0.0177,0.0216,0.0315,0.0374,0.0421,0.044,0.0562,161.19,0.22,0,,,,,,,,,"wrist"
"IZTECH_S016","IZTECH_S016_w","2025-05-08 14:32:19",FALSE,0,31.62,1,2242,18.6833,54,0.45,141,1.175,192.92,0.2,145,150,0.0104,0.0174,0.0213,0.0312,0.0368,0.041,0.0422,0.0541,156.57,0.22,0,,,,,,,,,"wrist"
"IZTECH_S016","IZTECH_S016_w","2025-05-08 14:34:19",FALSE,0,31.44,8,1811,15.0917,13,0.108333,157,1.30833,165.85,0.18,193,164,0.0092,0.0153,0.0186,0.0273,0.032,0.0354,0.0358,0.0462,134.51,0.2,0,,,,,,,,,"wrist"
"IZTECH_S016","IZTECH_S016_w","2025-05-08 14:36:19",FALSE,0,31.56,1,1431,11.925,18,0.15,102,0.85,201.81,0.19,149,147,0.0106,0.0179,0.0219,0.0322,0.0381,0.0425,0.044,0.0563,164.12,0.22,0,,,,,,,,,"wrist"
"IZTECH_S016","IZTECH_S016_w","2025-05-08 14:38:19",FALSE,0,31.5,8,3146,26.2167,76,0.633333,153,1.275,203.21,0.2,154,155,0.0107,0.0181,0.0221,0.0323,0.0387,0.0431,0.0445,0.0569,163.5,0.23,0,,,,,,,,,"wrist"
"IZTECH_S016","IZTECH_S016_w","2025-05-08 14:40:19",FALSE,0,31.38,8,657,5.475,16,0.133333,41,0.341667,199.25,0.2,183,166,0.0106,0.0178,0.0218,0.0321,0.038,0.0421,0.043,0.0553,161.26,0.22,0,,,,,,,,,"wrist"
"IZTECH_S016","IZTECH_S016_w","2025-05-08 14:42:19",FALSE,0,31.88,16,277,2.30833,3,0.025,30,0.25,225.82,0.21,132,122,0.0117,0.0197,0.0244,0.0356,0.0423,0.0479,0.0509,0.0648,182.43,0.25,0,,,,,,,,,"wrist"
"IZTECH_S016","IZTECH_S016_w","2025-05-08 14:44:19",FALSE,0,32,16,746,6.21667,17,0.141667,37,0.308333,176.1,0.18,128,122,0.0094,0.0158,0.0194,0.0282,0.0334,0.038,0.0404,0.0517,140.89,0.2,0,,,,,,,,,"wrist"
"IZTECH_S016","IZTECH_S016_w","2025-05-08 14:46:19",FALSE,0,31.94,1,1470,12.25,28,0.233333,77,0.641667,149.63,0.14,128,128,0.0079,0.0132,0.0164,0.024,0.0279,0.0313,0.0325,0.0417,125.12,0.16,0,,,,,,,,,"wrist"
"IZTECH_S016","IZTECH_S016_w","2025-05-08 14:48:19",FALSE,0,31.94,1,2638,21.9833,52,0.433333,183,1.525,175.6,0.17,130,118,0.0093,0.0155,0.0192,0.0281,0.0331,0.037,0.0383,0.0493,143.22,0.19,0,,,,,,,,,"wrist"
"IZTECH_S016","IZTECH_S016_w","2025-05-08 14:50:19",FALSE,0,31.88,1,450,3.75,5,0.0416667,23,0.191667,164.19,0.16,128,134,0.0086,0.0145,0.0179,0.0262,0.031,0.0344,0.0353,0.0453,134.27,0.18,0,,,,,,,,,"wrist"
"IZTECH_S016","IZTECH_S016_w","2025-05-08 14:52:19",FALSE,0,31.81,8,5160,43,126,1.05,287,2.39167,209.83,0.2,195,116,0.011,0.0189,0.0229,0.0334,0.0393,0.0442,0.0469,0.0593,173.06,0.23,0,,,,,,,,,"wrist"
"IZTECH_S016","IZTECH_S016_w","2025-05-08 14:54:19",FALSE,0,31.75,8,7104,59.2,170,1.41667,443,3.69167,244.5,0.22,194,140,0.0127,0.022,0.0265,0.0387,0.0454,0.0512,0.0549,0.0682,203.44,0.26,0,,,,,,,,,"wrist"
"IZTECH_S016","IZTECH_S016_w","2025-05-08 14:56:19",FALSE,0,31.69,1,17413,145.108,558,4.65,830,6.91667,286.85,0.33,212,162,0.0173,0.0286,0.0341,0.048,0.0534,0.0633,0.0694,0.0897,248.11,0.35,0,,,,,,,,,"wrist"
"IZTECH_S016","IZTECH_S016_w","2025-05-08 14:58:19",FALSE,0,31.62,8,1678,13.9833,37,0.308333,106,0.883333,59.15,0.28,186,110,0.0076,0.0108,0.0104,0.0134,0.0141,0.0228,0.0294,0.0454,31.08,0.17,0,,,,,,,,,"wrist"
"IZTECH_S016","IZTECH_S016_w","2025-05-08 15:00:19",FALSE,0,31.5,8,705,5.875,1,0.00833333,58,0.483333,65.95,0.31,185,110,0.0085,0.012,0.0116,0.0149,0.0158,0.0255,0.0328,0.0507,34.18,0.19,0,,,,,,,,,"wrist"
"IZTECH_S016","IZTECH_S016_w","2025-05-08 15:02:19",FALSE,0,31.25,8,11959,99.6583,372,3.1,615,5.125,92.84,0.29,169,132,0.0093,0.0135,0.0138,0.0184,0.02,0.0294,0.0365,0.0545,60.61,0.2,0,,,,,,,,,"wrist"
"IZTECH_S016","IZTECH_S016_w","2025-05-08 15:04:19",FALSE,0,31.5,1,3748,31.2333,83,0.691667,243,2.025,181.74,0.16,133,98,0.0092,0.0156,0.0194,0.0283,0.0338,0.038,0.0401,0.0508,148.13,0.19,0,,,,,,,,,"wrist"
"IZTECH_S016","IZTECH_S016_w","2025-05-08 15:06:19",FALSE,0,31.56,1,524,4.36667,6,0.05,38,0.316667,202.52,0.17,154,95,0.0101,0.0172,0.0215,0.0314,0.0374,0.0422,0.0448,0.0568,165.47,0.21,0,,,,,,,,,"wrist"
"IZTECH_S016","IZTECH_S016_w","2025-05-08 15:08:19",FALSE,0,31.62,1,2258,18.8167,44,0.366667,148,1.23333,203.08,0.17,139,94,0.0102,0.0173,0.0217,0.0318,0.0376,0.0421,0.0444,0.0563,167.19,0.21,0,,,,,,,,,"wrist"
"IZTECH_S016","IZTECH_S016_w","2025-05-08 15:10:19",FALSE,0,31.62,1,3354,27.95,59,0.491667,220,1.83333,238.51,0.19,143,94,0.0115,0.0197,0.0245,0.036,0.0442,0.0493,0.052,0.0654,190.69,0.24,0,,,,,,,,,"wrist"
"IZTECH_S016","IZTECH_S016_w","2025-05-08 15:12:19",FALSE,0,31.75,8,1688,14.0667,13,0.108333,103,0.858333,230.14,0.15,130,128,0.0094,0.0197,0.0207,0.0342,0.0417,0.045,0.0468,0.0522,185.98,0.2,0,,,,,,,,,"wrist"
"IZTECH_S016","IZTECH_S016_w","2025-05-08 15:14:19",FALSE,0,32.06,8,1967,16.3917,15,0.125,154,1.28333,232.04,0.15,129,94,0.0093,0.0197,0.0206,0.0343,0.0419,0.0452,0.0471,0.0522,187.42,0.2,0,,,,,,,,,"wrist"
"IZTECH_S016","IZTECH_S016_w","2025-05-08 15:16:19",FALSE,0,32.31,8,3519,29.325,62,0.516667,221,1.84167,207.6,0.15,131,94,0.0089,0.0176,0.0195,0.0313,0.0379,0.0412,0.0431,0.0499,167.8,0.19,0,,,,,,,,,"wrist"
"IZTECH_S016","IZTECH_S016_w","2025-05-08 15:18:19",FALSE,0,32.38,8,6758,56.3167,153,1.275,325,2.70833,185.91,0.14,151,94,0.0083,0.0156,0.0179,0.0282,0.0344,0.0374,0.0387,0.0461,147.86,0.18,0,,,,,,,,,"wrist"
"IZTECH_S016","IZTECH_S016_w","2025-05-08 15:20:19",FALSE,0,32.31,1,1197,9.975,21,0.175,93,0.775,135.76,0.11,135,97,0.0069,0.0117,0.0145,0.0211,0.025,0.0284,0.0301,0.0383,111.66,0.14,0,,,,,,,,,"wrist"
"IZTECH_S016","IZTECH_S016_w","2025-05-08 15:22:19",FALSE,0,32.31,1,2715,22.625,79,0.658333,132,1.1,143.41,0.13,147,94,0.0073,0.0124,0.0155,0.0225,0.0266,0.0301,0.0317,0.0403,117.91,0.15,0,,,,,,,,,"wrist"
"IZTECH_S016","IZTECH_S016_w","2025-05-08 15:24:19",FALSE,0,32.38,8,1987,16.5583,28,0.233333,116,0.966667,223.05,0.19,128,94,0.0113,0.0196,0.0239,0.0347,0.0413,0.0463,0.0494,0.0617,184.86,0.23,0,,,,,,,,,"wrist"
"IZTECH_S016","IZTECH_S016_w","2025-05-08 15:26:19",FALSE,0,32.31,1,1885,15.7083,41,0.341667,105,0.875,152.15,0.11,133,134,0.0074,0.0131,0.0158,0.023,0.0276,0.031,0.0335,0.041,127.82,0.15,0,,,,,,,,,"wrist"
"IZTECH_S016","IZTECH_S016_w","2025-05-08 15:28:19",FALSE,0,32.56,8,809,6.74167,16,0.133333,52,0.433333,220.42,0.17,146,108,0.0114,0.0201,0.024,0.0343,0.04,0.0446,0.0474,0.0578,194.23,0.22,0,,,,,,,,,"wrist"
"IZTECH_S016","IZTECH_S016_w","2025-05-08 15:30:19",FALSE,0,32.69,8,1880,15.6667,31,0.258333,114,0.95,232.89,0.21,193,150,0.0125,0.0213,0.0261,0.0375,0.0431,0.0484,0.0513,0.0642,200.65,0.25,0,,,,,,,,,"wrist"
"IZTECH_S016","IZTECH_S016_w","2025-05-08 15:32:19",FALSE,0,32.88,8,873,7.275,7,0.0583333,67,0.558333,199.38,0.2,131,106,0.011,0.0185,0.0225,0.0324,0.0378,0.0426,0.0446,0.0566,165.03,0.23,0,,,,,,,,,"wrist"
"IZTECH_S016","IZTECH_S016_w","2025-05-08 15:34:19",FALSE,0,32.62,8,2250,18.75,48,0.4,131,1.09167,186.47,0.17,192,121,0.0098,0.0166,0.0205,0.03,0.035,0.0387,0.0401,0.0509,155.58,0.2,0,,,,,,,,,"wrist"
"IZTECH_S016","IZTECH_S016_w","2025-05-08 15:36:19",FALSE,0,32.62,1,1646,13.7167,30,0.25,105,0.875,238.21,0.2,165,98,0.012,0.0205,0.0256,0.0371,0.0439,0.049,0.0519,0.0654,199.38,0.24,0,,,,,,,,,"wrist"
"IZTECH_S016","IZTECH_S016_w","2025-05-08 15:38:19",FALSE,0,32.19,8,6417,53.475,127,1.05833,422,3.51667,356.29,0.27,215,166,0.0171,0.0293,0.0369,0.0531,0.0654,0.0734,0.0791,0.0979,288.97,0.35,0,,,,,,,,,"wrist"
"IZTECH_S016","IZTECH_S016_w","2025-05-08 15:40:19",FALSE,0,32.19,8,8452,70.4333,250,2.08333,435,3.625,357.98,0.3,201,138,0.0187,0.0318,0.039,0.0559,0.0666,0.0734,0.0774,0.0962,302.9,0.37,0,,,,,,,,,"wrist"
"IZTECH_S016","IZTECH_S016_w","2025-05-08 15:42:19",FALSE,0,32.12,16,2100,17.5,41,0.341667,128,1.06667,266.01,0.21,199,138,0.0131,0.0224,0.0283,0.0411,0.0486,0.0549,0.0592,0.0746,220.79,0.27,0,,,,,,,,,"wrist"
"IZTECH_S016","IZTECH_S016_w","2025-05-08 15:44:19",FALSE,0,32,16,1570,13.0833,45,0.375,101,0.841667,265.06,0.21,189,138,0.013,0.0223,0.0282,0.0409,0.0485,0.0546,0.059,0.0742,219.55,0.27,0,,,,,,,,,"wrist"
"IZTECH_S016","IZTECH_S016_w","2025-05-08 15:46:19",FALSE,0,32.06,8,1567,13.0583,22,0.183333,81,0.675,269.9,0.21,208,144,0.0133,0.023,0.0289,0.0417,0.0493,0.0553,0.0597,0.0745,226.8,0.27,0,,,,,,,,,"wrist"
"IZTECH_S016","IZTECH_S016_w","2025-05-08 15:48:19",FALSE,0,32.25,16,3672,30.6,85,0.708333,209,1.74167,304.07,0.23,188,134,0.0151,0.0261,0.0326,0.047,0.0557,0.0619,0.0664,0.0825,257.04,0.31,0,,,,,,,,,"wrist"
"IZTECH_S016","IZTECH_S016_w","2025-05-08 15:50:19",FALSE,0,32.25,1,2407,20.0583,46,0.383333,150,1.25,182.41,0.14,187,154,0.0089,0.0152,0.0192,0.0279,0.0334,0.0376,0.0405,0.051,150.03,0.18,0,,,,,,,,,"wrist"
"IZTECH_S016","IZTECH_S016_w","2025-05-08 15:52:19",FALSE,0,32.5,1,2327,19.3917,33,0.275,166,1.38333,179.89,0.13,192,138,0.0087,0.0151,0.019,0.0277,0.0326,0.0366,0.0392,0.0492,151.79,0.18,0,,,,,,,,,"wrist"
"IZTECH_S016","IZTECH_S016_w","2025-05-08 15:54:19",FALSE,0,32.38,16,2123,17.6917,51,0.425,153,1.275,246.51,0.2,192,134,0.012,0.0206,0.0263,0.0383,0.045,0.0504,0.0539,0.0682,205.84,0.25,0,,,,,,,,,"wrist"
"IZTECH_S016","IZTECH_S016_w","2025-05-08 15:56:19",FALSE,0,32.44,8,1694,14.1167,27,0.225,136,1.13333,236.28,0.19,160,102,0.0117,0.0201,0.0254,0.037,0.0437,0.0481,0.0505,0.0641,197.54,0.24,0,,,,,,,,,"wrist"
"IZTECH_S016","IZTECH_S016_w","2025-05-08 15:58:19",FALSE,0,32.5,1,1891,15.7583,29,0.241667,116,0.966667,250.32,0.2,199,140,0.0122,0.0211,0.0266,0.0387,0.0458,0.0511,0.0545,0.0688,209.2,0.25,0,,,,,,,,,"wrist"
"IZTECH_S016","IZTECH_S016_w","2025-05-08 16:00:19",FALSE,0,32.5,1,1657,13.8083,41,0.341667,97,0.808333,240.03,0.19,165,96,0.0117,0.0202,0.0256,0.0374,0.0441,0.0487,0.0515,0.0652,201.11,0.24,0,,,,,,,,,"wrist"
"IZTECH_S016","IZTECH_S016_w","2025-05-08 16:02:19",FALSE,0,32.31,1,3360,28,76,0.633333,192,1.6,254.57,0.2,213,158,0.0123,0.0214,0.0271,0.0393,0.0465,0.0518,0.0554,0.0698,213.64,0.25,0,,,,,,,,,"wrist"
"IZTECH_S016","IZTECH_S016_w","2025-05-08 16:04:19",FALSE,0,32.56,8,1894,15.7833,34,0.283333,122,1.01667,248.44,0.2,189,99,0.0122,0.0211,0.0266,0.0388,0.0459,0.0509,0.054,0.0683,206.51,0.26,0,,,,,,,,,"wrist"
"IZTECH_S016","IZTECH_S016_w","2025-05-08 16:06:19",FALSE,0,32.5,16,2024,16.8667,38,0.316667,148,1.23333,255.17,0.21,195,102,0.0124,0.0213,0.0272,0.0397,0.047,0.0522,0.0555,0.0704,211.32,0.26,0,,,,,,,,,"wrist"
"IZTECH_S016","IZTECH_S016_w","2025-05-08 16:08:19",FALSE,0,31.94,1,26865,223.875,937,7.80833,1123,9.35833,64.95,0.04,177,114,0.0026,0.0051,0.0059,0.0089,0.0122,0.013,0.0128,0.0139,49.05,0.06,0,,,,,,,,,"wrist"
"IZTECH_S016","IZTECH_S016_w","2025-05-08 16:10:19",FALSE,0,31.44,1,22721,189.342,787,6.55833,1200,10,21.16,0.01,196,122,5e-04,0.0016,0.0016,0.0024,0.0039,0.0038,0.0034,0.0024,15.9,0.01,0,,,,,,,,,"wrist"
"IZTECH_S016","IZTECH_S016_w","2025-05-08 16:12:19",FALSE,0,31.25,8,10209,85.075,324,2.7,602,5.01667,247.3,0.2,183,118,0.0123,0.0212,0.0268,0.0391,0.0455,0.0502,0.053,0.0668,209.78,0.25,0,,,,,,,,,"wrist"
"IZTECH_S016","IZTECH_S016_w","2025-05-08 16:14:19",FALSE,1,31.31,1,15515,129.292,453,3.775,912,7.6,321.54,0.24,214,167,0.0158,0.0267,0.0333,0.0482,0.0595,0.0664,0.0707,0.0891,259.82,0.32,0,,,,,,,,,"wrist"
"IZTECH_S016","IZTECH_S016_w","2025-05-08 16:16:19",FALSE,0,29.12,1,12134,101.117,319,2.65833,676,5.63333,0,0,228,176,0,0,0,0,0,0,0,0,0,0,0,,,,,,,,,"wrist"
"IZTECH_S016","IZTECH_S016_w","2025-05-08 16:18:19",FALSE,0,28.44,1,10597,88.3083,291,2.425,498,4.15,0,0,227,175,0,0,0,0,0,0,0,0,0,0,0,,,,,,,,,"wrist"
"IZTECH_S016","IZTECH_S016_w","2025-05-08 16:20:19",FALSE,0,28.19,1,21435,178.625,747,6.225,915,7.625,0,0,227,175,0,0,0,0,0,0,0,0,0,0,0,,,,,,,,,"wrist"
"IZTECH_S016","IZTECH_S016_w","2025-05-08 16:22:19",FALSE,0,28,1,4715,39.2917,130,1.08333,316,2.63333,0,0,228,175,0,0,0,0,0,0,0,0,0,0,0,,,,,,,,,"wrist"
"IZTECH_S016","IZTECH_S016_w","2025-05-08 16:24:19",FALSE,0,27.75,1,0,0,0,0,0,0,0,0,227,175,0,0,0,0,0,0,0,0,0,0,0,,,,,,,,,"wrist"
"IZTECH_S016","IZTECH_S016_w","2025-05-08 16:26:19",FALSE,0,27.5,1,0,0,0,0,0,0,0,0,228,175,0,0,0,0,0,0,0,0,0,0,0,,,,,,,,,"wrist"
"IZTECH_S016","IZTECH_S016_w","2025-05-08 16:28:19",FALSE,0,27.31,1,0,0,0,0,0,0,0,0,227,175,0,0,0,0,0,0,0,0,0,0,0,,,,,,,,,"wrist"
"IZTECH_S016","IZTECH_S016_w","2025-05-08 16:30:19",FALSE,0,27.19,1,0,0,0,0,0,0,0,0,227,175,0,0,0,0,0,0,0,0,0,0,0,,,,,,,,,"wrist"
"IZTECH_S016","IZTECH_S016_w","2025-05-08 16:32:19",FALSE,0,27,1,0,0,0,0,0,0,0,0,227,175,0,0,0,0,0,0,0,0,0,0,0,,,,,,,,,"wrist"
"IZTECH_S016","IZTECH_S016_w","2025-05-08 16:34:19",FALSE,0,26.88,1,0,0,0,0,0,0,0,0,227,175,0,0,0,0,0,0,0,0,0,0,0,,,,,,,,,"wrist"
"IZTECH_S016","IZTECH_S016_w","2025-05-08 16:36:19",FALSE,0,26.75,1,0,0,0,0,0,0,0,0,227,175,0,0,0,0,0,0,0,0,0,0,0,,,,,,,,,"wrist"
"IZTECH_S016","IZTECH_S016_w","2025-05-08 16:38:19",FALSE,0,26.62,1,0,0,0,0,0,0,0,0,227,175,0,0,0,0,0,0,0,0,0,0,0,,,,,,,,,"wrist"
"IZTECH_S016","IZTECH_S016_w","2025-05-08 16:40:19",FALSE,0,26.5,1,0,0,0,0,0,0,0,0,227,175,0,0,0,0,0,0,0,0,0,0,0,,,,,,,,,"wrist"
"IZTECH_S016","IZTECH_S016_w","2025-05-08 16:42:19",FALSE,0,26.38,1,0,0,0,0,0,0,0,0,227,175,0,0,0,0,0,0,0,0,0,0,0,,,,,,,,,"wrist"
"IZTECH_S016","IZTECH_S016_w","2025-05-08 16:44:19",FALSE,0,26.31,1,0,0,0,0,0,0,0,0,227,175,0,0,0,0,0,0,0,0,0,0,0,,,,,,,,,"wrist"
"IZTECH_S016","IZTECH_S016_w","2025-05-08 16:46:19",FALSE,0,26.19,1,0,0,0,0,0,0,0,0,227,175,0,0,0,0,0,0,0,0,0,0,0,,,,,,,,,"wrist"
"IZTECH_S016","IZTECH_S016_w","2025-05-08 16:48:19",FALSE,0,26.12,1,0,0,0,0,0,0,0,0,227,175,0,0,0,0,0,0,0,0,0,0,0,,,,,,,,,"wrist"
"IZTECH_S016","IZTECH_S016_w","2025-05-08 16:50:19",FALSE,0,26.06,1,0,0,0,0,0,0,0,0,227,175,0,0,0,0,0,0,0,0,0,0,0,,,,,,,,,"wrist"
"IZTECH_S016","IZTECH_S016_w","2025-05-08 16:52:19",FALSE,0,26,1,0,0,0,0,0,0,0,0,227,175,0,0,0,0,0,0,0,0,0,0,0,,,,,,,,,"wrist"
"IZTECH_S016","IZTECH_S016_w","2025-05-08 16:54:19",FALSE,0,25.94,1,0,0,0,0,0,0,0,0,227,175,0,0,0,0,0,0,0,0,0,0,0,,,,,,,,,"wrist"
"IZTECH_S016","IZTECH_S016_w","2025-05-08 16:56:19",FALSE,0,25.88,1,0,0,0,0,0,0,0,0,227,175,0,0,0,0,0,0,0,0,0,0,0,,,,,,,,,"wrist"
"IZTECH_S016","IZTECH_S016_w","2025-05-08 16:58:19",FALSE,0,25.81,1,0,0,0,0,0,0,0,0,227,174,0,0,0,0,0,0,0,0,0,0,0,,,,,,,,,"wrist"
"IZTECH_S016","IZTECH_S016_w","2025-05-08 17:00:19",FALSE,0,25.75,1,0,0,0,0,0,0,0,0,227,174,0,0,0,0,0,0,0,0,0,0,0,,,,,,,,,"wrist"
"IZTECH_S016","IZTECH_S016_w","2025-05-08 17:02:19",FALSE,0,25.75,1,0,0,0,0,0,0,0,0,227,174,0,0,0,0,0,0,0,0,0,0,0,,,,,,,,,"wrist"
"IZTECH_S016","IZTECH_S016_w","2025-05-08 17:04:19",FALSE,0,25.69,1,0,0,0,0,0,0,0,0,227,175,0,0,0,0,0,0,0,0,0,0,0,,,,,,,,,"wrist"
"IZTECH_S016","IZTECH_S016_w","2025-05-08 17:06:19",FALSE,0,25.62,1,933,7.775,16,0.133333,53,0.441667,0,0,227,174,0,0,0,0,0,0,0,0,0,0,0,,,,,,,,,"wrist"
"IZTECH_S016","IZTECH_S016_w","2025-05-08 17:08:19",FALSE,0,25.62,32,246,2.05,6,0.05,17,0.141667,0,0,227,174,0,0,0,0,0,0,0,0,0,0,0,,,,,,,,,"wrist"
"IZTECH_S016","IZTECH_S016_w","2025-05-08 17:10:19",FALSE,0,25.62,1,7582,63.1833,178,1.48333,500,4.16667,0,0,227,174,0,0,0,0,0,0,0,0,0,0,0,,,,,,,,,"wrist"
"IZTECH_S016","IZTECH_S016_w","2025-05-08 17:12:19",FALSE,0,25.62,1,28734,239.45,1070,8.91667,956,7.96667,0,0,225,173,0,0,0,0,0,0,0,0,0,0,0,,,,,,,,,"wrist"
"IZTECH_S016","IZTECH_S016_w","2025-05-08 17:14:19",FALSE,0,25.81,1,38527,321.058,1539,12.825,1143,9.525,0,0,224,174,0,0,0,0,0,0,0,0,0,0,0,,,,,,,,,"wrist"
"IZTECH_S016","IZTECH_S016_w","2025-05-08 17:16:19",FALSE,0,26.12,1,31633,263.608,1226,10.2167,1018,8.48333,0,0,225,174,0,0,0,0,0,0,0,0,0,0,0,,,,,,,,,"wrist"
"IZTECH_S016","IZTECH_S016_w","2025-05-08 17:18:19",FALSE,0,26.62,1,46131,384.425,1831,15.2583,1086,9.05,0,0,225,174,0,0,0,0,0,0,0,0,0,0,0,,,,,,,,,"wrist"
"IZTECH_S016","IZTECH_S016_w","2025-05-08 17:20:19",FALSE,0,27.06,1,44230,368.583,1749,14.575,1152,9.6,0,0,225,173,0,0,0,0,0,0,0,0,0,0,0,,,,,,,,,"wrist"
"IZTECH_S016","IZTECH_S016_w","2025-05-08 17:22:19",FALSE,0,27.75,1,35716,297.633,1372,11.4333,1123,9.35833,0,0,225,173,0,0,0,0,0,0,0,0,0,0,0,,,,,,,,,"wrist"
"IZTECH_S016","IZTECH_S016_w","2025-05-08 17:24:19",FALSE,0,28.38,1,14058,117.15,469,3.90833,659,5.49167,0,0,228,175,0,0,0,0,0,0,0,0,0,0,0,,,,,,,,,"wrist"
"IZTECH_S016","IZTECH_S016_w","2025-05-08 17:26:19",FALSE,0,28.62,4,8,0.0666667,0,0,2,0.0166667,0,0,228,176,0,0,0,0,0,0,0,0,0,0,0,,,,,,,,,"wrist"
"IZTECH_S016","IZTECH_S016_w","2025-05-08 17:28:19",FALSE,0,28.69,4,0,0,0,0,0,0,0,0,228,176,0,0,0,0,0,0,0,0,0,0,0,,,,,,,,,"wrist"
"IZTECH_S016","IZTECH_S016_w","2025-05-08 17:30:19",FALSE,0,28.69,4,0,0,0,0,0,0,0,0,228,175,0,0,0,0,0,0,0,0,0,0,0,,,,,,,,,"wrist"
"IZTECH_S016","IZTECH_S016_w","2025-05-08 17:32:19",FALSE,0,28.56,4,0,0,0,0,0,0,0,0,228,175,0,0,0,0,0,0,0,0,0,0,0,,,,,,,,,"wrist"
"IZTECH_S016","IZTECH_S016_w","2025-05-08 17:34:19",FALSE,0,28.5,4,0,0,0,0,0,0,0,0,228,175,0,0,0,0,0,0,0,0,0,0,0,,,,,,,,,"wrist"
"IZTECH_S016","IZTECH_S016_w","2025-05-08 17:36:19",FALSE,0,28.44,4,0,0,0,0,0,0,0,0,228,176,0,0,0,0,0,0,0,0,0,0,0,,,,,,,,,"wrist"
"IZTECH_S016","IZTECH_S016_w","2025-05-08 17:38:19",FALSE,0,28.31,4,0,0,0,0,0,0,0,0,228,175,0,0,0,0,0,0,0,0,0,0,0,,,,,,,,,"wrist"
"IZTECH_S016","IZTECH_S016_w","2025-05-08 17:40:19",FALSE,0,28.19,4,0,0,0,0,0,0,0,0,228,176,0,0,0,0,0,0,0,0,0,0,0,,,,,,,,,"wrist"
"IZTECH_S016","IZTECH_S016_w","2025-05-08 17:42:19",FALSE,0,28.12,4,0,0,0,0,0,0,0,0,228,175,0,0,0,0,0,0,0,0,0,0,0,,,,,,,,,"wrist"
"IZTECH_S016","IZTECH_S016_w","2025-05-08 17:44:19",FALSE,0,28.06,4,0,0,0,0,0,0,0,0,228,175,0,0,0,0,0,0,0,0,0,0,0,,,,,,,,,"wrist"
"IZTECH_S016","IZTECH_S016_w","2025-05-08 17:46:19",FALSE,0,27.94,4,0,0,0,0,0,0,0,0,228,175,0,0,0,0,0,0,0,0,0,0,0,,,,,,,,,"wrist"
"IZTECH_S016","IZTECH_S016_w","2025-05-08 17:48:19",FALSE,0,27.81,4,0,0,0,0,0,0,0,0,228,175,0,0,0,0,0,0,0,0,0,0,0,,,,,,,,,"wrist"
"IZTECH_S016","IZTECH_S016_w","2025-05-08 17:50:19",FALSE,0,27.75,4,0,0,0,0,0,0,0,0,228,175,0,0,0,0,0,0,0,0,0,0,0,,,,,,,,,"wrist"
"IZTECH_S016","IZTECH_S016_w","2025-05-08 17:52:19",FALSE,1,32.19,1,12955,107.958,359,2.99167,820,6.83333,54.49,0.03,128,108,0.0023,0.004,0.0052,0.0076,0.0095,0.0111,0.0132,0.0166,43.44,0.05,0,,,,,,,,,"wrist"
"IZTECH_S016","IZTECH_S016_w","2025-05-08 17:54:19",FALSE,0,32.88,16,3516,29.3,74,0.616667,215,1.79167,1168.49,0.5,128,98,0.0494,0.0872,0.1205,0.1713,0.1956,0.2253,0.2761,0.3421,1035.99,0.96,0,,,,,,,,,"wrist"
"IZTECH_S016","IZTECH_S016_w","2025-05-08 17:56:19",FALSE,0,33.5,1,2976,24.8,55,0.458333,162,1.35,889.34,0.42,128,102,0.0378,0.0655,0.0889,0.1265,0.1509,0.1765,0.2155,0.273,751.23,0.75,0,,,,,,,,,"wrist"
"IZTECH_S016","IZTECH_S016_w","2025-05-08 17:58:19",FALSE,0,33.75,16,6569,54.7417,147,1.225,425,3.54167,214.67,0.12,129,104,0.009,0.0154,0.0208,0.0304,0.0371,0.0444,0.0548,0.0716,167.89,0.19,0,,,,,,,,,"wrist"
"IZTECH_S016","IZTECH_S016_w","2025-05-08 18:00:19",FALSE,0,33.94,16,2203,18.3583,41,0.341667,168,1.4,286.99,0.15,128,112,0.0118,0.0206,0.0279,0.0407,0.0491,0.0585,0.072,0.0931,230.06,0.25,0,,,,,,,,,"wrist"
"IZTECH_S016","IZTECH_S016_w","2025-05-08 18:02:19",FALSE,0,34,8,1372,11.4333,23,0.191667,81,0.675,286.96,0.15,128,128,0.0118,0.0206,0.028,0.0407,0.049,0.0583,0.0717,0.0927,231.24,0.25,0,,,,,,,,,"wrist"
"IZTECH_S016","IZTECH_S016_w","2025-05-08 18:04:19",FALSE,0,34.06,8,763,6.35833,14,0.116667,46,0.383333,297.11,0.14,128,119,0.012,0.0211,0.0287,0.0418,0.0502,0.0598,0.0736,0.0952,242.34,0.25,0,,,,,,,,,"wrist"
"IZTECH_S016","IZTECH_S016_w","2025-05-08 18:06:19",FALSE,0,34.12,8,666,5.55,10,0.0833333,44,0.366667,339,0.17,125,121,0.0141,0.0244,0.0331,0.0482,0.0578,0.0689,0.0848,0.1098,274.59,0.29,0,,,,,,,,,"wrist"
"IZTECH_S016","IZTECH_S016_w","2025-05-08 18:08:19",FALSE,0,34.31,1,3099,25.825,106,0.883333,138,1.15,245.34,0.12,129,120,0.0101,0.0176,0.0238,0.0346,0.0417,0.0495,0.0611,0.079,199.19,0.21,0,,,,,,,,,"wrist"
"IZTECH_S016","IZTECH_S016_w","2025-05-08 18:10:19",FALSE,0,34.25,16,4887,40.725,158,1.31667,223,1.85833,66.62,0.04,128,136,0.0028,0.0048,0.0063,0.0094,0.0116,0.0142,0.0179,0.0239,49.9,0.06,0,,,,,,,,,"wrist"
"IZTECH_S016","IZTECH_S016_w","2025-05-08 18:12:19",FALSE,0,34.19,1,5154,42.95,140,1.16667,313,2.60833,40.42,0.03,193,143,0.0019,0.0031,0.004,0.0059,0.0072,0.009,0.0115,0.0162,29.23,0.04,0,,,,,,,,,"wrist"
"IZTECH_S016","IZTECH_S016_w","2025-05-08 18:14:19",FALSE,0,34.44,1,2313,19.275,53,0.441667,118,0.983333,49.48,0.03,128,106,0.0022,0.0038,0.0049,0.0071,0.0087,0.0109,0.0138,0.0192,36.37,0.05,0,,,,,,,,,"wrist"
"IZTECH_S016","IZTECH_S016_w","2025-05-08 18:16:19",FALSE,0,33.19,4,16640,138.667,460,3.83333,808,6.73333,58.94,0.02,200,146,0.0022,0.0048,0.0049,0.008,0.0102,0.0114,0.0121,0.0135,48.19,0.04,0,,,,,,,,,"wrist"
"IZTECH_S016","IZTECH_S016_w","2025-05-08 18:18:19",FALSE,0,32.94,4,15447,128.725,444,3.7,863,7.19167,37.6,0.02,206,150,0.0016,0.0028,0.0037,0.0054,0.0064,0.0076,0.0093,0.0118,30.82,0.03,0,,,,,,,,,"wrist"
"IZTECH_S016","IZTECH_S016_w","2025-05-08 18:20:19",FALSE,0,32.75,4,14185,118.208,421,3.50833,714,5.95,52.34,0.03,184,145,0.0023,0.004,0.0053,0.0076,0.0089,0.0105,0.0127,0.0161,44.35,0.05,0,,,,,,,,,"wrist"
"IZTECH_S016","IZTECH_S016_w","2025-05-08 18:22:19",FALSE,0,32.69,32,20879,173.992,544,4.53333,944,7.86667,18.29,0.01,208,158,8e-04,0.0014,0.0018,0.0026,0.0032,0.0039,0.0047,0.0062,14.16,0.02,0,,,,,,,,,"wrist"
"IZTECH_S016","IZTECH_S016_w","2025-05-08 18:24:19",FALSE,0,33.12,1,14839,123.658,431,3.59167,804,6.7,21.73,0.01,135,102,0.001,0.0017,0.0022,0.0032,0.0038,0.0045,0.0054,0.007,17.63,0.02,0,,,,,,,,,"wrist"
"IZTECH_S016","IZTECH_S016_w","2025-05-08 18:26:19",FALSE,0,32.94,32,11764,98.0333,308,2.56667,689,5.74167,14.01,0.01,129,107,7e-04,0.0011,0.0015,0.0021,0.0025,0.003,0.0036,0.0049,10.91,0.02,0,,,,,,,,,"wrist"
"IZTECH_S016","IZTECH_S016_w","2025-05-08 18:28:19",FALSE,0,32.81,8,6533,54.4417,151,1.25833,380,3.16667,32.66,0.02,205,158,0.0015,0.0025,0.0033,0.0048,0.0056,0.0066,0.008,0.0102,27.58,0.03,0,,,,,,,,,"wrist"
"IZTECH_S016","IZTECH_S016_w","2025-05-08 18:30:19",FALSE,0,32.69,8,11499,95.825,288,2.4,659,5.49167,27.5,0.01,182,142,0.0012,0.0021,0.0028,0.0041,0.0047,0.0056,0.0068,0.0087,23.21,0.03,0,,,,,,,,,"wrist"
"IZTECH_S016","IZTECH_S016_w","2025-05-08 18:32:19",FALSE,0,32.69,32,19070,158.917,613,5.10833,1065,8.875,22.49,0.01,155,118,0.0011,0.0018,0.0024,0.0035,0.0038,0.0045,0.0056,0.0073,19.83,0.02,0,,,,,,,,,"wrist"
"IZTECH_S016","IZTECH_S016_w","2025-05-08 18:34:19",FALSE,0,32.69,4,16651,138.758,464,3.86667,1072,8.93333,20.14,0.01,169,98,0.001,0.0016,0.0021,0.0031,0.0034,0.0041,0.005,0.0067,17.68,0.02,0,,,,,,,,,"wrist"
"IZTECH_S016","IZTECH_S016_w","2025-05-08 18:36:19",FALSE,0,32.5,1,11080,92.3333,290,2.41667,660,5.5,14.14,0.01,171,110,6e-04,0.0011,0.0014,0.0021,0.0025,0.0029,0.0036,0.0047,11.29,0.01,0,,,,,,,,,"wrist"
"IZTECH_S016","IZTECH_S016_w","2025-05-08 18:38:19",FALSE,0,32.38,1,15255,127.125,467,3.89167,875,7.29167,34.58,0.02,136,114,0.0014,0.0024,0.0031,0.0043,0.0063,0.007,0.0084,0.0106,24.93,0.03,0,,,,,,,,,"wrist"
"IZTECH_S016","IZTECH_S016_w","2025-05-08 18:40:19",FALSE,0,32.5,4,15577,129.808,463,3.85833,799,6.65833,11.89,0.01,205,140,5e-04,9e-04,0.0012,0.0018,0.0021,0.0026,0.0032,0.0043,9.06,0.01,0,,,,,,,,,"wrist"
"IZTECH_S016","IZTECH_S016_w","2025-05-08 18:42:19",FALSE,0,32.56,1,9892,82.4333,271,2.25833,637,5.30833,38.04,0.02,132,92,0.0016,0.0027,0.0037,0.0053,0.0066,0.0077,0.0095,0.0123,30.25,0.03,0,,,,,,,,,"wrist"
"IZTECH_S016","IZTECH_S016_w","2025-05-08 18:44:19",FALSE,0,32.62,1,2556,21.3,60,0.5,144,1.2,39.18,0.02,139,92,0.0017,0.003,0.0041,0.0058,0.0066,0.0077,0.0094,0.0121,34.66,0.03,0,,,,,,,,,"wrist"
"IZTECH_S016","IZTECH_S016_w","2025-05-08 18:46:19",FALSE,0,32.38,4,9002,75.0167,277,2.30833,441,3.675,46.51,0.02,148,138,0.0019,0.0034,0.0045,0.0065,0.0079,0.0093,0.0115,0.0146,38.1,0.04,0,,,,,,,,,"wrist"
"IZTECH_S016","IZTECH_S016_w","2025-05-08 18:48:19",FALSE,0,32.19,1,10254,85.45,314,2.61667,543,4.525,48.78,0.02,159,134,0.0021,0.0036,0.0048,0.0069,0.0083,0.0098,0.0121,0.0157,40.13,0.04,0,,,,,,,,,"wrist"
"IZTECH_S016","IZTECH_S016_w","2025-05-08 18:50:19",FALSE,0,32.12,4,9286,77.3833,277,2.30833,422,3.51667,59.57,0.03,129,123,0.0025,0.0043,0.0058,0.0083,0.0102,0.012,0.0147,0.0188,48.44,0.05,0,,,,,,,,,"wrist"
"IZTECH_S016","IZTECH_S016_w","2025-05-08 18:52:19",FALSE,0,32.31,4,9336,77.8,303,2.525,423,3.525,29.99,0.02,133,100,0.0014,0.0024,0.0032,0.0045,0.0053,0.0061,0.0075,0.0101,25.32,0.03,0,,,,,,,,,"wrist"
"IZTECH_S016","IZTECH_S016_w","2025-05-08 18:54:19",FALSE,0,32.38,1,6428,53.5667,151,1.25833,428,3.56667,35.23,0.02,128,102,0.0015,0.0026,0.0035,0.0051,0.006,0.007,0.0087,0.0112,29.88,0.03,0,,,,,,,,,"wrist"
"IZTECH_S016","IZTECH_S016_w","2025-05-08 18:56:19",FALSE,0,32.44,1,7741,64.5083,184,1.53333,440,3.66667,27.66,0.01,129,102,0.0012,0.0021,0.0029,0.0041,0.0047,0.0055,0.0068,0.0088,24.01,0.02,0,,,,,,,,,"wrist"
"IZTECH_S016","IZTECH_S016_w","2025-05-08 18:58:19",FALSE,0,32.12,32,16364,136.367,452,3.76667,943,7.85833,69.82,0.05,125,102,0.0033,0.0054,0.007,0.0103,0.0126,0.0153,0.0196,0.0276,50.93,0.08,0,,,,,,,,,"wrist"
"IZTECH_S016","IZTECH_S016_w","2025-05-08 19:00:19",FALSE,0,32.44,32,15366,128.05,472,3.93333,825,6.875,110.48,0.08,132,94,0.0054,0.0084,0.0107,0.0163,0.0199,0.0245,0.0321,0.0456,77.33,0.12,0,,,,,,,,,"wrist"
"IZTECH_S016","IZTECH_S016_w","2025-05-08 19:02:19",FALSE,0,33.25,4,4253,35.4417,102,0.85,259,2.15833,232.13,0.14,137,94,0.0101,0.0163,0.0215,0.0326,0.0409,0.0499,0.0651,0.0878,165.21,0.23,0,,,,,,,,,"wrist"
"IZTECH_S016","IZTECH_S016_w","2025-05-08 19:04:19",FALSE,0,33.56,16,2728,22.7333,62,0.516667,139,1.15833,181.01,0.11,132,94,0.008,0.0128,0.0169,0.0257,0.0319,0.039,0.0514,0.0695,128.96,0.18,0,,,,,,,,,"wrist"
"IZTECH_S016","IZTECH_S016_w","2025-05-08 19:06:19",FALSE,0,33.81,16,358,2.98333,0,0,30,0.25,150.92,0.09,137,93,0.0067,0.0108,0.0143,0.0215,0.0265,0.0323,0.0428,0.058,109.49,0.15,0,,,,,,,,,"wrist"
"IZTECH_S016","IZTECH_S016_w","2025-05-08 19:08:19",FALSE,0,34,16,302,2.51667,0,0,18,0.15,102.57,0.06,183,94,0.0045,0.0075,0.0101,0.0148,0.0178,0.0213,0.0279,0.0372,79.32,0.1,0,,,,,,,,,"wrist"
"IZTECH_S016","IZTECH_S016_w","2025-05-08 19:10:19",FALSE,0,34.19,8,2360,19.6667,32,0.266667,155,1.29167,69.74,0.04,128,95,0.0029,0.0049,0.0067,0.01,0.012,0.0143,0.0186,0.0246,54.03,0.06,0,,,,,,,,,"wrist"
"IZTECH_S016","IZTECH_S016_w","2025-05-08 19:12:19",FALSE,0,34.19,8,9327,77.725,203,1.69167,478,3.98333,46.54,0.02,154,95,0.0018,0.003,0.0042,0.0063,0.0081,0.0096,0.0123,0.0161,33.52,0.04,0,,,,,,,,,"wrist"
"IZTECH_S016","IZTECH_S016_w","2025-05-08 19:14:19",FALSE,0,33.94,1,10977,91.475,251,2.09167,644,5.36667,36.23,0.02,133,95,0.0016,0.0027,0.0037,0.0054,0.0062,0.0072,0.0092,0.012,30.35,0.03,0,,,,,,,,,"wrist"
"IZTECH_S016","IZTECH_S016_w","2025-05-08 19:16:19",FALSE,0,33.81,1,9661,80.5083,229,1.90833,521,4.34167,20.58,0.01,185,102,9e-04,0.0016,0.0021,0.0031,0.0035,0.0039,0.005,0.0059,18.19,0.02,0,,,,,,,,,"wrist"
"IZTECH_S016","IZTECH_S016_w","2025-05-08 19:18:19",FALSE,0,33.75,1,4511,37.5917,83,0.691667,253,2.10833,2.89,0,128,101,1e-04,2e-04,2e-04,4e-04,5e-04,6e-04,8e-04,8e-04,1.92,0,0,,,,,,,,,"wrist"
"IZTECH_S016","IZTECH_S016_w","2025-05-08 19:20:19",FALSE,0,33.75,1,2103,17.525,16,0.133333,143,1.19167,2.94,0,125,118,1e-04,3e-04,2e-04,4e-04,5e-04,6e-04,8e-04,8e-04,2.06,0,0,,,,,,,,,"wrist"
"IZTECH_S016","IZTECH_S016_w","2025-05-08 19:22:19",FALSE,0,34,1,2022,16.85,26,0.216667,159,1.325,2.53,0,144,95,1e-04,2e-04,2e-04,4e-04,5e-04,5e-04,7e-04,8e-04,1.74,0,0,,,,,,,,,"wrist"
"IZTECH_S016","IZTECH_S016_w","2025-05-08 19:24:19",FALSE,0,33.81,1,2154,17.95,22,0.183333,142,1.18333,2.52,0,146,130,1e-04,2e-04,2e-04,4e-04,5e-04,5e-04,6e-04,7e-04,1.72,0,0,,,,,,,,,"wrist"
"IZTECH_S016","IZTECH_S016_w","2025-05-08 19:26:19",FALSE,0,34,1,1560,13,22,0.183333,104,0.866667,2.59,0,128,113,1e-04,2e-04,3e-04,4e-04,5e-04,5e-04,7e-04,8e-04,2.01,0,0,,,,,,,,,"wrist"
"IZTECH_S016","IZTECH_S016_w","2025-05-08 19:28:19",FALSE,0,34.12,1,1454,12.1167,10,0.0833333,108,0.9,3.38,0,128,120,1e-04,3e-04,3e-04,5e-04,6e-04,6e-04,8e-04,8e-04,2.6,0,0,,,,,,,,,"wrist"
"IZTECH_S016","IZTECH_S016_w","2025-05-08 19:30:19",FALSE,0,34.19,1,4959,41.325,106,0.883333,336,2.8,2.93,0,174,98,1e-04,2e-04,3e-04,5e-04,5e-04,5e-04,7e-04,8e-04,2.34,0,0,,,,,,,,,"wrist"
"IZTECH_S016","IZTECH_S016_w","2025-05-08 19:32:19",FALSE,0,34.12,8,837,6.975,13,0.108333,54,0.45,2.19,0,186,115,0,2e-04,2e-04,3e-04,4e-04,4e-04,6e-04,7e-04,1.48,0,0,,,,,,,,,"wrist"
"IZTECH_S016","IZTECH_S016_w","2025-05-08 19:34:19",FALSE,0,34.19,8,401,3.34167,4,0.0333333,26,0.216667,2.15,0,168,95,1e-04,2e-04,2e-04,3e-04,4e-04,4e-04,6e-04,7e-04,1.53,0,0,,,,,,,,,"wrist"
"IZTECH_S016","IZTECH_S016_w","2025-05-08 19:36:19",FALSE,0,34.25,8,1830,15.25,37,0.308333,132,1.1,2.93,0,146,95,1e-04,3e-04,2e-04,4e-04,5e-04,6e-04,8e-04,8e-04,2.18,0,0,,,,,,,,,"wrist"
"IZTECH_S016","IZTECH_S016_w","2025-05-08 19:38:19",FALSE,0,34.06,8,1211,10.0917,12,0.1,92,0.766667,3.52,0,192,131,1e-04,3e-04,3e-04,5e-04,6e-04,6e-04,8e-04,8e-04,2.72,0,0,,,,,,,,,"wrist"
"IZTECH_S016","IZTECH_S016_w","2025-05-08 19:40:19",FALSE,0,34.12,8,2445,20.375,44,0.366667,177,1.475,3.06,0,160,97,1e-04,3e-04,2e-04,4e-04,5e-04,6e-04,9e-04,8e-04,2.21,0,0,,,,,,,,,"wrist"
"IZTECH_S016","IZTECH_S016_w","2025-05-08 19:42:19",FALSE,0,34.12,16,7291,60.7583,131,1.09167,546,4.55,1.75,0,138,95,0,1e-04,2e-04,3e-04,3e-04,3e-04,5e-04,5e-04,1.28,0,0,,,,,,,,,"wrist"
"IZTECH_S016","IZTECH_S016_w","2025-05-08 19:44:19",FALSE,0,33.5,16,6873,57.275,104,0.866667,697,5.80833,1.22,0,168,129,0,1e-04,1e-04,2e-04,2e-04,2e-04,3e-04,4e-04,0.78,0,0,,,,,,,,,"wrist"
"IZTECH_S016","IZTECH_S016_w","2025-05-08 19:46:19",FALSE,0,33,8,6625,55.2083,158,1.31667,355,2.95833,3.29,0,218,168,1e-04,3e-04,3e-04,5e-04,6e-04,6e-04,7e-04,8e-04,2.64,0,0,,,,,,,,,"wrist"
"IZTECH_S016","IZTECH_S016_w","2025-05-08 19:48:19",FALSE,0,33.19,4,13087,109.058,353,2.94167,476,3.96667,103.84,0.04,204,155,0.005,0.0089,0.0119,0.016,0.0173,0.0191,0.0255,0.0351,101.97,0.09,0,,,,,,,,,"wrist"
"IZTECH_S016","IZTECH_S016_w","2025-05-08 19:50:19",FALSE,0,32.94,1,24013,200.108,804,6.7,893,7.44167,19.3,0.01,204,154,9e-04,0.0016,0.0022,0.003,0.0033,0.0037,0.005,0.007,17.7,0.02,0,,,,,,,,,"wrist"
"IZTECH_S016","IZTECH_S016_w","2025-05-08 19:52:19",FALSE,0,33.44,1,15038,125.317,450,3.75,794,6.61667,16.89,0.01,144,128,8e-04,0.0014,0.0018,0.0026,0.0029,0.0032,0.0044,0.006,15.15,0.02,0,,,,,,,,,"wrist"
"IZTECH_S016","IZTECH_S016_w","2025-05-08 19:54:19",FALSE,0,33.62,4,16244,135.367,478,3.98333,805,6.70833,0.75,0,128,95,0,0,0,1e-04,1e-04,2e-04,3e-04,2e-04,0.17,0,0,,,,,,,,,"wrist"
"IZTECH_S016","IZTECH_S016_w","2025-05-08 19:56:19",FALSE,0,32.44,1,14312,119.267,379,3.15833,852,7.1,7.41,0,207,134,1e-04,4e-04,5e-04,9e-04,0.0012,0.0016,0.0017,0.0012,4.83,0,0,,,,,,,,,"wrist"
"IZTECH_S016","IZTECH_S016_w","2025-05-08 19:58:19",FALSE,0,32.5,1,7331,61.0917,192,1.6,479,3.99167,5.29,0,129,138,1e-04,4e-04,3e-04,6e-04,9e-04,0.001,0.0012,8e-04,3.83,0,0,,,,,,,,,"wrist"
"IZTECH_S016","IZTECH_S016_w","2025-05-08 20:00:19",FALSE,0,32.69,1,4578,38.15,103,0.858333,304,2.53333,4.13,0,200,142,0,3e-04,2e-04,5e-04,7e-04,8e-04,9e-04,7e-04,2.99,0,0,,,,,,,,,"wrist"
"IZTECH_S016","IZTECH_S016_w","2025-05-08 20:02:19",FALSE,0,32.25,1,6522,54.35,189,1.575,390,3.25,7.71,0,193,166,1e-04,6e-04,4e-04,9e-04,0.0013,0.0014,0.0016,0.0011,5.87,0,0,,,,,,,,,"wrist"
"IZTECH_S016","IZTECH_S016_w","2025-05-08 20:04:19",FALSE,0,32.44,1,5551,46.2583,151,1.25833,341,2.84167,1.29,0,182,163,0,0,1e-04,1e-04,2e-04,3e-04,3e-04,2e-04,0.64,0,0,,,,,,,,,"wrist"
"IZTECH_S016","IZTECH_S016_w","2025-05-08 20:06:19",FALSE,0,33.19,32,3869,32.2417,89,0.741667,246,2.05,8.27,0,199,128,1e-04,7e-04,5e-04,0.001,0.0014,0.0014,0.0017,0.0012,6.65,0,0,,,,,,,,,"wrist"
"IZTECH_S016","IZTECH_S016_w","2025-05-08 20:08:19",FALSE,0,32.94,8,7654,63.7833,193,1.60833,418,3.48333,5.69,0,197,154,1e-04,3e-04,4e-04,6e-04,9e-04,0.0012,0.0013,9e-04,3.64,0,0,,,,,,,,,"wrist"
"IZTECH_S016","IZTECH_S016_w","2025-05-08 20:10:19",FALSE,0,32.62,1,9384,78.2,253,2.10833,594,4.95,4.91,0,184,146,1e-04,3e-04,3e-04,6e-04,8e-04,0.001,0.0011,8e-04,3.17,0,0,,,,,,,,,"wrist"
"IZTECH_S016","IZTECH_S016_w","2025-05-08 20:12:19",FALSE,0,33.06,8,4574,38.1167,99,0.825,323,2.69167,19.51,0,206,158,3e-04,0.0018,0.0011,0.0024,0.0032,0.0032,0.0039,0.0028,16.19,0.01,0,,,,,,,,,"wrist"
"IZTECH_S016","IZTECH_S016_w","2025-05-08 20:14:19",FALSE,0,32.81,32,24458,203.817,702,5.85,944,7.86667,6.67,0,161,104,1e-04,6e-04,4e-04,8e-04,0.0011,0.0012,0.0014,0.001,5.16,0,0,,,,,,,,,"wrist"
"IZTECH_S016","IZTECH_S016_w","2025-05-08 20:16:19",FALSE,0,32.31,32,14716,122.633,501,4.175,685,5.70833,8.2,0,208,147,1e-04,2e-04,3e-04,7e-04,0.0013,0.002,0.0027,0.0024,3.21,0,0,,,,,,,,,"wrist"
"IZTECH_S016","IZTECH_S016_w","2025-05-08 20:18:19",FALSE,0,32.69,4,12482,104.017,354,2.95,660,5.5,3.57,0,141,102,0,2e-04,2e-04,4e-04,6e-04,8e-04,9e-04,6e-04,1.97,0,0,,,,,,,,,"wrist"
"IZTECH_S016","IZTECH_S016_w","2025-05-08 20:20:19",FALSE,0,32,1,11059,92.1583,352,2.93333,525,4.375,6.6,0,187,158,1e-04,3e-04,4e-04,6e-04,0.0011,0.0014,0.0015,9e-04,3.81,0,0,,,,,,,,,"wrist"
"IZTECH_S016","IZTECH_S016_w","2025-05-08 20:22:19",FALSE,0,32.38,1,17143,142.858,522,4.35,720,6,3.51,0,172,150,0,2e-04,2e-04,4e-04,6e-04,7e-04,8e-04,5e-04,1.97,0,0,,,,,,,,,"wrist"
"IZTECH_S016","IZTECH_S016_w","2025-05-08 20:24:19",FALSE,0,32.69,1,4783,39.8583,78,0.65,327,2.725,2.69,0,208,167,0,1e-04,1e-04,3e-04,5e-04,5e-04,6e-04,3e-04,1.63,0,0,,,,,,,,,"wrist"
"IZTECH_S016","IZTECH_S016_w","2025-05-08 20:26:19",FALSE,0,32.44,1,10647,88.725,282,2.35,732,6.1,2.75,0,160,147,0,1e-04,1e-04,3e-04,5e-04,6e-04,7e-04,4e-04,1.42,0,0,,,,,,,,,"wrist"
"IZTECH_S016","IZTECH_S016_w","2025-05-08 20:28:19",FALSE,0,32.62,1,1098,9.15,1,0.00833333,105,0.875,1.95,0,175,150,0,0,1e-04,2e-04,3e-04,4e-04,5e-04,3e-04,0.73,0,0,,,,,,,,,"wrist"
"IZTECH_S016","IZTECH_S016_w","2025-05-08 20:30:19",FALSE,0,32.75,1,1968,16.4,20,0.166667,179,1.49167,2.07,0,162,150,0,0,1e-04,2e-04,4e-04,4e-04,5e-04,3e-04,0.77,0,0,,,,,,,,,"wrist"
"IZTECH_S016","IZTECH_S016_w","2025-05-08 20:32:19",FALSE,0,32.81,1,1172,9.76667,5,0.0416667,112,0.933333,2.2,0,167,154,0,0,1e-04,2e-04,4e-04,5e-04,5e-04,3e-04,0.86,0,0,,,,,,,,,"wrist"
"IZTECH_S016","IZTECH_S016_w","2025-05-08 20:34:19",FALSE,0,32.81,1,1002,8.35,7,0.0583333,82,0.683333,2.3,0,173,158,0,1e-04,1e-04,3e-04,4e-04,5e-04,5e-04,3e-04,1.07,0,0,,,,,,,,,"wrist"
"IZTECH_S016","IZTECH_S016_w","2025-05-08 20:36:19",FALSE,0,33.25,1,2231,18.5917,22,0.183333,202,1.68333,6.92,0,155,146,1e-04,4e-04,3e-04,8e-04,0.0011,0.0014,0.0018,0.0012,4.13,0,0,,,,,,,,,"wrist"
"IZTECH_S016","IZTECH_S016_w","2025-05-08 20:38:19",FALSE,0,33.31,1,1334,11.1167,0,0,136,1.13333,4.49,0,151,142,0,2e-04,2e-04,5e-04,7e-04,0.001,0.0012,8e-04,2.29,0,0,,,,,,,,,"wrist"
"IZTECH_S016","IZTECH_S016_w","2025-05-08 20:40:19",FALSE,0,33.44,1,1911,15.925,4,0.0333333,221,1.84167,4.49,0,145,131,0,2e-04,2e-04,5e-04,7e-04,0.001,0.0012,8e-04,2.18,0,0,,,,,,,,,"wrist"
"IZTECH_S016","IZTECH_S016_w","2025-05-08 20:42:19",FALSE,0,33.38,1,1970,16.4167,29,0.241667,159,1.325,4.45,0,165,150,0,2e-04,2e-04,5e-04,7e-04,0.001,0.0013,9e-04,2.23,0,0,,,,,,,,,"wrist"
"IZTECH_S016","IZTECH_S016_w","2025-05-08 20:44:19",FALSE,0,33.25,1,2346,19.55,33,0.275,187,1.55833,7.45,0,166,159,1e-04,4e-04,3e-04,8e-04,0.0012,0.0015,0.002,0.0013,4.39,0,0,,,,,,,,,"wrist"
"IZTECH_S016","IZTECH_S016_w","2025-05-08 20:46:19",FALSE,0,33.12,8,6098,50.8167,139,1.15833,449,3.74167,7.28,0,206,170,0,5e-04,4e-04,9e-04,0.0012,0.0013,0.0015,9e-04,5.14,0,0,,,,,,,,,"wrist"
"IZTECH_S016","IZTECH_S016_w","2025-05-08 20:48:19",FALSE,0,33.56,1,1496,12.4667,12,0.1,135,1.125,12.37,0,133,122,2e-04,0.0011,7e-04,0.0015,0.0021,0.002,0.0024,0.0016,9.87,0.01,0,,,,,,,,,"wrist"
"IZTECH_S016","IZTECH_S016_w","2025-05-08 20:50:19",FALSE,0,33.56,1,1555,12.9583,9,0.075,152,1.26667,2.41,0,142,139,0,1e-04,1e-04,2e-04,4e-04,5e-04,6e-04,3e-04,1.26,0,0,,,,,,,,,"wrist"
"IZTECH_S016","IZTECH_S016_w","2025-05-08 20:52:19",FALSE,0,33.56,1,1133,9.44167,5,0.0416667,98,0.816667,8.41,0,142,123,1e-04,8e-04,5e-04,0.001,0.0014,0.0014,0.0016,0.0011,6.82,0,0,,,,,,,,,"wrist"
"IZTECH_S016","IZTECH_S016_w","2025-05-08 20:54:19",FALSE,0,33.38,1,2290,19.0833,35,0.291667,136,1.13333,10.26,0,166,151,1e-04,9e-04,6e-04,0.0013,0.0017,0.0016,0.002,0.0011,8.32,0,0,,,,,,,,,"wrist"
"IZTECH_S016","IZTECH_S016_w","2025-05-08 20:56:19",FALSE,0,33.25,1,3138,26.15,61,0.508333,222,1.85,13.56,0,156,153,2e-04,0.0011,8e-04,0.0017,0.0022,0.0021,0.0029,0.001,11.24,0.01,0,,,,,,,,,"wrist"
"IZTECH_S016","IZTECH_S016_w","2025-05-08 20:58:19",FALSE,0,33.19,1,6102,50.85,168,1.4,401,3.34167,9.72,0,177,138,1e-04,7e-04,6e-04,0.0012,0.0016,0.0016,0.002,9e-04,7.57,0,0,,,,,,,,,"wrist"
"IZTECH_S016","IZTECH_S016_w","2025-05-08 21:00:19",FALSE,0,33.25,1,9122,76.0167,201,1.675,563,4.69167,10.12,0,153,147,1e-04,8e-04,6e-04,0.0014,0.0017,0.0014,0.0019,7e-04,8.66,0,0,,,,,,,,,"wrist"
"IZTECH_S016","IZTECH_S016_w","2025-05-08 21:02:19",FALSE,0,33.38,8,3169,26.4083,48,0.4,251,2.09167,20.07,0,161,145,2e-04,0.0017,0.0012,0.0027,0.0034,0.0028,0.0037,0.0013,17.2,0.01,0,,,,,,,,,"wrist"
"IZTECH_S016","IZTECH_S016_w","2025-05-08 21:04:19",FALSE,0,33.62,32,2296,19.1333,30,0.25,131,1.09167,8.92,0,130,128,1e-04,7e-04,5e-04,0.0012,0.0015,0.0013,0.0018,7e-04,7.13,0,0,,,,,,,,,"wrist"
"IZTECH_S016","IZTECH_S016_w","2025-05-08 21:06:19",FALSE,0,33.62,1,4834,40.2833,85,0.708333,333,2.775,16.56,0,143,128,2e-04,0.0014,0.001,0.0022,0.0028,0.0023,0.0031,0.0011,14.11,0.01,0,,,,,,,,,"wrist"
"IZTECH_S016","IZTECH_S016_w","2025-05-08 21:08:19",FALSE,0,33.69,32,6956,57.9667,140,1.16667,498,4.15,4.64,0,143,112,0,3e-04,2e-04,5e-04,8e-04,8e-04,0.001,5e-04,3.1,0,0,,,,,,,,,"wrist"
"IZTECH_S016","IZTECH_S016_w","2025-05-08 21:10:19",FALSE,0,33.5,1,9527,79.3917,247,2.05833,513,4.275,9.76,0,130,113,1e-04,6e-04,5e-04,0.0012,0.0016,0.0017,0.002,9e-04,6.98,0,0,,,,,,,,,"wrist"
"IZTECH_S016","IZTECH_S016_w","2025-05-08 21:12:19",FALSE,0,33.62,8,4002,33.35,72,0.6,304,2.53333,14.24,0,163,131,2e-04,0.0011,8e-04,0.0018,0.0024,0.0022,0.0028,0.0012,11.17,0.01,0,,,,,,,,,"wrist"
"IZTECH_S016","IZTECH_S016_w","2025-05-08 21:14:19",FALSE,0,33.75,16,2715,22.625,60,0.5,187,1.55833,7.7,0,180,95,1e-04,4e-04,4e-04,8e-04,0.0012,0.0016,0.0017,0.001,4.7,0,0,,,,,,,,,"wrist"
"IZTECH_S016","IZTECH_S016_w","2025-05-08 21:16:19",FALSE,0,33.06,8,10893,90.775,307,2.55833,530,4.41667,6.15,0,212,151,0,4e-04,3e-04,7e-04,0.001,0.0011,0.0013,7e-04,4.36,0,0,,,,,,,,,"wrist"
"IZTECH_S016","IZTECH_S016_w","2025-05-08 21:18:19",FALSE,0,33.44,1,8036,66.9667,215,1.79167,510,4.25,13.32,0,184,123,1e-04,0.001,8e-04,0.0016,0.0022,0.0021,0.0026,0.0012,10.23,0.01,0,,,,,,,,,"wrist"
"IZTECH_S016","IZTECH_S016_w","2025-05-08 21:20:19",FALSE,0,33.56,8,3115,25.9583,55,0.458333,232,1.93333,13.02,0,184,135,1e-04,9e-04,8e-04,0.0016,0.0022,0.0022,0.0026,0.0013,10.01,0.01,0,,,,,,,,,"wrist"
"IZTECH_S016","IZTECH_S016_w","2025-05-08 21:22:19",FALSE,0,33.75,8,2029,16.9083,32,0.266667,128,1.06667,32.47,0,170,94,5e-04,0.0031,0.0018,0.0041,0.0055,0.005,0.0057,0.004,27.6,0.01,0,,,,,,,,,"wrist"
"IZTECH_S016","IZTECH_S016_w","2025-05-08 21:24:19",FALSE,0,33.69,8,1801,15.0083,27,0.225,121,1.00833,25.67,0,186,113,4e-04,0.0024,0.0014,0.0032,0.0044,0.0041,0.0046,0.0033,21.48,0.01,0,,,,,,,,,"wrist"
"IZTECH_S016","IZTECH_S016_w","2025-05-08 21:26:19",FALSE,0,33.69,8,2818,23.4833,74,0.616667,153,1.275,20.25,0,185,104,3e-04,0.0018,0.0011,0.0025,0.0034,0.0032,0.0036,0.0026,16.54,0.01,0,,,,,,,,,"wrist"
"IZTECH_S016","IZTECH_S016_w","2025-05-08 21:28:19",FALSE,0,33.62,8,2503,20.8583,47,0.391667,208,1.73333,27.98,0,192,114,4e-04,0.0026,0.0016,0.0035,0.0048,0.0044,0.005,0.0034,23.67,0.01,0,,,,,,,,,"wrist"
"IZTECH_S016","IZTECH_S016_w","2025-05-08 21:30:19",FALSE,0,33.62,8,3095,25.7917,48,0.4,209,1.74167,23.77,0,189,107,3e-04,0.0022,0.0013,0.003,0.004,0.0038,0.0043,0.003,19.88,0.01,0,,,,,,,,,"wrist"
"IZTECH_S016","IZTECH_S016_w","2025-05-08 21:32:19",FALSE,0,33.81,1,3338,27.8167,57,0.475,255,2.125,14.14,0,167,94,2e-04,0.0013,8e-04,0.0018,0.0023,0.0024,0.0026,0.0018,11.61,0.01,0,,,,,,,,,"wrist"
"IZTECH_S016","IZTECH_S016_w","2025-05-08 21:34:19",FALSE,0,33.81,1,1759,14.6583,23,0.191667,137,1.14167,9.23,0,192,113,1e-04,6e-04,5e-04,0.001,0.0015,0.0018,0.0019,0.0013,6.54,0,0,,,,,,,,,"wrist"
"IZTECH_S016","IZTECH_S016_w","2025-05-08 21:36:19",FALSE,0,33.69,1,2866,23.8833,68,0.566667,216,1.8,18.95,0,180,118,3e-04,0.0016,0.001,0.0022,0.0031,0.0034,0.004,0.0028,14.54,0.01,0,,,,,,,,,"wrist"
"IZTECH_S016","IZTECH_S016_w","2025-05-08 21:38:19",FALSE,0,33.75,1,1530,12.75,24,0.2,108,0.9,12.82,0,186,128,2e-04,8e-04,6e-04,0.0014,0.002,0.0025,0.0031,0.0021,8.42,0.01,0,,,,,,,,,"wrist"
"IZTECH_S016","IZTECH_S016_w","2025-05-08 21:40:19",FALSE,0,33.69,8,1663,13.8583,28,0.233333,106,0.883333,14.91,0,187,120,2e-04,0.001,7e-04,0.0017,0.0024,0.0029,0.0036,0.0025,10.17,0.01,0,,,,,,,,,"wrist"
"IZTECH_S016","IZTECH_S016_w","2025-05-08 21:42:19",FALSE,0,33.75,1,1382,11.5167,28,0.233333,96,0.8,12.82,0,184,119,2e-04,8e-04,6e-04,0.0014,0.002,0.0025,0.0031,0.0021,8.45,0.01,0,,,,,,,,,"wrist"
"IZTECH_S016","IZTECH_S016_w","2025-05-08 21:44:19",FALSE,0,33.75,1,2180,18.1667,33,0.275,166,1.38333,16.32,0,184,119,2e-04,0.0011,8e-04,0.0018,0.0026,0.0031,0.0039,0.0027,11.13,0.01,0,,,,,,,,,"wrist"
"IZTECH_S016","IZTECH_S016_w","2025-05-08 21:46:19",FALSE,0,34,32,5645,47.0417,121,1.00833,196,1.63333,12.41,0,132,95,2e-04,9e-04,6e-04,0.0014,0.002,0.0023,0.003,0.0021,8.71,0.01,0,,,,,,,,,"wrist"
"IZTECH_S016","IZTECH_S016_w","2025-05-08 21:48:19",FALSE,0,34.12,32,1677,13.975,36,0.3,100,0.833333,8.62,0,156,106,1e-04,7e-04,5e-04,0.001,0.0014,0.0016,0.0021,0.0013,6.41,0,0,,,,,,,,,"wrist"
"IZTECH_S016","IZTECH_S016_w","2025-05-08 21:50:19",FALSE,0,34.12,32,1681,14.0083,47,0.391667,119,0.991667,13.02,0,132,93,2e-04,0.001,7e-04,0.0016,0.0021,0.0023,0.0031,0.002,9.88,0.01,0,,,,,,,,,"wrist"
"IZTECH_S016","IZTECH_S016_w","2025-05-08 21:52:19",FALSE,0,34.25,32,2118,17.65,42,0.35,166,1.38333,3.67,0,129,93,0,2e-04,2e-04,4e-04,6e-04,7e-04,0.001,6e-04,2.25,0,0,,,,,,,,,"wrist"
"IZTECH_S016","IZTECH_S016_w","2025-05-08 21:54:19",FALSE,0,34.25,32,1922,16.0167,24,0.2,146,1.21667,11.01,0,128,97,2e-04,8e-04,6e-04,0.0013,0.0018,0.002,0.0027,0.0017,8.13,0.01,0,,,,,,,,,"wrist"
"IZTECH_S016","IZTECH_S016_w","2025-05-08 21:56:19",FALSE,0,34.19,8,1809,15.075,30,0.25,117,0.975,13.7,0,130,97,2e-04,0.0011,8e-04,0.0016,0.0022,0.0025,0.0033,0.0021,10.46,0.01,0,,,,,,,,,"wrist"
"IZTECH_S016","IZTECH_S016_w","2025-05-08 21:58:19",FALSE,0,34.06,8,2558,21.3167,30,0.25,206,1.71667,16.01,0,129,95,2e-04,0.0012,8e-04,0.0019,0.0026,0.0029,0.0037,0.0025,11.76,0.01,0,,,,,,,,,"wrist"
"IZTECH_S016","IZTECH_S016_w","2025-05-08 22:00:19",FALSE,0,34.06,8,2070,17.25,23,0.191667,151,1.25833,19.81,0,124,91,3e-04,0.0014,0.001,0.0024,0.0032,0.0035,0.0046,0.0032,14.4,0.01,0,,,,,,,,,"wrist"
"IZTECH_S016","IZTECH_S016_w","2025-05-08 22:02:19",FALSE,0,33.94,8,2193,18.275,26,0.216667,168,1.4,20.12,0,125,95,3e-04,0.0014,0.001,0.0025,0.0032,0.0035,0.0045,0.003,14.74,0.01,0,,,,,,,,,"wrist"
"IZTECH_S016","IZTECH_S016_w","2025-05-08 22:04:19",FALSE,0,34,8,1101,9.175,5,0.0416667,68,0.566667,10.97,0,128,97,1e-04,7e-04,6e-04,0.0013,0.0018,0.0019,0.0024,0.0016,7.79,0,0,,,,,,,,,"wrist"
"IZTECH_S016","IZTECH_S016_w","2025-05-08 22:06:19",FALSE,0,33.75,8,2689,22.4083,23,0.191667,204,1.7,15.68,0,193,147,2e-04,0.0011,8e-04,0.002,0.0025,0.0028,0.0035,0.0023,11.77,0.01,0,,,,,,,,,"wrist"
"IZTECH_S016","IZTECH_S016_w","2025-05-08 22:08:19",FALSE,0,33.12,32,6696,55.8,181,1.50833,494,4.11667,12.78,0,182,163,2e-04,0.001,7e-04,0.0016,0.002,0.0023,0.0031,0.0022,9.49,0.01,0,,,,,,,,,"wrist"
"IZTECH_S016","IZTECH_S016_w","2025-05-08 22:10:19",FALSE,0,32.81,1,6150,51.25,147,1.225,498,4.15,14.11,0,220,166,2e-04,0.001,7e-04,0.0016,0.0023,0.0027,0.0034,0.0024,9.72,0.01,0,,,,,,,,,"wrist"
"IZTECH_S016","IZTECH_S016_w","2025-05-08 22:12:19",FALSE,0,33.12,8,4035,33.625,68,0.566667,317,2.64167,15.08,0,164,128,2e-04,0.0011,7e-04,0.0017,0.0025,0.0028,0.0035,0.0025,10.63,0.01,0,,,,,,,,,"wrist"
"IZTECH_S016","IZTECH_S016_w","2025-05-08 22:14:19",FALSE,0,33.56,1,1158,9.65,0,0,76,0.633333,25.02,0,170,145,4e-04,0.0022,0.0014,0.0031,0.0041,0.0042,0.0053,0.0038,19.94,0.01,0,,,,,,,,,"wrist"
"IZTECH_S016","IZTECH_S016_w","2025-05-08 22:16:19",FALSE,0,33.75,8,4095,34.125,63,0.525,303,2.525,9.55,0,162,125,1e-04,9e-04,6e-04,0.0012,0.0016,0.0016,0.0019,0.0013,7.91,0,0,,,,,,,,,"wrist"
"IZTECH_S016","IZTECH_S016_w","2025-05-08 22:18:19",FALSE,0,33.81,4,2910,24.25,82,0.683333,162,1.35,18.58,0,136,93,3e-04,0.0017,0.0011,0.0023,0.003,0.0033,0.0038,0.0026,15.18,0.01,0,,,,,,,,,"wrist"
"IZTECH_S016","IZTECH_S016_w","2025-05-08 22:20:19",FALSE,0,33.88,1,3291,27.425,61,0.508333,222,1.85,14.42,0,144,110,2e-04,0.0012,8e-04,0.0017,0.0024,0.0026,0.003,0.0019,11.25,0.01,0,,,,,,,,,"wrist"
"IZTECH_S016","IZTECH_S016_w","2025-05-08 22:22:19",FALSE,0,33.88,1,1873,15.6083,17,0.141667,136,1.13333,7.77,0,124,115,1e-04,5e-04,4e-04,9e-04,0.0013,0.0015,0.0017,0.001,5.57,0,0,,,,,,,,,"wrist"
"IZTECH_S016","IZTECH_S016_w","2025-05-08 22:24:19",FALSE,0,33.81,1,172,1.43333,0,0,8,0.0666667,8.28,0,124,111,1e-04,7e-04,4e-04,0.001,0.0014,0.0014,0.0019,9e-04,6.29,0,0,,,,,,,,,"wrist"
"IZTECH_S016","IZTECH_S016_w","2025-05-08 22:26:19",FALSE,0,33.88,1,212,1.76667,0,0,6,0.05,8.33,0,124,113,1e-04,7e-04,5e-04,0.001,0.0014,0.0014,0.0019,9e-04,6.23,0,0,,,,,,,,,"wrist"
"IZTECH_S016","IZTECH_S016_w","2025-05-08 22:28:19",FALSE,0,33.94,1,521,4.34167,0,0,31,0.258333,8,0,124,115,1e-04,6e-04,5e-04,0.001,0.0013,0.0014,0.0019,9e-04,6.04,0,0,,,,,,,,,"wrist"
"IZTECH_S016","IZTECH_S016_w","2025-05-08 22:30:19",FALSE,0,34.06,1,745,6.20833,2,0.0166667,43,0.358333,8.97,0,132,104,1e-04,7e-04,5e-04,0.0011,0.0014,0.0016,0.0021,0.001,6.77,0,0,,,,,,,,,"wrist"
"IZTECH_S016","IZTECH_S016_w","2025-05-08 22:32:19",FALSE,0,34.12,1,615,5.125,4,0.0333333,40,0.333333,11.13,0,124,115,1e-04,8e-04,6e-04,0.0014,0.0018,0.002,0.0025,0.0011,8.34,0,0,,,,,,,,,"wrist"
"IZTECH_S016","IZTECH_S016_w","2025-05-08 22:34:19",FALSE,0,34.12,1,1303,10.8583,11,0.0916667,82,0.683333,4.38,0,128,117,0,3e-04,2e-04,5e-04,7e-04,8e-04,0.0011,5e-04,3.12,0,0,,,,,,,,,"wrist"
"IZTECH_S016","IZTECH_S016_w","2025-05-08 22:36:19",FALSE,0,34.19,8,2981,24.8417,76,0.633333,178,1.48333,9.54,0,140,115,1e-04,7e-04,5e-04,0.0012,0.0015,0.0017,0.0022,0.001,7.32,0,0,,,,,,,,,"wrist"
"IZTECH_S016","IZTECH_S016_w","2025-05-08 22:38:19",FALSE,0,34.12,1,1062,8.85,13,0.108333,65,0.541667,3.33,0,167,113,0,2e-04,2e-04,4e-04,5e-04,7e-04,8e-04,5e-04,2,0,0,,,,,,,,,"wrist"
"IZTECH_S016","IZTECH_S016_w","2025-05-08 22:40:19",FALSE,0,33.69,1,4528,37.7333,119,0.991667,298,2.48333,10.09,0,192,161,1e-04,6e-04,6e-04,0.0011,0.0016,0.002,0.0023,0.0013,6.76,0,0,,,,,,,,,"wrist"
"IZTECH_S016","IZTECH_S016_w","2025-05-08 22:42:19",FALSE,0,34,1,5789,48.2417,152,1.26667,467,3.89167,8.56,0,131,95,1e-04,6e-04,5e-04,0.001,0.0014,0.0016,0.0019,0.0011,5.98,0,0,,,,,,,,,"wrist"
"IZTECH_S016","IZTECH_S016_w","2025-05-08 22:44:19",FALSE,0,34.06,1,3940,32.8333,61,0.508333,355,2.95833,6.36,0,128,121,1e-04,5e-04,4e-04,7e-04,0.001,0.0012,0.0015,9e-04,4.59,0,0,,,,,,,,,"wrist"
"IZTECH_S016","IZTECH_S016_w","2025-05-08 22:46:19",FALSE,0,33.88,1,1912,15.9333,43,0.358333,111,0.925,7.15,0,128,102,1e-04,5e-04,4e-04,9e-04,0.0011,0.0013,0.0017,8e-04,5.27,0,0,,,,,,,,,"wrist"
"IZTECH_S016","IZTECH_S016_w","2025-05-08 22:48:19",FALSE,0,33.81,1,889,7.40833,8,0.0666667,55,0.458333,7.95,0,125,111,1e-04,5e-04,4e-04,0.001,0.0013,0.0014,0.0019,7e-04,5.74,0,0,,,,,,,,,"wrist"
"IZTECH_S016","IZTECH_S016_w","2025-05-08 22:50:19",FALSE,0,33.88,1,2304,19.2,28,0.233333,201,1.675,3.26,0,125,93,0,2e-04,2e-04,4e-04,5e-04,6e-04,8e-04,3e-04,2.01,0,0,,,,,,,,,"wrist"
"IZTECH_S016","IZTECH_S016_w","2025-05-08 22:52:19",FALSE,0,34,8,2725,22.7083,68,0.566667,198,1.65,21.26,0,128,93,3e-04,0.0018,0.0019,0.0031,0.0031,0.0032,0.0055,0.0014,21.53,0.01,0,,,,,,,,,"wrist"
"IZTECH_S016","IZTECH_S016_w","2025-05-08 22:54:19",FALSE,0,34,1,3068,25.5667,37,0.308333,201,1.675,11.32,0,128,104,1e-04,9e-04,6e-04,0.0014,0.0018,0.002,0.0026,0.0012,8.51,0,0,,,,,,,,,"wrist"
"IZTECH_S016","IZTECH_S016_w","2025-05-08 22:56:19",FALSE,0,34.06,1,2096,17.4667,32,0.266667,149,1.24167,11.14,0,129,93,1e-04,8e-04,6e-04,0.0013,0.0018,0.002,0.0026,0.0012,8.35,0,0,,,,,,,,,"wrist"
"IZTECH_S016","IZTECH_S016_w","2025-05-08 22:58:19",FALSE,0,33.94,1,2526,21.05,28,0.233333,241,2.00833,7.31,0,128,105,1e-04,5e-04,4e-04,9e-04,0.0012,0.0014,0.0017,9e-04,5.19,0,0,,,,,,,,,"wrist"
"IZTECH_S016","IZTECH_S016_w","2025-05-08 23:00:19",FALSE,0,33.94,1,6106,50.8833,134,1.11667,332,2.76667,12.2,0,131,94,1e-04,9e-04,7e-04,0.0015,0.002,0.0021,0.0029,0.0013,8.98,0.01,0,,,,,,,,,"wrist"
"IZTECH_S016","IZTECH_S016_w","2025-05-08 23:02:19",FALSE,0,34,8,6017,50.1417,158,1.31667,419,3.49167,10.97,0,131,94,1e-04,9e-04,7e-04,0.0014,0.0018,0.0018,0.0023,0.0011,9.03,0,0,,,,,,,,,"wrist"
"IZTECH_S016","IZTECH_S016_w","2025-05-08 23:04:19",FALSE,0,33.94,8,2132,17.7667,26,0.216667,177,1.475,19.94,0,131,93,2e-04,0.0017,0.0012,0.0026,0.0033,0.003,0.004,0.0018,16.93,0.01,0,,,,,,,,,"wrist"
"IZTECH_S016","IZTECH_S016_w","2025-05-08 23:06:19",FALSE,0,34,8,868,7.23333,7,0.0583333,61,0.508333,34.13,0,144,93,5e-04,0.0032,0.002,0.0044,0.0057,0.0052,0.0066,0.0038,29.5,0.01,0,,,,,,,,,"wrist"
"IZTECH_S016","IZTECH_S016_w","2025-05-08 23:08:19",FALSE,0,34,1,1270,10.5833,9,0.075,108,0.9,16.99,0,128,95,2e-04,0.0016,0.001,0.0021,0.0028,0.0028,0.0034,0.0022,14.1,0.01,0,,,,,,,,,"wrist"
"IZTECH_S016","IZTECH_S016_w","2025-05-08 23:10:19",FALSE,0,33.94,1,2846,23.7167,66,0.55,124,1.03333,9.2,0,133,95,1e-04,7e-04,5e-04,0.0011,0.0015,0.0018,0.0023,0.0014,6.65,0,0,,,,,,,,,"wrist"
"IZTECH_S016","IZTECH_S016_w","2025-05-08 23:12:19",FALSE,0,33.94,1,845,7.04167,15,0.125,46,0.383333,8.7,0,128,94,1e-04,8e-04,5e-04,0.0011,0.0014,0.0016,0.0019,0.0011,6.95,0,0,,,,,,,,,"wrist"
"IZTECH_S016","IZTECH_S016_w","2025-05-08 23:14:19",FALSE,0,33.94,1,594,4.95,9,0.075,43,0.358333,3,0,147,93,0,2e-04,1e-04,3e-04,5e-04,6e-04,8e-04,5e-04,1.94,0,0,,,,,,,,,"wrist"
"IZTECH_S016","IZTECH_S016_w","2025-05-08 23:16:19",FALSE,0,33.88,1,1074,8.95,24,0.2,62,0.516667,4.28,0,133,94,0,3e-04,2e-04,4e-04,7e-04,9e-04,0.0012,8e-04,2.78,0,0,,,,,,,,,"wrist"
"IZTECH_S016","IZTECH_S016_w","2025-05-08 23:18:19",FALSE,0,33.81,1,1824,15.2,29,0.241667,119,0.991667,16.55,0,131,96,2e-04,0.0016,0.001,0.0022,0.0028,0.0025,0.0034,0.0016,14.72,0.01,0,,,,,,,,,"wrist"
"IZTECH_S016","IZTECH_S016_w","2025-05-08 23:20:19",FALSE,0,33.81,8,1255,10.4583,11,0.0916667,85,0.708333,20.77,0,129,93,3e-04,0.0019,0.0013,0.0028,0.0034,0.0031,0.0042,0.0019,18.24,0.01,0,,,,,,,,,"wrist"
"IZTECH_S016","IZTECH_S016_w","2025-05-08 23:22:19",FALSE,0,33.88,8,2603,21.6917,51,0.425,188,1.56667,7.13,0,138,93,1e-04,6e-04,4e-04,9e-04,0.0012,0.0011,0.0015,6e-04,6.01,0,0,,,,,,,,,"wrist"
"IZTECH_S016","IZTECH_S016_w","2025-05-08 23:24:19",FALSE,0,33.94,8,1136,9.46667,18,0.15,83,0.691667,20.3,0,134,92,2e-04,0.0018,0.0013,0.0027,0.0034,0.0031,0.0042,0.0016,17.64,0.01,0,,,,,,,,,"wrist"
"IZTECH_S016","IZTECH_S016_w","2025-05-08 23:26:19",FALSE,0,33.5,8,2592,21.6,53,0.441667,159,1.325,13.85,0,216,163,2e-04,0.0011,8e-04,0.0017,0.0023,0.0024,0.003,0.0014,10.77,0.01,0,,,,,,,,,"wrist"
"IZTECH_S016","IZTECH_S016_w","2025-05-08 23:28:19",FALSE,0,33.31,8,4018,33.4833,105,0.875,214,1.78333,7.62,0,210,154,1e-04,6e-04,5e-04,9e-04,0.0012,0.0014,0.0018,9e-04,5.74,0,0,,,,,,,,,"wrist"
"IZTECH_S016","IZTECH_S016_w","2025-05-08 23:30:19",FALSE,0,33.25,32,5424,45.2,175,1.45833,259,2.15833,18.67,0,188,139,4e-04,0.0019,0.001,0.0023,0.0032,0.0031,0.0023,0.0013,16.52,0.01,0,,,,,,,,,"wrist"
"IZTECH_S016","IZTECH_S016_w","2025-05-08 23:32:19",FALSE,0,33.44,32,8014,66.7833,246,2.05,377,3.14167,9.13,0,206,146,2e-04,8e-04,5e-04,0.0011,0.0016,0.0016,0.0015,8e-04,7.46,0,0,,,,,,,,,"wrist"
"IZTECH_S016","IZTECH_S016_w","2025-05-08 23:34:19",FALSE,0,33,1,8873,73.9417,243,2.025,515,4.29167,2.82,0,190,145,0,1e-04,1e-04,3e-04,4e-04,6e-04,6e-04,4e-04,1.59,0,0,,,,,,,,,"wrist"
"IZTECH_S016","IZTECH_S016_w","2025-05-08 23:36:19",FALSE,0,32.88,4,2740,22.8333,71,0.591667,169,1.40833,3.84,0,159,106,0,1e-04,2e-04,4e-04,6e-04,8e-04,9e-04,5e-04,2.08,0,0,,,,,,,,,"wrist"
"IZTECH_S016","IZTECH_S016_w","2025-05-08 23:38:19",FALSE,0,32.38,32,9103,75.8583,234,1.95,470,3.91667,3.28,0,201,154,0,1e-04,2e-04,3e-04,5e-04,7e-04,8e-04,4e-04,1.73,0,0,,,,,,,,,"wrist"
"IZTECH_S016","IZTECH_S016_w","2025-05-08 23:40:19",FALSE,0,32.19,4,13067,108.892,335,2.79167,750,6.25,3.27,0,214,150,0,2e-04,2e-04,4e-04,5e-04,7e-04,7e-04,4e-04,2.01,0,0,,,,,,,,,"wrist"
"IZTECH_S016","IZTECH_S016_w","2025-05-08 23:42:19",FALSE,0,32.56,1,9112,75.9333,216,1.8,381,3.175,0.91,0,207,162,0,0,1e-04,1e-04,1e-04,2e-04,2e-04,1e-04,0.49,0,0,,,,,,,,,"wrist"
"IZTECH_S016","IZTECH_S016_w","2025-05-08 23:44:19",FALSE,0,33.38,8,488,4.06667,3,0.025,30,0.25,0,0,192,122,0,0,0,0,0,0,0,0,0,0,0,,,,,,,,,"wrist"
"IZTECH_S016","IZTECH_S016_w","2025-05-08 23:46:19",FALSE,0,33.62,8,1247,10.3917,31,0.258333,81,0.675,0,0,169,128,0,0,0,0,0,0,0,0,0,0,0,,,,,,,,,"wrist"
"IZTECH_S016","IZTECH_S016_w","2025-05-08 23:48:19",FALSE,0,33.75,8,1272,10.6,31,0.258333,97,0.808333,0,0,154,128,0,0,0,0,0,0,0,0,0,0,0,,,,,,,,,"wrist"
"IZTECH_S016","IZTECH_S016_w","2025-05-08 23:50:19",FALSE,0,33.81,8,315,2.625,0,0,18,0.15,0,0,151,123,0,0,0,0,0,0,0,0,0,0,0,,,,,,,,,"wrist"
"IZTECH_S016","IZTECH_S016_w","2025-05-08 23:52:19",FALSE,0,33.88,8,818,6.81667,17,0.141667,47,0.391667,0,0,140,111,0,0,0,0,0,0,0,0,0,0,0,,,,,,,,,"wrist"
"IZTECH_S016","IZTECH_S016_w","2025-05-08 23:54:19",FALSE,0,34.12,8,117,0.975,0,0,6,0.05,0,0,141,93,0,0,0,0,0,0,0,0,0,0,0,,,,,,,,,"wrist"
"IZTECH_S016","IZTECH_S016_w","2025-05-08 23:56:19",FALSE,0,34.25,1,2044,17.0333,50,0.416667,101,0.841667,0,0,146,105,0,0,0,0,0,0,0,0,0,0,0,,,,,,,,,"wrist"
"IZTECH_S016","IZTECH_S016_w","2025-05-08 23:58:19",FALSE,0,34.31,8,367,3.05833,1,0.00833333,25,0.208333,0,0,146,107,0,0,0,0,0,0,0,0,0,0,0,,,,,,,,,"wrist"
"IZTECH_S016","IZTECH_S016_w","2025-05-09 00:00:19",FALSE,0,34.31,8,2444,20.3667,55,0.458333,139,1.15833,0,0,142,95,0,0,0,0,0,0,0,0,0,0,0,,,,,,,,,"wrist"
"IZTECH_S016","IZTECH_S016_w","2025-05-09 00:02:19",FALSE,0,33.81,8,3030,25.25,63,0.525,154,1.28333,0,0,186,157,0,0,0,0,0,0,0,0,0,0,0,,,,,,,,,"wrist"
"IZTECH_S016","IZTECH_S016_w","2025-05-09 00:04:19",FALSE,0,33.19,32,17033,141.942,558,4.65,838,6.98333,10.27,0,198,130,2e-04,6e-04,4e-04,0.001,0.0017,0.0021,0.0021,0.0016,6.09,0,0,,,,,,,,,"wrist"
"IZTECH_S016","IZTECH_S016_w","2025-05-09 00:06:19",FALSE,0,32.62,4,15935,132.792,491,4.09167,900,7.5,56.72,0,207,149,0.0013,0.0057,0.0028,0.0069,0.0097,0.0097,0.007,0.0037,48.47,0.02,0,,,,,,,,,"wrist"
"IZTECH_S016","IZTECH_S016_w","2025-05-09 00:08:19",FALSE,0,33.06,1,7596,63.3,210,1.75,497,4.14167,0,0,204,113,0,0,0,0,0,0,0,0,0,0,0,,,,,,,,,"wrist"
"IZTECH_S016","IZTECH_S016_w","2025-05-09 00:10:19",FALSE,0,32.69,1,5365,44.7083,111,0.925,359,2.99167,0,0,209,163,0,0,0,0,0,0,0,0,0,0,0,,,,,,,,,"wrist"
"IZTECH_S016","IZTECH_S016_w","2025-05-09 00:12:19",FALSE,0,32.44,1,1062,8.85,35,0.291667,65,0.541667,0,0,204,163,0,0,0,0,0,0,0,0,0,0,0,,,,,,,,,"wrist"
"IZTECH_S016","IZTECH_S016_w","2025-05-09 00:14:19",FALSE,0,32.88,1,5778,48.15,189,1.575,236,1.96667,0,0,222,163,0,0,0,0,0,0,0,0,0,0,0,,,,,,,,,"wrist"
"IZTECH_S016","IZTECH_S016_w","2025-05-09 00:16:19",FALSE,0,33.12,1,12885,107.375,379,3.15833,589,4.90833,0.19,0,218,171,0,0,0,0,0,0,0,0,0.11,0,0,,,,,,,,,"wrist"
"IZTECH_S016","IZTECH_S016_w","2025-05-09 00:18:19",FALSE,0,33.06,2,5892,49.1,164,1.36667,345,2.875,0,0,215,131,0,0,0,0,0,0,0,0,0,0,0,,,,,,,,,"wrist"
"IZTECH_S016","IZTECH_S016_w","2025-05-09 00:20:19",FALSE,0,32.56,2,1920,16,68,0.566667,103,0.858333,0,0,222,159,0,0,0,0,0,0,0,0,0,0,0,,,,,,,,,"wrist"
"IZTECH_S016","IZTECH_S016_w","2025-05-09 00:22:19",FALSE,0,32.56,16,3345,27.875,93,0.775,190,1.58333,0,0,202,155,0,0,0,0,0,0,0,0,0,0,0,,,,,,,,,"wrist"
"IZTECH_S016","IZTECH_S016_w","2025-05-09 00:24:19",FALSE,0,32.56,16,3465,28.875,107,0.891667,169,1.40833,0,0,218,170,0,0,0,0,0,0,0,0,0,0,0,,,,,,,,,"wrist"
"IZTECH_S016","IZTECH_S016_w","2025-05-09 00:26:19",FALSE,0,33.19,2,2325,19.375,73,0.608333,113,0.941667,0,0,124,97,0,0,0,0,0,0,0,0,0,0,0,,,,,,,,,"wrist"
"IZTECH_S016","IZTECH_S016_w","2025-05-09 00:28:19",FALSE,0,33.25,16,2708,22.5667,75,0.625,144,1.2,0,0,145,121,0,0,0,0,0,0,0,0,0,0,0,,,,,,,,,"wrist"
"IZTECH_S016","IZTECH_S016_w","2025-05-09 00:30:19",FALSE,0,33.38,4,11367,94.725,286,2.38333,688,5.73333,58.84,0,194,155,9e-04,0.0018,0.0023,0.0052,0.009,0.0138,0.0187,0.0151,25.8,0.03,0,,,,,,,,,"wrist"
"IZTECH_S016","IZTECH_S016_w","2025-05-09 00:32:19",FALSE,0,32.69,8,5254,43.7833,212,1.76667,188,1.56667,0,0,206,166,0,0,0,0,0,0,0,0,0,0,0,,,,,,,,,"wrist"
"IZTECH_S016","IZTECH_S016_w","2025-05-09 00:34:19",FALSE,0,33.25,2,4504,37.5333,155,1.29167,256,2.13333,0,0,194,145,0,0,0,0,0,0,0,0,0,0,0,,,,,,,,,"wrist"
"IZTECH_S016","IZTECH_S016_w","2025-05-09 00:36:19",FALSE,0,33.56,2,1353,11.275,42,0.35,81,0.675,0,0,138,106,0,0,0,0,0,0,0,0,0,0,0,,,,,,,,,"wrist"
"IZTECH_S016","IZTECH_S016_w","2025-05-09 00:38:19",FALSE,0,33.75,2,1983,16.525,47,0.391667,133,1.10833,0,0,137,121,0,0,0,0,0,0,0,0,0,0,0,,,,,,,,,"wrist"
"IZTECH_S016","IZTECH_S016_w","2025-05-09 00:40:19",FALSE,0,34,2,6280,52.3333,223,1.85833,280,2.33333,0,0,124,93,0,0,0,0,0,0,0,0,0,0,0,,,,,,,,,"wrist"
"IZTECH_S016","IZTECH_S016_w","2025-05-09 00:42:19",FALSE,0,33.94,8,2373,19.775,85,0.708333,92,0.766667,0,0,128,95,0,0,0,0,0,0,0,0,0,0,0,,,,,,,,,"wrist"
"IZTECH_S016","IZTECH_S016_w","2025-05-09 00:44:19",FALSE,0,33.88,8,294,2.45,6,0.05,23,0.191667,0,0,128,97,0,0,0,0,0,0,0,0,0,0,0,,,,,,,,,"wrist"
"IZTECH_S016","IZTECH_S016_w","2025-05-09 00:46:19",FALSE,0,33.81,32,275,2.29167,7,0.0583333,18,0.15,0,0,140,119,0,0,0,0,0,0,0,0,0,0,0,,,,,,,,,"wrist"
"IZTECH_S016","IZTECH_S016_w","2025-05-09 00:48:19",FALSE,0,33.94,32,281,2.34167,11,0.0916667,15,0.125,0,0,140,117,0,0,0,0,0,0,0,0,0,0,0,,,,,,,,,"wrist"
"IZTECH_S016","IZTECH_S016_w","2025-05-09 00:50:19",FALSE,0,34,32,0,0,0,0,0,0,0,0,141,119,0,0,0,0,0,0,0,0,0,0,0,,,,,,,,,"wrist"
"IZTECH_S016","IZTECH_S016_w","2025-05-09 00:52:19",FALSE,0,34.06,32,12,0.1,0,0,1,0.00833333,0,0,138,115,0,0,0,0,0,0,0,0,0,0,0,,,,,,,,,"wrist"
"IZTECH_S016","IZTECH_S016_w","2025-05-09 00:54:19",FALSE,0,34.12,32,0,0,0,0,0,0,0,0,135,111,0,0,0,0,0,0,0,0,0,0,0,,,,,,,,,"wrist"
"IZTECH_S016","IZTECH_S016_w","2025-05-09 00:56:19",FALSE,0,34.19,32,0,0,0,0,0,0,0,0,133,105,0,0,0,0,0,0,0,0,0,0,0,,,,,,,,,"wrist"
"IZTECH_S016","IZTECH_S016_w","2025-05-09 00:58:19",FALSE,0,34.12,32,0,0,0,0,0,0,0,0,128,99,0,0,0,0,0,0,0,0,0,0,0,,,,,,,,,"wrist"
"IZTECH_S016","IZTECH_S016_w","2025-05-09 01:00:19",FALSE,0,34.19,32,7,0.0583333,0,0,1,0.00833333,0,0,128,95,0,0,0,0,0,0,0,0,0,0,0,,,,,,,,,"wrist"
"IZTECH_S016","IZTECH_S016_w","2025-05-09 01:02:19",FALSE,0,34.19,32,0,0,0,0,0,0,0,0,125,93,0,0,0,0,0,0,0,0,0,0,0,,,,,,,,,"wrist"
"IZTECH_S016","IZTECH_S016_w","2025-05-09 01:04:19",FALSE,0,34.25,32,0,0,0,0,0,0,0,0,124,93,0,0,0,0,0,0,0,0,0,0,0,,,,,,,,,"wrist"
"IZTECH_S016","IZTECH_S016_w","2025-05-09 01:06:19",FALSE,0,34.12,32,1308,10.9,39,0.325,88,0.733333,0,0,123,93,0,0,0,0,0,0,0,0,0,0,0,,,,,,,,,"wrist"
"IZTECH_S016","IZTECH_S016_w","2025-05-09 01:08:19",FALSE,0,34,2,545,4.54167,9,0.075,38,0.316667,0,0,123,93,0,0,0,0,0,0,0,0,0,0,0,,,,,,,,,"wrist"
"IZTECH_S016","IZTECH_S016_w","2025-05-09 01:10:19",FALSE,0,33.94,2,7,0.0583333,0,0,0,0,0,0,123,93,0,0,0,0,0,0,0,0,0,0,0,,,,,,,,,"wrist"
"IZTECH_S016","IZTECH_S016_w","2025-05-09 01:12:19",FALSE,0,33.94,2,0,0,0,0,0,0,0,0,123,93,0,0,0,0,0,0,0,0,0,0,0,,,,,,,,,"wrist"
"IZTECH_S016","IZTECH_S016_w","2025-05-09 01:14:19",FALSE,0,33.94,2,0,0,0,0,0,0,0,0,123,93,0,0,0,0,0,0,0,0,0,0,0,,,,,,,,,"wrist"
"IZTECH_S016","IZTECH_S016_w","2025-05-09 01:16:19",FALSE,0,33.94,2,0,0,0,0,1,0.00833333,0,0,123,92,0,0,0,0,0,0,0,0,0,0,0,,,,,,,,,"wrist"
"IZTECH_S016","IZTECH_S016_w","2025-05-09 01:18:19",FALSE,0,33.94,2,0,0,0,0,0,0,0,0,123,92,0,0,0,0,0,0,0,0,0,0,0,,,,,,,,,"wrist"
"IZTECH_S016","IZTECH_S016_w","2025-05-09 01:20:19",FALSE,0,33.94,2,0,0,0,0,0,0,0,0,123,92,0,0,0,0,0,0,0,0,0,0,0,,,,,,,,,"wrist"
"IZTECH_S016","IZTECH_S016_w","2025-05-09 01:22:19",FALSE,0,33.94,2,0,0,0,0,0,0,0,0,123,92,0,0,0,0,0,0,0,0,0,0,0,,,,,,,,,"wrist"
"IZTECH_S016","IZTECH_S016_w","2025-05-09 01:24:19",FALSE,0,34,2,245,2.04167,1,0.00833333,25,0.208333,0,0,122,92,0,0,0,0,0,0,0,0,0,0,0,,,,,,,,,"wrist"
"IZTECH_S016","IZTECH_S016_w","2025-05-09 01:26:19",FALSE,0,34,2,0,0,0,0,0,0,0,0,123,92,0,0,0,0,0,0,0,0,0,0,0,,,,,,,,,"wrist"
"IZTECH_S016","IZTECH_S016_w","2025-05-09 01:28:19",FALSE,0,34.06,2,0,0,0,0,0,0,0,0,122,92,0,0,0,0,0,0,0,0,0,0,0,,,,,,,,,"wrist"
"IZTECH_S016","IZTECH_S016_w","2025-05-09 01:30:19",FALSE,0,34,2,0,0,0,0,0,0,0,0,122,92,0,0,0,0,0,0,0,0,0,0,0,,,,,,,,,"wrist"
"IZTECH_S016","IZTECH_S016_w","2025-05-09 01:32:19",FALSE,0,34,2,0,0,0,0,0,0,0,0,122,91,0,0,0,0,0,0,0,0,0,0,0,,,,,,,,,"wrist"
"IZTECH_S016","IZTECH_S016_w","2025-05-09 01:34:19",FALSE,0,34,2,0,0,0,0,0,0,0,0,122,92,0,0,0,0,0,0,0,0,0,0,0,,,,,,,,,"wrist"
"IZTECH_S016","IZTECH_S016_w","2025-05-09 01:36:19",FALSE,0,33.94,2,0,0,0,0,0,0,0,0,122,91,0,0,0,0,0,0,0,0,0,0,0,,,,,,,,,"wrist"
"IZTECH_S016","IZTECH_S016_w","2025-05-09 01:38:19",FALSE,0,33.88,2,0,0,0,0,0,0,0,0,122,91,0,0,0,0,0,0,0,0,0,0,0,,,,,,,,,"wrist"
"IZTECH_S016","IZTECH_S016_w","2025-05-09 01:40:19",FALSE,0,33.94,2,0,0,0,0,0,0,0,0,122,92,0,0,0,0,0,0,0,0,0,0,0,,,,,,,,,"wrist"
"IZTECH_S016","IZTECH_S016_w","2025-05-09 01:42:19",FALSE,0,33.94,2,0,0,0,0,0,0,0,0,122,92,0,0,0,0,0,0,0,0,0,0,0,,,,,,,,,"wrist"
"IZTECH_S016","IZTECH_S016_w","2025-05-09 01:44:19",FALSE,0,33.88,2,0,0,0,0,0,0,0,0,122,92,0,0,0,0,0,0,0,0,0,0,0,,,,,,,,,"wrist"
"IZTECH_S016","IZTECH_S016_w","2025-05-09 01:46:19",FALSE,0,33.81,2,805,6.70833,11,0.0916667,41,0.341667,0,0,122,91,0,0,0,0,0,0,0,0,0,0,0,,,,,,,,,"wrist"
"IZTECH_S016","IZTECH_S016_w","2025-05-09 01:48:19",FALSE,0,33.94,1,1691,14.0917,61,0.508333,95,0.791667,0,0,123,91,0,0,0,0,0,0,0,0,0,0,0,,,,,,,,,"wrist"
"IZTECH_S016","IZTECH_S016_w","2025-05-09 01:50:19",FALSE,0,34.25,1,0,0,0,0,0,0,0,0,123,91,0,0,0,0,0,0,0,0,0,0,0,,,,,,,,,"wrist"
"IZTECH_S016","IZTECH_S016_w","2025-05-09 01:52:19",FALSE,0,34.44,1,518,4.31667,15,0.125,35,0.291667,0,0,124,92,0,0,0,0,0,0,0,0,0,0,0,,,,,,,,,"wrist"
"IZTECH_S016","IZTECH_S016_w","2025-05-09 01:54:19",FALSE,0,34.56,1,0,0,0,0,0,0,0,0,125,92,0,0,0,0,0,0,0,0,0,0,0,,,,,,,,,"wrist"
"IZTECH_S016","IZTECH_S016_w","2025-05-09 01:56:19",FALSE,0,34.69,1,0,0,0,0,0,0,0,0,126,92,0,0,0,0,0,0,0,0,0,0,0,,,,,,,,,"wrist"
"IZTECH_S016","IZTECH_S016_w","2025-05-09 01:58:19",FALSE,0,34.81,1,0,0,0,0,0,0,0,0,128,92,0,0,0,0,0,0,0,0,0,0,0,,,,,,,,,"wrist"
"IZTECH_S016","IZTECH_S016_w","2025-05-09 02:00:19",FALSE,0,34.62,1,1599,13.325,39,0.325,87,0.725,0,0,123,92,0,0,0,0,0,0,0,0,0,0,0,,,,,,,,,"wrist"
"IZTECH_S016","IZTECH_S016_w","2025-05-09 02:02:19",FALSE,0,34.38,8,0,0,0,0,0,0,0,0,123,93,0,0,0,0,0,0,0,0,0,0,0,,,,,,,,,"wrist"
"IZTECH_S016","IZTECH_S016_w","2025-05-09 02:04:19",FALSE,0,34.25,8,0,0,0,0,0,0,0,0,123,93,0,0,0,0,0,0,0,0,0,0,0,,,,,,,,,"wrist"
"IZTECH_S016","IZTECH_S016_w","2025-05-09 02:06:19",FALSE,0,34.19,8,0,0,0,0,0,0,0,0,123,96,0,0,0,0,0,0,0,0,0,0,0,,,,,,,,,"wrist"
"IZTECH_S016","IZTECH_S016_w","2025-05-09 02:08:19",FALSE,0,34.19,8,0,0,0,0,0,0,0,0,123,97,0,0,0,0,0,0,0,0,0,0,0,,,,,,,,,"wrist"
"IZTECH_S016","IZTECH_S016_w","2025-05-09 02:10:19",FALSE,0,34.25,2,233,1.94167,5,0.0416667,14,0.116667,0,0,123,97,0,0,0,0,0,0,0,0,0,0,0,,,,,,,,,"wrist"
"IZTECH_S016","IZTECH_S016_w","2025-05-09 02:12:19",FALSE,0,34.38,2,0,0,0,0,0,0,0,0,123,97,0,0,0,0,0,0,0,0,0,0,0,,,,,,,,,"wrist"
"IZTECH_S016","IZTECH_S016_w","2025-05-09 02:14:19",FALSE,0,34.56,2,0,0,0,0,0,0,0,0,123,97,0,0,0,0,0,0,0,0,0,0,0,,,,,,,,,"wrist"
"IZTECH_S016","IZTECH_S016_w","2025-05-09 02:16:19",FALSE,0,34.69,2,0,0,0,0,0,0,0,0,123,97,0,0,0,0,0,0,0,0,0,0,0,,,,,,,,,"wrist"
"IZTECH_S016","IZTECH_S016_w","2025-05-09 02:18:19",FALSE,0,34.81,2,0,0,0,0,0,0,0,0,123,97,0,0,0,0,0,0,0,0,0,0,0,,,,,,,,,"wrist"
"IZTECH_S016","IZTECH_S016_w","2025-05-09 02:20:19",FALSE,0,34.88,2,5,0.0416667,0,0,1,0.00833333,0,0,123,97,0,0,0,0,0,0,0,0,0,0,0,,,,,,,,,"wrist"
"IZTECH_S016","IZTECH_S016_w","2025-05-09 02:22:19",FALSE,0,34.94,2,0,0,0,0,0,0,0,0,123,96,0,0,0,0,0,0,0,0,0,0,0,,,,,,,,,"wrist"
"IZTECH_S016","IZTECH_S016_w","2025-05-09 02:24:19",FALSE,0,35.06,2,27,0.225,0,0,4,0.0333333,0,0,123,96,0,0,0,0,0,0,0,0,0,0,0,,,,,,,,,"wrist"
"IZTECH_S016","IZTECH_S016_w","2025-05-09 02:26:19",FALSE,0,34.88,8,591,4.925,13,0.108333,29,0.241667,0,0,123,97,0,0,0,0,0,0,0,0,0,0,0,,,,,,,,,"wrist"
"IZTECH_S016","IZTECH_S016_w","2025-05-09 02:28:19",FALSE,0,34.62,8,0,0,0,0,0,0,0,0,123,101,0,0,0,0,0,0,0,0,0,0,0,,,,,,,,,"wrist"
"IZTECH_S016","IZTECH_S016_w","2025-05-09 02:30:19",FALSE,0,34.5,8,7,0.0583333,0,0,1,0.00833333,0,0,123,103,0,0,0,0,0,0,0,0,0,0,0,,,,,,,,,"wrist"
"IZTECH_S016","IZTECH_S016_w","2025-05-09 02:32:19",FALSE,0,34.5,8,0,0,0,0,0,0,0,0,123,105,0,0,0,0,0,0,0,0,0,0,0,,,,,,,,,"wrist"
"IZTECH_S016","IZTECH_S016_w","2025-05-09 02:34:19",FALSE,0,34.5,8,6,0.05,0,0,0,0,0,0,123,105,0,0,0,0,0,0,0,0,0,0,0,,,,,,,,,"wrist"
"IZTECH_S016","IZTECH_S016_w","2025-05-09 02:36:19",FALSE,0,34.38,8,2056,17.1333,66,0.55,96,0.8,0,0,136,96,0,0,0,0,0,0,0,0,0,0,0,,,,,,,,,"wrist"
"IZTECH_S016","IZTECH_S016_w","2025-05-09 02:38:19",FALSE,0,34.56,2,53,0.441667,0,0,4,0.0333333,0,0,163,103,0,0,0,0,0,0,0,0,0,0,0,,,,,,,,,"wrist"
"IZTECH_S016","IZTECH_S016_w","2025-05-09 02:40:19",FALSE,0,34.69,2,0,0,0,0,0,0,0,0,162,100,0,0,0,0,0,0,0,0,0,0,0,,,,,,,,,"wrist"
"IZTECH_S016","IZTECH_S016_w","2025-05-09 02:42:19",FALSE,0,34.88,2,4,0.0333333,0,0,0,0,0,0,166,104,0,0,0,0,0,0,0,0,0,0,0,,,,,,,,,"wrist"
"IZTECH_S016","IZTECH_S016_w","2025-05-09 02:44:19",FALSE,0,35.06,2,0,0,0,0,0,0,0,0,160,97,0,0,0,0,0,0,0,0,0,0,0,,,,,,,,,"wrist"
"IZTECH_S016","IZTECH_S016_w","2025-05-09 02:46:19",FALSE,0,35.19,2,0,0,0,0,0,0,0,0,160,98,0,0,0,0,0,0,0,0,0,0,0,,,,,,,,,"wrist"
"IZTECH_S016","IZTECH_S016_w","2025-05-09 02:48:19",FALSE,0,35.31,2,32,0.266667,0,0,2,0.0166667,0,0,124,92,0,0,0,0,0,0,0,0,0,0,0,,,,,,,,,"wrist"
"IZTECH_S016","IZTECH_S016_w","2025-05-09 02:50:19",FALSE,0,35.38,2,29,0.241667,0,0,3,0.025,0,0,124,92,0,0,0,0,0,0,0,0,0,0,0,,,,,,,,,"wrist"
"IZTECH_S016","IZTECH_S016_w","2025-05-09 02:52:19",FALSE,0,35.44,2,0,0,0,0,0,0,0,0,137,92,0,0,0,0,0,0,0,0,0,0,0,,,,,,,,,"wrist"
"IZTECH_S016","IZTECH_S016_w","2025-05-09 02:54:19",FALSE,0,35.5,2,0,0,0,0,0,0,0,0,134,92,0,0,0,0,0,0,0,0,0,0,0,,,,,,,,,"wrist"
"IZTECH_S016","IZTECH_S016_w","2025-05-09 02:56:19",FALSE,0,35.62,2,9,0.075,0,0,2,0.0166667,0,0,130,92,0,0,0,0,0,0,0,0,0,0,0,,,,,,,,,"wrist"
"IZTECH_S016","IZTECH_S016_w","2025-05-09 02:58:19",FALSE,0,35.62,2,213,1.775,6,0.05,14,0.116667,0,0,131,94,0,0,0,0,0,0,0,0,0,0,0,,,,,,,,,"wrist"
"IZTECH_S016","IZTECH_S016_w","2025-05-09 03:00:19",FALSE,0,35.69,2,0,0,0,0,0,0,0,0,124,92,0,0,0,0,0,0,0,0,0,0,0,,,,,,,,,"wrist"
"IZTECH_S016","IZTECH_S016_w","2025-05-09 03:02:19",FALSE,0,35.69,2,0,0,0,0,0,0,0,0,124,92,0,0,0,0,0,0,0,0,0,0,0,,,,,,,,,"wrist"
"IZTECH_S016","IZTECH_S016_w","2025-05-09 03:04:19",FALSE,0,35.75,2,26,0.216667,0,0,4,0.0333333,0,0,124,92,0,0,0,0,0,0,0,0,0,0,0,,,,,,,,,"wrist"
"IZTECH_S016","IZTECH_S016_w","2025-05-09 03:06:19",FALSE,0,35.75,2,0,0,0,0,0,0,0,0,124,92,0,0,0,0,0,0,0,0,0,0,0,,,,,,,,,"wrist"
"IZTECH_S016","IZTECH_S016_w","2025-05-09 03:08:19",FALSE,0,35.75,2,0,0,0,0,0,0,0,0,124,92,0,0,0,0,0,0,0,0,0,0,0,,,,,,,,,"wrist"
"IZTECH_S016","IZTECH_S016_w","2025-05-09 03:10:19",FALSE,0,35.81,2,0,0,0,0,0,0,0,0,123,92,0,0,0,0,0,0,0,0,0,0,0,,,,,,,,,"wrist"
"IZTECH_S016","IZTECH_S016_w","2025-05-09 03:12:19",FALSE,0,35.81,2,0,0,0,0,0,0,0,0,123,92,0,0,0,0,0,0,0,0,0,0,0,,,,,,,,,"wrist"
"IZTECH_S016","IZTECH_S016_w","2025-05-09 03:14:19",FALSE,0,35.81,2,0,0,0,0,0,0,0,0,123,92,0,0,0,0,0,0,0,0,0,0,0,,,,,,,,,"wrist"
"IZTECH_S016","IZTECH_S016_w","2025-05-09 03:16:19",FALSE,0,35.81,2,0,0,0,0,0,0,0,0,123,92,0,0,0,0,0,0,0,0,0,0,0,,,,,,,,,"wrist"
"IZTECH_S016","IZTECH_S016_w","2025-05-09 03:18:19",FALSE,0,35.88,2,0,0,0,0,0,0,0,0,123,92,0,0,0,0,0,0,0,0,0,0,0,,,,,,,,,"wrist"
"IZTECH_S016","IZTECH_S016_w","2025-05-09 03:20:19",FALSE,0,35.88,2,0,0,0,0,0,0,0,0,123,92,0,0,0,0,0,0,0,0,0,0,0,,,,,,,,,"wrist"
"IZTECH_S016","IZTECH_S016_w","2025-05-09 03:22:19",FALSE,0,35.88,2,0,0,0,0,0,0,0,0,123,92,0,0,0,0,0,0,0,0,0,0,0,,,,,,,,,"wrist"
"IZTECH_S016","IZTECH_S016_w","2025-05-09 03:24:19",FALSE,0,35.88,2,0,0,0,0,0,0,0,0,123,92,0,0,0,0,0,0,0,0,0,0,0,,,,,,,,,"wrist"
"IZTECH_S016","IZTECH_S016_w","2025-05-09 03:26:19",FALSE,0,35.88,2,0,0,0,0,0,0,0,0,123,92,0,0,0,0,0,0,0,0,0,0,0,,,,,,,,,"wrist"
"IZTECH_S016","IZTECH_S016_w","2025-05-09 03:28:19",FALSE,0,35.88,2,0,0,0,0,0,0,0,0,123,92,0,0,0,0,0,0,0,0,0,0,0,,,,,,,,,"wrist"
"IZTECH_S016","IZTECH_S016_w","2025-05-09 03:30:19",FALSE,0,35.88,2,0,0,0,0,0,0,0,0,123,92,0,0,0,0,0,0,0,0,0,0,0,,,,,,,,,"wrist"
"IZTECH_S016","IZTECH_S016_w","2025-05-09 03:32:19",FALSE,0,35.94,2,0,0,0,0,0,0,0,0,123,92,0,0,0,0,0,0,0,0,0,0,0,,,,,,,,,"wrist"
"IZTECH_S016","IZTECH_S016_w","2025-05-09 03:34:19",FALSE,0,35.88,2,0,0,0,0,0,0,0,0,123,92,0,0,0,0,0,0,0,0,0,0,0,,,,,,,,,"wrist"
"IZTECH_S016","IZTECH_S016_w","2025-05-09 03:36:19",FALSE,0,35.88,2,0,0,0,0,0,0,0,0,123,92,0,0,0,0,0,0,0,0,0,0,0,,,,,,,,,"wrist"
"IZTECH_S016","IZTECH_S016_w","2025-05-09 03:38:19",FALSE,0,35.88,2,0,0,0,0,0,0,0,0,123,92,0,0,0,0,0,0,0,0,0,0,0,,,,,,,,,"wrist"
"IZTECH_S016","IZTECH_S016_w","2025-05-09 03:40:19",FALSE,0,35.88,2,0,0,0,0,0,0,0,0,123,92,0,0,0,0,0,0,0,0,0,0,0,,,,,,,,,"wrist"
"IZTECH_S016","IZTECH_S016_w","2025-05-09 03:42:19",FALSE,0,35.88,2,0,0,0,0,0,0,0,0,123,92,0,0,0,0,0,0,0,0,0,0,0,,,,,,,,,"wrist"
"IZTECH_S016","IZTECH_S016_w","2025-05-09 03:44:19",FALSE,0,35.88,2,0,0,0,0,0,0,0,0,123,92,0,0,0,0,0,0,0,0,0,0,0,,,,,,,,,"wrist"
"IZTECH_S016","IZTECH_S016_w","2025-05-09 03:46:19",FALSE,0,35.88,2,0,0,0,0,0,0,0,0,123,92,0,0,0,0,0,0,0,0,0,0,0,,,,,,,,,"wrist"
"IZTECH_S016","IZTECH_S016_w","2025-05-09 03:48:19",FALSE,0,35.88,2,0,0,0,0,0,0,0,0,123,92,0,0,0,0,0,0,0,0,0,0,0,,,,,,,,,"wrist"
"IZTECH_S016","IZTECH_S016_w","2025-05-09 03:50:19",FALSE,0,35.88,2,0,0,0,0,0,0,0,0,123,92,0,0,0,0,0,0,0,0,0,0,0,,,,,,,,,"wrist"
"IZTECH_S016","IZTECH_S016_w","2025-05-09 03:52:19",FALSE,0,35.88,2,0,0,0,0,0,0,0,0,123,94,0,0,0,0,0,0,0,0,0,0,0,,,,,,,,,"wrist"
"IZTECH_S016","IZTECH_S016_w","2025-05-09 03:54:19",FALSE,0,35.88,2,0,0,0,0,0,0,0,0,123,92,0,0,0,0,0,0,0,0,0,0,0,,,,,,,,,"wrist"
"IZTECH_S016","IZTECH_S016_w","2025-05-09 03:56:19",FALSE,0,35.88,2,0,0,0,0,0,0,0,0,123,92,0,0,0,0,0,0,0,0,0,0,0,,,,,,,,,"wrist"
"IZTECH_S016","IZTECH_S016_w","2025-05-09 03:58:19",FALSE,0,35.88,2,0,0,0,0,0,0,0,0,123,92,0,0,0,0,0,0,0,0,0,0,0,,,,,,,,,"wrist"
"IZTECH_S016","IZTECH_S016_w","2025-05-09 04:00:19",FALSE,0,35.88,2,0,0,0,0,0,0,0,0,123,92,0,0,0,0,0,0,0,0,0,0,0,,,,,,,,,"wrist"
"IZTECH_S016","IZTECH_S016_w","2025-05-09 04:02:19",FALSE,0,35.81,2,0,0,0,0,0,0,0,0,123,92,0,0,0,0,0,0,0,0,0,0,0,,,,,,,,,"wrist"
"IZTECH_S016","IZTECH_S016_w","2025-05-09 04:04:19",FALSE,0,35.75,2,1519,12.6583,37,0.308333,86,0.716667,0,0,123,92,0,0,0,0,0,0,0,0,0,0,0,,,,,,,,,"wrist"
"IZTECH_S016","IZTECH_S016_w","2025-05-09 04:06:19",FALSE,0,35.56,2,0,0,0,0,0,0,0,0,123,92,0,0,0,0,0,0,0,0,0,0,0,,,,,,,,,"wrist"
"IZTECH_S016","IZTECH_S016_w","2025-05-09 04:08:19",FALSE,0,35.5,2,0,0,0,0,0,0,0,0,123,92,0,0,0,0,0,0,0,0,0,0,0,,,,,,,,,"wrist"
"IZTECH_S016","IZTECH_S016_w","2025-05-09 04:10:19",FALSE,0,35.44,2,0,0,0,0,0,0,0,0,123,92,0,0,0,0,0,0,0,0,0,0,0,,,,,,,,,"wrist"
"IZTECH_S016","IZTECH_S016_w","2025-05-09 04:12:19",FALSE,0,35.38,2,0,0,0,0,0,0,0,0,123,92,0,0,0,0,0,0,0,0,0,0,0,,,,,,,,,"wrist"
"IZTECH_S016","IZTECH_S016_w","2025-05-09 04:14:19",FALSE,0,35.38,2,0,0,0,0,0,0,0,0,123,92,0,0,0,0,0,0,0,0,0,0,0,,,,,,,,,"wrist"
"IZTECH_S016","IZTECH_S016_w","2025-05-09 04:16:19",FALSE,0,35.31,2,0,0,0,0,0,0,0,0,123,92,0,0,0,0,0,0,0,0,0,0,0,,,,,,,,,"wrist"
"IZTECH_S016","IZTECH_S016_w","2025-05-09 04:18:19",FALSE,0,35.19,2,844,7.03333,16,0.133333,56,0.466667,0,0,123,92,0,0,0,0,0,0,0,0,0,0,0,,,,,,,,,"wrist"
"IZTECH_S016","IZTECH_S016_w","2025-05-09 04:20:19",FALSE,0,35,8,0,0,0,0,0,0,0,0,123,92,0,0,0,0,0,0,0,0,0,0,0,,,,,,,,,"wrist"
"IZTECH_S016","IZTECH_S016_w","2025-05-09 04:22:19",FALSE,0,35,8,0,0,0,0,0,0,0,0,123,92,0,0,0,0,0,0,0,0,0,0,0,,,,,,,,,"wrist"
"IZTECH_S016","IZTECH_S016_w","2025-05-09 04:24:19",FALSE,0,34.88,8,1583,13.1917,40,0.333333,99,0.825,0,0,123,92,0,0,0,0,0,0,0,0,0,0,0,,,,,,,,,"wrist"
"IZTECH_S016","IZTECH_S016_w","2025-05-09 04:26:19",FALSE,0,34.69,8,0,0,0,0,0,0,0,0,123,92,0,0,0,0,0,0,0,0,0,0,0,,,,,,,,,"wrist"
"IZTECH_S016","IZTECH_S016_w","2025-05-09 04:28:19",FALSE,0,34.56,8,0,0,0,0,0,0,0,0,123,92,0,0,0,0,0,0,0,0,0,0,0,,,,,,,,,"wrist"
"IZTECH_S016","IZTECH_S016_w","2025-05-09 04:30:19",FALSE,0,34.38,8,0,0,0,0,0,0,0,0,123,92,0,0,0,0,0,0,0,0,0,0,0,,,,,,,,,"wrist"
"IZTECH_S016","IZTECH_S016_w","2025-05-09 04:32:19",FALSE,0,34.31,8,0,0,0,0,0,0,0,0,124,92,0,0,0,0,0,0,0,0,0,0,0,,,,,,,,,"wrist"
"IZTECH_S016","IZTECH_S016_w","2025-05-09 04:34:19",FALSE,0,34.06,8,2701,22.5083,68,0.566667,154,1.28333,0,0,124,97,0,0,0,0,0,0,0,0,0,0,0,,,,,,,,,"wrist"
"IZTECH_S016","IZTECH_S016_w","2025-05-09 04:36:19",FALSE,0,34,8,247,2.05833,3,0.025,28,0.233333,0,0,123,93,0,0,0,0,0,0,0,0,0,0,0,,,,,,,,,"wrist"
"IZTECH_S016","IZTECH_S016_w","2025-05-09 04:38:19",FALSE,0,33.88,8,1765,14.7083,49,0.408333,98,0.816667,0,0,123,93,0,0,0,0,0,0,0,0,0,0,0,,,,,,,,,"wrist"
"IZTECH_S016","IZTECH_S016_w","2025-05-09 04:40:19",FALSE,0,34,8,475,3.95833,16,0.133333,21,0.175,0,0,123,92,0,0,0,0,0,0,0,0,0,0,0,,,,,,,,,"wrist"
"IZTECH_S016","IZTECH_S016_w","2025-05-09 04:42:19",FALSE,0,34.06,8,0,0,0,0,0,0,0,0,123,92,0,0,0,0,0,0,0,0,0,0,0,,,,,,,,,"wrist"
"IZTECH_S016","IZTECH_S016_w","2025-05-09 04:44:19",FALSE,0,34.19,8,0,0,0,0,0,0,0,0,123,92,0,0,0,0,0,0,0,0,0,0,0,,,,,,,,,"wrist"
"IZTECH_S016","IZTECH_S016_w","2025-05-09 04:46:19",FALSE,0,34.31,8,0,0,0,0,0,0,0,0,123,92,0,0,0,0,0,0,0,0,0,0,0,,,,,,,,,"wrist"
"IZTECH_S016","IZTECH_S016_w","2025-05-09 04:48:19",FALSE,0,34.44,8,0,0,0,0,0,0,0,0,123,92,0,0,0,0,0,0,0,0,0,0,0,,,,,,,,,"wrist"
"IZTECH_S016","IZTECH_S016_w","2025-05-09 04:50:19",FALSE,0,34.56,8,0,0,0,0,0,0,0,0,123,92,0,0,0,0,0,0,0,0,0,0,0,,,,,,,,,"wrist"
"IZTECH_S016","IZTECH_S016_w","2025-05-09 04:52:19",FALSE,0,34.62,8,0,0,0,0,0,0,0,0,123,92,0,0,0,0,0,0,0,0,0,0,0,,,,,,,,,"wrist"
"IZTECH_S016","IZTECH_S016_w","2025-05-09 04:54:19",FALSE,0,34.75,8,0,0,0,0,0,0,0,0,123,92,0,0,0,0,0,0,0,0,0,0,0,,,,,,,,,"wrist"
"IZTECH_S016","IZTECH_S016_w","2025-05-09 04:56:19",FALSE,0,34.81,8,0,0,0,0,0,0,0,0,123,92,0,0,0,0,0,0,0,0,0,0,0,,,,,,,,,"wrist"
"IZTECH_S016","IZTECH_S016_w","2025-05-09 04:58:19",FALSE,0,34.88,8,0,0,0,0,0,0,0,0,123,93,0,0,0,0,0,0,0,0,0,0,0,,,,,,,,,"wrist"
"IZTECH_S016","IZTECH_S016_w","2025-05-09 05:00:19",FALSE,0,34.94,8,0,0,0,0,0,0,0,0,123,92,0,0,0,0,0,0,0,0,0,0,0,,,,,,,,,"wrist"
"IZTECH_S016","IZTECH_S016_w","2025-05-09 05:02:19",FALSE,0,35,8,0,0,0,0,0,0,0,0,123,92,0,0,0,0,0,0,0,0,0,0,0,,,,,,,,,"wrist"
"IZTECH_S016","IZTECH_S016_w","2025-05-09 05:04:19",FALSE,0,35.06,8,0,0,0,0,0,0,0,0,123,92,0,0,0,0,0,0,0,0,0,0,0,,,,,,,,,"wrist"
"IZTECH_S016","IZTECH_S016_w","2025-05-09 05:06:19",FALSE,0,35.12,8,0,0,0,0,0,0,0,0,123,92,0,0,0,0,0,0,0,0,0,0,0,,,,,,,,,"wrist"
"IZTECH_S016","IZTECH_S016_w","2025-05-09 05:08:19",FALSE,0,35.06,8,4517,37.6417,131,1.09167,226,1.88333,0,0,123,92,0,0,0,0,0,0,0,0,0,0,0,,,,,,,,,"wrist"
"IZTECH_S016","IZTECH_S016_w","2025-05-09 05:10:19",FALSE,0,34.69,2,1618,13.4833,44,0.366667,89,0.741667,0,0,124,93,0,0,0,0,0,0,0,0,0,0,0,,,,,,,,,"wrist"
"IZTECH_S016","IZTECH_S016_w","2025-05-09 05:12:19",FALSE,0,34.62,2,0,0,0,0,0,0,0,0,124,92,0,0,0,0,0,0,0,0,0,0,0,,,,,,,,,"wrist"
"IZTECH_S016","IZTECH_S016_w","2025-05-09 05:14:19",FALSE,0,34.56,2,0,0,0,0,0,0,0,0,125,92,0,0,0,0,0,0,0,0,0,0,0,,,,,,,,,"wrist"
"IZTECH_S016","IZTECH_S016_w","2025-05-09 05:16:19",FALSE,0,34.56,2,0,0,0,0,0,0,0,0,126,92,0,0,0,0,0,0,0,0,0,0,0,,,,,,,,,"wrist"
"IZTECH_S016","IZTECH_S016_w","2025-05-09 05:18:19",FALSE,0,34.56,2,24,0.2,0,0,3,0.025,0,0,128,93,0,0,0,0,0,0,0,0,0,0,0,,,,,,,,,"wrist"
"IZTECH_S016","IZTECH_S016_w","2025-05-09 05:20:19",FALSE,0,34.56,2,2680,22.3333,87,0.725,128,1.06667,0,0,123,93,0,0,0,0,0,0,0,0,0,0,0,,,,,,,,,"wrist"
"IZTECH_S016","IZTECH_S016_w","2025-05-09 05:22:19",FALSE,0,34.62,1,2864,23.8667,96,0.8,135,1.125,0,0,123,92,0,0,0,0,0,0,0,0,0,0,0,,,,,,,,,"wrist"
"IZTECH_S016","IZTECH_S016_w","2025-05-09 05:24:19",FALSE,0,34.38,1,35,0.291667,1,0.00833333,4,0.0333333,0,0,135,92,0,0,0,0,0,0,0,0,0,0,0,,,,,,,,,"wrist"
"IZTECH_S016","IZTECH_S016_w","2025-05-09 05:26:19",FALSE,0,34.25,1,900,7.5,25,0.208333,43,0.358333,0,0,124,92,0,0,0,0,0,0,0,0,0,0,0,,,,,,,,,"wrist"
"IZTECH_S016","IZTECH_S016_w","2025-05-09 05:28:19",FALSE,0,34.31,8,77,0.641667,1,0.00833333,2,0.0166667,0,0,124,92,0,0,0,0,0,0,0,0,0,0,0,,,,,,,,,"wrist"
"IZTECH_S016","IZTECH_S016_w","2025-05-09 05:30:19",FALSE,0,34.31,8,669,5.575,18,0.15,38,0.316667,0,0,125,93,0,0,0,0,0,0,0,0,0,0,0,,,,,,,,,"wrist"
"IZTECH_S016","IZTECH_S016_w","2025-05-09 05:32:19",FALSE,0,34.44,1,164,1.36667,4,0.0333333,7,0.0583333,0,0,123,93,0,0,0,0,0,0,0,0,0,0,0,,,,,,,,,"wrist"
"IZTECH_S016","IZTECH_S016_w","2025-05-09 05:34:19",FALSE,0,34.56,1,0,0,0,0,0,0,0,0,123,92,0,0,0,0,0,0,0,0,0,0,0,,,,,,,,,"wrist"
"IZTECH_S016","IZTECH_S016_w","2025-05-09 05:36:19",FALSE,0,34.5,8,1537,12.8083,48,0.4,79,0.658333,0,0,123,101,0,0,0,0,0,0,0,0,0,0,0,,,,,,,,,"wrist"
"IZTECH_S016","IZTECH_S016_w","2025-05-09 05:38:19",FALSE,0,34.38,8,6,0.05,0,0,0,0,0,0,123,100,0,0,0,0,0,0,0,0,0,0,0,,,,,,,,,"wrist"
"IZTECH_S016","IZTECH_S016_w","2025-05-09 05:40:19",FALSE,0,34.31,8,0,0,0,0,0,0,0,0,123,103,0,0,0,0,0,0,0,0,0,0,0,,,,,,,,,"wrist"
"IZTECH_S016","IZTECH_S016_w","2025-05-09 05:42:19",FALSE,0,34.31,8,316,2.63333,11,0.0916667,13,0.108333,0,0,124,104,0,0,0,0,0,0,0,0,0,0,0,,,,,,,,,"wrist"
"IZTECH_S016","IZTECH_S016_w","2025-05-09 05:44:19",FALSE,0,34.44,4,2422,20.1833,75,0.625,112,0.933333,0,0,125,93,0,0,0,0,0,0,0,0,0,0,0,,,,,,,,,"wrist"
"IZTECH_S016","IZTECH_S016_w","2025-05-09 05:46:19",FALSE,0,34.5,4,666,5.55,26,0.216667,37,0.308333,0,0,125,93,0,0,0,0,0,0,0,0,0,0,0,,,,,,,,,"wrist"
"IZTECH_S016","IZTECH_S016_w","2025-05-09 05:48:19",FALSE,0,34.5,4,0,0,0,0,0,0,0,0,125,92,0,0,0,0,0,0,0,0,0,0,0,,,,,,,,,"wrist"
"IZTECH_S016","IZTECH_S016_w","2025-05-09 05:50:19",FALSE,0,34.56,1,57,0.475,0,0,6,0.05,0,0,125,93,0,0,0,0,0,0,0,0,0,0,0,,,,,,,,,"wrist"
"IZTECH_S016","IZTECH_S016_w","2025-05-09 05:52:19",FALSE,0,34.62,4,610,5.08333,19,0.158333,41,0.341667,0,0,124,93,0,0,0,0,0,0,0,0,0,0,0,,,,,,,,,"wrist"
"IZTECH_S016","IZTECH_S016_w","2025-05-09 05:54:19",FALSE,0,34.69,4,54,0.45,1,0.00833333,7,0.0583333,0,0,124,92,0,0,0,0,0,0,0,0,0,0,0,,,,,,,,,"wrist"
"IZTECH_S016","IZTECH_S016_w","2025-05-09 05:56:19",FALSE,0,34.75,4,0,0,0,0,0,0,0,0,124,92,0,0,0,0,0,0,0,0,0,0,0,,,,,,,,,"wrist"
"IZTECH_S016","IZTECH_S016_w","2025-05-09 05:58:19",FALSE,0,34.75,4,1635,13.625,35,0.291667,89,0.741667,0,0,124,96,0,0,0,0,0,0,0,0,0,0,0,,,,,,,,,"wrist"
"IZTECH_S016","IZTECH_S016_w","2025-05-09 06:00:19",FALSE,0,34.69,32,1902,15.85,51,0.425,123,1.025,0,0,137,100,0,0,0,0,0,0,0,0,0,0,0,,,,,,,,,"wrist"
"IZTECH_S016","IZTECH_S016_w","2025-05-09 06:02:19",FALSE,0,34.5,2,0,0,0,0,0,0,0,0,137,96,0,0,0,0,0,0,0,0,0,0,0,,,,,,,,,"wrist"
"IZTECH_S016","IZTECH_S016_w","2025-05-09 06:04:19",FALSE,0,34.19,2,46,0.383333,0,0,3,0.025,0,0,146,96,0,0,0,0,0,0,0,1e-04,0,0,0,,,,,,,,,"wrist"
"IZTECH_S016","IZTECH_S016_w","2025-05-09 06:06:19",FALSE,0,34,2,0,0,0,0,0,0,0,0,140,96,0,0,0,0,0,0,0,1e-04,0,0,0,,,,,,,,,"wrist"
"IZTECH_S016","IZTECH_S016_w","2025-05-09 06:08:19",FALSE,0,33.81,2,479,3.99167,5,0.0416667,31,0.258333,0,0,128,93,0,0,0,0,0,0,0,1e-04,0,0,0,,,,,,,,,"wrist"
"IZTECH_S016","IZTECH_S016_w","2025-05-09 06:10:19",FALSE,0,33.88,1,649,5.40833,10,0.0833333,37,0.308333,0,0,123,93,0,0,0,0,0,0,0,0,0,0,0,,,,,,,,,"wrist"
"IZTECH_S016","IZTECH_S016_w","2025-05-09 06:12:19",FALSE,0,33.88,8,0,0,0,0,0,0,0,0,123,93,0,0,0,0,0,0,0,0,0,0,0,,,,,,,,,"wrist"
"IZTECH_S016","IZTECH_S016_w","2025-05-09 06:14:19",FALSE,0,33.94,8,320,2.66667,7,0.0583333,16,0.133333,0,0,124,93,0,0,0,0,0,0,0,0,0,0,0,,,,,,,,,"wrist"
"IZTECH_S016","IZTECH_S016_w","2025-05-09 06:16:19",FALSE,0,33.69,32,986,8.21667,34,0.283333,44,0.366667,0,0,124,99,0,0,0,0,0,0,0,0,0,0,0,,,,,,,,,"wrist"
"IZTECH_S016","IZTECH_S016_w","2025-05-09 06:18:19",FALSE,0,33.69,32,7,0.0583333,0,0,0,0,0,0,124,101,0,0,0,0,0,0,0,0,0,0,0,,,,,,,,,"wrist"
"IZTECH_S016","IZTECH_S016_w","2025-05-09 06:20:19",FALSE,0,33.75,32,5,0.0416667,0,0,0,0,0,0,124,100,0,0,0,0,0,0,0,0,0,0,0,,,,,,,,,"wrist"
"IZTECH_S016","IZTECH_S016_w","2025-05-09 06:22:19",FALSE,0,33.81,32,0,0,0,0,0,0,0,0,124,103,0,0,0,0,0,0,0,0,0,0,0,,,,,,,,,"wrist"
"IZTECH_S016","IZTECH_S016_w","2025-05-09 06:24:19",FALSE,0,34,32,1735,14.4583,55,0.458333,80,0.666667,0.34,0,132,95,0,0,1e-04,1e-04,1e-04,1e-04,2e-04,2e-04,0.2,0,0,,,,,,,,,"wrist"
"IZTECH_S016","IZTECH_S016_w","2025-05-09 06:26:19",FALSE,0,33.94,2,0,0,0,0,0,0,0.79,0,131,95,0,1e-04,1e-04,2e-04,2e-04,2e-04,3e-04,5e-04,0.34,0,0,,,,,,,,,"wrist"
"IZTECH_S016","IZTECH_S016_w","2025-05-09 06:28:19",FALSE,0,33.81,2,3,0.025,0,0,0,0,1.01,0,131,95,1e-04,1e-04,1e-04,2e-04,2e-04,3e-04,4e-04,6e-04,0.53,0,0,,,,,,,,,"wrist"
"IZTECH_S016","IZTECH_S016_w","2025-05-09 06:30:19",FALSE,0,33.75,2,476,3.96667,12,0.1,30,0.25,1.04,0,139,95,0,1e-04,1e-04,2e-04,2e-04,3e-04,4e-04,6e-04,0.47,0,0,,,,,,,,,"wrist"
"IZTECH_S016","IZTECH_S016_w","2025-05-09 06:32:19",FALSE,0,33.69,4,2494,20.7833,89,0.741667,95,0.791667,0,0,167,91,0,0,0,0,0,0,0,0,0,0,0,,,,,,,,,"wrist"
"IZTECH_S016","IZTECH_S016_w","2025-05-09 06:34:19",FALSE,0,33.75,4,0,0,0,0,0,0,0,0,166,91,0,0,0,0,0,0,0,0,0,0,0,,,,,,,,,"wrist"
"IZTECH_S016","IZTECH_S016_w","2025-05-09 06:36:19",FALSE,0,33.81,4,0,0,0,0,0,0,0,0,166,93,0,0,0,0,0,0,0,0,0,0,0,,,,,,,,,"wrist"
"IZTECH_S016","IZTECH_S016_w","2025-05-09 06:38:19",FALSE,0,33.88,4,0,0,0,0,0,0,0,0,166,93,0,0,0,0,0,0,0,0,0,0,0,,,,,,,,,"wrist"
"IZTECH_S016","IZTECH_S016_w","2025-05-09 06:40:19",FALSE,0,34,4,0,0,0,0,0,0,0,0,167,93,0,0,0,0,0,0,0,0,0,0,0,,,,,,,,,"wrist"
"IZTECH_S016","IZTECH_S016_w","2025-05-09 06:42:19",FALSE,0,34,1,1092,9.1,21,0.175,51,0.425,0.15,0,128,93,0,0,0,0,0,0,0,1e-04,0.1,0,0,,,,,,,,,"wrist"
"IZTECH_S016","IZTECH_S016_w","2025-05-09 06:44:19",FALSE,0,34.12,1,138,1.15,1,0.00833333,14,0.116667,0,0,137,95,0,0,0,0,0,0,0,0,0,0,0,,,,,,,,,"wrist"
"IZTECH_S016","IZTECH_S016_w","2025-05-09 06:46:19",FALSE,0,34.25,1,0,0,0,0,0,0,0,0,138,95,0,0,0,0,0,0,0,0,0,0,0,,,,,,,,,"wrist"
"IZTECH_S016","IZTECH_S016_w","2025-05-09 06:48:19",FALSE,0,34.31,1,1778,14.8167,53,0.441667,85,0.708333,0.67,0,168,93,1e-04,1e-04,1e-04,2e-04,2e-04,2e-04,3e-04,6e-04,0.36,0,0,,,,,,,,,"wrist"
"IZTECH_S016","IZTECH_S016_w","2025-05-09 06:50:19",FALSE,0,34.19,4,0,0,0,0,0,0,0.78,0,165,93,1e-04,2e-04,2e-04,2e-04,2e-04,3e-04,4e-04,8e-04,0.45,0,0,,,,,,,,,"wrist"
"IZTECH_S016","IZTECH_S016_w","2025-05-09 06:52:19",FALSE,0,34.12,4,0,0,0,0,0,0,0.91,0,164,93,1e-04,2e-04,2e-04,2e-04,3e-04,3e-04,4e-04,8e-04,0.43,0,0,,,,,,,,,"wrist"
"IZTECH_S016","IZTECH_S016_w","2025-05-09 06:54:19",FALSE,0,34.06,4,28,0.233333,0,0,2,0.0166667,0.55,0,158,93,1e-04,1e-04,2e-04,2e-04,2e-04,3e-04,4e-04,7e-04,0.2,0,0,,,,,,,,,"wrist"
"IZTECH_S016","IZTECH_S016_w","2025-05-09 06:56:19",FALSE,0,34,4,0,0,0,0,0,0,0.45,0,158,93,1e-04,1e-04,1e-04,2e-04,2e-04,2e-04,3e-04,6e-04,0.1,0,0,,,,,,,,,"wrist"
"IZTECH_S016","IZTECH_S016_w","2025-05-09 06:58:19",FALSE,0,34,4,50,0.416667,0,0,7,0.0583333,0.39,0,158,93,0,1e-04,1e-04,1e-04,2e-04,2e-04,2e-04,5e-04,0,0,0,,,,,,,,,"wrist"
"IZTECH_S016","IZTECH_S016_w","2025-05-09 07:00:19",FALSE,0,34,4,16,0.133333,0,0,1,0.00833333,0.18,0,154,93,1e-04,1e-04,1e-04,1e-04,1e-04,2e-04,2e-04,4e-04,0,0,0,,,,,,,,,"wrist"
"IZTECH_S016","IZTECH_S016_w","2025-05-09 07:02:19",FALSE,0,34,4,4,0.0333333,0,0,0,0,0.05,0,151,93,1e-04,1e-04,1e-04,1e-04,1e-04,1e-04,2e-04,4e-04,0,0,0,,,,,,,,,"wrist"
"IZTECH_S016","IZTECH_S016_w","2025-05-09 07:04:19",FALSE,0,33.94,4,0,0,0,0,0,0,0.08,0,149,91,0,1e-04,1e-04,1e-04,1e-04,1e-04,1e-04,3e-04,0,0,0,,,,,,,,,"wrist"
"IZTECH_S016","IZTECH_S016_w","2025-05-09 07:06:19",FALSE,0,33.94,4,9,0.075,0,0,1,0.00833333,0.04,0,146,93,0,0,1e-04,1e-04,1e-04,1e-04,1e-04,3e-04,0,0,0,,,,,,,,,"wrist"
"IZTECH_S016","IZTECH_S016_w","2025-05-09 07:08:19",FALSE,0,33.94,4,0,0,0,0,0,0,0,0,142,91,0,0,1e-04,0,1e-04,1e-04,1e-04,2e-04,0,0,0,,,,,,,,,"wrist"
"IZTECH_S016","IZTECH_S016_w","2025-05-09 07:10:19",FALSE,0,33.94,4,0,0,0,0,0,0,0.04,0,139,91,0,0,0,0,1e-04,1e-04,1e-04,2e-04,0,0,0,,,,,,,,,"wrist"
"IZTECH_S016","IZTECH_S016_w","2025-05-09 07:12:19",FALSE,0,33.94,4,0,0,0,0,0,0,0.1,0,136,92,0,0,1e-04,1e-04,1e-04,1e-04,2e-04,3e-04,0,0,0,,,,,,,,,"wrist"
"IZTECH_S016","IZTECH_S016_w","2025-05-09 07:14:19",FALSE,0,33.94,32,1480,12.3333,28,0.233333,79,0.658333,0.14,0,123,91,0,0,0,0,0,0,1e-04,1e-04,0.1,0,0,,,,,,,,,"wrist"
"IZTECH_S016","IZTECH_S016_w","2025-05-09 07:16:19",FALSE,0,34.12,32,1492,12.4333,37,0.308333,87,0.725,0,0,124,92,0,0,0,0,0,0,0,0,0,0,0,,,,,,,,,"wrist"
"IZTECH_S016","IZTECH_S016_w","2025-05-09 07:18:19",FALSE,0,34.38,32,0,0,0,0,0,0,0,0,124,92,0,0,0,0,0,0,0,0,0,0,0,,,,,,,,,"wrist"
"IZTECH_S016","IZTECH_S016_w","2025-05-09 07:20:19",FALSE,0,34.62,32,400,3.33333,3,0.025,25,0.208333,0,0,123,93,0,0,0,0,0,0,0,0,0,0,0,,,,,,,,,"wrist"
"IZTECH_S016","IZTECH_S016_w","2025-05-09 07:22:19",FALSE,0,34.88,32,0,0,0,0,0,0,0,0,123,92,0,0,0,0,0,0,0,0,0,0,0,,,,,,,,,"wrist"
"IZTECH_S016","IZTECH_S016_w","2025-05-09 07:24:19",FALSE,0,35,32,0,0,0,0,0,0,0,0,123,93,0,0,0,0,0,0,0,0,0,0,0,,,,,,,,,"wrist"
"IZTECH_S016","IZTECH_S016_w","2025-05-09 07:26:19",FALSE,0,35.06,32,1572,13.1,39,0.325,78,0.65,1.39,0,124,96,1e-04,1e-04,1e-04,2e-04,2e-04,3e-04,4e-04,5e-04,1.11,0,0,,,,,,,,,"wrist"
"IZTECH_S016","IZTECH_S016_w","2025-05-09 07:28:19",FALSE,0,35.06,32,0,0,0,0,0,0,0,0,123,96,0,0,0,0,0,0,0,0,0,0,0,,,,,,,,,"wrist"
"IZTECH_S016","IZTECH_S016_w","2025-05-09 07:30:19",FALSE,0,35.19,32,1193,9.94167,29,0.241667,83,0.691667,0,0,124,93,0,0,0,0,0,0,0,0,0,0,0,,,,,,,,,"wrist"
"IZTECH_S016","IZTECH_S016_w","2025-05-09 07:32:19",FALSE,0,35.25,1,262,2.18333,6,0.05,9,0.075,0,0,124,94,0,0,0,0,0,0,0,0,0,0,0,,,,,,,,,"wrist"
"IZTECH_S016","IZTECH_S016_w","2025-05-09 07:34:19",FALSE,0,35.31,1,0,0,0,0,0,0,0,0,124,94,0,0,0,0,0,0,0,0,0,0,0,,,,,,,,,"wrist"
"IZTECH_S016","IZTECH_S016_w","2025-05-09 07:36:19",FALSE,0,35.06,2,1161,9.675,32,0.266667,77,0.641667,8.42,0.01,172,116,4e-04,7e-04,9e-04,0.0013,0.0015,0.0018,0.0022,0.0031,6.64,0.01,0,,,,,,,,,"wrist"
"IZTECH_S016","IZTECH_S016_w","2025-05-09 07:38:19",FALSE,0,34.69,2,6,0.05,0,0,0,0,11.18,0.01,173,117,5e-04,9e-04,0.0012,0.0018,0.002,0.0024,0.003,0.0042,8.78,0.01,0,,,,,,,,,"wrist"
"IZTECH_S016","IZTECH_S016_w","2025-05-09 07:40:19",FALSE,0,34.38,2,17,0.141667,0,0,2,0.0166667,12.08,0.01,176,123,6e-04,0.001,0.0013,0.0019,0.0022,0.0026,0.0033,0.0045,9.49,0.01,0,,,,,,,,,"wrist"
"IZTECH_S016","IZTECH_S016_w","2025-05-09 07:42:19",FALSE,0,34.25,2,1133,9.44167,45,0.375,57,0.475,12.27,0.01,125,93,6e-04,0.001,0.0013,0.0019,0.0022,0.0027,0.0034,0.0046,9.47,0.01,0,,,,,,,,,"wrist"
"IZTECH_S016","IZTECH_S016_w","2025-05-09 07:44:19",FALSE,0,34.12,8,0,0,0,0,0,0,0,0,124,93,0,0,0,0,0,0,0,0,0,0,0,,,,,,,,,"wrist"
"IZTECH_S016","IZTECH_S016_w","2025-05-09 07:46:19",FALSE,0,34.19,8,854,7.11667,26,0.216667,48,0.4,0.58,0,124,93,0,0,1e-04,1e-04,1e-04,1e-04,1e-04,2e-04,0.5,0,0,,,,,,,,,"wrist"
"IZTECH_S016","IZTECH_S016_w","2025-05-09 07:48:19",FALSE,0,34.19,2,13,0.108333,0,0,1,0.00833333,5.36,0,151,93,2e-04,4e-04,6e-04,8e-04,0.001,0.0011,0.0014,0.002,4.17,0.01,0,,,,,,,,,"wrist"
"IZTECH_S016","IZTECH_S016_w","2025-05-09 07:50:19",FALSE,0,34.19,2,805,6.70833,19,0.158333,52,0.433333,6.98,0.01,198,104,3e-04,6e-04,8e-04,0.0011,0.0013,0.0016,0.002,0.0027,5.14,0.01,0,,,,,,,,,"wrist"
"IZTECH_S016","IZTECH_S016_w","2025-05-09 07:52:19",FALSE,0,34.38,1,0,0,0,0,0,0,0.03,0,203,104,0,0,0,0,1e-04,1e-04,1e-04,2e-04,0,0,0,,,,,,,,,"wrist"
"IZTECH_S016","IZTECH_S016_w","2025-05-09 07:54:19",FALSE,0,34.62,1,0,0,0,0,0,0,0.04,0,206,104,0,0,0,0,1e-04,1e-04,1e-04,2e-04,0,0,0,,,,,,,,,"wrist"
"IZTECH_S016","IZTECH_S016_w","2025-05-09 07:56:19",FALSE,0,34.81,1,0,0,0,0,0,0,0.11,0,208,104,0,0,0,0,1e-04,1e-04,1e-04,2e-04,0,0,0,,,,,,,,,"wrist"
"IZTECH_S016","IZTECH_S016_w","2025-05-09 07:58:19",FALSE,0,34.94,1,0,0,0,0,0,0,0,0,208,104,0,0,0,0,0,0,1e-04,2e-04,0,0,0,,,,,,,,,"wrist"
"IZTECH_S016","IZTECH_S016_w","2025-05-09 08:00:19",FALSE,0,35.06,1,1952,16.2667,69,0.575,89,0.741667,1.2,0,210,104,1e-04,1e-04,1e-04,2e-04,3e-04,3e-04,4e-04,6e-04,0.6,0,0,,,,,,,,,"wrist"
"IZTECH_S016","IZTECH_S016_w","2025-05-09 08:02:19",FALSE,0,35,8,0,0,0,0,0,0,1.22,0,125,93,0,1e-04,1e-04,2e-04,3e-04,3e-04,4e-04,7e-04,0.43,0,0,,,,,,,,,"wrist"
"IZTECH_S016","IZTECH_S016_w","2025-05-09 08:04:19",FALSE,0,34.81,8,3135,26.125,93,0.775,154,1.28333,2.93,0,124,93,1e-04,3e-04,4e-04,5e-04,6e-04,7e-04,9e-04,0.0014,1.76,0.01,0,,,,,,,,,"wrist"
"IZTECH_S016","IZTECH_S016_w","2025-05-09 08:06:19",FALSE,0,34.25,1,5398,44.9833,174,1.45,258,2.15,15.94,0.02,182,103,9e-04,0.0015,0.0019,0.0028,0.0029,0.0036,0.0045,0.0068,13.07,0.02,0,,,,,,,,,"wrist"
"IZTECH_S016","IZTECH_S016_w","2025-05-09 08:08:19",FALSE,0,34.31,16,7013,58.4417,238,1.98333,305,2.54167,44.14,0.01,205,105,0.0012,0.0045,0.0026,0.0056,0.0077,0.0078,0.0062,0.0048,37.63,0.02,0,,,,,,,,,"wrist"
"IZTECH_S016","IZTECH_S016_w","2025-05-09 08:10:19",FALSE,0,33.62,1,7407,61.725,183,1.525,443,3.69167,91.81,0,131,97,0.0022,0.0096,0.0047,0.0111,0.0158,0.0156,0.0111,0.006,80.19,0.03,0,,,,,,,,,"wrist"
"IZTECH_S016","IZTECH_S016_w","2025-05-09 08:12:19",FALSE,0,32.75,1,16297,135.808,473,3.94167,825,6.875,563.28,0.29,189,112,0.0233,0.04,0.0543,0.0797,0.0963,0.114,0.1403,0.1776,451.87,0.48,0,,,,,,,,,"wrist"
"IZTECH_S016","IZTECH_S016_w","2025-05-09 08:14:19",FALSE,0,32.44,1,17183,143.192,499,4.15833,954,7.95,65.33,0.04,152,112,0.0029,0.0049,0.0066,0.0097,0.0113,0.0135,0.0166,0.0218,52.8,0.06,0,,,,,,,,,"wrist"
"IZTECH_S016","IZTECH_S016_w","2025-05-09 08:16:19",FALSE,0,31.62,8,10830,90.25,347,2.89167,602,5.01667,83.91,0.05,222,163,0.0037,0.0064,0.0086,0.0124,0.0145,0.0169,0.0204,0.0265,69.89,0.08,0,,,,,,,,,"wrist"
"IZTECH_S016","IZTECH_S016_w","2025-05-09 08:18:19",FALSE,0,31.31,8,13533,112.775,412,3.43333,578,4.81667,106.51,0.06,162,134,0.0046,0.0079,0.0107,0.0156,0.0184,0.0217,0.0263,0.0345,86.51,0.1,0,,,,,,,,,"wrist"
"IZTECH_S016","IZTECH_S016_w","2025-05-09 08:20:19",FALSE,0,31.25,1,24722,206.017,911,7.59167,982,8.18333,145.4,0.09,222,168,0.0066,0.0112,0.0152,0.0223,0.025,0.0295,0.036,0.0472,123.18,0.14,0,,,,,,,,,"wrist"
"IZTECH_S016","IZTECH_S016_w","2025-05-09 08:22:19",FALSE,0,30.94,1,3759,31.325,89,0.741667,228,1.9,119.17,0.06,199,158,0.0051,0.0087,0.0118,0.0173,0.0205,0.0241,0.0293,0.0382,97.22,0.11,0,,,,,,,,,"wrist"
"IZTECH_S016","IZTECH_S016_w","2025-05-09 08:24:19",FALSE,0,31.19,1,5553,46.275,158,1.31667,249,2.075,105.45,0.05,192,150,0.0044,0.0075,0.0102,0.0152,0.0181,0.0214,0.0259,0.0335,84.78,0.09,0,,,,,,,,,"wrist"
"IZTECH_S016","IZTECH_S016_w","2025-05-09 08:26:19",FALSE,0,31,1,11437,95.3083,315,2.625,599,4.99167,25.2,0.01,192,155,9e-04,0.0015,0.002,0.003,0.0045,0.0057,0.0071,0.0093,14.68,0.02,0,,,,,,,,,"wrist"
"IZTECH_S016","IZTECH_S016_w","2025-05-09 08:28:19",FALSE,0,30.88,1,1325,11.0417,15,0.125,71,0.591667,21.26,0.01,192,155,8e-04,0.0014,0.0018,0.0028,0.0037,0.0048,0.006,0.0078,14.14,0.02,0,,,,,,,,,"wrist"
"IZTECH_S016","IZTECH_S016_w","2025-05-09 08:30:19",FALSE,0,30.94,1,2544,21.2,40,0.333333,213,1.775,20.53,0.01,179,154,8e-04,0.0014,0.0018,0.0028,0.0036,0.0046,0.0058,0.0076,13.76,0.02,0,,,,,,,,,"wrist"
"IZTECH_S016","IZTECH_S016_w","2025-05-09 08:32:19",FALSE,0,31.06,1,2897,24.1417,38,0.316667,217,1.80833,20.05,0.01,194,166,8e-04,0.0013,0.0017,0.0027,0.0035,0.0045,0.0057,0.0074,13.43,0.02,0,,,,,,,,,"wrist"
"IZTECH_S016","IZTECH_S016_w","2025-05-09 08:34:19",FALSE,0,31.19,32,4140,34.5,82,0.683333,269,2.24167,10.52,0.01,208,158,4e-04,7e-04,0.001,0.0014,0.0019,0.0024,0.003,0.0042,6.93,0.01,0,,,,,,,,,"wrist"
"IZTECH_S016","IZTECH_S016_w","2025-05-09 08:36:19",FALSE,0,31.44,32,4786,39.8833,119,0.991667,251,2.09167,32.38,0.02,162,110,0.0016,0.0026,0.0033,0.0048,0.0058,0.0071,0.0088,0.0124,24.21,0.04,0,,,,,,,,,"wrist"
"IZTECH_S016","IZTECH_S016_w","2025-05-09 08:38:19",FALSE,0,31.5,1,12353,102.942,378,3.15,581,4.84167,96.05,0.06,160,119,0.0046,0.0076,0.0099,0.0145,0.0166,0.0203,0.0249,0.0336,78.76,0.1,0,,,,,,,,,"wrist"
"IZTECH_S016","IZTECH_S016_w","2025-05-09 08:40:19",FALSE,0,31.19,4,15425,128.542,439,3.65833,948,7.9,72.35,0.05,207,150,0.0036,0.006,0.008,0.0117,0.0124,0.0148,0.018,0.0241,63.91,0.07,0,,,,,,,,,"wrist"
"IZTECH_S016","IZTECH_S016_w","2025-05-09 08:42:19",FALSE,0,31.06,1,5046,42.05,130,1.08333,313,2.60833,9.98,0.01,160,144,4e-04,7e-04,9e-04,0.0014,0.0018,0.0023,0.0029,0.004,6.71,0.01,0,,,,,,,,,"wrist"
"IZTECH_S016","IZTECH_S016_w","2025-05-09 08:44:19",FALSE,0,31.44,1,4724,39.3667,133,1.10833,266,2.21667,10.1,0.01,152,130,4e-04,7e-04,9e-04,0.0014,0.0018,0.0023,0.0029,0.0041,6.62,0.01,0,,,,,,,,,"wrist"
"IZTECH_S016","IZTECH_S016_w","2025-05-09 08:46:19",FALSE,0,31.56,32,7451,62.0917,214,1.78333,396,3.3,18.33,0.01,173,114,8e-04,0.0013,0.0017,0.0025,0.0033,0.0042,0.0053,0.0073,11.83,0.02,0,,,,,,,,,"wrist"
"IZTECH_S016","IZTECH_S016_w","2025-05-09 08:48:19",FALSE,0,31.56,32,621,5.175,4,0.0333333,38,0.316667,3.13,0,208,151,2e-04,2e-04,3e-04,4e-04,6e-04,8e-04,0.0011,0.0017,1.63,0,0,,,,,,,,,"wrist"
"IZTECH_S016","IZTECH_S016_w","2025-05-09 08:50:19",FALSE,0,31.75,32,648,5.4,0,0,29,0.241667,3.5,0,209,150,1e-04,2e-04,3e-04,5e-04,7e-04,9e-04,0.0012,0.0018,1.78,0,0,,,,,,,,,"wrist"
"IZTECH_S016","IZTECH_S016_w","2025-05-09 08:52:19",FALSE,0,32.25,32,3912,32.6,77,0.641667,171,1.425,9.63,0.01,142,106,4e-04,7e-04,9e-04,0.0013,0.0017,0.0022,0.0029,0.004,6.3,0.01,0,,,,,,,,,"wrist"
"IZTECH_S016","IZTECH_S016_w","2025-05-09 08:54:19",FALSE,0,31.81,32,12271,102.258,357,2.975,609,5.075,33.15,0.02,200,167,0.0013,0.0022,0.003,0.0044,0.0059,0.007,0.0086,0.0114,23.25,0.03,0,,,,,,,,,"wrist"
"IZTECH_S016","IZTECH_S016_w","2025-05-09 08:56:19",FALSE,0,31.75,32,7028,58.5667,196,1.63333,349,2.90833,5.48,0,204,163,2e-04,4e-04,5e-04,7e-04,0.001,0.0013,0.0017,0.0024,3.14,0.01,0,,,,,,,,,"wrist"
"IZTECH_S016","IZTECH_S016_w","2025-05-09 08:58:19",FALSE,0,32.56,1,19727,164.392,582,4.85,898,7.48333,251.38,0.14,132,106,0.011,0.0187,0.0254,0.0372,0.043,0.0512,0.062,0.0799,207.94,0.23,0,,,,,,,,,"wrist"
"IZTECH_S016","IZTECH_S016_w","2025-05-09 09:00:19",FALSE,0,32,4,23205,193.375,778,6.48333,1054,8.78333,120.76,0.07,207,164,0.0055,0.0093,0.0126,0.0184,0.0205,0.0244,0.0295,0.0385,104.09,0.11,0,,,,,,,,,"wrist"
"IZTECH_S016","IZTECH_S016_w","2025-05-09 09:02:19",FALSE,0,32.12,4,20355,169.625,647,5.39167,847,7.05833,99.09,0.06,218,166,0.0043,0.0073,0.0097,0.0142,0.0172,0.0208,0.0254,0.0331,77.12,0.09,0,,,,,,,,,"wrist"
"IZTECH_S016","IZTECH_S016_w","2025-05-09 09:04:19",FALSE,0,31.75,4,24840,207,866,7.21667,1209,10.075,215.96,0.09,217,170,0.0085,0.0152,0.0201,0.029,0.0366,0.0435,0.0517,0.0634,173.73,0.17,0,,,,,,,,,"wrist"
"IZTECH_S016","IZTECH_S016_w","2025-05-09 09:06:19",FALSE,0,30.94,4,20256,168.8,656,5.46667,905,7.54167,13485.43,6.82,210,158,0.6136,1.0691,1.4146,1.9559,2.2806,2.637,3.1508,3.9057,12092.96,11.18,0,,,,,,,,,"wrist"
"IZTECH_S016","IZTECH_S016_w","2025-05-09 09:08:19",FALSE,0,31.06,4,22475,187.292,782,6.51667,907,7.55833,38015.3,16.83,167,102,1.7257,2.9984,4.0211,5.5961,6.3331,7.2812,8.6725,10.6959,35160.93,30.53,0,,,,,,,,,"wrist"
"IZTECH_S016","IZTECH_S016_w","2025-05-09 09:10:19",FALSE,0,30.62,1,4580,38.1667,84,0.7,348,2.9,43.77,0.03,212,156,0.0022,0.0042,0.0047,0.0072,0.0078,0.0091,0.0105,0.0129,38.55,0.05,0,,,,,,,,,"wrist"
"IZTECH_S016","IZTECH_S016_w","2025-05-09 09:12:19",FALSE,0,31,8,1987,16.5583,33,0.275,137,1.14167,20.29,0.01,173,105,9e-04,0.0017,0.0021,0.003,0.0036,0.0043,0.0052,0.0061,16.27,0.02,0,,,,,,,,,"wrist"
"IZTECH_S016","IZTECH_S016_w","2025-05-09 09:14:19",FALSE,0,30.81,8,1299,10.825,16,0.133333,86,0.716667,24.43,0.01,168,118,0.001,0.002,0.0024,0.0037,0.0041,0.0051,0.0064,0.007,20.21,0.02,0,,,,,,,,,"wrist"
"IZTECH_S016","IZTECH_S016_w","2025-05-09 09:16:19",FALSE,0,30.81,8,6234,51.95,183,1.525,287,2.39167,16.81,0.01,196,150,7e-04,0.0013,0.0016,0.0024,0.003,0.0036,0.0042,0.005,12.4,0.02,0,,,,,,,,,"wrist"
"IZTECH_S016","IZTECH_S016_w","2025-05-09 09:18:19",FALSE,0,31.25,16,21124,176.033,751,6.25833,892,7.43333,148.41,0.01,173,136,0.0027,0.012,0.0099,0.0184,0.0248,0.0259,0.0206,0.0126,127.2,0.06,0,,,,,,,,,"wrist"
"IZTECH_S016","IZTECH_S016_w","2025-05-09 09:20:19",FALSE,0,31.25,16,16642,138.683,570,4.75,645,5.375,550.91,0.23,194,158,0.0254,0.05,0.0581,0.081,0.0936,0.1023,0.1087,0.1217,537.4,0.42,0,,,,,,,,,"wrist"
"IZTECH_S016","IZTECH_S016_w","2025-05-09 09:22:19",FALSE,0,30.06,4,23770,198.083,766,6.38333,948,7.9,6222.92,2.65,163,142,0.3123,0.5448,0.7081,0.9617,1.022,1.157,1.3592,1.6579,6317.66,5.05,0,,,,,,,,,"wrist"
"IZTECH_S016","IZTECH_S016_w","2025-05-09 09:24:19",FALSE,0,30.56,4,12810,106.75,431,3.59167,560,4.66667,1809.59,0.68,131,116,0.0876,0.1552,0.1967,0.2639,0.2994,0.3392,0.3921,0.4684,1778.98,1.38,0,,,,,,,,,"wrist"
"IZTECH_S016","IZTECH_S016_w","2025-05-09 09:26:19",FALSE,0,30.88,1,4353,36.275,92,0.766667,273,2.275,129.12,0.05,124,108,0.0044,0.0099,0.0113,0.0172,0.0219,0.0268,0.0294,0.0334,101.72,0.1,0,,,,,,,,,"wrist"
"IZTECH_S016","IZTECH_S016_w","2025-05-09 09:28:19",FALSE,0,30.5,1,19286,160.717,694,5.78333,813,6.775,5561.57,1.81,129,98,0.1638,0.2914,0.3932,0.5532,1.0077,1.1652,1.4001,1.7199,3221.6,3.8,0,,,,,,,,,"wrist"
"IZTECH_S016","IZTECH_S016_w","2025-05-09 09:30:19",FALSE,0,30.19,4,25517,212.642,900,7.5,879,7.325,3902.96,1.71,175,96,0.1929,0.3364,0.4408,0.6065,0.6416,0.7321,0.8576,1.0504,3909.62,3.21,0,,,,,,,,,"wrist"
"IZTECH_S016","IZTECH_S016_w","2025-05-09 09:32:19",FALSE,0,29.88,4,26441,220.342,953,7.94167,907,7.55833,7431.92,3.32,216,153,0.3817,0.668,0.8573,1.1417,1.2373,1.379,1.5938,1.925,7587.46,6.09,0,,,,,,,,,"wrist"
"IZTECH_S016","IZTECH_S016_w","2025-05-09 09:34:19",FALSE,0,29.69,4,22504,187.533,694,5.78333,871,7.25833,5395.86,2.15,196,117,0.2425,0.4253,0.5595,0.7682,0.8992,1.0417,1.235,1.5027,4931.41,4.22,0,,,,,,,,,"wrist"
"IZTECH_S016","IZTECH_S016_w","2025-05-09 09:36:19",FALSE,0,29.25,4,19314,160.95,529,4.40833,885,7.375,4658.28,1.85,169,93,0.2207,0.3864,0.4981,0.6701,0.7789,0.8813,1.0309,1.248,4430.89,3.62,0,,,,,,,,,"wrist"
"IZTECH_S016","IZTECH_S016_w","2025-05-09 09:38:19",FALSE,0,29.19,4,25035,208.625,913,7.60833,1004,8.36667,5633.09,2.51,164,93,0.2625,0.4572,0.6011,0.8246,0.937,1.0915,1.3289,1.6548,5223.26,4.63,0,,,,,,,,,"wrist"
"IZTECH_S016","IZTECH_S016_w","2025-05-09 09:40:19",FALSE,0,29,4,27497,229.142,1072,8.93333,1055,8.79167,8436.93,4.06,166,92,0.3841,0.6621,0.8718,1.2127,1.4159,1.6813,2.0431,2.556,7441.71,7.09,0,,,,,,,,,"wrist"
"IZTECH_S016","IZTECH_S016_w","2025-05-09 09:42:19",FALSE,0,28.88,1,19339,161.158,618,5.15,884,7.36667,3942.76,2.5,147,92,0.2113,0.3578,0.4429,0.5978,0.6912,0.7865,0.8935,1.0998,3662.03,3.71,0,,,,,,,,,"wrist"
"IZTECH_S016","IZTECH_S016_w","2025-05-09 09:44:19",FALSE,0,29.38,8,5241,43.675,141,1.175,294,2.45,124.58,0.08,133,92,0.0066,0.0115,0.014,0.0195,0.0225,0.0239,0.0247,0.03,117.06,0.12,0,,,,,,,,,"wrist"
"IZTECH_S016","IZTECH_S016_w","2025-05-09 09:46:19",FALSE,0,29.38,8,14928,124.4,464,3.86667,740,6.16667,81.42,0.05,126,92,0.0037,0.0077,0.0083,0.0126,0.0145,0.0154,0.0152,0.017,75.59,0.07,0,,,,,,,,,"wrist"
"IZTECH_S016","IZTECH_S016_w","2025-05-09 09:48:19",FALSE,0,30.06,1,12845,107.042,358,2.98333,744,6.2,81.77,0,128,96,0.0014,0.0062,0.004,0.0089,0.0143,0.0149,0.0119,0.0068,58.98,0.03,0,,,,,,,,,"wrist"
"IZTECH_S016","IZTECH_S016_w","2025-05-09 09:50:19",FALSE,0,30,1,12928,107.733,306,2.55,720,6,70.83,0,125,96,0.0013,0.0055,0.0038,0.008,0.0123,0.0125,0.0101,0.0054,54.29,0.03,0,,,,,,,,,"wrist"
"IZTECH_S016","IZTECH_S016_w","2025-05-09 09:52:19",FALSE,0,29.94,1,12612,105.1,320,2.66667,666,5.55,80.23,0.05,132,100,0.0036,0.0072,0.0079,0.012,0.0147,0.0156,0.0151,0.0169,69.1,0.07,0,,,,,,,,,"wrist"
"IZTECH_S016","IZTECH_S016_w","2025-05-09 09:54:19",FALSE,0,29.75,1,1946,16.2167,27,0.225,122,1.01667,63.91,0.05,125,93,0.0033,0.006,0.0071,0.0102,0.0118,0.0125,0.0128,0.0154,57.88,0.06,0,,,,,,,,,"wrist"
"IZTECH_S016","IZTECH_S016_w","2025-05-09 09:56:19",FALSE,0,30.38,1,3550,29.5833,64,0.533333,221,1.84167,72.52,0.06,122,91,0.0038,0.0067,0.0081,0.0116,0.0135,0.0144,0.0146,0.018,64.7,0.07,0,,,,,,,,,"wrist"
"IZTECH_S016","IZTECH_S016_w","2025-05-09 09:58:19",FALSE,0,30.56,1,2410,20.0833,62,0.516667,132,1.1,67.86,0.06,125,92,0.0035,0.0062,0.0076,0.011,0.0127,0.0134,0.0134,0.0166,60.56,0.07,0,,,,,,,,,"wrist"
"IZTECH_S016","IZTECH_S016_w","2025-05-09 10:00:19",FALSE,0,30.62,1,2600,21.6667,62,0.516667,143,1.19167,70.7,0.06,147,102,0.0037,0.0065,0.0079,0.0113,0.0132,0.0139,0.0141,0.0172,62.9,0.07,0,,,,,,,,,"wrist"
"IZTECH_S016","IZTECH_S016_w","2025-05-09 10:02:19",FALSE,0,30.81,1,1229,10.2417,29,0.241667,75,0.625,69.31,0.06,148,92,0.0037,0.0064,0.0078,0.0112,0.0131,0.0138,0.0137,0.0172,60.61,0.07,0,,,,,,,,,"wrist"
"IZTECH_S016","IZTECH_S016_w","2025-05-09 10:04:19",FALSE,0,30.44,1,3284,27.3667,69,0.575,213,1.775,62.25,0.05,175,111,0.0033,0.0058,0.007,0.01,0.0116,0.0123,0.0124,0.0152,56.03,0.06,0,,,,,,,,,"wrist"
"IZTECH_S016","IZTECH_S016_w","2025-05-09 10:06:19",FALSE,0,30.38,1,2394,19.95,60,0.5,148,1.23333,49.57,0.04,165,128,0.0026,0.0047,0.0056,0.0079,0.0092,0.0099,0.0102,0.0127,44.42,0.05,0,,,,,,,,,"wrist"
"IZTECH_S016","IZTECH_S016_w","2025-05-09 10:08:19",FALSE,0,30.75,1,1324,11.0333,37,0.308333,94,0.783333,40.23,0.03,151,112,0.0021,0.0037,0.0046,0.0064,0.0074,0.0081,0.0083,0.0104,36.01,0.04,0,,,,,,,,,"wrist"
"IZTECH_S016","IZTECH_S016_w","2025-05-09 10:10:19",FALSE,0,31.12,8,3425,28.5417,84,0.7,194,1.61667,75.98,0.06,167,130,0.004,0.0071,0.0085,0.012,0.0139,0.0149,0.0154,0.0187,69.28,0.08,0,,,,,,,,,"wrist"
"IZTECH_S016","IZTECH_S016_w","2025-05-09 10:12:19",FALSE,0,31.19,8,4152,34.6,88,0.733333,272,2.26667,82.48,0.06,199,130,0.0043,0.0077,0.0092,0.013,0.0152,0.0162,0.0167,0.0201,74.68,0.08,0,,,,,,,,,"wrist"
"IZTECH_S016","IZTECH_S016_w","2025-05-09 10:14:19",FALSE,0,31.38,1,16802,140.017,508,4.23333,846,7.05,248.61,0.14,220,170,0.0132,0.0228,0.028,0.0381,0.0437,0.0482,0.0521,0.0634,237.41,0.23,0,,,,,,,,,"wrist"
"IZTECH_S016","IZTECH_S016_w","2025-05-09 10:16:19",FALSE,0,32.38,1,16813,140.108,510,4.25,860,7.16667,1495.86,0.6,128,98,0.0709,0.1248,0.1656,0.2279,0.249,0.2745,0.3086,0.3678,1483.79,1.17,0,,,,,,,,,"wrist"
"IZTECH_S016","IZTECH_S016_w","2025-05-09 10:18:19",FALSE,0,32.88,16,7331,61.0917,88,0.733333,636,5.3,694.03,0.16,128,94,0.0266,0.0486,0.0703,0.1008,0.1136,0.1223,0.1324,0.1469,661.32,0.45,0,,,,,,,,,"wrist"
"IZTECH_S016","IZTECH_S016_w","2025-05-09 10:20:19",FALSE,0,33.06,16,5326,44.3833,69,0.575,421,3.50833,2130.19,0.4,160,114,0.0808,0.1486,0.2165,0.3035,0.3467,0.368,0.4005,0.4369,2061.84,1.29,0,,,,,,,,,"wrist"
"IZTECH_S016","IZTECH_S016_w","2025-05-09 10:22:19",FALSE,0,32.75,1,14504,120.867,431,3.59167,856,7.13333,2494.72,1.07,218,155,0.1132,0.2001,0.2675,0.3722,0.4173,0.4701,0.5399,0.654,2358.51,1.98,0,,,,,,,,,"wrist"
"IZTECH_S016","IZTECH_S016_w","2025-05-09 10:24:19",FALSE,0,32.44,4,18017,150.142,489,4.075,996,8.3,1706.74,0.95,192,139,0.0824,0.1426,0.1838,0.2551,0.2922,0.3377,0.3909,0.4805,1551.21,1.51,0,,,,,,,,,"wrist"
"IZTECH_S016","IZTECH_S016_w","2025-05-09 10:26:19",FALSE,0,31.94,1,9174,76.45,246,2.05,485,4.04167,93.72,0.06,175,94,0.0041,0.007,0.0094,0.0136,0.0164,0.0192,0.0226,0.0293,75.84,0.09,0,,,,,,,,,"wrist"
"IZTECH_S016","IZTECH_S016_w","2025-05-09 10:28:19",FALSE,0,31.69,1,6339,52.825,173,1.44167,297,2.475,277.9,0.16,143,92,0.0123,0.021,0.0283,0.0412,0.048,0.0561,0.0658,0.0841,233.06,0.25,0,,,,,,,,,"wrist"
"IZTECH_S016","IZTECH_S016_w","2025-05-09 10:30:19",FALSE,0,31.62,1,5437,45.3083,164,1.36667,251,2.09167,229.11,0.13,122,91,0.01,0.0171,0.023,0.0335,0.0397,0.0465,0.0546,0.0699,188.26,0.21,0,,,,,,,,,"wrist"
"IZTECH_S016","IZTECH_S016_w","2025-05-09 10:32:19",FALSE,0,31.31,1,5011,41.7583,148,1.23333,224,1.86667,197.61,0.11,123,92,0.0088,0.015,0.0202,0.0292,0.0342,0.0397,0.0465,0.0592,166.37,0.18,0,,,,,,,,,"wrist"
"IZTECH_S016","IZTECH_S016_w","2025-05-09 10:34:19",FALSE,0,32,1,6295,52.4583,186,1.55,292,2.43333,146.61,0.09,122,91,0.0065,0.0112,0.0151,0.0218,0.0254,0.0295,0.0346,0.044,123.44,0.13,0,,,,,,,,,"wrist"
"IZTECH_S016","IZTECH_S016_w","2025-05-09 10:36:19",FALSE,0,31.81,8,6693,55.775,156,1.3,395,3.29167,335.01,0.18,129,96,0.0146,0.025,0.0337,0.0486,0.0579,0.0672,0.079,0.1003,279.48,0.29,0,,,,,,,,,"wrist"
"IZTECH_S016","IZTECH_S016_w","2025-05-09 10:38:19",FALSE,0,32.12,1,3198,26.65,65,0.541667,201,1.675,374.74,0.22,122,91,0.0172,0.0295,0.0395,0.0569,0.0643,0.0746,0.0875,0.1115,328.28,0.34,0,,,,,,,,,"wrist"
"IZTECH_S016","IZTECH_S016_w","2025-05-09 10:40:19",FALSE,0,32,1,7716,64.3,235,1.95833,397,3.30833,297.9,0.17,123,91,0.0132,0.0226,0.0304,0.0438,0.0517,0.0601,0.0705,0.0894,249.06,0.27,0,,,,,,,,,"wrist"
"IZTECH_S016","IZTECH_S016_w","2025-05-09 10:42:19",FALSE,0,31.75,1,8631,71.925,211,1.75833,537,4.475,76.02,0.05,122,91,0.0035,0.006,0.0079,0.0115,0.0133,0.0158,0.0185,0.024,63.01,0.07,0,,,,,,,,,"wrist"
"IZTECH_S016","IZTECH_S016_w","2025-05-09 10:44:19",FALSE,0,31.44,1,6341,52.8417,199,1.65833,265,2.20833,134.66,0.09,128,118,0.0063,0.0106,0.0141,0.0204,0.0238,0.0279,0.0325,0.0422,110.96,0.13,0,,,,,,,,,"wrist"
"IZTECH_S016","IZTECH_S016_w","2025-05-09 10:46:19",FALSE,0,31.56,1,6704,55.8667,200,1.66667,317,2.64167,129.27,0.08,124,106,0.0059,0.0101,0.0134,0.0194,0.0226,0.0264,0.0307,0.0396,107.96,0.12,0,,,,,,,,,"wrist"
"IZTECH_S016","IZTECH_S016_w","2025-05-09 10:48:19",FALSE,0,31.5,4,16764,139.7,487,4.05833,617,5.14167,79.31,0.05,201,134,0.0038,0.0064,0.0085,0.0123,0.0137,0.0163,0.0191,0.0248,68.33,0.08,0,,,,,,,,,"wrist"
"IZTECH_S016","IZTECH_S016_w","2025-05-09 10:50:19",FALSE,0,31.44,1,9993,83.275,257,2.14167,638,5.31667,34.3,0.02,179,116,0.0015,0.0026,0.0034,0.005,0.006,0.0074,0.0086,0.0107,26.34,0.03,0,,,,,,,,,"wrist"
"IZTECH_S016","IZTECH_S016_w","2025-05-09 10:52:19",FALSE,0,31.5,1,10212,85.1,284,2.36667,502,4.18333,123.47,0.07,210,146,0.0057,0.0098,0.0129,0.0186,0.0212,0.0247,0.029,0.0373,107.44,0.11,0,,,,,,,,,"wrist"
"IZTECH_S016","IZTECH_S016_w","2025-05-09 10:54:19",FALSE,0,31.31,4,9318,77.65,223,1.85833,482,4.01667,345.71,0.19,155,102,0.0149,0.0257,0.0343,0.0494,0.0601,0.0694,0.0809,0.1017,284.72,0.3,0,,,,,,,,,"wrist"
"IZTECH_S016","IZTECH_S016_w","2025-05-09 10:56:19",FALSE,0,31,4,6663,55.525,152,1.26667,341,2.84167,147.45,0.08,184,125,0.0066,0.0112,0.0149,0.0216,0.0255,0.0298,0.0349,0.0446,123.19,0.13,0,,,,,,,,,"wrist"
"IZTECH_S016","IZTECH_S016_w","2025-05-09 10:58:19",FALSE,0,30.81,1,4403,36.6917,72,0.6,241,2.00833,154.43,0.09,129,92,0.0069,0.0118,0.0157,0.0227,0.0267,0.0311,0.0364,0.0464,129.93,0.14,0,,,,,,,,,"wrist"
"IZTECH_S016","IZTECH_S016_w","2025-05-09 11:00:19",FALSE,0,30.75,1,13500,112.5,451,3.75833,513,4.275,125.7,0.07,129,92,0.0056,0.0097,0.0129,0.0186,0.0217,0.0252,0.0295,0.0374,106.92,0.11,0,,,,,,,,,"wrist"
"IZTECH_S016","IZTECH_S016_w","2025-05-09 11:02:19",FALSE,0,31,1,13903,115.858,396,3.3,664,5.53333,16.3,0.01,187,116,8e-04,0.0013,0.0017,0.0025,0.0029,0.0034,0.004,0.0053,13.19,0.02,0,,,,,,,,,"wrist"
"IZTECH_S016","IZTECH_S016_w","2025-05-09 11:04:19",FALSE,0,31.5,1,16519,137.658,547,4.55833,858,7.15,40.3,0.04,209,144,0.0018,0.0037,0.0037,0.0058,0.007,0.0094,0.0106,0.0129,30.29,0.04,0,,,,,,,,,"wrist"
"IZTECH_S016","IZTECH_S016_w","2025-05-09 11:06:19",FALSE,0,31.5,16,5152,42.9333,123,1.025,307,2.55833,28.08,0,176,94,5e-04,0.0018,0.0013,0.0032,0.0049,0.0052,0.0043,0.0032,18.4,0.01,0,,,,,,,,,"wrist"
"IZTECH_S016","IZTECH_S016_w","2025-05-09 11:08:19",FALSE,0,31.75,1,12045,100.375,374,3.11667,688,5.73333,6.64,0,153,94,3e-04,5e-04,6e-04,8e-04,0.0011,0.0018,0.0023,0.0028,3.93,0.01,0,,,,,,,,,"wrist"
"IZTECH_S016","IZTECH_S016_w","2025-05-09 11:10:19",FALSE,0,31.56,4,4728,39.4,111,0.925,305,2.54167,15.58,0,188,134,4e-04,0.0012,0.0011,0.0018,0.0026,0.0035,0.0037,0.0036,10.43,0.01,0,,,,,,,,,"wrist"
"IZTECH_S016","IZTECH_S016_w","2025-05-09 11:12:19",FALSE,0,31.88,16,6169,51.4083,123,1.025,379,3.15833,49.89,0.02,186,128,0.0019,0.0038,0.0043,0.0063,0.0084,0.0112,0.0132,0.0155,36.4,0.04,0,,,,,,,,,"wrist"
"IZTECH_S016","IZTECH_S016_w","2025-05-09 11:14:19",FALSE,0,31.88,4,2875,23.9583,33,0.275,242,2.01667,2.3,0,179,103,1e-04,2e-04,2e-04,3e-04,4e-04,7e-04,9e-04,0.0013,1.06,0,0,,,,,,,,,"wrist"
"IZTECH_S016","IZTECH_S016_w","2025-05-09 11:16:19",FALSE,0,31.75,16,9774,81.45,299,2.49167,485,4.04167,4.93,0,195,142,1e-04,3e-04,3e-04,5e-04,9e-04,0.0012,0.0014,0.0016,2.39,0,0,,,,,,,,,"wrist"
"IZTECH_S016","IZTECH_S016_w","2025-05-09 11:18:19",FALSE,0,31.75,4,14464,120.533,464,3.86667,685,5.70833,9437.91,4.67,209,153,0.4476,0.7788,1.0223,1.4048,1.5864,1.8223,2.1305,2.6121,8842.14,7.83,0,,,,,,,,,"wrist"
"IZTECH_S016","IZTECH_S016_w","2025-05-09 11:20:19",FALSE,0,32.12,1,5327,44.3917,62,0.516667,400,3.33333,1068.15,0.23,204,162,0.0424,0.078,0.111,0.1548,0.1744,0.1847,0.1999,0.2202,1052.11,0.67,0,,,,,,,,,"wrist"
"IZTECH_S016","IZTECH_S016_w","2025-05-09 11:22:19",FALSE,0,33,1,6363,53.025,102,0.85,431,3.59167,911.14,0.2,168,111,0.0374,0.0685,0.0958,0.1318,0.1498,0.1566,0.1676,0.1835,906.83,0.57,0,,,,,,,,,"wrist"
"IZTECH_S016","IZTECH_S016_w","2025-05-09 11:24:19",FALSE,0,33.19,1,19239,160.325,655,5.45833,971,8.09167,6231.56,2.72,204,143,0.2915,0.5069,0.6556,0.891,1.0592,1.1896,1.3644,1.6454,5751.33,4.92,0,,,,,,,,,"wrist"
"IZTECH_S016","IZTECH_S016_w","2025-05-09 11:26:19",FALSE,0,32.56,1,13690,114.083,482,4.01667,696,5.8,220.26,0.25,216,162,0.0136,0.0223,0.0263,0.0354,0.0404,0.0487,0.0563,0.0741,193.19,0.26,0,,,,,,,,,"wrist"
"IZTECH_S016","IZTECH_S016_w","2025-05-09 11:28:19",FALSE,0,32.5,1,3533,29.4417,75,0.625,257,2.14167,45.65,0.19,151,99,0.0055,0.0077,0.0075,0.0096,0.0105,0.0167,0.0216,0.0343,25.13,0.12,0,,,,,,,,,"wrist"
"IZTECH_S016","IZTECH_S016_w","2025-05-09 11:30:19",FALSE,0,32.25,1,9740,81.1667,293,2.44167,538,4.48333,44.31,0.22,196,138,0.0063,0.0088,0.0084,0.0108,0.0108,0.0175,0.0227,0.0364,25.8,0.14,0,,,,,,,,,"wrist"
"IZTECH_S016","IZTECH_S016_w","2025-05-09 11:32:19",FALSE,0,31.69,1,17055,142.125,568,4.73333,907,7.55833,122.2,0.29,198,144,0.0099,0.0146,0.0155,0.0212,0.0251,0.0356,0.0443,0.0656,76.12,0.22,0,,,,,,,,,"wrist"
"IZTECH_S016","IZTECH_S016_w","2025-05-09 11:34:19",FALSE,0,31.25,1,1527,12.725,19,0.158333,102,0.85,61.09,0.05,192,146,0.0032,0.0054,0.0067,0.0096,0.0113,0.0123,0.0128,0.0161,53.04,0.06,0,,,,,,,,,"wrist"
"IZTECH_S016","IZTECH_S016_w","2025-05-09 11:36:19",FALSE,0,31.31,8,1980,16.5,24,0.2,153,1.275,95.28,0.07,182,146,0.0047,0.0082,0.0103,0.0148,0.0175,0.0191,0.0199,0.0245,81.68,0.1,0,,,,,,,,,"wrist"
"IZTECH_S016","IZTECH_S016_w","2025-05-09 11:38:19",FALSE,0,31.94,8,699,5.825,7,0.0583333,44,0.366667,119.33,0.1,183,96,0.0062,0.0105,0.013,0.019,0.0225,0.0244,0.0248,0.0314,99.19,0.13,0,,,,,,,,,"wrist"
"IZTECH_S016","IZTECH_S016_w","2025-05-09 11:40:19",FALSE,0,32.12,8,975,8.125,15,0.125,64,0.533333,120.62,0.1,179,104,0.0062,0.0105,0.013,0.0192,0.0227,0.0246,0.025,0.0317,100.35,0.13,0,,,,,,,,,"wrist"
"IZTECH_S016","IZTECH_S016_w","2025-05-09 11:42:19",FALSE,0,31.88,8,3727,31.0583,95,0.791667,260,2.16667,99.74,0.07,193,154,0.0049,0.0085,0.0108,0.0155,0.0183,0.02,0.0209,0.0261,85.36,0.1,0,,,,,,,,,"wrist"
"IZTECH_S016","IZTECH_S016_w","2025-05-09 11:44:19",FALSE,0,31.94,1,2685,22.375,35,0.291667,258,2.15,105.43,0.07,180,98,0.0051,0.0089,0.0111,0.0161,0.0191,0.0212,0.0226,0.0279,90.03,0.1,0,,,,,,,,,"wrist"
"IZTECH_S016","IZTECH_S016_w","2025-05-09 11:46:19",FALSE,0,31.19,1,5825,48.5417,175,1.45833,318,2.65,69.43,0.06,214,166,0.0035,0.006,0.0075,0.011,0.0129,0.0142,0.0146,0.0184,58.33,0.07,0,,,,,,,,,"wrist"
"IZTECH_S016","IZTECH_S016_w","2025-05-09 11:48:19",FALSE,0,31.94,1,1135,9.45833,21,0.175,81,0.675,72.31,0.06,162,94,0.0036,0.0062,0.0078,0.0113,0.0134,0.0145,0.0148,0.0186,61.12,0.07,0,,,,,,,,,"wrist"
"IZTECH_S016","IZTECH_S016_w","2025-05-09 11:50:19",FALSE,0,31.12,1,1884,15.7,27,0.225,152,1.26667,52.05,0.04,209,162,0.0025,0.0044,0.0056,0.0082,0.0096,0.0104,0.0107,0.0134,44.41,0.05,0,,,,,,,,,"wrist"
"IZTECH_S016","IZTECH_S016_w","2025-05-09 11:52:19",FALSE,0,31.81,1,6987,58.225,184,1.53333,393,3.275,55.68,0.04,219,162,0.0027,0.0047,0.006,0.0085,0.0102,0.0111,0.0116,0.0144,47.35,0.05,0,,,,,,,,,"wrist"
"IZTECH_S016","IZTECH_S016_w","2025-05-09 11:54:19",FALSE,0,31.62,1,4632,38.6,93,0.775,319,2.65833,64.39,0.04,149,136,0.0031,0.0054,0.0069,0.0099,0.0116,0.0127,0.0134,0.0164,56.34,0.06,0,,,,,,,,,"wrist"
"IZTECH_S016","IZTECH_S016_w","2025-05-09 11:56:19",FALSE,0,31.69,8,2111,17.5917,43,0.358333,143,1.19167,77.65,0.05,137,116,0.0038,0.0066,0.0084,0.012,0.0141,0.0153,0.0161,0.0196,67.88,0.08,0,,,,,,,,,"wrist"
"IZTECH_S016","IZTECH_S016_w","2025-05-09 11:58:19",FALSE,0,31.88,8,1963,16.3583,36,0.3,152,1.26667,87.36,0.07,194,150,0.0043,0.0076,0.0094,0.0137,0.0162,0.0174,0.0179,0.0221,74.98,0.09,0,,,,,,,,,"wrist"
"IZTECH_S016","IZTECH_S016_w","2025-05-09 12:00:19",FALSE,0,31.81,8,2097,17.475,49,0.408333,140,1.16667,97.39,0.08,205,148,0.0048,0.0084,0.0104,0.0152,0.0182,0.0197,0.0202,0.0249,81.72,0.1,0,,,,,,,,,"wrist"
"IZTECH_S016","IZTECH_S016_w","2025-05-09 12:02:19",FALSE,0,32.31,1,2487,20.725,64,0.533333,145,1.20833,99.98,0.09,183,94,0.0052,0.0088,0.0108,0.0159,0.0189,0.0205,0.0209,0.0261,83.24,0.11,0,,,,,,,,,"wrist"
"IZTECH_S016","IZTECH_S016_w","2025-05-09 12:04:19",FALSE,0,31.94,8,1476,12.3,14,0.116667,101,0.841667,140.46,0.12,196,144,0.0075,0.0129,0.0155,0.0223,0.0262,0.0289,0.0304,0.0373,120.21,0.15,0,,,,,,,,,"wrist"
"IZTECH_S016","IZTECH_S016_w","2025-05-09 12:06:19",FALSE,0,32.06,8,692,5.76667,12,0.1,50,0.416667,146.19,0.13,139,120,0.0078,0.0133,0.0161,0.0232,0.0275,0.0306,0.032,0.0396,122.09,0.16,0,,,,,,,,,"wrist"
"IZTECH_S016","IZTECH_S016_w","2025-05-09 12:08:19",FALSE,0,31.81,8,1673,13.9417,14,0.116667,119,0.991667,143.53,0.13,216,166,0.0077,0.0132,0.0158,0.0228,0.0269,0.0298,0.0313,0.0382,121.08,0.16,0,,,,,,,,,"wrist"
"IZTECH_S016","IZTECH_S016_w","2025-05-09 12:10:19",FALSE,0,31.94,8,2141,17.8417,34,0.283333,134,1.11667,108.17,0.09,219,167,0.0056,0.0098,0.0116,0.0168,0.0203,0.0224,0.0235,0.0286,89.77,0.11,0,,,,,,,,,"wrist"
"IZTECH_S016","IZTECH_S016_w","2025-05-09 12:12:19",FALSE,0,32,8,2078,17.3167,50,0.416667,149,1.24167,125.52,0.1,153,138,0.0064,0.0116,0.0137,0.0197,0.0231,0.0252,0.0267,0.0318,110.14,0.13,0,,,,,,,,,"wrist"
"IZTECH_S016","IZTECH_S016_w","2025-05-09 12:14:19",FALSE,0,32.19,1,3688,30.7333,93,0.775,220,1.83333,103.28,0.08,219,148,0.0053,0.009,0.011,0.0158,0.0192,0.0213,0.0222,0.0274,85.57,0.11,0,,,,,,,,,"wrist"
"IZTECH_S016","IZTECH_S016_w","2025-05-09 12:16:19",FALSE,0,32.06,8,3342,27.85,63,0.525,225,1.875,315.08,0.26,158,110,0.0165,0.0281,0.0333,0.0491,0.0592,0.0649,0.0666,0.0808,260.4,0.33,0,,,,,,,,,"wrist"
"IZTECH_S016","IZTECH_S016_w","2025-05-09 12:18:19",FALSE,0,32,8,4218,35.15,115,0.958333,250,2.08333,174.62,0.15,188,128,0.0092,0.0159,0.0184,0.0274,0.0331,0.0364,0.0371,0.0454,142.31,0.19,0,,,,,,,,,"wrist"
"IZTECH_S016","IZTECH_S016_w","2025-05-09 12:20:19",FALSE,0,31.75,1,7002,58.35,214,1.78333,349,2.90833,94.63,0.08,215,154,0.0049,0.0085,0.0102,0.0148,0.0174,0.0197,0.0211,0.0266,79.9,0.1,0,,,,,,,,,"wrist"
"IZTECH_S016","IZTECH_S016_w","2025-05-09 12:22:19",FALSE,0,31.81,16,3030,25.25,81,0.675,169,1.40833,120.73,0.11,168,102,0.0063,0.0107,0.013,0.019,0.0227,0.0253,0.0266,0.0333,98.86,0.13,0,,,,,,,,,"wrist"
"IZTECH_S016","IZTECH_S016_w","2025-05-09 12:24:19",FALSE,0,31.56,16,2967,24.725,64,0.533333,247,2.05833,78.98,0.07,192,148,0.004,0.0069,0.0084,0.0123,0.0146,0.0164,0.0174,0.0215,65.28,0.08,0,,,,,,,,,"wrist"
"IZTECH_S016","IZTECH_S016_w","2025-05-09 12:26:19",FALSE,0,32.19,1,6968,58.0667,188,1.56667,494,4.11667,80.35,0.07,136,96,0.0042,0.0072,0.0087,0.0129,0.0153,0.0168,0.0172,0.0216,65.59,0.09,0,,,,,,,,,"wrist"
"IZTECH_S016","IZTECH_S016_w","2025-05-09 12:28:19",FALSE,0,32.31,1,3561,29.675,102,0.85,187,1.55833,97.97,0.09,219,152,0.0053,0.009,0.0107,0.0158,0.0185,0.0203,0.0209,0.0259,82.24,0.11,0,,,,,,,,,"wrist"
"IZTECH_S016","IZTECH_S016_w","2025-05-09 12:30:19",FALSE,0,31.69,1,3599,29.9917,76,0.633333,231,1.925,310.15,0.23,213,166,0.0163,0.0274,0.0328,0.0479,0.0573,0.063,0.065,0.0793,264.06,0.31,0,,,,,,,,,"wrist"
"IZTECH_S016","IZTECH_S016_w","2025-05-09 12:32:19",FALSE,0,32.31,16,1802,15.0167,35,0.291667,99,0.825,187.08,0.15,140,119,0.0098,0.0166,0.02,0.0291,0.0347,0.0387,0.0402,0.05,156.96,0.19,0,,,,,,,,,"wrist"
"IZTECH_S016","IZTECH_S016_w","2025-05-09 12:34:19",FALSE,0,32.31,16,2669,22.2417,66,0.55,167,1.39167,148.57,0.13,186,160,0.0078,0.0132,0.0161,0.0234,0.028,0.0314,0.033,0.0416,120.84,0.16,0,,,,,,,,,"wrist"
"IZTECH_S016","IZTECH_S016_w","2025-05-09 12:36:19",FALSE,0,32.12,16,5622,46.85,163,1.35833,349,2.90833,224.2,0.19,196,158,0.0117,0.0199,0.024,0.0352,0.042,0.0464,0.0484,0.0598,185.94,0.24,0,,,,,,,,,"wrist"
"IZTECH_S016","IZTECH_S016_w","2025-05-09 12:38:19",FALSE,0,32.19,16,4535,37.7917,108,0.9,296,2.46667,198.6,0.16,174,150,0.0102,0.0176,0.0212,0.031,0.037,0.0408,0.0427,0.0525,165.89,0.21,0,,,,,,,,,"wrist"
"IZTECH_S016","IZTECH_S016_w","2025-05-09 12:40:19",FALSE,0,32.44,16,1524,12.7,34,0.283333,91,0.758333,131.78,0.1,154,139,0.0065,0.0113,0.0141,0.0203,0.0241,0.0268,0.0285,0.0351,111.8,0.13,0,,,,,,,,,"wrist"
"IZTECH_S016","IZTECH_S016_w","2025-05-09 12:42:19",FALSE,0,31.75,16,4191,34.925,97,0.808333,265,2.20833,176.92,0.13,212,167,0.0089,0.0153,0.0188,0.0273,0.0326,0.036,0.0381,0.0467,148.53,0.18,0,,,,,,,,,"wrist"
"IZTECH_S016","IZTECH_S016_w","2025-05-09 12:44:19",FALSE,0,31.88,16,4768,39.7333,99,0.825,368,3.06667,184.76,0.14,213,168,0.0093,0.0161,0.0196,0.0285,0.0341,0.0376,0.0397,0.0486,155.49,0.19,0,,,,,,,,,"wrist"
"IZTECH_S016","IZTECH_S016_w","2025-05-09 12:46:19",FALSE,0,31.94,1,11545,96.2083,329,2.74167,711,5.925,126.81,0.11,213,162,0.0066,0.0112,0.0137,0.0199,0.0238,0.0267,0.0282,0.0355,103.15,0.14,0,,,,,,,,,"wrist"
"IZTECH_S016","IZTECH_S016_w","2025-05-09 12:48:19",FALSE,0,32.06,1,10111,84.2583,211,1.75833,722,6.01667,152.62,0.14,202,142,0.0085,0.0141,0.0169,0.0245,0.0288,0.0326,0.0344,0.0435,126.28,0.17,0,,,,,,,,,"wrist"
"IZTECH_S016","IZTECH_S016_w","2025-05-09 12:50:19",FALSE,0,31.94,16,3384,28.2,48,0.4,255,2.125,186.06,0.19,190,139,0.0102,0.017,0.0205,0.0298,0.0354,0.0402,0.0422,0.0538,149.71,0.22,0,,,,,,,,,"wrist"
"IZTECH_S016","IZTECH_S016_w","2025-05-09 12:52:19",FALSE,0,31.75,1,240,2,0,0,21,0.175,164.45,0.16,182,136,0.0089,0.0148,0.0181,0.0262,0.031,0.0354,0.0375,0.0479,133.12,0.19,0,,,,,,,,,"wrist"
"IZTECH_S016","IZTECH_S016_w","2025-05-09 12:54:19",FALSE,0,31.88,1,336,2.8,2,0.0166667,30,0.25,167.19,0.15,173,122,0.0089,0.0148,0.0182,0.0264,0.0313,0.0358,0.0382,0.0488,135.25,0.19,0,,,,,,,,,"wrist"
"IZTECH_S016","IZTECH_S016_w","2025-05-09 12:56:19",FALSE,0,31.81,1,2999,24.9917,33,0.275,245,2.04167,126.52,0.12,197,135,0.007,0.0117,0.0141,0.0203,0.0238,0.0273,0.0293,0.0374,103.89,0.15,0,,,,,,,,,"wrist"
"IZTECH_S016","IZTECH_S016_w","2025-05-09 12:58:19",FALSE,0,32.06,1,216,1.8,0,0,15,0.125,192.87,0.18,170,107,0.0103,0.0172,0.021,0.0306,0.0364,0.0416,0.0443,0.0567,154.24,0.22,0,,,,,,,,,"wrist"
"IZTECH_S016","IZTECH_S016_w","2025-05-09 13:00:19",FALSE,0,32.12,1,393,3.275,4,0.0333333,40,0.333333,166.91,0.15,175,102,0.0088,0.0148,0.0182,0.0264,0.0312,0.0358,0.0381,0.0487,135.38,0.19,0,,,,,,,,,"wrist"
"IZTECH_S016","IZTECH_S016_w","2025-05-09 13:02:19",FALSE,0,32.06,1,1341,11.175,26,0.216667,70,0.583333,153.39,0.13,173,106,0.0079,0.0133,0.0164,0.0238,0.0284,0.0324,0.0347,0.0438,125.35,0.16,0,,,,,,,,,"wrist"
"IZTECH_S016","IZTECH_S016_w","2025-05-09 13:04:19",FALSE,0,32.06,1,300,2.5,2,0.0166667,21,0.175,170.71,0.15,169,110,0.009,0.0152,0.0186,0.0269,0.0318,0.0364,0.0388,0.0492,139.72,0.19,0,,,,,,,,,"wrist"
"IZTECH_S016","IZTECH_S016_w","2025-05-09 13:06:19",FALSE,0,31.88,1,14265,118.875,447,3.725,772,6.43333,1576.48,1.49,208,148,0.091,0.1489,0.1784,0.2506,0.2931,0.3417,0.3736,0.4688,1329.09,1.8,0,,,,,,,,,"wrist"
"IZTECH_S016","IZTECH_S016_w","2025-05-09 13:08:19",FALSE,0,31.56,1,10182,84.85,301,2.50833,562,4.68333,159.15,0.15,200,156,0.0088,0.0147,0.0178,0.0257,0.0298,0.0338,0.0356,0.045,133.75,0.18,0,,,,,,,,,"wrist"
"IZTECH_S016","IZTECH_S016_w","2025-05-09 13:10:19",FALSE,0,31.62,1,4158,34.65,71,0.591667,304,2.53333,125.37,0.12,147,138,0.0068,0.0113,0.0137,0.0199,0.0236,0.027,0.0283,0.0362,101.61,0.14,0,,,,,,,,,"wrist"
"IZTECH_S016","IZTECH_S016_w","2025-05-09 13:12:19",FALSE,0,31.5,8,2501,20.8417,53,0.441667,157,1.30833,161.53,0.15,193,147,0.0087,0.0145,0.0176,0.0256,0.0307,0.0346,0.0362,0.0458,129.71,0.18,0,,,,,,,,,"wrist"
"IZTECH_S016","IZTECH_S016_w","2025-05-09 13:14:19",FALSE,0,31.31,1,911,7.59167,20,0.166667,67,0.558333,101.07,0.09,134,142,0.0054,0.009,0.011,0.0159,0.0189,0.0218,0.0231,0.0296,81.63,0.11,0,,,,,,,,,"wrist"
"IZTECH_S016","IZTECH_S016_w","2025-05-09 13:16:19",FALSE,0,31.06,1,192,1.6,1,0.00833333,14,0.116667,95,0.09,132,146,0.0051,0.0084,0.0103,0.0149,0.0178,0.0205,0.0218,0.0279,76.61,0.11,0,,,,,,,,,"wrist"
"IZTECH_S016","IZTECH_S016_w","2025-05-09 13:18:19",FALSE,0,31.06,1,467,3.89167,7,0.0583333,41,0.341667,84.29,0.07,133,140,0.0044,0.0074,0.0091,0.0132,0.0157,0.018,0.0192,0.0245,68.45,0.09,0,,,,,,,,,"wrist"
"IZTECH_S016","IZTECH_S016_w","2025-05-09 13:20:19",FALSE,0,31,1,433,3.60833,9,0.075,38,0.316667,97.22,0.09,132,142,0.0053,0.0088,0.0106,0.0154,0.0183,0.0211,0.0223,0.0287,78.15,0.11,0,,,,,,,,,"wrist"
"IZTECH_S016","IZTECH_S016_w","2025-05-09 13:22:19",FALSE,0,31,1,1219,10.1583,21,0.175,89,0.741667,112.64,0.1,141,149,0.006,0.0101,0.0123,0.0178,0.0211,0.0241,0.0255,0.0326,91.84,0.13,0,,,,,,,,,"wrist"
"IZTECH_S016","IZTECH_S016_w","2025-05-09 13:24:19",FALSE,0,30.94,1,1997,16.6417,57,0.475,125,1.04167,99.19,0.1,140,144,0.0054,0.009,0.0109,0.0159,0.0189,0.0217,0.0229,0.0295,78.36,0.12,0,,,,,,,,,"wrist"
"IZTECH_S016","IZTECH_S016_w","2025-05-09 13:26:19",FALSE,0,31.19,8,944,7.86667,17,0.141667,47,0.391667,214.45,0.22,159,142,0.0117,0.0194,0.0235,0.0343,0.0411,0.0464,0.0489,0.0617,169.53,0.25,0,,,,,,,,,"wrist"
"IZTECH_S016","IZTECH_S016_w","2025-05-09 13:28:19",FALSE,0,31.31,8,3938,32.8167,89,0.741667,254,2.11667,214.84,0.21,147,134,0.0116,0.0196,0.0235,0.0343,0.0407,0.0462,0.0492,0.0619,172.78,0.25,0,,,,,,,,,"wrist"
"IZTECH_S016","IZTECH_S016_w","2025-05-09 13:30:19",FALSE,0,31.31,8,1524,12.7,15,0.125,121,1.00833,183.49,0.17,189,156,0.0095,0.0169,0.0195,0.0289,0.0345,0.0391,0.0425,0.0518,147.21,0.2,0,,,,,,,,,"wrist"
"IZTECH_S016","IZTECH_S016_w","2025-05-09 13:32:19",FALSE,0,31.69,1,2937,24.475,62,0.516667,204,1.7,119.89,0.1,193,167,0.006,0.0104,0.0127,0.0184,0.022,0.0251,0.0273,0.0338,98.54,0.12,0,,,,,,,,,"wrist"
"IZTECH_S016","IZTECH_S016_w","2025-05-09 13:34:19",FALSE,0,31.94,8,2121,17.675,43,0.358333,150,1.25,121.31,0.09,177,154,0.0059,0.0107,0.0127,0.0185,0.0219,0.0248,0.0271,0.0332,102.98,0.12,0,,,,,,,,,"wrist"
"IZTECH_S016","IZTECH_S016_w","2025-05-09 13:36:19",FALSE,0,32,1,1468,12.2333,26,0.216667,104,0.866667,100.9,0.07,135,146,0.0048,0.0084,0.0106,0.0154,0.0183,0.0201,0.0215,0.0268,85.97,0.1,0,,,,,,,,,"wrist"
"IZTECH_S016","IZTECH_S016_w","2025-05-09 13:38:19",FALSE,0,31.94,1,612,5.1,1,0.00833333,59,0.491667,126.26,0.11,131,133,0.0063,0.0108,0.0135,0.0201,0.0237,0.0256,0.0259,0.0331,104.84,0.13,0,,,,,,,,,"wrist"
"IZTECH_S016","IZTECH_S016_w","2025-05-09 13:40:19",FALSE,0,32.31,1,1902,15.85,44,0.366667,167,1.39167,121.75,0.11,155,98,0.0063,0.0106,0.0132,0.0193,0.0229,0.0253,0.0262,0.0336,99.9,0.13,0,,,,,,,,,"wrist"
"IZTECH_S016","IZTECH_S016_w","2025-05-09 13:42:19",FALSE,0,32.44,1,81,0.675,0,0,4,0.0333333,120.74,0.11,150,98,0.0063,0.0105,0.013,0.019,0.0225,0.0257,0.027,0.0346,97.67,0.13,0,,,,,,,,,"wrist"
"IZTECH_S016","IZTECH_S016_w","2025-05-09 13:44:19",FALSE,0,32.44,1,1155,9.625,33,0.275,70,0.583333,108.14,0.1,144,106,0.0057,0.0095,0.0117,0.0171,0.0202,0.0231,0.0242,0.0311,87.31,0.12,0,,,,,,,,,"wrist"
"IZTECH_S016","IZTECH_S016_w","2025-05-09 13:46:19",FALSE,0,32.06,1,1978,16.4833,31,0.258333,135,1.125,92.35,0.08,130,150,0.0048,0.0081,0.0099,0.0144,0.0171,0.0197,0.0211,0.0271,74.74,0.1,0,,,,,,,,,"wrist"
"IZTECH_S016","IZTECH_S016_w","2025-05-09 13:48:19",FALSE,0,31.94,1,926,7.71667,21,0.175,75,0.625,90.78,0.08,130,150,0.0046,0.0078,0.0096,0.0139,0.0167,0.0194,0.0211,0.0268,72.98,0.1,0,,,,,,,,,"wrist"
"IZTECH_S016","IZTECH_S016_w","2025-05-09 13:50:19",FALSE,0,32.06,8,1695,14.125,20,0.166667,133,1.10833,131.81,0.13,134,146,0.0073,0.0121,0.0144,0.0209,0.0249,0.0287,0.0307,0.0393,105.48,0.15,0,,,,,,,,,"wrist"
"IZTECH_S016","IZTECH_S016_w","2025-05-09 13:52:19",FALSE,0,32,8,1753,14.6083,27,0.225,140,1.16667,253.81,0.24,136,146,0.0136,0.0228,0.0277,0.0402,0.0481,0.0546,0.058,0.0728,202.81,0.29,0,,,,,,,,,"wrist"
"IZTECH_S016","IZTECH_S016_w","2025-05-09 13:54:19",FALSE,0,32.44,1,1264,10.5333,5,0.0416667,75,0.625,202.54,0.19,128,128,0.0108,0.0181,0.0219,0.032,0.0383,0.0432,0.0456,0.0577,162.91,0.23,0,,,,,,,,,"wrist"
"IZTECH_S016","IZTECH_S016_w","2025-05-09 13:56:19",FALSE,0,32.38,1,128,1.06667,0,0,5,0.0416667,150.45,0.14,128,130,0.0079,0.0132,0.0163,0.0239,0.0285,0.0319,0.0332,0.0427,120.76,0.17,0,,,,,,,,,"wrist"
"IZTECH_S016","IZTECH_S016_w","2025-05-09 13:58:19",FALSE,0,31.81,1,2630,21.9167,48,0.4,147,1.225,340.31,0.29,177,162,0.0177,0.0299,0.0363,0.0531,0.0634,0.0712,0.0755,0.0938,279.04,0.36,0,,,,,,,,,"wrist"
"IZTECH_S016","IZTECH_S016_w","2025-05-09 14:00:19",FALSE,0,31.94,8,2227,18.5583,46,0.383333,136,1.13333,408.88,0.33,183,162,0.0211,0.0357,0.0434,0.0633,0.0754,0.0847,0.0906,0.1117,340.06,0.42,0,,,,,,,,,"wrist"
"IZTECH_S016","IZTECH_S016_w","2025-05-09 14:02:19",FALSE,0,32.62,8,3338,27.8167,75,0.625,183,1.525,444.95,0.34,175,147,0.0224,0.0379,0.0466,0.068,0.0819,0.0917,0.0983,0.121,366.4,0.45,0,,,,,,,,,"wrist"
"IZTECH_S016","IZTECH_S016_w","2025-05-09 14:04:19",FALSE,0,32.38,16,3220,26.8333,88,0.733333,183,1.525,109.91,0.07,138,142,0.0051,0.0091,0.0113,0.0164,0.0198,0.0222,0.0244,0.0297,92.2,0.1,0,,,,,,,,,"wrist"
"IZTECH_S016","IZTECH_S016_w","2025-05-09 14:06:19",FALSE,0,31.62,1,8016,66.8,229,1.90833,347,2.89167,240.33,0.13,208,166,0.0108,0.0191,0.0243,0.0342,0.0421,0.0477,0.054,0.0657,204.56,0.21,0,,,,,,,,,"wrist"
"IZTECH_S016","IZTECH_S016_w","2025-05-09 14:08:19",FALSE,0,32.06,1,4827,40.225,101,0.841667,316,2.63333,232.43,0.14,193,118,0.011,0.0193,0.0244,0.035,0.0414,0.0457,0.0499,0.0603,202.42,0.21,0,,,,,,,,,"wrist"
"IZTECH_S016","IZTECH_S016_w","2025-05-09 14:10:19",FALSE,0,31.88,8,1533,12.775,26,0.216667,102,0.85,190.58,0.1,200,138,0.0088,0.016,0.0193,0.0283,0.0338,0.0369,0.04,0.0475,167.01,0.17,0,,,,,,,,,"wrist"
"IZTECH_S016","IZTECH_S016_w","2025-05-09 14:12:19",FALSE,0,31.81,8,3526,29.3833,97,0.808333,192,1.6,134.06,0.09,155,130,0.0064,0.0114,0.0141,0.0203,0.024,0.0268,0.0293,0.0357,115.27,0.13,0,,,,,,,,,"wrist"
"IZTECH_S016","IZTECH_S016_w","2025-05-09 14:14:19",FALSE,0,31.69,8,4469,37.2417,100,0.833333,275,2.29167,365.48,0.21,184,164,0.0176,0.0313,0.038,0.0549,0.0651,0.0713,0.0771,0.0918,323.05,0.33,0,,,,,,,,,"wrist"
"IZTECH_S016","IZTECH_S016_w","2025-05-09 14:16:19",FALSE,0,31.5,1,3739,31.1583,69,0.575,253,2.10833,124.52,0.08,183,162,0.0059,0.0104,0.0131,0.0189,0.0222,0.0244,0.0264,0.0319,108.99,0.11,0,,,,,,,,,"wrist"
"IZTECH_S016","IZTECH_S016_w","2025-05-09 14:18:19",FALSE,0,31.69,8,1999,16.6583,33,0.275,138,1.15,111.75,0.07,134,146,0.0051,0.0093,0.0116,0.0171,0.0202,0.0221,0.0239,0.0288,94.92,0.11,0,,,,,,,,,"wrist"
"IZTECH_S016","IZTECH_S016_w","2025-05-09 14:20:19",FALSE,0,31.69,8,550,4.58333,0,0,26,0.216667,231.52,0.17,131,144,0.0111,0.0195,0.0239,0.0354,0.0424,0.0472,0.051,0.0624,190.13,0.23,0,,,,,,,,,"wrist"
"IZTECH_S016","IZTECH_S016_w","2025-05-09 14:22:19",FALSE,0,31.88,8,1505,12.5417,22,0.183333,99,0.825,129.54,0.08,148,138,0.006,0.0109,0.0133,0.0197,0.0233,0.0254,0.0276,0.0328,111.33,0.12,0,,,,,,,,,"wrist"
"IZTECH_S016","IZTECH_S016_w","2025-05-09 14:24:19",FALSE,0,31.81,8,4553,37.9417,100,0.833333,292,2.43333,360.31,0.27,215,166,0.0183,0.0319,0.0387,0.0562,0.0658,0.0722,0.0767,0.0928,312.55,0.36,0,,,,,,,,,"wrist"
"IZTECH_S016","IZTECH_S016_w","2025-05-09 14:26:19",FALSE,0,32.06,1,4858,40.4833,101,0.841667,334,2.78333,525.43,0.44,156,108,0.0275,0.0466,0.057,0.0825,0.0979,0.1081,0.1145,0.1411,441.08,0.55,0,,,,,,,,,"wrist"
"IZTECH_S016","IZTECH_S016_w","2025-05-09 14:28:19",FALSE,0,31.69,1,15425,128.542,394,3.28333,632,5.26667,476.21,0.37,214,160,0.0247,0.0415,0.0517,0.0747,0.0863,0.0974,0.1052,0.1309,411.04,0.48,0,,,,,,,,,"wrist"
"IZTECH_S016","IZTECH_S016_w","2025-05-09 14:30:19",FALSE,0,31.81,1,10011,83.425,244,2.03333,486,4.05,253.94,0.19,133,140,0.0123,0.021,0.026,0.0381,0.0468,0.0526,0.0566,0.0709,203.57,0.25,0,,,,,,,,,"wrist"
"IZTECH_S016","IZTECH_S016_w","2025-05-09 14:32:19",FALSE,0,32,8,1103,9.19167,17,0.141667,52,0.433333,241.38,0.19,130,135,0.012,0.0205,0.0253,0.0372,0.0446,0.0501,0.0537,0.0673,196.35,0.25,0,,,,,,,,,"wrist"
"IZTECH_S016","IZTECH_S016_w","2025-05-09 14:34:19",FALSE,0,32.06,8,591,4.925,0,0,37,0.308333,260.91,0.2,128,144,0.0127,0.022,0.0271,0.04,0.048,0.0539,0.0581,0.0724,212.2,0.27,0,,,,,,,,,"wrist"
"IZTECH_S016","IZTECH_S016_w","2025-05-09 14:36:19",FALSE,0,32.44,1,590,4.91667,8,0.0666667,37,0.308333,280.96,0.2,128,134,0.0136,0.0235,0.029,0.0426,0.0511,0.0575,0.0623,0.077,231.96,0.28,0,,,,,,,,,"wrist"
"IZTECH_S016","IZTECH_S016_w","2025-05-09 14:38:19",FALSE,0,32.44,8,713,5.94167,6,0.05,45,0.375,238.29,0.21,187,156,0.012,0.0203,0.0251,0.0371,0.0445,0.0499,0.053,0.0672,191,0.25,0,,,,,,,,,"wrist"
"IZTECH_S016","IZTECH_S016_w","2025-05-09 14:40:19",FALSE,0,32.69,1,411,3.425,0,0,22,0.183333,251.28,0.18,128,130,0.0122,0.021,0.026,0.0381,0.0457,0.0514,0.0557,0.069,208.02,0.25,0,,,,,,,,,"wrist"
"IZTECH_S016","IZTECH_S016_w","2025-05-09 14:42:19",FALSE,0,32.81,1,4016,33.4667,97,0.808333,187,1.55833,224.58,0.18,128,138,0.0112,0.0192,0.0237,0.035,0.0412,0.0463,0.0497,0.0624,186.4,0.23,0,,,,,,,,,"wrist"
"IZTECH_S016","IZTECH_S016_w","2025-05-09 14:44:19",FALSE,0,32.81,1,547,4.55833,11,0.0916667,25,0.208333,241.24,0.18,145,138,0.0118,0.0203,0.0251,0.0369,0.044,0.0495,0.0534,0.0665,199.28,0.24,0,,,,,,,,,"wrist"
"IZTECH_S016","IZTECH_S016_w","2025-05-09 14:46:19",FALSE,0,32.75,8,192,1.6,0,0,17,0.141667,231.64,0.22,168,146,0.0118,0.02,0.0247,0.0366,0.0437,0.0488,0.0511,0.0656,184.88,0.25,0,,,,,,,,,"wrist"
"IZTECH_S016","IZTECH_S016_w","2025-05-09 14:48:19",FALSE,0,32.75,8,4905,40.875,167,1.39167,320,2.66667,219.4,0.19,158,146,0.011,0.0188,0.0233,0.0345,0.041,0.0457,0.0483,0.0613,177.11,0.23,0,,,,,,,,,"wrist"
"IZTECH_S016","IZTECH_S016_w","2025-05-09 14:50:19",FALSE,0,32.94,1,1552,12.9333,39,0.325,93,0.775,220.52,0.17,133,134,0.0108,0.0187,0.0231,0.0338,0.0403,0.0451,0.0488,0.0608,183.15,0.22,0,,,,,,,,,"wrist"
"IZTECH_S016","IZTECH_S016_w","2025-05-09 14:52:19",FALSE,0,32.44,8,1658,13.8167,33,0.275,116,0.966667,201.12,0.19,212,164,0.0105,0.0177,0.0219,0.032,0.0379,0.043,0.0458,0.0592,160.87,0.23,0,,,,,,,,,"wrist"
"IZTECH_S016","IZTECH_S016_w","2025-05-09 14:54:19",FALSE,0,32.69,8,1821,15.175,38,0.316667,121,1.00833,173.71,0.15,197,158,0.0087,0.0151,0.0185,0.0273,0.0323,0.0363,0.0391,0.0491,141.19,0.19,0,,,,,,,,,"wrist"
"IZTECH_S016","IZTECH_S016_w","2025-05-09 14:56:19",FALSE,0,33.06,16,6966,58.05,171,1.425,495,4.125,278.6,0.16,153,112,0.013,0.0229,0.0291,0.0417,0.0494,0.054,0.0592,0.0709,245.31,0.25,0,,,,,,,,,"wrist"
"IZTECH_S016","IZTECH_S016_w","2025-05-09 14:58:19",FALSE,0,33.19,8,3569,29.7417,63,0.525,240,2,233.77,0.18,128,122,0.0113,0.0196,0.0246,0.0357,0.0428,0.0478,0.0518,0.0641,193.06,0.23,0,,,,,,,,,"wrist"
"IZTECH_S016","IZTECH_S016_w","2025-05-09 15:00:19",FALSE,0,33.25,8,821,6.84167,13,0.108333,58,0.483333,205.18,0.18,128,94,0.0104,0.0176,0.022,0.0323,0.0383,0.0431,0.0461,0.0589,166.07,0.22,0,,,,,,,,,"wrist"
"IZTECH_S016","IZTECH_S016_w","2025-05-09 15:02:19",FALSE,0,33.25,8,2179,18.1583,27,0.225,150,1.25,222.33,0.19,128,99,0.0112,0.0191,0.0237,0.0346,0.0411,0.0463,0.0496,0.0624,182.55,0.23,0,,,,,,,,,"wrist"
"IZTECH_S016","IZTECH_S016_w","2025-05-09 15:04:19",FALSE,0,33.31,1,687,5.725,4,0.0333333,48,0.4,197.18,0.15,134,94,0.0097,0.0165,0.0209,0.0304,0.0361,0.0402,0.0429,0.0541,164.49,0.2,0,,,,,,,,,"wrist"
"IZTECH_S016","IZTECH_S016_w","2025-05-09 15:06:19",FALSE,0,33.38,1,756,6.3,9,0.075,54,0.45,224.54,0.16,125,95,0.0108,0.0185,0.0235,0.034,0.0405,0.0456,0.0495,0.0619,188.26,0.22,0,,,,,,,,,"wrist"
"IZTECH_S016","IZTECH_S016_w","2025-05-09 15:08:19",FALSE,0,33.5,1,966,8.05,11,0.0916667,58,0.483333,205.1,0.16,141,94,0.0101,0.0172,0.0217,0.0319,0.0379,0.042,0.0445,0.0564,169.1,0.21,0,,,,,,,,,"wrist"
"IZTECH_S016","IZTECH_S016_w","2025-05-09 15:10:19",FALSE,0,33.44,8,1233,10.275,13,0.108333,79,0.658333,316.08,0.26,128,94,0.0158,0.0267,0.0337,0.0487,0.0582,0.0658,0.0719,0.0899,258.68,0.33,0,,,,,,,,,"wrist"
"IZTECH_S016","IZTECH_S016_w","2025-05-09 15:12:19",FALSE,0,33.5,8,1387,11.5583,33,0.275,87,0.725,227.7,0.2,158,97,0.0114,0.0193,0.0243,0.0356,0.0423,0.0478,0.0515,0.0661,183.4,0.24,0,,,,,,,,,"wrist"
"IZTECH_S016","IZTECH_S016_w","2025-05-09 15:14:19",FALSE,0,33.31,8,700,5.83333,19,0.158333,45,0.375,229.77,0.17,170,147,0.0112,0.0192,0.0243,0.0351,0.0417,0.0474,0.0526,0.0663,190.63,0.23,0,,,,,,,,,"wrist"
"IZTECH_S016","IZTECH_S016_w","2025-05-09 15:16:19",FALSE,0,33.12,2,671,5.59167,3,0.025,54,0.45,154.66,0.11,194,160,0.0075,0.013,0.0165,0.0238,0.028,0.0314,0.0345,0.0433,130.61,0.15,0,,,,,,,,,"wrist"
"IZTECH_S016","IZTECH_S016_w","2025-05-09 15:18:19",FALSE,0,33.19,1,2265,18.875,66,0.55,130,1.08333,190.92,0.13,187,162,0.0089,0.0155,0.0199,0.0289,0.0343,0.0381,0.0417,0.0516,161.84,0.18,0,,,,,,,,,"wrist"
"IZTECH_S016","IZTECH_S016_w","2025-05-09 15:20:19",FALSE,0,33,1,217,1.80833,0,0,18,0.15,190.71,0.12,183,161,0.0088,0.0154,0.0199,0.0288,0.034,0.0379,0.0416,0.0515,162.7,0.18,0,,,,,,,,,"wrist"
"IZTECH_S016","IZTECH_S016_w","2025-05-09 15:22:19",FALSE,0,32.88,1,79,0.658333,0,0,3,0.025,182.75,0.12,182,161,0.0084,0.0148,0.0191,0.0276,0.0326,0.0363,0.0398,0.0493,156.19,0.17,0,,,,,,,,,"wrist"
"IZTECH_S016","IZTECH_S016_w","2025-05-09 15:24:19",FALSE,0,33,1,1166,9.71667,12,0.1,89,0.741667,219.59,0.14,138,137,0.0103,0.0178,0.0228,0.0331,0.0394,0.0441,0.0483,0.0601,184.84,0.21,0,,,,,,,,,"wrist"
"IZTECH_S016","IZTECH_S016_w","2025-05-09 15:26:19",FALSE,0,32.81,8,2563,21.3583,49,0.408333,153,1.275,217.05,0.15,214,171,0.0103,0.0179,0.0228,0.0329,0.039,0.0438,0.0484,0.0601,183.39,0.21,0,,,,,,,,,"wrist"
"IZTECH_S016","IZTECH_S016_w","2025-05-09 15:28:19",FALSE,0,32.69,8,5732,47.7667,114,0.95,318,2.65,134.35,0.1,216,169,0.0064,0.0112,0.0142,0.0208,0.0243,0.0271,0.0293,0.0367,113.81,0.13,0,,,,,,,,,"wrist"
"IZTECH_S016","IZTECH_S016_w","2025-05-09 15:30:19",FALSE,0,32.38,16,6033,50.275,136,1.13333,485,4.04167,399.17,0.27,215,170,0.019,0.0327,0.0417,0.0603,0.0721,0.0804,0.0884,0.1085,334.84,0.38,0,,,,,,,,,"wrist"
"IZTECH_S016","IZTECH_S016_w","2025-05-09 15:32:19",FALSE,0,32.38,16,3539,29.4917,80,0.666667,228,1.9,403,0.28,192,155,0.0195,0.0332,0.0422,0.061,0.0731,0.082,0.0901,0.1116,335.25,0.39,0,,,,,,,,,"wrist"
"IZTECH_S016","IZTECH_S016_w","2025-05-09 15:34:19",FALSE,0,32.56,8,1581,13.175,19,0.158333,119,0.991667,236.55,0.19,212,164,0.0115,0.0197,0.0248,0.0364,0.0434,0.0492,0.0537,0.068,191.19,0.24,0,,,,,,,,,"wrist"
"IZTECH_S016","IZTECH_S016_w","2025-05-09 15:36:19",FALSE,0,32.38,1,3284,27.3667,56,0.466667,172,1.43333,95.79,0.06,193,134,0.0044,0.0077,0.0099,0.0146,0.0173,0.0191,0.0207,0.026,80.45,0.09,0,,,,,,,,,"wrist"
"IZTECH_S016","IZTECH_S016_w","2025-05-09 15:38:19",FALSE,0,32.75,16,5685,47.375,107,0.891667,433,3.60833,365.73,0.2,159,128,0.0166,0.0292,0.0379,0.0545,0.0645,0.0711,0.079,0.0957,318.16,0.32,0,,,,,,,,,"wrist"
"IZTECH_S016","IZTECH_S016_w","2025-05-09 15:40:19",FALSE,0,32.75,16,5785,48.2083,134,1.11667,453,3.775,552.93,0.34,212,158,0.026,0.0449,0.0574,0.0829,0.0985,0.1094,0.1208,0.1474,473.98,0.51,0,,,,,,,,,"wrist"
"IZTECH_S016","IZTECH_S016_w","2025-05-09 15:42:19",FALSE,0,32.81,16,3689,30.7417,68,0.566667,245,2.04167,425.72,0.3,193,159,0.0205,0.0351,0.0446,0.0649,0.0771,0.0867,0.0954,0.1189,354.5,0.42,0,,,,,,,,,"wrist"
"IZTECH_S016","IZTECH_S016_w","2025-05-09 15:44:19",FALSE,0,32.69,16,5366,44.7167,153,1.275,293,2.44167,433.07,0.3,202,163,0.0208,0.0355,0.0453,0.066,0.0783,0.0881,0.0972,0.1213,360.4,0.43,0,,,,,,,,,"wrist"
"IZTECH_S016","IZTECH_S016_w","2025-05-09 15:46:19",FALSE,0,32.81,16,5965,49.7083,181,1.50833,327,2.725,298.77,0.17,215,170,0.0135,0.0235,0.0306,0.0441,0.053,0.059,0.0659,0.0807,252.87,0.27,0,,,,,,,,,"wrist"
"IZTECH_S016","IZTECH_S016_w","2025-05-09 15:48:19",FALSE,0,33.12,16,5812,48.4333,117,0.975,435,3.625,248.55,0.14,194,155,0.0111,0.0195,0.0255,0.0368,0.0438,0.0485,0.054,0.0662,213.58,0.22,0,,,,,,,,,"wrist"
"IZTECH_S016","IZTECH_S016_w","2025-05-09 15:50:19",FALSE,0,32.88,8,4148,34.5667,64,0.533333,303,2.525,169.05,0.1,193,158,0.0077,0.0135,0.0177,0.0258,0.0302,0.0329,0.0355,0.0442,146.26,0.15,0,,,,,,,,,"wrist"
"IZTECH_S016","IZTECH_S016_w","2025-05-09 15:52:19",FALSE,0,33.06,1,1149,9.575,11,0.0916667,73,0.608333,238.81,0.11,136,143,0.0107,0.0187,0.0246,0.0352,0.0414,0.0459,0.0514,0.0624,211.18,0.2,0,,,,,,,,,"wrist"
"IZTECH_S016","IZTECH_S016_w","2025-05-09 15:54:19",FALSE,0,33.25,1,295,2.45833,0,0,25,0.208333,231.33,0.12,130,131,0.0103,0.0181,0.0238,0.0341,0.0403,0.0447,0.0498,0.0608,202.76,0.2,0,,,,,,,,,"wrist"
"IZTECH_S016","IZTECH_S016_w","2025-05-09 15:56:19",FALSE,0,32.69,1,10041,83.675,246,2.05,470,3.91667,200.7,0.11,164,128,0.0092,0.016,0.021,0.0301,0.0353,0.0391,0.0434,0.0536,175.66,0.18,0,,,,,,,,,"wrist"
"IZTECH_S016","IZTECH_S016_w","2025-05-09 15:58:19",FALSE,0,32.38,4,18360,153,619,5.15833,819,6.825,211.11,0.17,155,115,0.0112,0.0189,0.0233,0.0328,0.0376,0.044,0.0502,0.0638,184.62,0.21,0,,,,,,,,,"wrist"
"IZTECH_S016","IZTECH_S016_w","2025-05-09 16:00:19",FALSE,0,32.56,1,20894,174.117,667,5.55833,1126,9.38333,42.5,0.11,152,122,0.0032,0.005,0.005,0.0068,0.009,0.0128,0.0155,0.0223,21.94,0.08,0,,,,,,,,,"wrist"
"IZTECH_S016","IZTECH_S016_w","2025-05-09 16:02:19",FALSE,0,32.38,4,25099,209.158,844,7.03333,1254,10.45,34.63,0.01,137,112,9e-04,0.0024,0.0024,0.0038,0.0064,0.006,0.0054,0.0035,25.67,0.02,0,,,,,,,,,"wrist"
"IZTECH_S016","IZTECH_S016_w","2025-05-09 16:04:19",FALSE,0,31.75,4,20415,170.125,660,5.5,993,8.275,38.67,0.01,183,162,9e-04,0.0026,0.0027,0.0041,0.0072,0.0066,0.0058,0.0035,28.37,0.02,0,,,,,,,,,"wrist"
"IZTECH_S016","IZTECH_S016_w","2025-05-09 16:06:19",FALSE,0,31.19,4,17141,142.842,422,3.51667,968,8.06667,62.75,0.03,165,112,0.0023,0.0047,0.0056,0.0084,0.0112,0.0118,0.0121,0.0126,51.04,0.05,0,,,,,,,,,"wrist"
"IZTECH_S016","IZTECH_S016_w","2025-05-09 16:08:19",FALSE,0,30.62,1,11977,99.8083,247,2.05833,763,6.35833,60.46,0.02,207,144,0.0019,0.0044,0.0048,0.0074,0.011,0.0112,0.0108,0.0097,46.9,0.04,0,,,,,,,,,"wrist"
"IZTECH_S016","IZTECH_S016_w","2025-05-09 16:10:19",FALSE,0,30.06,1,16305,135.875,433,3.60833,906,7.55,48.24,0.02,218,172,0.0016,0.0036,0.0041,0.0062,0.0087,0.0092,0.0092,0.0092,37.71,0.03,0,,,,,,,,,"wrist"
"IZTECH_S016","IZTECH_S016_w","2025-05-09 16:12:19",FALSE,1,27.62,4,20253,168.775,628,5.23333,1069,8.90833,21.46,0,224,172,5e-04,0.0015,0.0016,0.0022,0.004,0.0036,0.0031,0.0014,16.97,0.01,0,,,,,,,,,"wrist"
"IZTECH_S016","IZTECH_S016_w","2025-05-09 16:14:19",FALSE,0,26.94,4,21484,179.033,695,5.79167,849,7.075,0,0,224,172,0,0,0,0,0,0,0,0,0,0,0,,,,,,,,,"wrist"
"IZTECH_S016","IZTECH_S016_w","2025-05-09 16:16:19",FALSE,0,26.94,4,21876,182.3,805,6.70833,898,7.48333,0,0,226,173,0,0,0,0,0,0,0,0,0,0,0,,,,,,,,,"wrist"
"IZTECH_S016","IZTECH_S016_w","2025-05-09 16:18:19",FALSE,0,26.81,32,372,3.1,15,0.125,25,0.208333,0,0,227,173,0,0,0,0,0,0,0,0,0,0,0,,,,,,,,,"wrist"
"IZTECH_S016","IZTECH_S016_w","2025-05-09 16:20:19",FALSE,0,26.75,32,0,0,0,0,0,0,0,0,226,173,0,0,0,0,0,0,0,0,0,0,0,,,,,,,,,"wrist"
"IZTECH_S016","IZTECH_S016_w","2025-05-09 16:22:19",FALSE,0,26.69,32,0,0,0,0,0,0,0,0,226,173,0,0,0,0,0,0,0,0,0,0,0,,,,,,,,,"wrist"
"IZTECH_S016","IZTECH_S016_w","2025-05-09 16:24:19",FALSE,0,26.62,32,0,0,0,0,0,0,0,0,227,173,0,0,0,0,0,0,0,0,0,0,0,,,,,,,,,"wrist"
"IZTECH_S016","IZTECH_S016_w","2025-05-09 16:26:19",FALSE,0,26.56,32,0,0,0,0,0,0,0,0,227,173,0,0,0,0,0,0,0,0,0,0,0,,,,,,,,,"wrist"
"IZTECH_S016","IZTECH_S016_w","2025-05-09 16:28:19",FALSE,0,26.5,32,0,0,0,0,0,0,0,0,227,173,0,0,0,0,0,0,0,0,0,0,0,,,,,,,,,"wrist"
"IZTECH_S016","IZTECH_S016_w","2025-05-09 16:30:19",FALSE,0,26.44,32,0,0,0,0,0,0,0,0,227,173,0,0,0,0,0,0,0,0,0,0,0,,,,,,,,,"wrist"
"IZTECH_S016","IZTECH_S016_w","2025-05-09 16:32:19",FALSE,0,26.44,32,0,0,0,0,0,0,0,0,227,173,0,0,0,0,0,0,0,0,0,0,0,,,,,,,,,"wrist"
"IZTECH_S016","IZTECH_S016_w","2025-05-09 16:34:19",FALSE,0,26.38,32,0,0,0,0,0,0,0,0,226,173,0,0,0,0,0,0,0,0,0,0,0,,,,,,,,,"wrist"
"IZTECH_S016","IZTECH_S016_w","2025-05-09 16:36:19",FALSE,0,26.31,32,0,0,0,0,0,0,0,0,226,173,0,0,0,0,0,0,0,0,0,0,0,,,,,,,,,"wrist"
"IZTECH_S016","IZTECH_S016_w","2025-05-09 16:38:19",FALSE,0,26.31,32,0,0,0,0,0,0,0,0,226,173,0,0,0,0,0,0,0,0,0,0,0,,,,,,,,,"wrist"
"IZTECH_S016","IZTECH_S016_w","2025-05-09 16:40:19",FALSE,0,26.25,32,0,0,0,0,0,0,0,0,227,173,0,0,0,0,0,0,0,0,0,0,0,,,,,,,,,"wrist"
"IZTECH_S016","IZTECH_S016_w","2025-05-09 16:42:19",FALSE,0,26.19,32,0,0,0,0,0,0,0,0,226,173,0,0,0,0,0,0,0,0,0,0,0,,,,,,,,,"wrist"
"IZTECH_S016","IZTECH_S016_w","2025-05-09 16:44:19",FALSE,0,26.19,32,0,0,0,0,0,0,0,0,226,173,0,0,0,0,0,0,0,0,0,0,0,,,,,,,,,"wrist"
"IZTECH_S016","IZTECH_S016_w","2025-05-09 16:46:19",FALSE,0,26.12,32,19,0.158333,0,0,1,0.00833333,0,0,227,171,0,0,0,0,0,0,0,0,0,0,0,,,,,,,,,"wrist"
"IZTECH_S016","IZTECH_S016_w","2025-05-09 16:48:19",FALSE,0,26.12,32,24,0.2,0,0,0,0,0,0,226,173,0,0,0,0,0,0,0,0,0,0,0,,,,,,,,,"wrist"
"IZTECH_S016","IZTECH_S016_w","2025-05-09 16:50:19",FALSE,0,26.06,32,211,1.75833,0,0,16,0.133333,0,0,226,173,0,0,0,0,0,0,0,0,0,0,0,,,,,,,,,"wrist"
"IZTECH_S016","IZTECH_S016_w","2025-05-09 16:52:19",FALSE,0,26.06,32,0,0,0,0,0,0,0,0,226,173,0,0,0,0,0,0,0,0,0,0,0,,,,,,,,,"wrist"
"IZTECH_S016","IZTECH_S016_w","2025-05-09 16:54:19",FALSE,0,26,32,0,0,0,0,0,0,0,0,226,173,0,0,0,0,0,0,0,0,0,0,0,,,,,,,,,"wrist"
"IZTECH_S016","IZTECH_S016_w","2025-05-09 16:56:19",FALSE,0,26,32,310,2.58333,6,0.05,32,0.266667,0,0,226,171,0,0,0,0,0,0,0,0,0,0,0,,,,,,,,,"wrist"
"IZTECH_S016","IZTECH_S016_w","2025-05-09 16:58:19",FALSE,0,25.94,32,825,6.875,18,0.15,51,0.425,0,0,226,173,0,0,0,0,0,0,0,0,0,0,0,,,,,,,,,"wrist"
"IZTECH_S016","IZTECH_S016_w","2025-05-09 17:00:19",FALSE,0,25.94,32,17186,143.217,564,4.7,814,6.78333,0,0,226,173,0,0,0,0,0,0,0,0,0,0,0,,,,,,,,,"wrist"
"IZTECH_S016","IZTECH_S016_w","2025-05-09 17:02:19",FALSE,0,26.31,32,35186,293.217,1413,11.775,1079,8.99167,0,0,227,173,0,0,0,0,0,0,0,0,0,0,0,,,,,,,,,"wrist"
"IZTECH_S016","IZTECH_S016_w","2025-05-09 17:04:19",FALSE,0,26.75,32,32145,267.875,1321,11.0083,1096,9.13333,0,0,227,173,0,0,0,0,0,0,0,0,0,0,0,,,,,,,,,"wrist"
"IZTECH_S016","IZTECH_S016_w","2025-05-09 17:06:19",FALSE,0,27.25,32,30174,251.45,1185,9.875,1055,8.79167,0,0,227,173,0,0,0,0,0,0,0,0,0,0,0,,,,,,,,,"wrist"
"IZTECH_S016","IZTECH_S016_w","2025-05-09 17:08:19",FALSE,0,27.69,32,29327,244.392,1184,9.86667,1069,8.90833,0,0,227,173,0,0,0,0,0,0,0,0,0,0,0,,,,,,,,,"wrist"
"IZTECH_S016","IZTECH_S016_w","2025-05-09 17:10:19",FALSE,0,28.12,32,26258,218.817,1007,8.39167,1058,8.81667,0,0,228,173,0,0,0,0,0,0,0,0,0,0,0,,,,,,,,,"wrist"
"IZTECH_S016","IZTECH_S016_w","2025-05-09 17:12:19",FALSE,0,29,32,18155,151.292,561,4.675,938,7.81667,0,0,228,174,0,0,0,0,0,0,0,0,0,0,0,,,,,,,,,"wrist"
"IZTECH_S016","IZTECH_S016_w","2025-05-09 17:14:19",FALSE,0,29.62,32,15310,127.583,440,3.66667,817,6.80833,0,0,228,175,0,0,0,0,0,0,0,0,0,0,0,,,,,,,,,"wrist"
"IZTECH_S016","IZTECH_S016_w","2025-05-09 17:16:19",FALSE,0,29.69,32,1634,13.6167,29,0.241667,111,0.925,0,0,228,176,0,0,0,0,0,0,0,0,0,0,0,,,,,,,,,"wrist"
"IZTECH_S016","IZTECH_S016_w","2025-05-09 17:18:19",FALSE,0,29.69,32,0,0,0,0,0,0,0,0,228,176,0,0,0,0,0,0,0,0,0,0,0,,,,,,,,,"wrist"
"IZTECH_S016","IZTECH_S016_w","2025-05-09 17:20:19",FALSE,0,29.62,32,0,0,0,0,0,0,0,0,228,176,0,0,0,0,0,0,0,0,0,0,0,,,,,,,,,"wrist"
"IZTECH_S016","IZTECH_S016_w","2025-05-09 17:22:19",FALSE,0,29.5,32,0,0,0,0,0,0,0,0,228,175,0,0,0,0,0,0,0,0,0,0,0,,,,,,,,,"wrist"
"IZTECH_S016","IZTECH_S016_w","2025-05-09 17:24:19",FALSE,0,29.38,32,0,0,0,0,0,0,0,0,228,175,0,0,0,0,0,0,0,0,0,0,0,,,,,,,,,"wrist"
"IZTECH_S016","IZTECH_S016_w","2025-05-09 17:26:19",FALSE,0,29.19,32,0,0,0,0,0,0,0,0,228,176,0,0,0,0,0,0,0,0,0,0,0,,,,,,,,,"wrist"
"IZTECH_S016","IZTECH_S016_w","2025-05-09 17:28:19",FALSE,0,29.06,32,0,0,0,0,0,0,0,0,228,176,0,0,0,0,0,0,0,0,0,0,0,,,,,,,,,"wrist"
"IZTECH_S016","IZTECH_S016_w","2025-05-09 17:30:19",FALSE,0,28.88,32,0,0,0,0,0,0,0,0,228,176,0,0,0,0,0,0,0,0,0,0,0,,,,,,,,,"wrist"
"IZTECH_S016","IZTECH_S016_w","2025-05-09 17:32:19",FALSE,0,28.75,32,417,3.475,6,0.05,25,0.208333,0,0,228,175,0,0,0,0,0,0,0,0,0,0,0,,,,,,,,,"wrist"
"IZTECH_S016","IZTECH_S016_w","2025-05-09 17:34:19",FALSE,0,28.62,32,14,0.116667,0,0,2,0.0166667,0,0,228,176,0,0,0,0,0,0,0,0,0,0,0,,,,,,,,,"wrist"
"IZTECH_S016","IZTECH_S016_w","2025-05-09 17:36:19",FALSE,0,28.5,32,0,0,0,0,0,0,0,0,228,175,0,0,0,0,0,0,0,0,0,0,0,,,,,,,,,"wrist"
"IZTECH_S016","IZTECH_S016_w","2025-05-09 17:38:19",FALSE,0,28.38,32,153,1.275,1,0.00833333,13,0.108333,0,0,228,175,0,0,0,0,0,0,0,0,0,0,0,,,,,,,,,"wrist"
"IZTECH_S016","IZTECH_S016_w","2025-05-09 17:40:19",FALSE,1,26.44,16,5517,45.975,181,1.50833,317,2.64167,216.85,0.01,199,154,0.0051,0.0229,0.0113,0.0262,0.0372,0.0368,0.0263,0.0143,190.69,0.08,0,,,,,,,,,"wrist"
"IZTECH_S016","IZTECH_S016_w","2025-05-09 17:42:19",FALSE,0,26.12,16,0,0,0,0,0,0,113.21,0,198,153,0.002,0.0109,0.0066,0.0128,0.0197,0.0196,0.0143,0.0081,95.57,0.04,0,,,,,,,,,"wrist"
"IZTECH_S016","IZTECH_S016_w","2025-05-09 17:44:19",FALSE,0,25.88,16,0,0,0,0,0,0,111.55,0,198,154,0.0019,0.0107,0.0066,0.0126,0.0194,0.0194,0.0141,0.008,94.52,0.04,0,,,,,,,,,"wrist"
"IZTECH_S016","IZTECH_S016_w","2025-05-09 17:46:19",FALSE,0,25.75,16,0,0,0,0,0,0,110.65,0,198,154,0.0019,0.0106,0.0066,0.0125,0.0193,0.0192,0.014,0.008,93.83,0.04,0,,,,,,,,,"wrist"
"IZTECH_S016","IZTECH_S016_w","2025-05-09 17:48:19",FALSE,0,25.69,16,0,0,0,0,0,0,110.04,0,198,154,0.0019,0.0105,0.0066,0.0124,0.0192,0.0191,0.0139,0.0079,93.44,0.04,0,,,,,,,,,"wrist"
"IZTECH_S016","IZTECH_S016_w","2025-05-09 17:50:19",FALSE,0,25.62,16,0,0,0,0,0,0,109.55,0,198,154,0.0019,0.0105,0.0066,0.0124,0.0191,0.019,0.0138,0.0079,93.17,0.04,0,,,,,,,,,"wrist"
"IZTECH_S016","IZTECH_S016_w","2025-05-09 17:52:19",FALSE,0,25.56,16,0,0,0,0,0,0,109.29,0,198,154,0.0019,0.0104,0.0066,0.0124,0.019,0.0189,0.0138,0.0079,92.97,0.04,0,,,,,,,,,"wrist"
"IZTECH_S016","IZTECH_S016_w","2025-05-09 17:54:19",FALSE,0,25.56,16,0,0,0,0,0,0,109.1,0,198,154,0.0019,0.0104,0.0066,0.0123,0.019,0.0189,0.0138,0.0079,92.74,0.04,0,,,,,,,,,"wrist"
"IZTECH_S016","IZTECH_S016_w","2025-05-09 17:56:19",FALSE,0,25.5,16,0,0,0,0,0,0,108.22,0,198,154,0.0019,0.0104,0.0066,0.0122,0.0188,0.0188,0.0136,0.0078,92.42,0.04,0,,,,,,,,,"wrist"
"IZTECH_S016","IZTECH_S016_w","2025-05-09 17:58:19",FALSE,0,25.5,16,0,0,0,0,0,0,108.49,0,198,154,0.0019,0.0104,0.0066,0.0123,0.0189,0.0188,0.0137,0.0078,92.6,0.04,0,,,,,,,,,"wrist"
"IZTECH_S016","IZTECH_S016_w","2025-05-09 18:00:19",FALSE,0,25.5,16,0,0,0,0,0,0,111.73,0,198,154,0.002,0.0106,0.0068,0.0126,0.0195,0.0194,0.0141,0.0081,94.88,0.04,0,,,,,,,,,"wrist"
"IZTECH_S016","IZTECH_S016_w","2025-05-09 18:02:19",FALSE,0,25.5,16,0,0,0,0,0,0,109.88,0,198,154,0.0019,0.0104,0.0067,0.0124,0.0192,0.0191,0.0139,0.008,93.26,0.04,0,,,,,,,,,"wrist"
"IZTECH_S016","IZTECH_S016_w","2025-05-09 18:04:19",FALSE,0,25.5,16,0,0,0,0,0,0,109.72,0,198,154,0.0019,0.0104,0.0067,0.0124,0.0191,0.019,0.0139,0.0081,93.25,0.04,0,,,,,,,,,"wrist"
"IZTECH_S016","IZTECH_S016_w","2025-05-09 18:06:19",FALSE,0,25.5,16,0,0,0,0,0,0,110.19,0,198,154,0.0019,0.0104,0.0067,0.0125,0.0192,0.0191,0.0139,0.0081,93.54,0.04,0,,,,,,,,,"wrist"
"IZTECH_S016","IZTECH_S016_w","2025-05-09 18:08:19",FALSE,0,25.5,16,77,0.641667,3,0.025,3,0.025,108.37,0,197,154,0.0019,0.0103,0.0066,0.0122,0.0189,0.0188,0.0138,0.008,91.78,0.04,0,,,,,,,,,"wrist"
"IZTECH_S016","IZTECH_S016_w","2025-05-09 18:10:19",FALSE,0,30.75,16,9765,81.375,283,2.35833,528,4.4,402.12,0.18,129,105,0.0158,0.0298,0.0381,0.0561,0.0687,0.0798,0.0954,0.1166,330,0.33,0,,,,,,,,,"wrist"
"IZTECH_S016","IZTECH_S016_w","2025-05-09 18:12:19",FALSE,0,32.19,16,16753,139.608,470,3.91667,926,7.71667,182.21,0.08,167,130,0.007,0.012,0.0164,0.0245,0.0313,0.0375,0.0466,0.0598,135.51,0.15,0,,,,,,,,,"wrist"
"IZTECH_S016","IZTECH_S016_w","2025-05-09 18:14:19",FALSE,0,32.81,1,5572,46.4333,116,0.966667,341,2.84167,216.8,0.1,149,108,0.0081,0.0139,0.0189,0.0283,0.0378,0.0451,0.056,0.0715,154.01,0.18,0,,,,,,,,,"wrist"
"IZTECH_S016","IZTECH_S016_w","2025-05-09 18:16:19",FALSE,0,33.25,16,3637,30.3083,35,0.291667,247,2.05833,119.89,0.06,145,108,0.0048,0.0082,0.0111,0.0167,0.0206,0.0247,0.0306,0.0392,91.63,0.1,0,,,,,,,,,"wrist"
"IZTECH_S016","IZTECH_S016_w","2025-05-09 18:18:19",FALSE,0,33.56,16,4978,41.4833,57,0.475,342,2.85,118.84,0.05,149,99,0.0046,0.008,0.0109,0.0164,0.0203,0.0244,0.0302,0.0388,90.44,0.1,0,,,,,,,,,"wrist"
"IZTECH_S016","IZTECH_S016_w","2025-05-09 18:20:19",FALSE,0,33.81,1,3408,28.4,53,0.441667,193,1.60833,153.83,0.07,143,103,0.0061,0.0104,0.0142,0.0214,0.0264,0.0316,0.0393,0.0508,117.34,0.13,0,,,,,,,,,"wrist"
"IZTECH_S016","IZTECH_S016_w","2025-05-09 18:22:19",FALSE,0,33.94,16,3655,30.4583,37,0.308333,223,1.85833,62.58,0.03,146,95,0.0025,0.0043,0.0059,0.0088,0.0106,0.0125,0.0154,0.0194,49.84,0.05,0,,,,,,,,,"wrist"
"IZTECH_S016","IZTECH_S016_w","2025-05-09 18:24:19",FALSE,0,33.81,1,15257,127.142,397,3.30833,872,7.26667,18.56,0.01,130,95,7e-04,0.0013,0.0017,0.0025,0.0032,0.0038,0.0046,0.0058,13.91,0.02,0,,,,,,,,,"wrist"
"IZTECH_S016","IZTECH_S016_w","2025-05-09 18:26:19",FALSE,0,33.56,8,6121,51.0083,163,1.35833,301,2.50833,13.38,0.01,155,97,6e-04,0.0011,0.0015,0.0021,0.0024,0.0027,0.0032,0.0042,11.54,0.01,0,,,,,,,,,"wrist"
"IZTECH_S016","IZTECH_S016_w","2025-05-09 18:28:19",FALSE,0,33.56,16,1873,15.6083,47,0.391667,108,0.9,13.24,0.01,160,95,6e-04,0.0011,0.0015,0.0021,0.0024,0.0027,0.0032,0.0042,11.22,0.01,0,,,,,,,,,"wrist"
"IZTECH_S016","IZTECH_S016_w","2025-05-09 18:30:19",FALSE,0,33.62,16,137,1.14167,0,0,8,0.0666667,14.39,0.01,160,95,7e-04,0.0012,0.0016,0.0022,0.0026,0.0029,0.0035,0.0046,12.17,0.01,0,,,,,,,,,"wrist"
"IZTECH_S016","IZTECH_S016_w","2025-05-09 18:32:19",FALSE,0,33.69,16,78,0.65,0,0,2,0.0166667,16.8,0.01,168,95,8e-04,0.0013,0.0018,0.0026,0.003,0.0035,0.0042,0.0055,13.6,0.02,0,,,,,,,,,"wrist"
"IZTECH_S016","IZTECH_S016_w","2025-05-09 18:34:19",FALSE,0,33.69,1,733,6.10833,11,0.0916667,59,0.491667,18.56,0.01,202,141,9e-04,0.0015,0.002,0.0029,0.0033,0.0038,0.0046,0.006,15.32,0.02,0,,,,,,,,,"wrist"
"IZTECH_S016","IZTECH_S016_w","2025-05-09 18:36:19",FALSE,0,33.81,1,61,0.508333,0,0,4,0.0333333,19.65,0.01,202,143,9e-04,0.0016,0.0021,0.003,0.0035,0.0041,0.0049,0.0064,16.2,0.02,0,,,,,,,,,"wrist"
"IZTECH_S016","IZTECH_S016_w","2025-05-09 18:38:19",FALSE,0,33.88,1,980,8.16667,25,0.208333,47,0.391667,22.53,0.02,195,139,0.001,0.0018,0.0024,0.0034,0.004,0.0047,0.0057,0.0076,18.07,0.02,0,,,,,,,,,"wrist"
"IZTECH_S016","IZTECH_S016_w","2025-05-09 18:40:19",FALSE,0,34.06,1,1313,10.9417,15,0.125,63,0.525,20.23,0.01,178,99,9e-04,0.0016,0.0021,0.0031,0.0036,0.0043,0.0052,0.0068,16.13,0.02,0,,,,,,,,,"wrist"
"IZTECH_S016","IZTECH_S016_w","2025-05-09 18:42:19",FALSE,0,34.06,16,3301,27.5083,92,0.766667,169,1.40833,18.49,0.01,168,99,9e-04,0.0015,0.0019,0.0028,0.0033,0.004,0.0049,0.0065,14.49,0.02,0,,,,,,,,,"wrist"
"IZTECH_S016","IZTECH_S016_w","2025-05-09 18:44:19",FALSE,0,34.06,1,734,6.11667,10,0.0833333,52,0.433333,23.13,0.02,156,97,0.0011,0.0018,0.0024,0.0035,0.0041,0.0049,0.006,0.008,17.96,0.02,0,,,,,,,,,"wrist"
"IZTECH_S016","IZTECH_S016_w","2025-05-09 18:46:19",FALSE,0,34.12,16,1372,11.4333,38,0.316667,75,0.625,18.65,0.01,173,97,8e-04,0.0015,0.0019,0.0028,0.0033,0.0039,0.0049,0.0064,14.61,0.02,0,,,,,,,,,"wrist"
"IZTECH_S016","IZTECH_S016_w","2025-05-09 18:48:19",FALSE,0,34.06,16,6116,50.9667,189,1.575,292,2.43333,18.34,0.01,152,95,8e-04,0.0014,0.0019,0.0028,0.0033,0.0039,0.0048,0.0064,14.25,0.02,0,,,,,,,,,"wrist"
"IZTECH_S016","IZTECH_S016_w","2025-05-09 18:50:19",FALSE,0,34,1,10549,87.9083,277,2.30833,593,4.94167,47.07,0.03,156,99,0.0021,0.0036,0.0048,0.0069,0.0081,0.0094,0.0115,0.0148,39.76,0.04,0,,,,,,,,,"wrist"
"IZTECH_S016","IZTECH_S016_w","2025-05-09 18:52:19",FALSE,0,33.81,1,6581,54.8417,170,1.41667,394,3.28333,69.86,0.04,128,95,0.0031,0.0054,0.0071,0.0102,0.012,0.014,0.0171,0.0218,59.12,0.06,0,,,,,,,,,"wrist"
"IZTECH_S016","IZTECH_S016_w","2025-05-09 18:54:19",FALSE,0,33.62,1,9847,82.0583,243,2.025,550,4.58333,73.91,0.04,192,104,0.0033,0.0057,0.0076,0.0109,0.0127,0.0147,0.0178,0.0227,63.47,0.07,0,,,,,,,,,"wrist"
"IZTECH_S016","IZTECH_S016_w","2025-05-09 18:56:19",FALSE,0,33.5,1,12336,102.8,346,2.88333,625,5.20833,43.1,0.02,146,95,0.0019,0.0033,0.0045,0.0064,0.0073,0.0086,0.0105,0.0135,37.24,0.04,0,,,,,,,,,"wrist"
"IZTECH_S016","IZTECH_S016_w","2025-05-09 18:58:19",FALSE,0,33.38,1,10899,90.825,314,2.61667,554,4.61667,62.42,0.03,146,94,0.0028,0.0048,0.0064,0.0091,0.0107,0.0123,0.015,0.0192,53.38,0.05,0,,,,,,,,,"wrist"
"IZTECH_S016","IZTECH_S016_w","2025-05-09 19:00:19",FALSE,0,33.38,1,2726,22.7167,57,0.475,169,1.40833,69.09,0.03,137,94,0.0031,0.0055,0.0073,0.0103,0.0118,0.0135,0.0164,0.0208,61.33,0.06,0,,,,,,,,,"wrist"
"IZTECH_S016","IZTECH_S016_w","2025-05-09 19:02:19",FALSE,0,33.38,1,2900,24.1667,48,0.4,212,1.76667,74.42,0.04,148,93,0.0034,0.0059,0.0078,0.011,0.0126,0.0144,0.0176,0.0223,66.69,0.06,0,,,,,,,,,"wrist"
"IZTECH_S016","IZTECH_S016_w","2025-05-09 19:04:19",FALSE,0,33.38,1,2920,24.3333,72,0.6,160,1.33333,58.96,0.03,130,93,0.0026,0.0046,0.0062,0.0088,0.01,0.0115,0.014,0.0178,52.36,0.05,0,,,,,,,,,"wrist"
"IZTECH_S016","IZTECH_S016_w","2025-05-09 19:06:19",FALSE,0,33.38,1,7187,59.8917,215,1.79167,329,2.74167,61.43,0.03,163,113,0.0028,0.0048,0.0064,0.009,0.0105,0.0119,0.0146,0.0186,54.07,0.05,0,,,,,,,,,"wrist"
"IZTECH_S016","IZTECH_S016_w","2025-05-09 19:08:19",FALSE,0,33.38,1,2260,18.8333,39,0.325,125,1.04167,45.4,0.02,141,96,0.002,0.0036,0.0048,0.0068,0.0076,0.0088,0.0109,0.014,40.98,0.04,0,,,,,,,,,"wrist"
"IZTECH_S016","IZTECH_S016_w","2025-05-09 19:10:19",FALSE,0,33.44,1,7021,58.5083,190,1.58333,355,2.95833,38.19,0.02,128,93,0.0017,0.0031,0.0041,0.0057,0.0064,0.0074,0.0092,0.0118,34.62,0.03,0,,,,,,,,,"wrist"
"IZTECH_S016","IZTECH_S016_w","2025-05-09 19:12:19",FALSE,0,33.44,1,3575,29.7917,96,0.8,211,1.75833,56.2,0.03,180,95,0.0025,0.0045,0.006,0.0084,0.0095,0.0107,0.0132,0.0168,51.38,0.05,0,,,,,,,,,"wrist"
"IZTECH_S016","IZTECH_S016_w","2025-05-09 19:14:19",FALSE,0,33.38,1,7065,58.875,176,1.46667,316,2.63333,27.56,0.01,158,99,0.0011,0.0021,0.0027,0.004,0.0046,0.0055,0.0066,0.0079,23.75,0.02,0,,,,,,,,,"wrist"
"IZTECH_S016","IZTECH_S016_w","2025-05-09 19:16:19",FALSE,0,33.31,16,6076,50.6333,131,1.09167,410,3.41667,16.55,0.01,161,95,5e-04,0.0011,0.0014,0.0022,0.0028,0.0035,0.004,0.0043,11.91,0.01,0,,,,,,,,,"wrist"
"IZTECH_S016","IZTECH_S016_w","2025-05-09 19:18:19",FALSE,0,33.56,16,2976,24.8,46,0.383333,191,1.59167,11.44,0,147,95,3e-04,7e-04,9e-04,0.0015,0.0019,0.0025,0.0028,0.0028,7.98,0.01,0,,,,,,,,,"wrist"
"IZTECH_S016","IZTECH_S016_w","2025-05-09 19:20:19",FALSE,0,33.69,8,1114,9.28333,24,0.2,60,0.5,21.25,0.01,162,97,7e-04,0.0014,0.0018,0.0028,0.0036,0.0044,0.0051,0.0055,15.89,0.02,0,,,,,,,,,"wrist"
"IZTECH_S016","IZTECH_S016_w","2025-05-09 19:22:19",FALSE,0,33.75,16,411,3.425,9,0.075,24,0.2,19.68,0.01,170,97,6e-04,0.0013,0.0017,0.0026,0.0033,0.0041,0.0047,0.005,14.66,0.02,0,,,,,,,,,"wrist"
"IZTECH_S016","IZTECH_S016_w","2025-05-09 19:24:19",FALSE,0,33.88,1,836,6.96667,22,0.183333,45,0.375,18.94,0.01,153,95,6e-04,0.0012,0.0016,0.0025,0.0032,0.004,0.0045,0.0047,14.03,0.01,0,,,,,,,,,"wrist"
"IZTECH_S016","IZTECH_S016_w","2025-05-09 19:26:19",FALSE,0,34,1,219,1.825,2,0.0166667,13,0.108333,18.12,0.01,160,95,5e-04,0.0012,0.0015,0.0024,0.003,0.0038,0.0043,0.0044,13.37,0.01,0,,,,,,,,,"wrist"
"IZTECH_S016","IZTECH_S016_w","2025-05-09 19:28:19",FALSE,0,34,16,1333,11.1083,24,0.2,79,0.658333,18.62,0.01,154,93,5e-04,0.0012,0.0015,0.0024,0.0031,0.0039,0.0043,0.0043,13.72,0.01,0,,,,,,,,,"wrist"
"IZTECH_S016","IZTECH_S016_w","2025-05-09 19:30:19",FALSE,0,34.06,16,3191,26.5917,92,0.766667,146,1.21667,11.78,0,175,95,3e-04,7e-04,9e-04,0.0015,0.0019,0.0025,0.0027,0.0026,8.48,0.01,0,,,,,,,,,"wrist"
"IZTECH_S016","IZTECH_S016_w","2025-05-09 19:32:19",FALSE,0,34,16,7530,62.75,199,1.65833,354,2.95,11.46,0,177,104,3e-04,7e-04,9e-04,0.0015,0.0019,0.0024,0.0027,0.0026,8.35,0.01,0,,,,,,,,,"wrist"
"IZTECH_S016","IZTECH_S016_w","2025-05-09 19:34:19",FALSE,0,34,16,5742,47.85,179,1.49167,234,1.95,13.52,0,132,93,3e-04,8e-04,0.001,0.0017,0.0022,0.0029,0.0031,0.0028,9.61,0.01,0,,,,,,,,,"wrist"
"IZTECH_S016","IZTECH_S016_w","2025-05-09 19:36:19",FALSE,0,33.88,16,8827,73.5583,231,1.925,430,3.58333,13.38,0,182,114,3e-04,8e-04,0.0011,0.0017,0.0022,0.0028,0.0031,0.0029,9.81,0.01,0,,,,,,,,,"wrist"
"IZTECH_S016","IZTECH_S016_w","2025-05-09 19:38:19",FALSE,0,33.81,1,4521,37.675,132,1.1,210,1.75,14.19,0,177,94,4e-04,9e-04,0.0012,0.0018,0.0023,0.0029,0.0033,0.0032,10.51,0.01,0,,,,,,,,,"wrist"
"IZTECH_S016","IZTECH_S016_w","2025-05-09 19:40:19",FALSE,0,33.81,16,7832,65.2667,224,1.86667,408,3.4,11.02,0,174,99,2e-04,6e-04,8e-04,0.0013,0.0018,0.0023,0.0025,0.0022,7.81,0.01,0,,,,,,,,,"wrist"
"IZTECH_S016","IZTECH_S016_w","2025-05-09 19:42:19",FALSE,0,33.81,16,6969,58.075,227,1.89167,351,2.925,11.88,0,158,93,2e-04,7e-04,9e-04,0.0014,0.0019,0.0025,0.0027,0.0023,8.35,0.01,0,,,,,,,,,"wrist"
"IZTECH_S016","IZTECH_S016_w","2025-05-09 19:44:19",FALSE,0,33.75,16,2762,23.0167,81,0.675,138,1.15,13.49,0,140,94,3e-04,7e-04,9e-04,0.0016,0.0022,0.0029,0.003,0.0024,9.26,0.01,0,,,,,,,,,"wrist"
"IZTECH_S016","IZTECH_S016_w","2025-05-09 19:46:19",FALSE,0,33.75,1,8375,69.7917,268,2.23333,397,3.30833,10.98,0,140,94,2e-04,6e-04,9e-04,0.0014,0.0018,0.0023,0.0026,0.0022,8.11,0.01,0,,,,,,,,,"wrist"
"IZTECH_S016","IZTECH_S016_w","2025-05-09 19:48:19",FALSE,0,33.56,1,7993,66.6083,222,1.85,404,3.36667,6.87,0,220,171,1e-04,4e-04,5e-04,8e-04,0.0011,0.0015,0.0016,0.0015,4.69,0,0,,,,,,,,,"wrist"
"IZTECH_S016","IZTECH_S016_w","2025-05-09 19:50:19",FALSE,0,33.69,16,6132,51.1,186,1.55,313,2.60833,11.04,0,141,93,2e-04,6e-04,8e-04,0.0013,0.0018,0.0023,0.0024,0.0019,7.56,0.01,0,,,,,,,,,"wrist"
"IZTECH_S016","IZTECH_S016_w","2025-05-09 19:52:19",FALSE,0,33.62,1,9065,75.5417,235,1.95833,467,3.89167,11.47,0,166,94,2e-04,6e-04,8e-04,0.0013,0.0018,0.0024,0.0025,0.0019,7.76,0.01,0,,,,,,,,,"wrist"
"IZTECH_S016","IZTECH_S016_w","2025-05-09 19:54:19",FALSE,0,33.56,1,11093,92.4417,330,2.75,634,5.28333,12.17,0,136,118,1e-04,6e-04,8e-04,0.0014,0.0019,0.0026,0.0026,0.0017,8.21,0.01,0,,,,,,,,,"wrist"
"IZTECH_S016","IZTECH_S016_w","2025-05-09 19:56:19",FALSE,0,33.5,1,11564,96.3667,383,3.19167,614,5.11667,9.16,0,150,94,1e-04,4e-04,5e-04,0.001,0.0015,0.002,0.002,0.0013,5.57,0,0,,,,,,,,,"wrist"
"IZTECH_S016","IZTECH_S016_w","2025-05-09 19:58:19",FALSE,0,33.31,1,11837,98.6417,386,3.21667,573,4.775,9,0,136,121,1e-04,4e-04,6e-04,0.001,0.0014,0.0019,0.0019,0.0013,5.98,0,0,,,,,,,,,"wrist"
"IZTECH_S016","IZTECH_S016_w","2025-05-09 20:00:19",FALSE,0,33.12,1,10205,85.0417,299,2.49167,552,4.6,5.35,0,157,137,0,2e-04,3e-04,6e-04,9e-04,0.0012,0.0012,8e-04,3.23,0,0,,,,,,,,,"wrist"
"IZTECH_S016","IZTECH_S016_w","2025-05-09 20:02:19",FALSE,0,33.06,1,10355,86.2917,268,2.23333,550,4.58333,5.85,0,169,94,0,2e-04,3e-04,6e-04,9e-04,0.0013,0.0013,9e-04,3.46,0,0,,,,,,,,,"wrist"
"IZTECH_S016","IZTECH_S016_w","2025-05-09 20:04:19",FALSE,0,32.88,1,15134,126.117,461,3.84167,663,5.525,8.31,0,208,154,1e-04,4e-04,5e-04,9e-04,0.0013,0.0018,0.0018,0.0011,5.18,0,0,,,,,,,,,"wrist"
"IZTECH_S016","IZTECH_S016_w","2025-05-09 20:06:19",FALSE,0,32.56,1,15054,125.45,492,4.1,582,4.85,9.06,0,212,158,1e-04,5e-04,6e-04,0.001,0.0015,0.0019,0.002,0.0014,6.19,0,0,,,,,,,,,"wrist"
"IZTECH_S016","IZTECH_S016_w","2025-05-09 20:08:19",FALSE,0,32.75,1,10471,87.2583,323,2.69167,464,3.86667,5.72,0,182,116,1e-04,2e-04,3e-04,6e-04,9e-04,0.0013,0.0013,9e-04,3.48,0,0,,,,,,,,,"wrist"
"IZTECH_S016","IZTECH_S016_w","2025-05-09 20:10:19",FALSE,0,32.62,4,15032,125.267,525,4.375,679,5.65833,10.84,0,169,96,1e-04,5e-04,6e-04,0.0011,0.0017,0.0024,0.0024,0.0015,6.56,0,0,,,,,,,,,"wrist"
"IZTECH_S016","IZTECH_S016_w","2025-05-09 20:12:19",FALSE,0,32.75,8,9564,79.7,241,2.00833,524,4.36667,5.95,0,166,94,1e-04,2e-04,3e-04,6e-04,0.001,0.0013,0.0014,9e-04,3.37,0,0,,,,,,,,,"wrist"
"IZTECH_S016","IZTECH_S016_w","2025-05-09 20:14:19",FALSE,0,32.81,8,5503,45.8583,140,1.16667,261,2.175,12.59,0,178,96,1e-04,6e-04,7e-04,0.0013,0.002,0.0027,0.0027,0.0017,7.9,0.01,0,,,,,,,,,"wrist"
"IZTECH_S016","IZTECH_S016_w","2025-05-09 20:16:19",FALSE,0,32.81,8,2963,24.6917,3,0.025,174,1.45,12.67,0,176,94,1e-04,6e-04,7e-04,0.0013,0.002,0.0027,0.0027,0.0017,8,0.01,0,,,,,,,,,"wrist"
"IZTECH_S016","IZTECH_S016_w","2025-05-09 20:18:19",FALSE,0,32.44,4,14666,122.217,412,3.43333,678,5.65,16.54,0,154,94,2e-04,8e-04,0.001,0.0018,0.0026,0.0035,0.0035,0.0021,11.13,0.01,0,,,,,,,,,"wrist"
"IZTECH_S016","IZTECH_S016_w","2025-05-09 20:20:19",FALSE,0,32.31,4,12084,100.7,329,2.74167,577,4.80833,22.6,0,150,92,4e-04,8e-04,0.001,0.0022,0.0034,0.0052,0.0068,0.0054,11.27,0.01,0,,,,,,,,,"wrist"
"IZTECH_S016","IZTECH_S016_w","2025-05-09 20:22:19",FALSE,0,32.06,1,11129,92.7417,280,2.33333,598,4.98333,23.7,0,157,94,4e-04,7e-04,9e-04,0.0021,0.0036,0.0056,0.0076,0.0063,10.1,0.01,0,,,,,,,,,"wrist"
"IZTECH_S016","IZTECH_S016_w","2025-05-09 20:24:19",FALSE,0,31.81,1,7756,64.6333,147,1.225,457,3.80833,2.91,0,144,100,0,1e-04,2e-04,3e-04,5e-04,7e-04,7e-04,4e-04,1.57,0,0,,,,,,,,,"wrist"
"IZTECH_S016","IZTECH_S016_w","2025-05-09 20:26:19",FALSE,0,32.19,1,12022,100.183,333,2.775,611,5.09167,9.59,0,164,94,1e-04,3e-04,4e-04,9e-04,0.0015,0.0022,0.0028,0.0023,4.34,0,0,,,,,,,,,"wrist"
"IZTECH_S016","IZTECH_S016_w","2025-05-09 20:28:19",FALSE,0,32.38,1,13539,112.825,303,2.525,782,6.51667,11.51,0,151,92,1e-04,3e-04,4e-04,9e-04,0.0018,0.0028,0.0035,0.0027,4.65,0.01,0,,,,,,,,,"wrist"
"IZTECH_S016","IZTECH_S016_w","2025-05-09 20:30:19",FALSE,0,32.5,1,17544,146.2,488,4.06667,891,7.425,3.75,0,152,94,0,1e-04,2e-04,4e-04,6e-04,9e-04,9e-04,5e-04,1.89,0,0,,,,,,,,,"wrist"
"IZTECH_S016","IZTECH_S016_w","2025-05-09 20:32:19",FALSE,0,32.56,1,4848,40.4,115,0.958333,279,2.325,7.13,0,129,91,0,4e-04,4e-04,8e-04,0.0012,0.0014,0.0016,8e-04,4.62,0,0,,,,,,,,,"wrist"
"IZTECH_S016","IZTECH_S016_w","2025-05-09 20:34:19",FALSE,0,32.75,8,4077,33.975,108,0.9,323,2.69167,6.62,0,140,91,0,3e-04,3e-04,7e-04,0.0011,0.0014,0.0014,9e-04,3.83,0,0,,,,,,,,,"wrist"
"IZTECH_S016","IZTECH_S016_w","2025-05-09 20:36:19",FALSE,0,32.88,8,4579,38.1583,87,0.725,345,2.875,7.51,0,161,92,1e-04,3e-04,4e-04,9e-04,0.0012,0.0015,0.0018,9e-04,4.4,0,0,,,,,,,,,"wrist"
"IZTECH_S016","IZTECH_S016_w","2025-05-09 20:38:19",FALSE,0,32.94,8,3221,26.8417,50,0.416667,195,1.625,7.36,0,179,98,1e-04,3e-04,4e-04,8e-04,0.0012,0.0015,0.0016,9e-04,4.34,0,0,,,,,,,,,"wrist"
"IZTECH_S016","IZTECH_S016_w","2025-05-09 20:40:19",FALSE,0,33.19,1,5784,48.2,146,1.21667,299,2.49167,4.94,0,208,145,0,2e-04,2e-04,6e-04,8e-04,0.001,0.0011,7e-04,2.69,0,0,,,,,,,,,"wrist"
"IZTECH_S016","IZTECH_S016_w","2025-05-09 20:42:19",FALSE,0,33.69,8,176,1.46667,1,0.00833333,9,0.075,7.56,0,165,95,1e-04,6e-04,4e-04,0.001,0.0013,0.0012,0.0015,8e-04,5.89,0,0,,,,,,,,,"wrist"
"IZTECH_S016","IZTECH_S016_w","2025-05-09 20:44:19",FALSE,0,33.75,16,4837,40.3083,103,0.858333,300,2.5,7.01,0,157,93,1e-04,4e-04,4e-04,8e-04,0.0011,0.0014,0.0015,9e-04,4.55,0,0,,,,,,,,,"wrist"
"IZTECH_S016","IZTECH_S016_w","2025-05-09 20:46:19",FALSE,0,33.69,16,1307,10.8917,3,0.025,103,0.858333,10.12,0,164,93,1e-04,4e-04,5e-04,0.0011,0.0016,0.0021,0.0022,0.0013,6.09,0,0,,,,,,,,,"wrist"
"IZTECH_S016","IZTECH_S016_w","2025-05-09 20:48:19",FALSE,0,33.69,16,1329,11.075,1,0.00833333,113,0.941667,9.9,0,169,93,1e-04,4e-04,5e-04,0.001,0.0016,0.0021,0.0021,0.0013,5.97,0,0,,,,,,,,,"wrist"
"IZTECH_S016","IZTECH_S016_w","2025-05-09 20:50:19",FALSE,0,33.62,16,1437,11.975,2,0.0166667,133,1.10833,10.43,0,172,93,1e-04,4e-04,5e-04,0.0011,0.0017,0.0022,0.0022,0.0013,6.25,0,0,,,,,,,,,"wrist"
"IZTECH_S016","IZTECH_S016_w","2025-05-09 20:52:19",FALSE,0,33.56,16,1301,10.8417,5,0.0416667,113,0.941667,10.16,0,171,94,1e-04,4e-04,5e-04,0.0011,0.0016,0.0021,0.0022,0.0013,6.09,0,0,,,,,,,,,"wrist"
"IZTECH_S016","IZTECH_S016_w","2025-05-09 20:54:19",FALSE,0,33.69,1,5576,46.4667,137,1.14167,301,2.50833,6.53,0,174,94,1e-04,3e-04,3e-04,8e-04,0.0011,0.0012,0.0014,8e-04,4.05,0,0,,,,,,,,,"wrist"
"IZTECH_S016","IZTECH_S016_w","2025-05-09 20:56:19",FALSE,0,33.62,16,2040,17,16,0.133333,179,1.49167,9.99,0,161,94,1e-04,4e-04,5e-04,0.0011,0.0016,0.0021,0.0021,0.0013,6.01,0,0,,,,,,,,,"wrist"
"IZTECH_S016","IZTECH_S016_w","2025-05-09 20:58:19",FALSE,0,33.56,16,1629,13.575,1,0.00833333,154,1.28333,10.05,0,162,93,1e-04,4e-04,5e-04,0.0011,0.0016,0.0021,0.0022,0.0013,6.06,0,0,,,,,,,,,"wrist"
"IZTECH_S016","IZTECH_S016_w","2025-05-09 21:00:19",FALSE,0,33.56,16,1948,16.2333,17,0.141667,174,1.45,9.84,0,164,93,1e-04,4e-04,5e-04,0.001,0.0016,0.0021,0.0021,0.0013,5.96,0,0,,,,,,,,,"wrist"
"IZTECH_S016","IZTECH_S016_w","2025-05-09 21:02:19",FALSE,0,33.62,16,2425,20.2083,40,0.333333,159,1.325,7.83,0,174,92,1e-04,4e-04,4e-04,9e-04,0.0013,0.0015,0.0017,0.001,4.77,0,0,,,,,,,,,"wrist"
"IZTECH_S016","IZTECH_S016_w","2025-05-09 21:04:19",FALSE,0,33.62,16,1065,8.875,0,0,86,0.716667,10.09,0,165,93,1e-04,4e-04,5e-04,0.0011,0.0016,0.0021,0.0022,0.0013,6.19,0,0,,,,,,,,,"wrist"
"IZTECH_S016","IZTECH_S016_w","2025-05-09 21:06:19",FALSE,0,33.56,16,1664,13.8667,4,0.0333333,156,1.3,10.24,0,168,93,1e-04,4e-04,5e-04,0.0011,0.0016,0.0022,0.0022,0.0013,6.22,0,0,,,,,,,,,"wrist"
"IZTECH_S016","IZTECH_S016_w","2025-05-09 21:08:19",FALSE,0,33.56,16,1442,12.0167,17,0.141667,108,0.9,10.11,0,164,92,1e-04,4e-04,5e-04,0.0011,0.0016,0.0021,0.0022,0.0013,6.21,0,0,,,,,,,,,"wrist"
"IZTECH_S016","IZTECH_S016_w","2025-05-09 21:10:19",FALSE,0,33.56,16,2527,21.0583,24,0.2,227,1.89167,10.15,0,172,93,1e-04,4e-04,5e-04,0.0011,0.0016,0.0021,0.0022,0.0013,6.04,0,0,,,,,,,,,"wrist"
"IZTECH_S016","IZTECH_S016_w","2025-05-09 21:12:19",FALSE,0,33.56,1,3309,27.575,51,0.425,225,1.875,7.38,0,185,95,0,4e-04,4e-04,9e-04,0.0012,0.0013,0.0015,9e-04,4.99,0,0,,,,,,,,,"wrist"
"IZTECH_S016","IZTECH_S016_w","2025-05-09 21:14:19",FALSE,0,33.62,16,2576,21.4667,56,0.466667,165,1.375,9.66,0,172,94,1e-04,5e-04,5e-04,0.0011,0.0016,0.0018,0.002,0.0011,6.32,0,0,,,,,,,,,"wrist"
"IZTECH_S016","IZTECH_S016_w","2025-05-09 21:16:19",FALSE,0,33.5,16,1567,13.0583,7,0.0583333,140,1.16667,10.2,0,171,93,1e-04,4e-04,5e-04,0.0011,0.0016,0.0022,0.0022,0.0013,6.09,0,0,,,,,,,,,"wrist"
"IZTECH_S016","IZTECH_S016_w","2025-05-09 21:18:19",FALSE,0,33.38,16,2339,19.4917,15,0.125,193,1.60833,9.69,0,192,105,1e-04,4e-04,5e-04,0.0011,0.0016,0.002,0.0021,0.0012,6.05,0,0,,,,,,,,,"wrist"
"IZTECH_S016","IZTECH_S016_w","2025-05-09 21:20:19",FALSE,0,33.44,1,2513,20.9417,21,0.175,156,1.3,7.09,0,176,95,1e-04,4e-04,4e-04,9e-04,0.0012,0.0012,0.0015,8e-04,4.78,0,0,,,,,,,,,"wrist"
"IZTECH_S016","IZTECH_S016_w","2025-05-09 21:22:19",FALSE,0,33.56,16,7851,65.425,208,1.73333,481,4.00833,8.57,0,171,93,1e-04,4e-04,4e-04,0.001,0.0014,0.0017,0.0018,0.0011,5.43,0,0,,,,,,,,,"wrist"
"IZTECH_S016","IZTECH_S016_w","2025-05-09 21:24:19",FALSE,0,33.56,16,1561,13.0083,14,0.116667,133,1.10833,12.83,0,193,96,1e-04,6e-04,7e-04,0.0013,0.002,0.0027,0.0028,0.0016,7.93,0.01,0,,,,,,,,,"wrist"
"IZTECH_S016","IZTECH_S016_w","2025-05-09 21:26:19",FALSE,0,33.38,16,1919,15.9917,17,0.141667,163,1.35833,12.66,0,183,97,1e-04,6e-04,7e-04,0.0013,0.002,0.0027,0.0027,0.0016,7.73,0.01,0,,,,,,,,,"wrist"
"IZTECH_S016","IZTECH_S016_w","2025-05-09 21:28:19",FALSE,0,33.38,16,1292,10.7667,15,0.125,90,0.75,13.1,0,192,99,1e-04,6e-04,7e-04,0.0014,0.0021,0.0028,0.0028,0.0017,8.12,0.01,0,,,,,,,,,"wrist"
"IZTECH_S016","IZTECH_S016_w","2025-05-09 21:30:19",FALSE,0,33.38,16,3298,27.4833,42,0.35,262,2.18333,11.14,0,156,120,1e-04,5e-04,6e-04,0.0012,0.0018,0.0023,0.0024,0.0014,6.81,0,0,,,,,,,,,"wrist"
"IZTECH_S016","IZTECH_S016_w","2025-05-09 21:32:19",FALSE,0,33.38,16,2233,18.6083,13,0.108333,213,1.775,12.87,0,192,107,1e-04,6e-04,7e-04,0.0013,0.002,0.0027,0.0028,0.0016,7.83,0.01,0,,,,,,,,,"wrist"
"IZTECH_S016","IZTECH_S016_w","2025-05-09 21:34:19",FALSE,0,33.31,16,994,8.28333,7,0.0583333,95,0.791667,12.29,0,177,98,1e-04,6e-04,7e-04,0.0013,0.002,0.0026,0.0026,0.0016,7.56,0.01,0,,,,,,,,,"wrist"
"IZTECH_S016","IZTECH_S016_w","2025-05-09 21:36:19",FALSE,0,33.31,8,3750,31.25,64,0.533333,235,1.95833,9.66,0,200,110,1e-04,8e-04,6e-04,0.0012,0.0015,0.0018,0.0021,0.0014,7.87,0,0,,,,,,,,,"wrist"
"IZTECH_S016","IZTECH_S016_w","2025-05-09 21:38:19",FALSE,0,33.38,8,3922,32.6833,73,0.608333,245,2.04167,9.53,0,147,117,1e-04,7e-04,5e-04,0.001,0.0016,0.0018,0.0023,0.0013,6.48,0,0,,,,,,,,,"wrist"
"IZTECH_S016","IZTECH_S016_w","2025-05-09 21:40:19",FALSE,0,33.31,8,1080,9,11,0.0916667,62,0.516667,4.27,0,199,118,0,3e-04,3e-04,5e-04,7e-04,9e-04,0.0011,6e-04,2.77,0,0,,,,,,,,,"wrist"
"IZTECH_S016","IZTECH_S016_w","2025-05-09 21:42:19",FALSE,0,33.38,8,1631,13.5917,26,0.216667,109,0.908333,6.77,0,128,107,1e-04,4e-04,4e-04,7e-04,0.0011,0.0014,0.0018,0.001,4.27,0,0,,,,,,,,,"wrist"
"IZTECH_S016","IZTECH_S016_w","2025-05-09 21:44:19",FALSE,0,33.06,8,716,5.96667,5,0.0416667,61,0.508333,5.48,0,198,139,0,3e-04,3e-04,6e-04,9e-04,0.0012,0.0013,8e-04,3.36,0,0,,,,,,,,,"wrist"
"IZTECH_S016","IZTECH_S016_w","2025-05-09 21:46:19",FALSE,0,33.38,8,1205,10.0417,5,0.0416667,80,0.666667,7.54,0,200,128,1e-04,4e-04,4e-04,8e-04,0.0012,0.0015,0.0019,0.0012,4.85,0,0,,,,,,,,,"wrist"
"IZTECH_S016","IZTECH_S016_w","2025-05-09 21:48:19",FALSE,0,33.19,8,1276,10.6333,10,0.0833333,89,0.741667,5.3,0,216,164,1e-04,3e-04,3e-04,5e-04,9e-04,0.0011,0.0013,8e-04,3.09,0,0,,,,,,,,,"wrist"
"IZTECH_S016","IZTECH_S016_w","2025-05-09 21:50:19",FALSE,0,33.38,8,2100,17.5,30,0.25,143,1.19167,7.56,0,192,128,1e-04,4e-04,4e-04,9e-04,0.0012,0.0015,0.0017,0.0011,5,0,0,,,,,,,,,"wrist"
"IZTECH_S016","IZTECH_S016_w","2025-05-09 21:52:19",FALSE,0,33.5,8,3490,29.0833,89,0.741667,238,1.98333,7.37,0,167,118,1e-04,4e-04,4e-04,8e-04,0.0012,0.0015,0.0017,0.001,4.71,0,0,,,,,,,,,"wrist"
"IZTECH_S016","IZTECH_S016_w","2025-05-09 21:54:19",FALSE,0,33.44,8,2477,20.6417,45,0.375,160,1.33333,7.51,0,202,131,1e-04,3e-04,4e-04,8e-04,0.0012,0.0016,0.0018,0.001,4.32,0,0,,,,,,,,,"wrist"
"IZTECH_S016","IZTECH_S016_w","2025-05-09 21:56:19",FALSE,0,33.56,8,2475,20.625,66,0.55,131,1.09167,7.87,0,193,143,1e-04,4e-04,4e-04,8e-04,0.0013,0.0017,0.0018,0.0011,4.68,0,0,,,,,,,,,"wrist"
"IZTECH_S016","IZTECH_S016_w","2025-05-09 21:58:19",FALSE,0,33.62,8,1066,8.88333,13,0.108333,61,0.508333,4.53,0,172,119,0,2e-04,2e-04,5e-04,7e-04,0.001,0.0011,7e-04,2.43,0,0,,,,,,,,,"wrist"
"IZTECH_S016","IZTECH_S016_w","2025-05-09 22:00:19",FALSE,0,33.44,8,1015,8.45833,18,0.15,55,0.458333,6.24,0,196,137,1e-04,3e-04,3e-04,7e-04,0.001,0.0013,0.0015,9e-04,3.63,0,0,,,,,,,,,"wrist"
"IZTECH_S016","IZTECH_S016_w","2025-05-09 22:02:19",FALSE,0,33.44,8,974,8.11667,13,0.108333,45,0.375,6.42,0,177,150,1e-04,4e-04,3e-04,7e-04,0.001,0.0013,0.0015,0.001,3.98,0,0,,,,,,,,,"wrist"
"IZTECH_S016","IZTECH_S016_w","2025-05-09 22:04:19",FALSE,0,33.56,8,1005,8.375,17,0.141667,56,0.466667,7.81,0,166,131,1e-04,5e-04,4e-04,9e-04,0.0013,0.0016,0.0019,0.0012,5.3,0,0,,,,,,,,,"wrist"
"IZTECH_S016","IZTECH_S016_w","2025-05-09 22:06:19",FALSE,0,33.69,8,2217,18.475,43,0.358333,129,1.075,5.85,0,200,134,0,3e-04,3e-04,6e-04,9e-04,0.0012,0.0014,9e-04,3.67,0,0,,,,,,,,,"wrist"
"IZTECH_S016","IZTECH_S016_w","2025-05-09 22:08:19",FALSE,0,33.38,8,875,7.29167,8,0.0666667,85,0.708333,5.1,0,194,145,0,2e-04,3e-04,5e-04,8e-04,0.0011,0.0013,8e-04,2.8,0,0,,,,,,,,,"wrist"
"IZTECH_S016","IZTECH_S016_w","2025-05-09 22:10:19",FALSE,0,33.62,8,2642,22.0167,64,0.533333,171,1.425,6.54,0,197,131,1e-04,3e-04,3e-04,7e-04,0.001,0.0014,0.0016,0.001,3.93,0,0,,,,,,,,,"wrist"
"IZTECH_S016","IZTECH_S016_w","2025-05-09 22:12:19",FALSE,0,33.56,8,1670,13.9167,24,0.2,116,0.966667,6.12,0,178,99,0,3e-04,3e-04,7e-04,0.001,0.0012,0.0013,8e-04,3.91,0,0,,,,,,,,,"wrist"
"IZTECH_S016","IZTECH_S016_w","2025-05-09 22:14:19",FALSE,0,33.5,8,5942,49.5167,145,1.20833,385,3.20833,4.84,0,216,159,0,2e-04,3e-04,5e-04,8e-04,0.001,0.0011,6e-04,2.86,0,0,,,,,,,,,"wrist"
"IZTECH_S016","IZTECH_S016_w","2025-05-09 22:16:19",FALSE,0,33.62,16,3264,27.2,71,0.591667,241,2.00833,4.19,0,148,111,0,2e-04,2e-04,4e-04,7e-04,9e-04,0.001,6e-04,2.38,0,0,,,,,,,,,"wrist"
"IZTECH_S016","IZTECH_S016_w","2025-05-09 22:18:19",FALSE,0,33.69,8,2719,22.6583,46,0.383333,157,1.30833,6.21,0,171,139,1e-04,3e-04,3e-04,7e-04,0.001,0.0013,0.0016,9e-04,3.59,0,0,,,,,,,,,"wrist"
"IZTECH_S016","IZTECH_S016_w","2025-05-09 22:20:19",FALSE,0,33.69,8,1403,11.6917,29,0.241667,93,0.775,7.5,0,203,159,1e-04,5e-04,4e-04,8e-04,0.0012,0.0015,0.0018,0.0011,4.93,0,0,,,,,,,,,"wrist"
"IZTECH_S016","IZTECH_S016_w","2025-05-09 22:22:19",FALSE,0,33.88,1,556,4.63333,10,0.0833333,37,0.308333,3.27,0,147,129,0,1e-04,2e-04,3e-04,5e-04,7e-04,9e-04,6e-04,1.67,0,0,,,,,,,,,"wrist"
"IZTECH_S016","IZTECH_S016_w","2025-05-09 22:24:19",FALSE,0,33.88,8,1730,14.4167,30,0.25,138,1.15,7.81,0,197,121,1e-04,4e-04,4e-04,9e-04,0.0013,0.0015,0.0017,0.0011,5,0,0,,,,,,,,,"wrist"
"IZTECH_S016","IZTECH_S016_w","2025-05-09 22:26:19",FALSE,0,34,1,5449,45.4083,111,0.925,316,2.63333,5.82,0,134,129,1e-04,3e-04,3e-04,6e-04,9e-04,0.0012,0.0014,8e-04,3.58,0,0,,,,,,,,,"wrist"
"IZTECH_S016","IZTECH_S016_w","2025-05-09 22:28:19",FALSE,0,33.88,1,2278,18.9833,43,0.358333,166,1.38333,3.55,0,170,136,0,2e-04,2e-04,4e-04,6e-04,7e-04,8e-04,5e-04,2,0,0,,,,,,,,,"wrist"
"IZTECH_S016","IZTECH_S016_w","2025-05-09 22:30:19",FALSE,0,33.88,1,623,5.19167,10,0.0833333,47,0.391667,5.26,0,174,105,0,2e-04,2e-04,6e-04,9e-04,0.001,0.0012,8e-04,3.08,0,0,,,,,,,,,"wrist"
"IZTECH_S016","IZTECH_S016_w","2025-05-09 22:32:19",FALSE,0,33.88,8,1043,8.69167,18,0.15,78,0.65,7.32,0,166,99,1e-04,4e-04,4e-04,8e-04,0.0012,0.0015,0.0018,0.0011,4.4,0,0,,,,,,,,,"wrist"
"IZTECH_S016","IZTECH_S016_w","2025-05-09 22:34:19",FALSE,0,33.75,8,1306,10.8833,27,0.225,74,0.616667,5.92,0,194,111,0,3e-04,3e-04,6e-04,0.001,0.0013,0.0015,9e-04,3.2,0,0,,,,,,,,,"wrist"
"IZTECH_S016","IZTECH_S016_w","2025-05-09 22:36:19",FALSE,0,33.75,8,2026,16.8833,36,0.3,157,1.30833,7.94,0,159,128,1e-04,4e-04,4e-04,9e-04,0.0013,0.0016,0.0021,0.0011,4.69,0,0,,,,,,,,,"wrist"
"IZTECH_S016","IZTECH_S016_w","2025-05-09 22:38:19",FALSE,0,33.81,1,436,3.63333,8,0.0666667,34,0.283333,5.95,0,185,128,0,3e-04,3e-04,6e-04,9e-04,0.0013,0.0015,9e-04,3.44,0,0,,,,,,,,,"wrist"
"IZTECH_S016","IZTECH_S016_w","2025-05-09 22:40:19",FALSE,0,33.75,8,894,7.45,14,0.116667,47,0.391667,5.1,0,194,123,0,2e-04,3e-04,5e-04,8e-04,0.0011,0.0012,8e-04,2.78,0,0,,,,,,,,,"wrist"
"IZTECH_S016","IZTECH_S016_w","2025-05-09 22:42:19",FALSE,0,33.81,8,1819,15.1583,37,0.308333,112,0.933333,5.51,0,197,115,1e-04,3e-04,3e-04,6e-04,9e-04,0.0012,0.0014,8e-04,3.48,0,0,,,,,,,,,"wrist"
"IZTECH_S016","IZTECH_S016_w","2025-05-09 22:44:19",FALSE,0,33.88,8,1521,12.675,29,0.241667,93,0.775,5.44,0,160,97,0,3e-04,3e-04,6e-04,9e-04,0.0011,0.0013,7e-04,3.45,0,0,,,,,,,,,"wrist"
"IZTECH_S016","IZTECH_S016_w","2025-05-09 22:46:19",FALSE,0,33.81,1,2326,19.3833,31,0.258333,166,1.38333,3.11,0,159,99,0,1e-04,2e-04,3e-04,5e-04,7e-04,8e-04,5e-04,1.64,0,0,,,,,,,,,"wrist"
"IZTECH_S016","IZTECH_S016_w","2025-05-09 22:48:19",FALSE,0,33.69,1,11515,95.9583,321,2.675,592,4.93333,5.39,0.01,210,155,2e-04,4e-04,4e-04,8e-04,0.001,0.0015,0.0018,0.002,2.68,0.01,0,,,,,,,,,"wrist"
"IZTECH_S016","IZTECH_S016_w","2025-05-09 22:50:19",FALSE,0,33.38,1,8709,72.575,150,1.25,574,4.78333,16.23,0.01,165,145,5e-04,8e-04,0.001,0.0018,0.0027,0.0043,0.0059,0.0059,6.55,0.02,0,,,,,,,,,"wrist"
"IZTECH_S016","IZTECH_S016_w","2025-05-09 22:52:19",FALSE,0,33.19,1,12249,102.075,300,2.5,634,5.28333,4.55,0,146,119,0,2e-04,2e-04,5e-04,7e-04,0.001,0.0012,8e-04,2.49,0,0,,,,,,,,,"wrist"
"IZTECH_S016","IZTECH_S016_w","2025-05-09 22:54:19",FALSE,0,33.25,32,7504,62.5333,195,1.625,414,3.45,3.48,0,128,93,0,1e-04,1e-04,3e-04,5e-04,8e-04,0.0011,9e-04,1.4,0,0,,,,,,,,,"wrist"
"IZTECH_S016","IZTECH_S016_w","2025-05-09 22:56:19",FALSE,0,33.69,32,42,0.35,0,0,0,0,0.09,0,128,93,0,0,0,0,0,0,1e-04,0,0,0,0,,,,,,,,,"wrist"
"IZTECH_S016","IZTECH_S016_w","2025-05-09 22:58:19",FALSE,0,34.06,32,211,1.75833,0,0,13,0.108333,0.43,0,128,93,0,0,0,0,1e-04,1e-04,1e-04,1e-04,0.22,0,0,,,,,,,,,"wrist"
"IZTECH_S016","IZTECH_S016_w","2025-05-09 23:00:19",FALSE,0,34.31,32,153,1.275,1,0.00833333,8,0.0666667,0,0,128,93,0,0,0,0,0,0,0,0,0,0,0,,,,,,,,,"wrist"
"IZTECH_S016","IZTECH_S016_w","2025-05-09 23:02:19",FALSE,0,34.56,32,284,2.36667,2,0.0166667,22,0.183333,0,0,128,93,0,0,0,0,0,0,0,0,0,0,0,,,,,,,,,"wrist"
"IZTECH_S016","IZTECH_S016_w","2025-05-09 23:04:19",FALSE,0,34.75,32,805,6.70833,29,0.241667,51,0.425,0,0,131,93,0,0,0,0,0,0,0,0,0,0,0,,,,,,,,,"wrist"
"IZTECH_S016","IZTECH_S016_w","2025-05-09 23:06:19",FALSE,0,34.81,32,1239,10.325,33,0.275,75,0.625,0.01,0,131,93,0,0,0,0,0,0,0,0,0,0,0,,,,,,,,,"wrist"
"IZTECH_S016","IZTECH_S016_w","2025-05-09 23:08:19",FALSE,0,34.88,32,158,1.31667,1,0.00833333,17,0.141667,0.03,0,132,93,0,0,0,0,0,0,0,0,0,0,0,,,,,,,,,"wrist"
"IZTECH_S016","IZTECH_S016_w","2025-05-09 23:10:19",FALSE,0,34.94,32,93,0.775,0,0,7,0.0583333,0,0,142,93,0,0,0,0,0,0,0,0,0,0,0,,,,,,,,,"wrist"
"IZTECH_S016","IZTECH_S016_w","2025-05-09 23:12:19",FALSE,0,34.88,32,1673,13.9417,28,0.233333,103,0.858333,3.28,0,143,93,0,2e-04,2e-04,4e-04,5e-04,6e-04,8e-04,4e-04,2.11,0,0,,,,,,,,,"wrist"
"IZTECH_S016","IZTECH_S016_w","2025-05-09 23:14:19",FALSE,0,34.5,1,1191,9.925,16,0.133333,64,0.533333,5.57,0,128,95,1e-04,4e-04,3e-04,7e-04,9e-04,0.0011,0.0014,6e-04,3.84,0,0,,,,,,,,,"wrist"
"IZTECH_S016","IZTECH_S016_w","2025-05-09 23:16:19",FALSE,0,34.12,1,4835,40.2917,101,0.841667,292,2.43333,1.92,0,126,93,0,1e-04,1e-04,2e-04,3e-04,5e-04,5e-04,3e-04,0.91,0,0,,,,,,,,,"wrist"
"IZTECH_S016","IZTECH_S016_w","2025-05-09 23:18:19",FALSE,0,33.88,16,1336,11.1333,16,0.133333,112,0.933333,1.81,0,124,93,0,1e-04,1e-04,2e-04,3e-04,4e-04,5e-04,3e-04,0.71,0,0,,,,,,,,,"wrist"
"IZTECH_S016","IZTECH_S016_w","2025-05-09 23:20:19",FALSE,0,33.69,16,1888,15.7333,24,0.2,119,0.991667,1.89,0,128,103,0,1e-04,1e-04,2e-04,3e-04,4e-04,5e-04,3e-04,0.88,0,0,,,,,,,,,"wrist"
"IZTECH_S016","IZTECH_S016_w","2025-05-09 23:22:19",FALSE,0,33.5,8,2043,17.025,34,0.283333,110,0.916667,2.76,0,130,99,0,1e-04,1e-04,3e-04,4e-04,6e-04,7e-04,4e-04,1.44,0,0,,,,,,,,,"wrist"
"IZTECH_S016","IZTECH_S016_w","2025-05-09 23:24:19",FALSE,0,33.31,8,1382,11.5167,18,0.15,67,0.558333,2.8,0,153,102,0,1e-04,1e-04,3e-04,4e-04,6e-04,7e-04,4e-04,1.51,0,0,,,,,,,,,"wrist"
"IZTECH_S016","IZTECH_S016_w","2025-05-09 23:26:19",FALSE,0,33.38,1,1641,13.675,31,0.258333,77,0.641667,2.27,0,128,94,0,1e-04,1e-04,2e-04,4e-04,5e-04,6e-04,4e-04,1.07,0,0,,,,,,,,,"wrist"
"IZTECH_S016","IZTECH_S016_w","2025-05-09 23:28:19",FALSE,0,33.31,1,2703,22.525,65,0.541667,172,1.43333,2.31,0,128,97,0,1e-04,1e-04,3e-04,4e-04,5e-04,6e-04,3e-04,1.14,0,0,,,,,,,,,"wrist"
"IZTECH_S016","IZTECH_S016_w","2025-05-09 23:30:19",FALSE,0,33.31,1,1136,9.46667,10,0.0833333,54,0.45,3.01,0,131,95,0,1e-04,2e-04,3e-04,5e-04,7e-04,7e-04,4e-04,1.61,0,0,,,,,,,,,"wrist"
"IZTECH_S016","IZTECH_S016_w","2025-05-09 23:32:19",FALSE,0,33.31,1,2716,22.6333,58,0.483333,122,1.01667,2.46,0,140,97,0,1e-04,1e-04,3e-04,4e-04,6e-04,6e-04,4e-04,1.28,0,0,,,,,,,,,"wrist"
"IZTECH_S016","IZTECH_S016_w","2025-05-09 23:34:19",FALSE,0,33.31,32,6977,58.1417,197,1.64167,361,3.00833,21.67,0,158,128,5e-04,0.0021,0.0011,0.0026,0.0037,0.0037,0.003,0.0016,18.2,0.01,0,,,,,,,,,"wrist"
"IZTECH_S016","IZTECH_S016_w","2025-05-09 23:36:19",FALSE,0,33.19,4,10077,83.975,307,2.55833,461,3.84167,8.67,0,124,93,1e-04,6e-04,5e-04,0.001,0.0014,0.0017,0.0016,9e-04,6.21,0,0,,,,,,,,,"wrist"
"IZTECH_S016","IZTECH_S016_w","2025-05-09 23:38:19",FALSE,0,32.88,8,2084,17.3667,40,0.333333,112,0.933333,9.9,0,177,115,1e-04,4e-04,5e-04,0.001,0.0016,0.0021,0.0022,0.0013,6.01,0,0,,,,,,,,,"wrist"
"IZTECH_S016","IZTECH_S016_w","2025-05-09 23:40:19",FALSE,0,33,16,4622,38.5167,89,0.741667,242,2.01667,6.57,0,153,97,0,3e-04,4e-04,7e-04,0.001,0.0015,0.0015,9e-04,3.77,0,0,,,,,,,,,"wrist"
"IZTECH_S016","IZTECH_S016_w","2025-05-09 23:42:19",FALSE,0,33,16,9099,75.825,240,2,467,3.89167,6.78,0,173,107,1e-04,3e-04,4e-04,7e-04,0.0011,0.0015,0.0016,0.001,3.88,0,0,,,,,,,,,"wrist"
"IZTECH_S016","IZTECH_S016_w","2025-05-09 23:44:19",FALSE,0,32.69,8,938,7.81667,17,0.141667,56,0.466667,5.15,0,204,150,0,2e-04,3e-04,5e-04,8e-04,0.0011,0.0012,7e-04,2.92,0,0,,,,,,,,,"wrist"
"IZTECH_S016","IZTECH_S016_w","2025-05-09 23:46:19",FALSE,0,33.06,16,3191,26.5917,51,0.425,219,1.825,7.36,0,211,158,1e-04,4e-04,4e-04,8e-04,0.0012,0.0015,0.0016,9e-04,4.76,0,0,,,,,,,,,"wrist"
"IZTECH_S016","IZTECH_S016_w","2025-05-09 23:48:19",FALSE,0,33.12,8,1511,12.5917,26,0.216667,110,0.916667,8.35,0,192,108,1e-04,4e-04,4e-04,9e-04,0.0013,0.0018,0.0019,0.0011,5.07,0,0,,,,,,,,,"wrist"
"IZTECH_S016","IZTECH_S016_w","2025-05-09 23:50:19",FALSE,0,33.12,1,2025,16.875,38,0.316667,149,1.24167,8.02,0,196,136,1e-04,4e-04,4e-04,9e-04,0.0013,0.0016,0.0019,0.0011,4.85,0,0,,,,,,,,,"wrist"
"IZTECH_S016","IZTECH_S016_w","2025-05-09 23:52:19",FALSE,0,33.19,16,3529,29.4083,74,0.616667,275,2.29167,7.83,0,204,138,1e-04,3e-04,4e-04,8e-04,0.0012,0.0017,0.0018,0.0011,4.54,0,0,,,,,,,,,"wrist"
"IZTECH_S016","IZTECH_S016_w","2025-05-09 23:54:19",FALSE,0,33.38,16,3575,29.7917,68,0.566667,263,2.19167,10.53,0,196,97,1e-04,5e-04,6e-04,0.0011,0.0017,0.0022,0.0024,0.0015,6.44,0,0,,,,,,,,,"wrist"
"IZTECH_S016","IZTECH_S016_w","2025-05-09 23:56:19",FALSE,0,33.44,1,2885,24.0417,74,0.616667,224,1.86667,6.96,0,167,94,1e-04,4e-04,4e-04,8e-04,0.0011,0.0014,0.0016,0.0011,4.5,0,0,,,,,,,,,"wrist"
"IZTECH_S016","IZTECH_S016_w","2025-05-09 23:58:19",FALSE,0,33.19,8,2332,19.4333,48,0.4,152,1.26667,6.31,0,209,142,0,3e-04,3e-04,7e-04,0.001,0.0013,0.0015,9e-04,3.88,0,0,,,,,,,,,"wrist"
"IZTECH_S016","IZTECH_S016_w","2025-05-10 00:00:19",FALSE,0,33.25,16,1253,10.4417,29,0.241667,92,0.766667,7.61,0,211,144,0,4e-04,4e-04,8e-04,0.0012,0.0016,0.0018,0.0011,4.57,0,0,,,,,,,,,"wrist"
"IZTECH_S016","IZTECH_S016_w","2025-05-10 00:02:19",FALSE,0,33.25,8,1345,11.2083,43,0.358333,68,0.566667,6.99,0,188,120,1e-04,4e-04,4e-04,8e-04,0.0011,0.0015,0.0016,0.001,4.61,0,0,,,,,,,,,"wrist"
"IZTECH_S016","IZTECH_S016_w","2025-05-10 00:04:19",FALSE,0,33.31,8,1904,15.8667,24,0.2,141,1.175,5.86,0,201,106,1e-04,3e-04,3e-04,6e-04,9e-04,0.0013,0.0014,9e-04,3.35,0,0,,,,,,,,,"wrist"
"IZTECH_S016","IZTECH_S016_w","2025-05-10 00:06:19",FALSE,0,33.25,8,507,4.225,7,0.0583333,36,0.3,4.24,0,196,102,0,2e-04,2e-04,4e-04,7e-04,9e-04,0.0011,7e-04,2.24,0,0,,,,,,,,,"wrist"
"IZTECH_S016","IZTECH_S016_w","2025-05-10 00:08:19",FALSE,0,33.19,16,9159,76.325,289,2.40833,453,3.775,10.1,0,207,142,1e-04,5e-04,6e-04,0.0011,0.0016,0.0022,0.0022,0.0013,6.37,0,0,,,,,,,,,"wrist"
"IZTECH_S016","IZTECH_S016_w","2025-05-10 00:10:19",FALSE,0,33.19,8,3228,26.9,74,0.616667,165,1.375,8.49,0,206,156,1e-04,4e-04,4e-04,0.001,0.0014,0.0016,0.0018,0.001,5.64,0,0,,,,,,,,,"wrist"
"IZTECH_S016","IZTECH_S016_w","2025-05-10 00:12:19",FALSE,0,33.38,16,2785,23.2083,39,0.325,243,2.025,7.66,0,169,94,1e-04,3e-04,4e-04,9e-04,0.0013,0.0014,0.0017,9e-04,4.5,0,0,,,,,,,,,"wrist"
"IZTECH_S016","IZTECH_S016_w","2025-05-10 00:14:19",FALSE,0,33.38,16,1828,15.2333,53,0.441667,121,1.00833,9.16,0,186,99,1e-04,4e-04,5e-04,0.001,0.0015,0.0018,0.0019,0.0012,5.47,0,0,,,,,,,,,"wrist"
"IZTECH_S016","IZTECH_S016_w","2025-05-10 00:16:19",FALSE,0,33.5,8,429,3.575,1,0.00833333,28,0.233333,6.84,0,198,128,1e-04,3e-04,3e-04,8e-04,0.0011,0.0013,0.0015,9e-04,4.02,0,0,,,,,,,,,"wrist"
"IZTECH_S016","IZTECH_S016_w","2025-05-10 00:18:19",FALSE,0,33.56,8,708,5.9,12,0.1,40,0.333333,5.9,0,184,131,0,2e-04,3e-04,7e-04,0.001,0.0012,0.0013,8e-04,3.44,0,0,,,,,,,,,"wrist"
"IZTECH_S016","IZTECH_S016_w","2025-05-10 00:20:19",FALSE,0,33.25,1,13983,116.525,368,3.06667,712,5.93333,3.51,0,201,139,0,2e-04,2e-04,4e-04,6e-04,7e-04,7e-04,4e-04,2.06,0,0,,,,,,,,,"wrist"
"IZTECH_S016","IZTECH_S016_w","2025-05-10 00:22:19",FALSE,0,33.19,8,5971,49.7583,159,1.325,283,2.35833,7.6,0,212,151,0,3e-04,4e-04,8e-04,0.0012,0.0017,0.0017,0.001,4.35,0,0,,,,,,,,,"wrist"
"IZTECH_S016","IZTECH_S016_w","2025-05-10 00:24:19",FALSE,0,33.12,8,411,3.425,0,0,15,0.125,8.99,0,212,158,0,4e-04,5e-04,9e-04,0.0014,0.002,0.002,0.0012,5.23,0,0,,,,,,,,,"wrist"
"IZTECH_S016","IZTECH_S016_w","2025-05-10 00:26:19",FALSE,0,33.19,8,1016,8.46667,10,0.0833333,71,0.591667,12.45,0,211,145,1e-04,6e-04,8e-04,0.0016,0.0018,0.0025,0.0028,0.0015,9.07,0.01,0,,,,,,,,,"wrist"
"IZTECH_S016","IZTECH_S016_w","2025-05-10 00:28:19",FALSE,0,33.12,8,3706,30.8833,91,0.758333,188,1.56667,9.11,0,212,163,1e-04,4e-04,5e-04,9e-04,0.0014,0.002,0.002,0.0012,5.47,0,0,,,,,,,,,"wrist"
"IZTECH_S016","IZTECH_S016_w","2025-05-10 00:30:19",FALSE,0,33.31,8,3579,29.825,81,0.675,208,1.73333,9.88,0,198,135,1e-04,4e-04,6e-04,0.001,0.0016,0.0022,0.0022,0.0013,5.98,0,0,,,,,,,,,"wrist"
"IZTECH_S016","IZTECH_S016_w","2025-05-10 00:32:19",FALSE,0,33.25,16,6329,52.7417,149,1.24167,234,1.95,5.95,0,220,166,0,2e-04,3e-04,6e-04,9e-04,0.0013,0.0013,9e-04,3.39,0,0,,,,,,,,,"wrist"
"IZTECH_S016","IZTECH_S016_w","2025-05-10 00:34:19",FALSE,0,33.19,8,6412,53.4333,229,1.90833,263,2.19167,8.07,0,215,147,1e-04,3e-04,4e-04,8e-04,0.0013,0.0018,0.0018,0.0011,4.8,0,0,,,,,,,,,"wrist"
"IZTECH_S016","IZTECH_S016_w","2025-05-10 00:36:19",FALSE,0,33.31,8,1452,12.1,39,0.325,72,0.6,10.53,0,215,150,1e-04,5e-04,6e-04,0.0011,0.0017,0.0023,0.0023,0.0014,6.35,0,0,,,,,,,,,"wrist"
"IZTECH_S016","IZTECH_S016_w","2025-05-10 00:38:19",FALSE,0,33.25,16,1588,13.2333,47,0.391667,80,0.666667,10.01,0,214,146,1e-04,4e-04,6e-04,0.001,0.0016,0.0022,0.0022,0.0013,5.93,0,0,,,,,,,,,"wrist"
"IZTECH_S016","IZTECH_S016_w","2025-05-10 00:40:19",FALSE,0,33.25,1,2475,20.625,71,0.591667,104,0.866667,9.24,0,217,147,1e-04,4e-04,5e-04,9e-04,0.0015,0.002,0.002,0.0012,5.46,0,0,,,,,,,,,"wrist"
"IZTECH_S016","IZTECH_S016_w","2025-05-10 00:42:19",FALSE,0,33.31,1,1744,14.5333,28,0.233333,101,0.841667,8.41,0,208,139,1e-04,4e-04,5e-04,9e-04,0.0013,0.0019,0.0019,0.0011,5,0,0,,,,,,,,,"wrist"
"IZTECH_S016","IZTECH_S016_w","2025-05-10 00:44:19",FALSE,0,33.38,1,1957,16.3083,28,0.233333,119,0.991667,10,0,205,138,1e-04,4e-04,6e-04,0.001,0.0016,0.0022,0.0022,0.0013,6.01,0,0,,,,,,,,,"wrist"
"IZTECH_S016","IZTECH_S016_w","2025-05-10 00:46:19",FALSE,0,33.5,8,1972,16.4333,45,0.375,105,0.875,9.51,0,208,139,1e-04,4e-04,5e-04,0.001,0.0015,0.0021,0.0021,0.0012,5.82,0,0,,,,,,,,,"wrist"
"IZTECH_S016","IZTECH_S016_w","2025-05-10 00:48:19",FALSE,0,33.5,8,1348,11.2333,14,0.116667,73,0.608333,10.74,0,195,103,1e-04,5e-04,6e-04,0.0011,0.0017,0.0024,0.0023,0.0014,6.52,0,0,,,,,,,,,"wrist"
"IZTECH_S016","IZTECH_S016_w","2025-05-10 00:50:19",FALSE,0,33.56,8,1740,14.5,34,0.283333,106,0.883333,10.79,0,188,106,1e-04,5e-04,6e-04,0.0011,0.0017,0.0023,0.0023,0.0014,6.57,0,0,,,,,,,,,"wrist"
"IZTECH_S016","IZTECH_S016_w","2025-05-10 00:52:19",FALSE,0,33.56,8,923,7.69167,7,0.0583333,80,0.666667,7.94,0,198,106,1e-04,3e-04,4e-04,8e-04,0.0013,0.0018,0.0018,0.0011,4.54,0,0,,,,,,,,,"wrist"
"IZTECH_S016","IZTECH_S016_w","2025-05-10 00:54:19",FALSE,0,33.5,8,2657,22.1417,75,0.625,113,0.941667,9.13,0,218,155,1e-04,4e-04,5e-04,9e-04,0.0014,0.002,0.002,0.0012,5.31,0,0,,,,,,,,,"wrist"
"IZTECH_S016","IZTECH_S016_w","2025-05-10 00:56:19",FALSE,0,33.69,8,10989,91.575,337,2.80833,623,5.19167,3.95,0,162,136,0,2e-04,2e-04,4e-04,6e-04,9e-04,9e-04,6e-04,2.15,0,0,,,,,,,,,"wrist"
"IZTECH_S016","IZTECH_S016_w","2025-05-10 00:58:19",FALSE,0,33.62,16,1665,13.875,43,0.358333,82,0.683333,0,0,192,153,0,0,0,0,0,0,0,0,0,0,0,,,,,,,,,"wrist"
"IZTECH_S016","IZTECH_S016_w","2025-05-10 01:00:19",FALSE,0,33.62,16,606,5.05,4,0.0333333,45,0.375,0,0,194,143,0,0,0,0,0,0,0,0,0,0,0,,,,,,,,,"wrist"
"IZTECH_S016","IZTECH_S016_w","2025-05-10 01:02:19",FALSE,0,33.75,16,2812,23.4333,79,0.658333,178,1.48333,0,0,147,105,0,0,0,0,0,0,0,0,0,0,0,,,,,,,,,"wrist"
"IZTECH_S016","IZTECH_S016_w","2025-05-10 01:04:19",FALSE,0,33.81,16,359,2.99167,5,0.0416667,20,0.166667,0,0,141,109,0,0,0,0,0,0,0,0,0,0,0,,,,,,,,,"wrist"
"IZTECH_S016","IZTECH_S016_w","2025-05-10 01:06:19",FALSE,0,33.94,16,1710,14.25,54,0.45,104,0.866667,0,0,131,97,0,0,0,0,0,0,0,0,0,0,0,,,,,,,,,"wrist"
"IZTECH_S016","IZTECH_S016_w","2025-05-10 01:08:19",FALSE,0,33.69,16,4160,34.6667,113,0.941667,257,2.14167,0,0,187,137,0,0,0,0,0,0,0,0,0,0,0,,,,,,,,,"wrist"
"IZTECH_S016","IZTECH_S016_w","2025-05-10 01:10:19",FALSE,0,33.69,1,3565,29.7083,103,0.858333,172,1.43333,0,0,162,139,0,0,0,0,0,0,0,0,0,0,0,,,,,,,,,"wrist"
"IZTECH_S016","IZTECH_S016_w","2025-05-10 01:12:19",FALSE,0,33.19,8,754,6.28333,3,0.025,38,0.316667,0,0,216,169,0,0,0,0,0,0,0,0,0,0,0,,,,,,,,,"wrist"
"IZTECH_S016","IZTECH_S016_w","2025-05-10 01:14:19",FALSE,0,33.06,8,484,4.03333,0,0,36,0.3,0,0,219,170,0,0,0,0,0,0,0,0,0,0,0,,,,,,,,,"wrist"
"IZTECH_S016","IZTECH_S016_w","2025-05-10 01:16:19",FALSE,0,33,8,865,7.20833,6,0.05,60,0.5,0,0,224,171,0,0,0,0,0,0,0,0,0,0,0,,,,,,,,,"wrist"
"IZTECH_S016","IZTECH_S016_w","2025-05-10 01:18:19",FALSE,0,32.88,8,784,6.53333,0,0,32,0.266667,0,0,222,170,0,0,0,0,0,0,0,0,0,0,0,,,,,,,,,"wrist"
"IZTECH_S016","IZTECH_S016_w","2025-05-10 01:20:19",FALSE,0,33.12,8,1724,14.3667,14,0.116667,114,0.95,0,0,218,159,0,0,0,0,0,0,0,0,0,0,0,,,,,,,,,"wrist"
"IZTECH_S016","IZTECH_S016_w","2025-05-10 01:22:19",FALSE,0,33.25,8,1158,9.65,5,0.0416667,62,0.516667,0,0,217,155,0,0,0,0,0,0,0,0,0,0,0,,,,,,,,,"wrist"
"IZTECH_S016","IZTECH_S016_w","2025-05-10 01:24:19",FALSE,0,32.88,8,2067,17.225,3,0.025,167,1.39167,0,0,222,166,0,0,0,0,0,0,0,0,0,0,0,,,,,,,,,"wrist"
"IZTECH_S016","IZTECH_S016_w","2025-05-10 01:26:19",FALSE,0,32.94,8,1056,8.8,4,0.0333333,99,0.825,0,0,220,158,0,0,0,0,0,0,0,0,0,0,0,,,,,,,,,"wrist"
"IZTECH_S016","IZTECH_S016_w","2025-05-10 01:28:19",FALSE,0,32.75,8,1327,11.0583,5,0.0416667,93,0.775,0,0,220,170,0,0,0,0,0,0,0,0,0,0,0,,,,,,,,,"wrist"
"IZTECH_S016","IZTECH_S016_w","2025-05-10 01:30:19",FALSE,0,32.69,8,247,2.05833,0,0,12,0.1,0,0,220,170,0,0,0,0,0,0,0,0,0,0,0,,,,,,,,,"wrist"
"IZTECH_S016","IZTECH_S016_w","2025-05-10 01:32:19",FALSE,0,32.62,8,774,6.45,0,0,25,0.208333,0,0,220,170,0,0,0,0,0,0,0,0,0,0,0,,,,,,,,,"wrist"
"IZTECH_S016","IZTECH_S016_w","2025-05-10 01:34:19",FALSE,0,32.62,8,501,4.175,0,0,9,0.075,0,0,220,171,0,0,0,0,0,0,0,0,0,0,0,,,,,,,,,"wrist"
"IZTECH_S016","IZTECH_S016_w","2025-05-10 01:36:19",FALSE,0,32.62,8,229,1.90833,0,0,8,0.0666667,0,0,220,170,0,0,0,0,0,0,0,0,0,0,0,,,,,,,,,"wrist"
"IZTECH_S016","IZTECH_S016_w","2025-05-10 01:38:19",FALSE,0,32.62,8,214,1.78333,0,0,5,0.0416667,0,0,220,169,0,0,0,0,0,0,0,0,0,0,0,,,,,,,,,"wrist"
"IZTECH_S016","IZTECH_S016_w","2025-05-10 01:40:19",FALSE,0,32.88,8,8357,69.6417,222,1.85,463,3.85833,33.38,0,213,151,8e-04,0.0034,0.0017,0.0039,0.0058,0.0057,0.004,0.0022,28.33,0.01,0,,,,,,,,,"wrist"
"IZTECH_S016","IZTECH_S016_w","2025-05-10 01:42:19",FALSE,0,33.06,1,13539,112.825,422,3.51667,724,6.03333,13.15,0,212,147,3e-04,0.0013,7e-04,0.0016,0.0022,0.0022,0.0017,9e-04,11.22,0,0,,,,,,,,,"wrist"
"IZTECH_S016","IZTECH_S016_w","2025-05-10 01:44:19",FALSE,0,33,1,101,0.841667,1,0.00833333,8,0.0666667,0,0,213,151,0,0,0,0,0,0,0,0,0,0,0,,,,,,,,,"wrist"
"IZTECH_S016","IZTECH_S016_w","2025-05-10 01:46:19",FALSE,0,32.94,1,0,0,0,0,0,0,0,0,214,154,0,0,0,0,0,0,0,0,0,0,0,,,,,,,,,"wrist"
"IZTECH_S016","IZTECH_S016_w","2025-05-10 01:48:19",FALSE,0,33,1,0,0,0,0,0,0,0,0,213,152,0,0,0,0,0,0,0,0,0,0,0,,,,,,,,,"wrist"
"IZTECH_S016","IZTECH_S016_w","2025-05-10 01:50:19",FALSE,0,33,1,4,0.0333333,0,0,0,0,0,0,213,153,0,0,0,0,0,0,0,0,0,0,0,,,,,,,,,"wrist"
"IZTECH_S016","IZTECH_S016_w","2025-05-10 01:52:19",FALSE,0,33,1,0,0,0,0,0,0,0,0,213,153,0,0,0,0,0,0,0,0,0,0,0,,,,,,,,,"wrist"
"IZTECH_S016","IZTECH_S016_w","2025-05-10 01:54:19",FALSE,0,33,1,0,0,0,0,0,0,0,0,212,153,0,0,0,0,0,0,0,0,0,0,0,,,,,,,,,"wrist"
"IZTECH_S016","IZTECH_S016_w","2025-05-10 01:56:19",FALSE,0,33,1,0,0,0,0,0,0,0,0,212,151,0,0,0,0,0,0,0,0,0,0,0,,,,,,,,,"wrist"
"IZTECH_S016","IZTECH_S016_w","2025-05-10 01:58:19",FALSE,0,33,1,0,0,0,0,0,0,0,0,212,150,0,0,0,0,0,0,0,0,0,0,0,,,,,,,,,"wrist"
"IZTECH_S016","IZTECH_S016_w","2025-05-10 02:00:19",FALSE,0,32.94,16,2619,21.825,83,0.691667,136,1.13333,0,0,217,159,0,0,0,0,0,0,0,0,0,0,0,,,,,,,,,"wrist"
"IZTECH_S016","IZTECH_S016_w","2025-05-10 02:02:19",FALSE,0,32.75,16,1040,8.66667,33,0.275,56,0.466667,0,0,221,166,0,0,0,0,0,0,0,0,0,0,0,,,,,,,,,"wrist"
"IZTECH_S016","IZTECH_S016_w","2025-05-10 02:04:19",FALSE,0,32.81,16,0,0,0,0,0,0,0,0,221,166,0,0,0,0,0,0,0,0,0,0,0,,,,,,,,,"wrist"
"IZTECH_S016","IZTECH_S016_w","2025-05-10 02:06:19",FALSE,0,32.88,16,626,5.21667,16,0.133333,37,0.308333,0,0,220,163,0,0,0,0,0,0,0,0,0,0,0,,,,,,,,,"wrist"
"IZTECH_S016","IZTECH_S016_w","2025-05-10 02:08:19",FALSE,0,33,16,338,2.81667,7,0.0583333,26,0.216667,0,0,214,155,0,0,0,0,0,0,0,0,0,0,0,,,,,,,,,"wrist"
"IZTECH_S016","IZTECH_S016_w","2025-05-10 02:10:19",FALSE,0,33.06,16,0,0,0,0,0,0,0,0,210,147,0,0,0,0,0,0,0,0,0,0,0,,,,,,,,,"wrist"
"IZTECH_S016","IZTECH_S016_w","2025-05-10 02:12:19",FALSE,0,33.19,16,0,0,0,0,0,0,0,0,206,136,0,0,0,0,0,0,0,0,0,0,0,,,,,,,,,"wrist"
"IZTECH_S016","IZTECH_S016_w","2025-05-10 02:14:19",FALSE,0,33.19,16,0,0,0,0,0,0,0,0,203,128,0,0,0,0,0,0,0,0,0,0,0,,,,,,,,,"wrist"
"IZTECH_S016","IZTECH_S016_w","2025-05-10 02:16:19",FALSE,0,33.19,16,3,0.025,0,0,1,0.00833333,0,0,200,120,0,0,0,0,0,0,0,0,0,0,0,,,,,,,,,"wrist"
"IZTECH_S016","IZTECH_S016_w","2025-05-10 02:18:19",FALSE,0,33.25,16,0,0,0,0,0,0,0,0,195,114,0,0,0,0,0,0,0,0,0,0,0,,,,,,,,,"wrist"
"IZTECH_S016","IZTECH_S016_w","2025-05-10 02:20:19",FALSE,0,33.31,16,0,0,0,0,0,0,0,0,189,110,0,0,0,0,0,0,0,0,0,0,0,,,,,,,,,"wrist"
"IZTECH_S016","IZTECH_S016_w","2025-05-10 02:22:19",FALSE,0,33.31,16,0,0,0,0,0,0,0,0,185,107,0,0,0,0,0,0,0,0,0,0,0,,,,,,,,,"wrist"
"IZTECH_S016","IZTECH_S016_w","2025-05-10 02:24:19",FALSE,0,33.38,16,0,0,0,0,0,0,0,0,180,105,0,0,0,0,0,0,0,0,0,0,0,,,,,,,,,"wrist"
"IZTECH_S016","IZTECH_S016_w","2025-05-10 02:26:19",FALSE,0,33.44,16,1215,10.125,14,0.116667,101,0.841667,0,0,134,92,0,0,0,0,0,0,0,0,0,0,0,,,,,,,,,"wrist"
"IZTECH_S016","IZTECH_S016_w","2025-05-10 02:28:19",FALSE,0,33.5,16,0,0,0,0,0,0,0,0,131,91,0,0,0,0,0,0,0,0,0,0,0,,,,,,,,,"wrist"
"IZTECH_S016","IZTECH_S016_w","2025-05-10 02:30:19",FALSE,0,33.56,16,0,0,0,0,0,0,0,0,129,91,0,0,0,0,0,0,0,0,0,0,0,,,,,,,,,"wrist"
"IZTECH_S016","IZTECH_S016_w","2025-05-10 02:32:19",FALSE,0,33.56,16,0,0,0,0,0,0,0,0,128,91,0,0,0,0,0,0,0,0,0,0,0,,,,,,,,,"wrist"
"IZTECH_S016","IZTECH_S016_w","2025-05-10 02:34:19",FALSE,0,33.62,16,0,0,0,0,0,0,0,0,128,91,0,0,0,0,0,0,0,0,0,0,0,,,,,,,,,"wrist"
"IZTECH_S016","IZTECH_S016_w","2025-05-10 02:36:19",FALSE,0,33.62,16,0,0,0,0,0,0,0,0,128,93,0,0,0,0,0,0,0,0,0,0,0,,,,,,,,,"wrist"
"IZTECH_S016","IZTECH_S016_w","2025-05-10 02:38:19",FALSE,0,33.62,16,1287,10.725,14,0.116667,82,0.683333,0,0,140,93,0,0,0,0,0,0,0,0,0,0,0,,,,,,,,,"wrist"
"IZTECH_S016","IZTECH_S016_w","2025-05-10 02:40:19",FALSE,0,32.94,16,2803,23.3583,90,0.75,119,0.991667,0,0,149,112,0,0,0,0,0,0,0,0,0,0,0,,,,,,,,,"wrist"
"IZTECH_S016","IZTECH_S016_w","2025-05-10 02:42:19",FALSE,0,32.75,16,0,0,0,0,0,0,0,0,144,110,0,0,0,0,0,0,0,0,0,0,0,,,,,,,,,"wrist"
"IZTECH_S016","IZTECH_S016_w","2025-05-10 02:44:19",FALSE,0,32.62,16,0,0,0,0,0,0,0,0,142,110,0,0,0,0,0,0,0,0,0,0,0,,,,,,,,,"wrist"
"IZTECH_S016","IZTECH_S016_w","2025-05-10 02:46:19",FALSE,0,32.56,16,1240,10.3333,38,0.316667,60,0.5,0,0,145,106,0,0,0,0,0,0,0,0,0,0,0,,,,,,,,,"wrist"
"IZTECH_S016","IZTECH_S016_w","2025-05-10 02:48:19",FALSE,0,32.38,16,0,0,0,0,0,0,0,0,146,106,0,0,0,0,0,0,0,0,0,0,0,,,,,,,,,"wrist"
"IZTECH_S016","IZTECH_S016_w","2025-05-10 02:50:19",FALSE,0,32.31,16,0,0,0,0,0,0,0,0,146,107,0,0,0,0,0,0,0,0,0,0,0,,,,,,,,,"wrist"
"IZTECH_S016","IZTECH_S016_w","2025-05-10 02:52:19",FALSE,0,32.19,16,614,5.11667,10,0.0833333,39,0.325,0,0,162,118,0,0,0,0,0,0,0,0,0,0,0,,,,,,,,,"wrist"
"IZTECH_S016","IZTECH_S016_w","2025-05-10 02:54:19",FALSE,0,31.69,16,239,1.99167,1,0.00833333,18,0.15,0,0,145,118,0,0,0,0,0,0,0,0,0,0,0,,,,,,,,,"wrist"
"IZTECH_S016","IZTECH_S016_w","2025-05-10 02:56:19",FALSE,0,32.12,1,356,2.96667,9,0.075,14,0.116667,0,0,138,94,0,0,0,0,0,0,0,0,0,0,0,,,,,,,,,"wrist"
"IZTECH_S016","IZTECH_S016_w","2025-05-10 02:58:19",FALSE,0,32.06,1,0,0,0,0,0,0,0,0,146,94,0,0,0,0,0,0,0,0,0,0,0,,,,,,,,,"wrist"
"IZTECH_S016","IZTECH_S016_w","2025-05-10 03:00:19",FALSE,0,32,1,0,0,0,0,0,0,0,0,164,94,0,0,0,0,0,0,0,0,0,0,0,,,,,,,,,"wrist"
"IZTECH_S016","IZTECH_S016_w","2025-05-10 03:02:19",FALSE,0,32,1,1965,16.375,68,0.566667,95,0.791667,0,0,167,98,0,0,0,0,0,0,0,0,0,0,0,,,,,,,,,"wrist"
"IZTECH_S016","IZTECH_S016_w","2025-05-10 03:04:19",FALSE,0,32.5,2,614,5.11667,25,0.208333,23,0.191667,0,0,124,91,0,0,0,0,0,0,0,0,0,0,0,,,,,,,,,"wrist"
"IZTECH_S016","IZTECH_S016_w","2025-05-10 03:06:19",FALSE,0,32.75,2,0,0,0,0,0,0,0,0,124,92,0,0,0,0,0,0,0,0,0,0,0,,,,,,,,,"wrist"
"IZTECH_S016","IZTECH_S016_w","2025-05-10 03:08:19",FALSE,0,32.94,2,0,0,0,0,0,0,0,0,124,92,0,0,0,0,0,0,0,0,0,0,0,,,,,,,,,"wrist"
"IZTECH_S016","IZTECH_S016_w","2025-05-10 03:10:19",FALSE,0,33.12,2,0,0,0,0,0,0,0,0,124,93,0,0,0,0,0,0,0,0,0,0,0,,,,,,,,,"wrist"
"IZTECH_S016","IZTECH_S016_w","2025-05-10 03:12:19",FALSE,0,33.31,2,0,0,0,0,0,0,0,0,124,93,0,0,0,0,0,0,0,0,0,0,0,,,,,,,,,"wrist"
"IZTECH_S016","IZTECH_S016_w","2025-05-10 03:14:19",FALSE,0,33.44,2,0,0,0,0,0,0,0,0,124,93,0,0,0,0,0,0,0,0,0,0,0,,,,,,,,,"wrist"
"IZTECH_S016","IZTECH_S016_w","2025-05-10 03:16:19",FALSE,0,33.56,2,0,0,0,0,0,0,0,0,124,93,0,0,0,0,0,0,0,0,0,0,0,,,,,,,,,"wrist"
"IZTECH_S016","IZTECH_S016_w","2025-05-10 03:18:19",FALSE,0,33.62,2,874,7.28333,31,0.258333,44,0.366667,0,0,124,93,0,0,0,0,0,0,0,0,0,0,0,,,,,,,,,"wrist"
"IZTECH_S016","IZTECH_S016_w","2025-05-10 03:20:19",FALSE,0,33.19,8,343,2.85833,12,0.1,15,0.125,0,0,220,163,0,0,0,0,0,0,0,0,0,0,0,,,,,,,,,"wrist"
"IZTECH_S016","IZTECH_S016_w","2025-05-10 03:22:19",FALSE,0,32.94,8,0,0,0,0,0,0,0,0,220,163,0,0,0,0,0,0,0,0,0,0,0,,,,,,,,,"wrist"
"IZTECH_S016","IZTECH_S016_w","2025-05-10 03:24:19",FALSE,0,32.69,8,0,0,0,0,0,0,0,0,220,163,0,0,0,0,0,0,0,0,0,0,0,,,,,,,,,"wrist"
"IZTECH_S016","IZTECH_S016_w","2025-05-10 03:26:19",FALSE,0,32.19,8,373,3.10833,12,0.1,19,0.158333,0,0,222,171,0,0,0,0,0,0,0,0,0,0,0,,,,,,,,,"wrist"
"IZTECH_S016","IZTECH_S016_w","2025-05-10 03:28:19",FALSE,0,32.06,1,0,0,0,0,0,0,0,0,222,171,0,0,0,0,0,0,0,0,0,0,0,,,,,,,,,"wrist"
"IZTECH_S016","IZTECH_S016_w","2025-05-10 03:30:19",FALSE,0,32.44,1,1744,14.5333,67,0.558333,75,0.625,0,0,192,142,0,0,0,0,0,0,0,0,0,0,0,,,,,,,,,"wrist"
"IZTECH_S016","IZTECH_S016_w","2025-05-10 03:32:19",FALSE,0,32.56,1,0,0,0,0,0,0,0,0,190,139,0,0,0,0,0,0,0,0,0,0,0,,,,,,,,,"wrist"
"IZTECH_S016","IZTECH_S016_w","2025-05-10 03:34:19",FALSE,0,32.56,1,0,0,0,0,0,0,0,0,190,138,0,0,0,0,0,0,0,0,0,0,0,,,,,,,,,"wrist"
"IZTECH_S016","IZTECH_S016_w","2025-05-10 03:36:19",FALSE,0,32.5,1,5,0.0416667,0,0,0,0,0,0,190,139,0,0,0,0,0,0,0,0,0,0,0,,,,,,,,,"wrist"
"IZTECH_S016","IZTECH_S016_w","2025-05-10 03:38:19",FALSE,0,31.94,8,1212,10.1,46,0.383333,53,0.441667,0,0,220,171,0,0,0,0,0,0,0,0,0,0,0,,,,,,,,,"wrist"
"IZTECH_S016","IZTECH_S016_w","2025-05-10 03:40:19",FALSE,0,31.81,8,0,0,0,0,0,0,0,0,221,171,0,0,0,0,0,0,0,0,0,0,0,,,,,,,,,"wrist"
"IZTECH_S016","IZTECH_S016_w","2025-05-10 03:42:19",FALSE,0,31.81,8,0,0,0,0,0,0,0,0,222,171,0,0,0,0,0,0,0,0,0,0,0,,,,,,,,,"wrist"
"IZTECH_S016","IZTECH_S016_w","2025-05-10 03:44:19",FALSE,0,31.75,8,0,0,0,0,0,0,0,0,222,171,0,0,0,0,0,0,0,0,0,0,0,,,,,,,,,"wrist"
"IZTECH_S016","IZTECH_S016_w","2025-05-10 03:46:19",FALSE,0,31.75,8,4,0.0333333,0,0,1,0.00833333,0,0,222,171,0,0,0,0,0,0,0,0,0,0,0,,,,,,,,,"wrist"
"IZTECH_S016","IZTECH_S016_w","2025-05-10 03:48:19",FALSE,0,32.25,8,3702,30.85,132,1.1,128,1.06667,0,0,185,128,0,0,0,0,0,0,0,0,0,0,0,,,,,,,,,"wrist"
"IZTECH_S016","IZTECH_S016_w","2025-05-10 03:50:19",FALSE,0,32,4,10,0.0833333,0,0,0,0,0,0,216,154,0,0,0,0,0,0,0,0,0,0,0,,,,,,,,,"wrist"
"IZTECH_S016","IZTECH_S016_w","2025-05-10 03:52:19",FALSE,0,32.06,4,8,0.0666667,0,0,0,0,0,0,216,154,0,0,0,0,0,0,0,0,0,0,0,,,,,,,,,"wrist"
"IZTECH_S016","IZTECH_S016_w","2025-05-10 03:54:19",FALSE,0,32.19,4,0,0,0,0,0,0,0,0,215,151,0,0,0,0,0,0,0,0,0,0,0,,,,,,,,,"wrist"
"IZTECH_S016","IZTECH_S016_w","2025-05-10 03:56:19",FALSE,0,32.19,4,0,0,0,0,0,0,0,0,214,150,0,0,0,0,0,0,0,0,0,0,0,,,,,,,,,"wrist"
"IZTECH_S016","IZTECH_S016_w","2025-05-10 03:58:19",FALSE,0,32.19,4,27,0.225,0,0,3,0.025,0,0,212,147,0,0,0,0,0,0,0,0,0,0,0,,,,,,,,,"wrist"
"IZTECH_S016","IZTECH_S016_w","2025-05-10 04:00:19",FALSE,0,32.19,1,0,0,0,0,0,0,0,0,210,146,0,0,0,0,0,0,0,0,0,0,0,,,,,,,,,"wrist"
"IZTECH_S016","IZTECH_S016_w","2025-05-10 04:02:19",FALSE,0,32.25,1,0,0,0,0,0,0,0,0,206,142,0,0,0,0,0,0,0,0,0,0,0,,,,,,,,,"wrist"
"IZTECH_S016","IZTECH_S016_w","2025-05-10 04:04:19",FALSE,0,32.19,1,0,0,0,0,0,0,0,0,199,138,0,0,0,0,0,0,0,0,0,0,0,,,,,,,,,"wrist"
"IZTECH_S016","IZTECH_S016_w","2025-05-10 04:06:19",FALSE,0,32.19,1,0,0,0,0,0,0,0,0,189,134,0,0,0,0,0,0,0,0,0,0,0,,,,,,,,,"wrist"
"IZTECH_S016","IZTECH_S016_w","2025-05-10 04:08:19",FALSE,0,32.06,1,0,0,0,0,0,0,0,0,180,128,0,0,0,0,0,0,0,0,0,0,0,,,,,,,,,"wrist"
"IZTECH_S016","IZTECH_S016_w","2025-05-10 04:10:19",FALSE,0,32,1,0,0,0,0,0,0,0,0,172,123,0,0,0,0,0,0,0,0,0,0,0,,,,,,,,,"wrist"
"IZTECH_S016","IZTECH_S016_w","2025-05-10 04:12:19",FALSE,0,31.94,4,29,0.241667,0,0,4,0.0333333,0,0,158,112,0,0,0,0,0,0,0,0,0,0,0,,,,,,,,,"wrist"
"IZTECH_S016","IZTECH_S016_w","2025-05-10 04:14:19",FALSE,0,31.88,4,0,0,0,0,0,0,0,0,155,110,0,0,0,0,0,0,0,0,0,0,0,,,,,,,,,"wrist"
"IZTECH_S016","IZTECH_S016_w","2025-05-10 04:16:19",FALSE,0,31.94,4,776,6.46667,21,0.175,51,0.425,0,0,153,110,0,0,0,0,0,0,0,0,0,0,0,,,,,,,,,"wrist"
"IZTECH_S016","IZTECH_S016_w","2025-05-10 04:18:19",FALSE,0,32.12,2,0,0,0,0,0,0,0,0,122,92,0,0,0,0,0,0,0,0,0,0,0,,,,,,,,,"wrist"
"IZTECH_S016","IZTECH_S016_w","2025-05-10 04:20:19",FALSE,0,32.38,2,0,0,0,0,0,0,0,0,122,92,0,0,0,0,0,0,0,0,0,0,0,,,,,,,,,"wrist"
"IZTECH_S016","IZTECH_S016_w","2025-05-10 04:22:19",FALSE,0,32.69,2,0,0,0,0,0,0,0,0,122,92,0,0,0,0,0,0,0,0,0,0,0,,,,,,,,,"wrist"
"IZTECH_S016","IZTECH_S016_w","2025-05-10 04:24:19",FALSE,0,33,2,0,0,0,0,0,0,0,0,122,91,0,0,0,0,0,0,0,0,0,0,0,,,,,,,,,"wrist"
"IZTECH_S016","IZTECH_S016_w","2025-05-10 04:26:19",FALSE,0,33.25,2,0,0,0,0,0,0,0,0,122,93,0,0,0,0,0,0,0,0,0,0,0,,,,,,,,,"wrist"
"IZTECH_S016","IZTECH_S016_w","2025-05-10 04:28:19",FALSE,0,33.44,2,0,0,0,0,0,0,0,0,123,93,0,0,0,0,0,0,0,0,0,0,0,,,,,,,,,"wrist"
"IZTECH_S016","IZTECH_S016_w","2025-05-10 04:30:19",FALSE,0,33.62,2,0,0,0,0,0,0,0,0,123,93,0,0,0,0,0,0,0,0,0,0,0,,,,,,,,,"wrist"
"IZTECH_S016","IZTECH_S016_w","2025-05-10 04:32:19",FALSE,0,33.81,2,0,0,0,0,0,0,0,0,123,93,0,0,0,0,0,0,0,0,0,0,0,,,,,,,,,"wrist"
"IZTECH_S016","IZTECH_S016_w","2025-05-10 04:34:19",FALSE,0,33.94,2,0,0,0,0,0,0,0,0,123,93,0,0,0,0,0,0,0,0,0,0,0,,,,,,,,,"wrist"
"IZTECH_S016","IZTECH_S016_w","2025-05-10 04:36:19",FALSE,0,34.06,2,0,0,0,0,0,0,0,0,123,93,0,0,0,0,0,0,0,0,0,0,0,,,,,,,,,"wrist"
"IZTECH_S016","IZTECH_S016_w","2025-05-10 04:38:19",FALSE,0,34.12,2,0,0,0,0,0,0,0,0,123,93,0,0,0,0,0,0,0,0,0,0,0,,,,,,,,,"wrist"
"IZTECH_S016","IZTECH_S016_w","2025-05-10 04:40:19",FALSE,0,34.25,2,0,0,0,0,0,0,0,0,123,93,0,0,0,0,0,0,0,0,0,0,0,,,,,,,,,"wrist"
"IZTECH_S016","IZTECH_S016_w","2025-05-10 04:42:19",FALSE,0,34.31,1,3139,26.1583,88,0.733333,153,1.275,0,0,123,93,0,0,0,0,0,0,0,0,0,0,0,,,,,,,,,"wrist"
"IZTECH_S016","IZTECH_S016_w","2025-05-10 04:44:19",FALSE,0,33.75,1,2105,17.5417,64,0.533333,75,0.625,0,0,216,133,0,0,0,0,0,0,0,0,0,0,0,,,,,,,,,"wrist"
"IZTECH_S016","IZTECH_S016_w","2025-05-10 04:46:19",FALSE,0,33.44,1,759,6.325,12,0.1,48,0.4,0,0,161,94,0,0,0,0,0,0,0,0,0,0,0,,,,,,,,,"wrist"
"IZTECH_S016","IZTECH_S016_w","2025-05-10 04:48:19",FALSE,0,33.19,1,0,0,0,0,0,0,0,0,163,93,0,0,0,0,0,0,0,0,0,0,0,,,,,,,,,"wrist"
"IZTECH_S016","IZTECH_S016_w","2025-05-10 04:50:19",FALSE,0,33,1,0,0,0,0,0,0,0,0,166,94,0,0,0,0,0,0,0,0,0,0,0,,,,,,,,,"wrist"
"IZTECH_S016","IZTECH_S016_w","2025-05-10 04:52:19",FALSE,0,33,1,21,0.175,0,0,2,0.0166667,0,0,155,94,0,0,0,0,0,0,0,0,0,0,0,,,,,,,,,"wrist"
"IZTECH_S016","IZTECH_S016_w","2025-05-10 04:54:19",FALSE,0,33,1,0,0,0,0,0,0,0,0,155,95,0,0,0,0,0,0,0,0,0,0,0,,,,,,,,,"wrist"
"IZTECH_S016","IZTECH_S016_w","2025-05-10 04:56:19",FALSE,0,33,1,0,0,0,0,0,0,0,0,155,97,0,0,0,0,0,0,0,0,0,0,0,,,,,,,,,"wrist"
"IZTECH_S016","IZTECH_S016_w","2025-05-10 04:58:19",FALSE,0,33,1,0,0,0,0,0,0,0,0,154,97,0,0,0,0,0,0,0,0,0,0,0,,,,,,,,,"wrist"
"IZTECH_S016","IZTECH_S016_w","2025-05-10 05:00:19",FALSE,0,32.69,1,1744,14.5333,60,0.5,55,0.458333,0,0,220,161,0,0,0,0,0,0,0,0,0,0,0,,,,,,,,,"wrist"
"IZTECH_S016","IZTECH_S016_w","2025-05-10 05:02:19",FALSE,0,32.31,8,0,0,0,0,0,0,0,0,220,165,0,0,0,0,0,0,0,0,0,0,0,,,,,,,,,"wrist"
"IZTECH_S016","IZTECH_S016_w","2025-05-10 05:04:19",FALSE,0,32.12,8,11,0.0916667,0,0,0,0,0,0,221,167,0,0,0,0,0,0,0,0,0,0,0,,,,,,,,,"wrist"
"IZTECH_S016","IZTECH_S016_w","2025-05-10 05:06:19",FALSE,0,32,8,0,0,0,0,0,0,0,0,221,167,0,0,0,0,0,0,0,0,0,0,0,,,,,,,,,"wrist"
"IZTECH_S016","IZTECH_S016_w","2025-05-10 05:08:19",FALSE,0,31.88,8,4,0.0333333,0,0,0,0,0,0,221,167,0,0,0,0,0,0,0,0,0,0,0,,,,,,,,,"wrist"
"IZTECH_S016","IZTECH_S016_w","2025-05-10 05:10:19",FALSE,0,31.81,8,6,0.05,0,0,0,0,0,0,221,168,0,0,0,0,0,0,0,0,0,0,0,,,,,,,,,"wrist"
"IZTECH_S016","IZTECH_S016_w","2025-05-10 05:12:19",FALSE,0,31.69,8,0,0,0,0,0,0,0,0,221,168,0,0,0,0,0,0,0,0,0,0,0,,,,,,,,,"wrist"
"IZTECH_S016","IZTECH_S016_w","2025-05-10 05:14:19",FALSE,0,31.69,8,0,0,0,0,0,0,0,0,221,167,0,0,0,0,0,0,0,0,0,0,0,,,,,,,,,"wrist"
"IZTECH_S016","IZTECH_S016_w","2025-05-10 05:16:19",FALSE,0,31.88,1,1412,11.7667,50,0.416667,69,0.575,0,0,202,150,0,0,0,0,0,0,0,0,0,0,0,,,,,,,,,"wrist"
"IZTECH_S016","IZTECH_S016_w","2025-05-10 05:18:19",FALSE,0,32,1,0,0,0,0,0,0,0,0,198,144,0,0,0,0,0,0,0,0,0,0,0,,,,,,,,,"wrist"
"IZTECH_S016","IZTECH_S016_w","2025-05-10 05:20:19",FALSE,0,32.06,1,0,0,0,0,0,0,0,0,197,139,0,0,0,0,0,0,0,0,0,0,0,,,,,,,,,"wrist"
"IZTECH_S016","IZTECH_S016_w","2025-05-10 05:22:19",FALSE,0,31.94,1,1860,15.5,58,0.483333,77,0.641667,0,0,218,167,0,0,0,0,0,0,0,0,0,0,0,,,,,,,,,"wrist"
"IZTECH_S016","IZTECH_S016_w","2025-05-10 05:24:19",FALSE,0,32,8,42,0.35,0,0,5,0.0416667,0,0,208,157,0,0,0,0,0,0,0,0,0,0,0,,,,,,,,,"wrist"
"IZTECH_S016","IZTECH_S016_w","2025-05-10 05:26:19",FALSE,0,32.31,1,908,7.56667,27,0.225,47,0.391667,0,0,182,112,0,0,0,0,0,0,0,0,0,0,0,,,,,,,,,"wrist"
"IZTECH_S016","IZTECH_S016_w","2025-05-10 05:28:19",FALSE,0,32.06,1,521,4.34167,18,0.15,22,0.183333,0,0,210,150,0,0,0,0,0,0,0,0,0,0,0,,,,,,,,,"wrist"
"IZTECH_S016","IZTECH_S016_w","2025-05-10 05:30:19",FALSE,0,32.12,1,0,0,0,0,0,0,0,0,208,147,0,0,0,0,0,0,0,0,0,0,0,,,,,,,,,"wrist"
"IZTECH_S016","IZTECH_S016_w","2025-05-10 05:32:19",FALSE,0,32.25,1,0,0,0,0,0,0,0,0,207,146,0,0,0,0,0,0,0,0,0,0,0,,,,,,,,,"wrist"
"IZTECH_S016","IZTECH_S016_w","2025-05-10 05:34:19",FALSE,0,32.25,1,0,0,0,0,0,0,0,0,208,147,0,0,0,0,0,0,0,0,0,0,0,,,,,,,,,"wrist"
"IZTECH_S016","IZTECH_S016_w","2025-05-10 05:36:19",FALSE,0,32.25,1,0,0,0,0,0,0,0,0,212,150,0,0,0,0,0,0,0,0,0,0,0,,,,,,,,,"wrist"
"IZTECH_S016","IZTECH_S016_w","2025-05-10 05:38:19",FALSE,0,32.56,8,930,7.75,19,0.158333,56,0.466667,0,0,180,136,0,0,0,0,0,0,0,0,0,0,0,,,,,,,,,"wrist"
"IZTECH_S016","IZTECH_S016_w","2025-05-10 05:40:19",FALSE,0,32.38,8,649,5.40833,26,0.216667,27,0.225,0,0,210,166,0,0,0,0,0,0,0,0,0,0,0,,,,,,,,,"wrist"
"IZTECH_S016","IZTECH_S016_w","2025-05-10 05:42:19",FALSE,0,32.56,8,75,0.625,0,0,4,0.0333333,0,0,174,128,0,0,0,0,0,0,0,0,0,0,0,,,,,,,,,"wrist"
"IZTECH_S016","IZTECH_S016_w","2025-05-10 05:44:19",FALSE,0,32.5,8,0,0,0,0,0,0,0,0,174,128,0,0,0,0,0,0,0,0,0,0,0,,,,,,,,,"wrist"
"IZTECH_S016","IZTECH_S016_w","2025-05-10 05:46:19",FALSE,0,32.44,8,0,0,0,0,0,0,0,0,173,128,0,0,0,0,0,0,0,0,0,0,0,,,,,,,,,"wrist"
"IZTECH_S016","IZTECH_S016_w","2025-05-10 05:48:19",FALSE,0,32.38,8,0,0,0,0,0,0,0,0,174,128,0,0,0,0,0,0,0,0,0,0,0,,,,,,,,,"wrist"
"IZTECH_S016","IZTECH_S016_w","2025-05-10 05:50:19",FALSE,0,32.38,8,0,0,0,0,0,0,0,0,175,128,0,0,0,0,0,0,0,0,0,0,0,,,,,,,,,"wrist"
"IZTECH_S016","IZTECH_S016_w","2025-05-10 05:52:19",FALSE,0,32.38,8,0,0,0,0,0,0,0,0,176,128,0,0,0,0,0,0,0,0,0,0,0,,,,,,,,,"wrist"
"IZTECH_S016","IZTECH_S016_w","2025-05-10 05:54:19",FALSE,0,32.31,8,0,0,0,0,0,0,0,0,175,128,0,0,0,0,0,0,0,0,0,0,0,,,,,,,,,"wrist"
"IZTECH_S016","IZTECH_S016_w","2025-05-10 05:56:19",FALSE,0,32.31,8,0,0,0,0,0,0,0,0,176,128,0,0,0,0,0,0,0,0,0,0,0,,,,,,,,,"wrist"
"IZTECH_S016","IZTECH_S016_w","2025-05-10 05:58:19",FALSE,0,32.31,8,0,0,0,0,0,0,0,0,176,128,0,0,0,0,0,0,0,0,0,0,0,,,,,,,,,"wrist"
"IZTECH_S016","IZTECH_S016_w","2025-05-10 06:00:19",FALSE,0,32.31,8,0,0,0,0,0,0,0,0,175,128,0,0,0,0,0,0,0,0,0,0,0,,,,,,,,,"wrist"
"IZTECH_S016","IZTECH_S016_w","2025-05-10 06:02:19",FALSE,0,32.31,8,0,0,0,0,0,0,0,0,177,128,0,0,0,0,0,0,0,0,0,0,0,,,,,,,,,"wrist"
"IZTECH_S016","IZTECH_S016_w","2025-05-10 06:04:19",FALSE,0,32.31,8,3,0.025,0,0,0,0,0,0,174,128,0,0,0,0,0,0,0,0,0,0,0,,,,,,,,,"wrist"
"IZTECH_S016","IZTECH_S016_w","2025-05-10 06:06:19",FALSE,0,32.31,8,0,0,0,0,0,0,0,0,175,128,0,0,0,0,0,0,0,0,0,0,0,,,,,,,,,"wrist"
"IZTECH_S016","IZTECH_S016_w","2025-05-10 06:08:19",FALSE,0,32.25,8,2413,20.1083,91,0.758333,105,0.875,0,0,177,128,0,0,0,0,0,0,0,0,0,0,0,,,,,,,,,"wrist"
"IZTECH_S016","IZTECH_S016_w","2025-05-10 06:10:19",FALSE,0,33.12,1,7306,60.8833,276,2.3,305,2.54167,0.01,0,128,96,0,0,0,0,0,0,0,0,0,0,0,,,,,,,,,"wrist"
"IZTECH_S016","IZTECH_S016_w","2025-05-10 06:12:19",FALSE,0,33.69,1,0,0,0,0,0,0,0,0,125,95,0,0,0,0,0,0,0,0,0,0,0,,,,,,,,,"wrist"
"IZTECH_S016","IZTECH_S016_w","2025-05-10 06:14:19",FALSE,0,34.19,1,0,0,0,0,0,0,0,0,124,96,0,0,0,0,0,0,0,0,0,0,0,,,,,,,,,"wrist"
"IZTECH_S016","IZTECH_S016_w","2025-05-10 06:16:19",FALSE,0,34.56,1,64,0.533333,0,0,1,0.00833333,0,0,124,95,0,0,0,0,0,0,0,0,0,0,0,,,,,,,,,"wrist"
"IZTECH_S016","IZTECH_S016_w","2025-05-10 06:18:19",FALSE,0,34.81,1,20,0.166667,0,0,0,0,0,0,124,93,0,0,0,0,0,0,0,0,0,0,0,,,,,,,,,"wrist"
"IZTECH_S016","IZTECH_S016_w","2025-05-10 06:20:19",FALSE,0,35.06,1,0,0,0,0,0,0,0,0,124,95,0,0,0,0,0,0,0,0,0,0,0,,,,,,,,,"wrist"
"IZTECH_S016","IZTECH_S016_w","2025-05-10 06:22:19",FALSE,0,35.19,1,1437,11.975,30,0.25,94,0.783333,0,0,141,93,0,0,0,0,0,0,0,0,0,0,0,,,,,,,,,"wrist"
"IZTECH_S016","IZTECH_S016_w","2025-05-10 06:24:19",FALSE,0,34.94,32,0,0,0,0,0,0,0,0,140,93,0,0,0,0,0,0,0,0,0,0,0,,,,,,,,,"wrist"
"IZTECH_S016","IZTECH_S016_w","2025-05-10 06:26:19",FALSE,0,34.88,32,0,0,0,0,0,0,0,0,140,93,0,0,0,0,0,0,0,0,0,0,0,,,,,,,,,"wrist"
"IZTECH_S016","IZTECH_S016_w","2025-05-10 06:28:19",FALSE,0,34.81,32,0,0,0,0,0,0,0,0,140,93,0,0,0,0,0,0,0,0,0,0,0,,,,,,,,,"wrist"
"IZTECH_S016","IZTECH_S016_w","2025-05-10 06:30:19",FALSE,0,34.75,32,2581,21.5083,67,0.558333,124,1.03333,0,0,166,95,0,0,0,0,0,0,0,0,0,0,0,,,,,,,,,"wrist"
"IZTECH_S016","IZTECH_S016_w","2025-05-10 06:32:19",FALSE,0,34.69,32,1354,11.2833,43,0.358333,56,0.466667,0,0,128,105,0,0,0,0,0,0,0,0,0,0,0,,,,,,,,,"wrist"
"IZTECH_S016","IZTECH_S016_w","2025-05-10 06:34:19",FALSE,0,34.44,32,238,1.98333,6,0.05,13,0.108333,0,0,128,101,0,0,0,0,0,0,0,0,0,0,0,,,,,,,,,"wrist"
"IZTECH_S016","IZTECH_S016_w","2025-05-10 06:36:19",FALSE,0,34.12,2,274,2.28333,11,0.0916667,14,0.116667,0.29,0,124,121,0,0,0,1e-04,1e-04,1e-04,1e-04,1e-04,0.06,0,0,,,,,,,,,"wrist"
"IZTECH_S016","IZTECH_S016_w","2025-05-10 06:38:19",FALSE,0,33.88,2,0,0,0,0,0,0,0.36,0,124,123,0,0,1e-04,1e-04,1e-04,1e-04,1e-04,2e-04,0.24,0,0,,,,,,,,,"wrist"
"IZTECH_S016","IZTECH_S016_w","2025-05-10 06:40:19",FALSE,0,33.75,2,0,0,0,0,0,0,0.56,0,124,123,0,0,1e-04,1e-04,1e-04,1e-04,2e-04,2e-04,0.17,0,0,,,,,,,,,"wrist"
"IZTECH_S016","IZTECH_S016_w","2025-05-10 06:42:19",FALSE,0,33.62,2,122,1.01667,1,0.00833333,8,0.0666667,0.83,0,124,131,0,1e-04,1e-04,2e-04,2e-04,2e-04,2e-04,3e-04,0.55,0,0,,,,,,,,,"wrist"
"IZTECH_S016","IZTECH_S016_w","2025-05-10 06:44:19",FALSE,0,33.62,2,8,0.0666667,0,0,1,0.00833333,1.14,0,124,129,0,1e-04,1e-04,2e-04,2e-04,2e-04,3e-04,5e-04,0.74,0,0,,,,,,,,,"wrist"
"IZTECH_S016","IZTECH_S016_w","2025-05-10 06:46:19",FALSE,0,33.62,2,3,0.025,0,0,0,0,1.49,0,124,129,0,1e-04,2e-04,3e-04,3e-04,3e-04,4e-04,6e-04,1.09,0,0,,,,,,,,,"wrist"
"IZTECH_S016","IZTECH_S016_w","2025-05-10 06:48:19",FALSE,0,33.56,2,0,0,0,0,0,0,2.02,0,124,131,1e-04,1e-04,2e-04,3e-04,4e-04,4e-04,6e-04,8e-04,1.48,0,0,,,,,,,,,"wrist"
"IZTECH_S016","IZTECH_S016_w","2025-05-10 06:50:19",FALSE,0,33.62,2,54,0.45,0,0,7,0.0583333,2.53,0,124,123,1e-04,2e-04,3e-04,4e-04,5e-04,5e-04,7e-04,0.001,1.91,0,0,,,,,,,,,"wrist"
"IZTECH_S016","IZTECH_S016_w","2025-05-10 06:52:19",FALSE,0,33.62,2,6,0.05,0,0,0,0,3.11,0,124,123,1e-04,2e-04,4e-04,5e-04,6e-04,7e-04,9e-04,0.0013,2.25,0,0,,,,,,,,,"wrist"
"IZTECH_S016","IZTECH_S016_w","2025-05-10 06:54:19",FALSE,0,33.62,2,0,0,0,0,0,0,4.21,0,124,128,2e-04,3e-04,5e-04,7e-04,8e-04,9e-04,0.0012,0.0017,3.03,0.01,0,,,,,,,,,"wrist"
"IZTECH_S016","IZTECH_S016_w","2025-05-10 06:56:19",FALSE,0,33.62,2,0,0,0,0,0,0,5.1,0.01,124,128,2e-04,4e-04,6e-04,8e-04,0.001,0.0011,0.0015,0.0021,3.7,0.01,0,,,,,,,,,"wrist"
"IZTECH_S016","IZTECH_S016_w","2025-05-10 06:58:19",FALSE,0,33.69,2,1100,9.16667,35,0.291667,52,0.433333,6.56,0.01,124,128,3e-04,5e-04,7e-04,0.0011,0.0012,0.0014,0.0019,0.0027,4.85,0.01,0,,,,,,,,,"wrist"
"IZTECH_S016","IZTECH_S016_w","2025-05-10 07:00:19",FALSE,0,33.5,8,7,0.0583333,0,0,1,0.00833333,14.12,0.01,151,138,7e-04,0.0011,0.0015,0.0022,0.0026,0.0031,0.0039,0.0054,10.61,0.02,0,,,,,,,,,"wrist"
"IZTECH_S016","IZTECH_S016_w","2025-05-10 07:02:19",FALSE,0,33.44,8,8,0.0666667,0,0,2,0.0166667,15.7,0.01,153,138,8e-04,0.0012,0.0017,0.0024,0.0028,0.0034,0.0044,0.0061,11.78,0.02,0,,,,,,,,,"wrist"
"IZTECH_S016","IZTECH_S016_w","2025-05-10 07:04:19",FALSE,0,33.62,8,920,7.66667,26,0.216667,47,0.391667,8.71,0.01,142,109,4e-04,7e-04,9e-04,0.0014,0.0016,0.002,0.0025,0.0037,6.21,0.01,0,,,,,,,,,"wrist"
"IZTECH_S016","IZTECH_S016_w","2025-05-10 07:06:19",FALSE,0,33.62,8,1093,9.10833,37,0.308333,57,0.475,6.5,0.01,142,110,3e-04,5e-04,7e-04,0.001,0.0012,0.0015,0.0019,0.0027,4.57,0.01,0,,,,,,,,,"wrist"
"IZTECH_S016","IZTECH_S016_w","2025-05-10 07:08:19",FALSE,0,33.69,1,152,1.26667,5,0.0416667,9,0.075,7.81,0.01,142,114,3e-04,6e-04,8e-04,0.0012,0.0014,0.0016,0.0021,0.0028,5.92,0.01,0,,,,,,,,,"wrist"
"IZTECH_S016","IZTECH_S016_w","2025-05-10 07:10:19",FALSE,0,33.81,1,7,0.0583333,0,0,0,0,5.75,0,142,113,2e-04,4e-04,6e-04,9e-04,0.001,0.0012,0.0015,0.0021,4.26,0.01,0,,,,,,,,,"wrist"
"IZTECH_S016","IZTECH_S016_w","2025-05-10 07:12:19",FALSE,0,33.88,1,5,0.0416667,0,0,0,0,4.33,0,145,115,2e-04,3e-04,4e-04,6e-04,8e-04,9e-04,0.0011,0.0015,3.11,0,0,,,,,,,,,"wrist"
"IZTECH_S016","IZTECH_S016_w","2025-05-10 07:14:19",FALSE,0,33.75,16,3346,27.8833,117,0.975,151,1.25833,1.24,0,128,109,0,1e-04,1e-04,2e-04,3e-04,3e-04,4e-04,5e-04,0.59,0,0,,,,,,,,,"wrist"
"IZTECH_S016","IZTECH_S016_w","2025-05-10 07:16:19",FALSE,0,33.69,1,0,0,0,0,0,0,0.37,0,128,107,0,0,0,1e-04,1e-04,1e-04,2e-04,2e-04,0,0,0,,,,,,,,,"wrist"
"IZTECH_S016","IZTECH_S016_w","2025-05-10 07:18:19",FALSE,0,33.69,1,17,0.141667,0,0,2,0.0166667,0.04,0,128,107,0,0,0,0,0,0,1e-04,1e-04,0,0,0,,,,,,,,,"wrist"
"IZTECH_S016","IZTECH_S016_w","2025-05-10 07:20:19",FALSE,0,33.62,1,3,0.025,0,0,0,0,0.02,0,128,107,0,0,0,0,0,0,1e-04,1e-04,0,0,0,,,,,,,,,"wrist"
"IZTECH_S016","IZTECH_S016_w","2025-05-10 07:22:19",FALSE,0,33.62,1,19,0.158333,0,0,2,0.0166667,0.17,0,128,107,0,0,0,0,1e-04,1e-04,1e-04,1e-04,0,0,0,,,,,,,,,"wrist"
"IZTECH_S016","IZTECH_S016_w","2025-05-10 07:24:19",FALSE,0,33.56,1,0,0,0,0,0,0,0.4,0,128,106,0,0,1e-04,1e-04,1e-04,1e-04,2e-04,2e-04,0.06,0,0,,,,,,,,,"wrist"
"IZTECH_S016","IZTECH_S016_w","2025-05-10 07:26:19",FALSE,0,33.62,1,0,0,0,0,0,0,0.91,0,128,106,0,1e-04,1e-04,1e-04,2e-04,2e-04,3e-04,4e-04,0.42,0,0,,,,,,,,,"wrist"
"IZTECH_S016","IZTECH_S016_w","2025-05-10 07:28:19",FALSE,0,33.56,1,0,0,0,0,0,0,1.5,0,128,106,1e-04,1e-04,2e-04,3e-04,3e-04,3e-04,4e-04,6e-04,0.98,0,0,,,,,,,,,"wrist"
"IZTECH_S016","IZTECH_S016_w","2025-05-10 07:30:19",FALSE,0,33.56,1,0,0,0,0,0,0,2.29,0,128,106,1e-04,2e-04,2e-04,4e-04,4e-04,5e-04,6e-04,8e-04,1.58,0,0,,,,,,,,,"wrist"
"IZTECH_S016","IZTECH_S016_w","2025-05-10 07:32:19",FALSE,0,33.56,1,0,0,0,0,0,0,3.37,0,128,106,1e-04,2e-04,4e-04,5e-04,6e-04,7e-04,9e-04,0.0012,2.48,0,0,,,,,,,,,"wrist"
"IZTECH_S016","IZTECH_S016_w","2025-05-10 07:34:19",FALSE,0,33.56,1,0,0,0,0,0,0,4.95,0,128,105,2e-04,4e-04,5e-04,8e-04,9e-04,0.001,0.0013,0.0017,3.81,0.01,0,,,,,,,,,"wrist"
"IZTECH_S016","IZTECH_S016_w","2025-05-10 07:36:19",FALSE,0,33.56,1,0,0,0,0,0,0,7.36,0.01,128,105,3e-04,6e-04,8e-04,0.0011,0.0013,0.0015,0.0019,0.0026,5.75,0.01,0,,,,,,,,,"wrist"
"IZTECH_S016","IZTECH_S016_w","2025-05-10 07:38:19",FALSE,0,33.5,1,0,0,0,0,0,0,13.13,0.01,128,105,6e-04,0.001,0.0014,0.002,0.0024,0.0028,0.0035,0.0047,10.05,0.01,0,,,,,,,,,"wrist"
"IZTECH_S016","IZTECH_S016_w","2025-05-10 07:40:19",FALSE,0,33.5,1,0,0,0,0,0,0,20.14,0.02,128,105,9e-04,0.0015,0.0021,0.0031,0.0036,0.0043,0.0054,0.0073,15.44,0.02,0,,,,,,,,,"wrist"
"IZTECH_S016","IZTECH_S016_w","2025-05-10 07:42:19",FALSE,0,33.5,1,0,0,0,0,0,0,20.52,0.02,128,106,9e-04,0.0016,0.0021,0.0032,0.0037,0.0044,0.0055,0.0075,15.62,0.02,0,,,,,,,,,"wrist"
"IZTECH_S016","IZTECH_S016_w","2025-05-10 07:44:19",FALSE,0,33.44,1,0,0,0,0,0,0,16.59,0.01,128,105,7e-04,0.0013,0.0017,0.0025,0.003,0.0036,0.0044,0.006,12.58,0.02,0,,,,,,,,,"wrist"
"IZTECH_S016","IZTECH_S016_w","2025-05-10 07:46:19",FALSE,0,33.44,1,0,0,0,0,0,0,14.48,0.01,128,105,7e-04,0.0011,0.0015,0.0022,0.0026,0.0031,0.0038,0.0052,11.06,0.02,0,,,,,,,,,"wrist"
"IZTECH_S016","IZTECH_S016_w","2025-05-10 07:48:19",FALSE,0,33.5,1,0,0,0,0,0,0,8.19,0.01,125,104,4e-04,6e-04,9e-04,0.0013,0.0015,0.0018,0.0022,0.0029,6.41,0.01,0,,,,,,,,,"wrist"
"IZTECH_S016","IZTECH_S016_w","2025-05-10 07:50:19",FALSE,0,33.44,1,0,0,0,0,0,0,7.07,0.01,128,103,3e-04,5e-04,8e-04,0.0011,0.0013,0.0015,0.0018,0.0024,5.51,0.01,0,,,,,,,,,"wrist"
"IZTECH_S016","IZTECH_S016_w","2025-05-10 07:52:19",FALSE,0,33.44,1,0,0,0,0,0,0,8.25,0.01,125,104,4e-04,6e-04,9e-04,0.0013,0.0015,0.0018,0.0021,0.0028,6.46,0.01,0,,,,,,,,,"wrist"
"IZTECH_S016","IZTECH_S016_w","2025-05-10 07:54:19",FALSE,0,33.44,1,0,0,0,0,0,0,9.55,0.01,128,102,4e-04,7e-04,0.001,0.0015,0.0017,0.002,0.0025,0.0033,7.41,0.01,0,,,,,,,,,"wrist"
"IZTECH_S016","IZTECH_S016_w","2025-05-10 07:56:19",FALSE,0,33.44,1,0,0,0,0,0,0,11.77,0.01,125,102,5e-04,9e-04,0.0012,0.0018,0.0021,0.0025,0.003,0.0041,9.14,0.01,0,,,,,,,,,"wrist"
"IZTECH_S016","IZTECH_S016_w","2025-05-10 07:58:19",FALSE,0,33.38,1,0,0,0,0,0,0,10.22,0.01,125,103,4e-04,8e-04,0.0011,0.0016,0.0018,0.0021,0.0026,0.0035,8,0.01,0,,,,,,,,,"wrist"
"IZTECH_S016","IZTECH_S016_w","2025-05-10 08:00:19",FALSE,0,33.38,1,1330,11.0833,32,0.266667,65,0.541667,11.73,0.01,125,102,5e-04,9e-04,0.0012,0.0018,0.0021,0.0025,0.003,0.0041,9.25,0.01,0,,,,,,,,,"wrist"
"IZTECH_S016","IZTECH_S016_w","2025-05-10 08:02:19",FALSE,0,33.06,2,1863,15.525,47,0.391667,83,0.691667,14.43,0.01,124,128,6e-04,0.0011,0.0015,0.0022,0.0026,0.0031,0.0038,0.0051,11.31,0.02,0,,,,,,,,,"wrist"
"IZTECH_S016","IZTECH_S016_w","2025-05-10 08:04:19",FALSE,0,33,2,370,3.08333,13,0.108333,23,0.191667,8.54,0.01,189,150,4e-04,7e-04,9e-04,0.0013,0.0016,0.0019,0.0024,0.0033,6.42,0.01,0,,,,,,,,,"wrist"
"IZTECH_S016","IZTECH_S016_w","2025-05-10 08:06:19",FALSE,0,33.19,32,0,0,0,0,0,0,0,0,128,113,0,0,0,0,0,0,0,0,0,0,0,,,,,,,,,"wrist"
"IZTECH_S016","IZTECH_S016_w","2025-05-10 08:08:19",FALSE,0,33.38,32,625,5.20833,15,0.125,38,0.316667,1.66,0,125,128,1e-04,1e-04,2e-04,3e-04,3e-04,4e-04,4e-04,6e-04,1.39,0,0,,,,,,,,,"wrist"
"IZTECH_S016","IZTECH_S016_w","2025-05-10 08:10:19",FALSE,0,33.12,2,320,2.66667,5,0.0416667,13,0.108333,7.33,0.01,128,131,3e-04,6e-04,8e-04,0.0012,0.0013,0.0016,0.002,0.0028,5.7,0.01,0,,,,,,,,,"wrist"
"IZTECH_S016","IZTECH_S016_w","2025-05-10 08:12:19",FALSE,0,33.19,2,369,3.075,9,0.075,31,0.258333,11.91,0.01,128,130,6e-04,9e-04,0.0013,0.0019,0.0021,0.0026,0.0033,0.0045,9.09,0.01,0,,,,,,,,,"wrist"
"IZTECH_S016","IZTECH_S016_w","2025-05-10 08:14:19",FALSE,0,33.12,2,166,1.38333,1,0.00833333,13,0.108333,17.85,0.02,125,138,9e-04,0.0015,0.0019,0.0028,0.0032,0.0039,0.005,0.0069,13.7,0.02,0,,,,,,,,,"wrist"
"IZTECH_S016","IZTECH_S016_w","2025-05-10 08:16:19",FALSE,0,33.19,2,0,0,0,0,0,0,19.41,0.02,125,139,0.001,0.0016,0.0021,0.0031,0.0035,0.0043,0.0054,0.0075,14.91,0.02,0,,,,,,,,,"wrist"
"IZTECH_S016","IZTECH_S016_w","2025-05-10 08:18:19",FALSE,0,33.38,2,709,5.90833,13,0.108333,38,0.316667,13.22,0.01,124,129,7e-04,0.0011,0.0014,0.0021,0.0024,0.003,0.0037,0.0053,9.92,0.02,0,,,,,,,,,"wrist"
"IZTECH_S016","IZTECH_S016_w","2025-05-10 08:20:19",FALSE,0,33.44,2,0,0,0,0,0,0,23.8,0.02,124,128,0.0012,0.0019,0.0026,0.0037,0.0043,0.0053,0.0066,0.0092,18.18,0.03,0,,,,,,,,,"wrist"
"IZTECH_S016","IZTECH_S016_w","2025-05-10 08:22:19",FALSE,0,33.5,2,0,0,0,0,0,0,25.74,0.02,124,128,0.0013,0.0021,0.0028,0.004,0.0047,0.0057,0.0072,0.0099,19.58,0.03,0,,,,,,,,,"wrist"
"IZTECH_S016","IZTECH_S016_w","2025-05-10 08:24:19",FALSE,0,33.56,2,0,0,0,0,0,0,24.86,0.02,124,128,0.0012,0.002,0.0027,0.0039,0.0045,0.0055,0.0069,0.0096,18.95,0.03,0,,,,,,,,,"wrist"
"IZTECH_S016","IZTECH_S016_w","2025-05-10 08:26:19",FALSE,0,33.62,1,1232,10.2667,37,0.308333,66,0.55,46.48,0.03,156,129,0.002,0.0034,0.0045,0.0067,0.0082,0.0097,0.0119,0.0158,35.77,0.04,0,,,,,,,,,"wrist"
"IZTECH_S016","IZTECH_S016_w","2025-05-10 08:28:19",FALSE,0,33.81,1,519,4.325,12,0.1,36,0.3,41.52,0.02,159,98,0.0017,0.0029,0.004,0.006,0.0071,0.0083,0.0102,0.0133,33.6,0.04,0,,,,,,,,,"wrist"
"IZTECH_S016","IZTECH_S016_w","2025-05-10 08:30:19",FALSE,0,33.94,1,496,4.13333,6,0.05,28,0.233333,8.21,0,161,99,3e-04,5e-04,8e-04,0.0012,0.0014,0.0016,0.002,0.0025,6.5,0.01,0,,,,,,,,,"wrist"
"IZTECH_S016","IZTECH_S016_w","2025-05-10 08:32:19",FALSE,0,33.88,1,4412,36.7667,86,0.716667,247,2.05833,5.5,0,128,123,2e-04,4e-04,6e-04,8e-04,0.001,0.0012,0.0014,0.0018,4.15,0.01,0,,,,,,,,,"wrist"
"IZTECH_S016","IZTECH_S016_w","2025-05-10 08:34:19",FALSE,0,33.88,32,3873,32.275,87,0.725,242,2.01667,0.15,0,128,107,0,0,0,0,0,0,0,1e-04,0.09,0,0,,,,,,,,,"wrist"
"IZTECH_S016","IZTECH_S016_w","2025-05-10 08:36:19",FALSE,0,33.94,32,559,4.65833,13,0.108333,25,0.208333,0,0,128,101,0,0,0,0,0,0,0,0,0,0,0,,,,,,,,,"wrist"
"IZTECH_S016","IZTECH_S016_w","2025-05-10 08:38:19",FALSE,0,34,32,0,0,0,0,0,0,0,0,128,100,0,0,0,0,0,0,0,0,0,0,0,,,,,,,,,"wrist"
"IZTECH_S016","IZTECH_S016_w","2025-05-10 08:40:19",FALSE,0,34.06,2,475,3.95833,12,0.1,23,0.191667,3.18,0,124,114,2e-04,3e-04,4e-04,5e-04,6e-04,7e-04,8e-04,0.0012,2.35,0,0,,,,,,,,,"wrist"
"IZTECH_S016","IZTECH_S016_w","2025-05-10 08:42:19",FALSE,0,34.12,2,2561,21.3417,58,0.483333,134,1.11667,4.19,0,128,109,2e-04,3e-04,5e-04,7e-04,8e-04,9e-04,0.0011,0.0015,3.21,0.01,0,,,,,,,,,"wrist"
"IZTECH_S016","IZTECH_S016_w","2025-05-10 08:44:19",FALSE,0,33.75,8,2999,24.9917,115,0.958333,114,0.95,4.93,0,196,161,2e-04,3e-04,5e-04,7e-04,9e-04,0.001,0.0012,0.0016,3.9,0,0,,,,,,,,,"wrist"
"IZTECH_S016","IZTECH_S016_w","2025-05-10 08:46:19",FALSE,0,33.56,4,11,0.0916667,0,0,1,0.00833333,9.42,0.01,128,119,4e-04,7e-04,0.001,0.0015,0.0017,0.0019,0.0023,0.003,7.72,0.01,0,,,,,,,,,"wrist"
"IZTECH_S016","IZTECH_S016_w","2025-05-10 08:48:19",FALSE,0,33.62,4,2648,22.0667,83,0.691667,124,1.03333,10.58,0.01,130,110,5e-04,8e-04,0.0011,0.0017,0.0019,0.0022,0.0026,0.0034,8.75,0.01,0,,,,,,,,,"wrist"
"IZTECH_S016","IZTECH_S016_w","2025-05-10 08:50:19",FALSE,0,33.69,1,6900,57.5,233,1.94167,391,3.25833,17.54,0.01,136,115,7e-04,0.0013,0.0018,0.0026,0.003,0.0035,0.0041,0.0053,14.78,0.02,0,,,,,,,,,"wrist"
"IZTECH_S016","IZTECH_S016_w","2025-05-10 08:52:19",FALSE,0,33.5,1,2745,22.875,64,0.533333,108,0.9,21.83,0.01,128,139,0.001,0.0017,0.0023,0.0033,0.0038,0.0043,0.0051,0.0065,18.83,0.02,0,,,,,,,,,"wrist"
"IZTECH_S016","IZTECH_S016_w","2025-05-10 08:54:19",FALSE,0,33.38,1,475,3.95833,0,0,38,0.316667,21.26,0.01,128,134,9e-04,0.0016,0.0022,0.0031,0.0037,0.0043,0.0051,0.0065,17.62,0.02,0,,,,,,,,,"wrist"
"IZTECH_S016","IZTECH_S016_w","2025-05-10 08:56:19",FALSE,0,33.38,32,9995,83.2917,274,2.28333,399,3.325,11.05,0.01,133,107,5e-04,8e-04,0.0012,0.0017,0.002,0.0023,0.0027,0.0035,8.94,0.01,0,,,,,,,,,"wrist"
"IZTECH_S016","IZTECH_S016_w","2025-05-10 08:58:19",FALSE,0,33.44,32,3557,29.6417,102,0.85,213,1.775,3.51,0,129,94,2e-04,3e-04,4e-04,6e-04,7e-04,8e-04,0.001,0.0014,2.52,0,0,,,,,,,,,"wrist"
"IZTECH_S016","IZTECH_S016_w","2025-05-10 09:00:19",FALSE,0,33.62,32,59,0.491667,0,0,4,0.0333333,0,0,124,93,0,0,0,0,0,0,0,0,0,0,0,,,,,,,,,"wrist"
"IZTECH_S016","IZTECH_S016_w","2025-05-10 09:02:19",FALSE,0,33.75,32,1662,13.85,38,0.316667,103,0.858333,0.13,0,132,95,0,0,0,1e-04,1e-04,1e-04,1e-04,2e-04,0,0,0,,,,,,,,,"wrist"
"IZTECH_S016","IZTECH_S016_w","2025-05-10 09:04:19",FALSE,0,33.69,2,8939,74.4917,211,1.75833,529,4.40833,13.6,0.01,128,95,5e-04,0.0011,0.0012,0.0019,0.0023,0.0027,0.003,0.0035,11.16,0.01,0,,,,,,,,,"wrist"
"IZTECH_S016","IZTECH_S016_w","2025-05-10 09:06:19",FALSE,0,33.62,2,556,4.63333,6,0.05,48,0.4,7.66,0,128,94,1e-04,7e-04,4e-04,9e-04,0.0013,0.0014,0.0012,7e-04,6.03,0,0,,,,,,,,,"wrist"
"IZTECH_S016","IZTECH_S016_w","2025-05-10 09:08:19",FALSE,0,33.44,8,6202,51.6833,195,1.625,318,2.65,23.09,0,142,99,4e-04,0.0023,0.0013,0.0029,0.0039,0.0038,0.0031,0.0016,20.41,0.01,0,,,,,,,,,"wrist"
"IZTECH_S016","IZTECH_S016_w","2025-05-10 09:10:19",FALSE,0,33.19,32,9462,78.85,289,2.40833,541,4.50833,8.91,0,137,95,2e-04,8e-04,5e-04,0.0011,0.0015,0.0016,0.0013,9e-04,7.33,0,0,,,,,,,,,"wrist"
"IZTECH_S016","IZTECH_S016_w","2025-05-10 09:12:19",FALSE,0,33,32,2246,18.7167,65,0.541667,107,0.891667,16.12,0.01,149,107,7e-04,0.0012,0.0017,0.0024,0.0029,0.0033,0.004,0.0052,12.78,0.02,0,,,,,,,,,"wrist"
"IZTECH_S016","IZTECH_S016_w","2025-05-10 09:14:19",FALSE,0,32.88,32,1498,12.4833,12,0.1,105,0.875,24.71,0.01,148,114,0.001,0.0019,0.0025,0.0038,0.0043,0.005,0.0061,0.0077,20.47,0.02,0,,,,,,,,,"wrist"
"IZTECH_S016","IZTECH_S016_w","2025-05-10 09:16:19",FALSE,0,32.5,32,1160,9.66667,16,0.133333,95,0.791667,27.35,0.02,172,142,0.0012,0.0021,0.0028,0.0041,0.0048,0.0056,0.0067,0.0087,22.13,0.03,0,,,,,,,,,"wrist"
"IZTECH_S016","IZTECH_S016_w","2025-05-10 09:18:19",FALSE,0,32.44,8,2894,24.1167,45,0.375,229,1.90833,28.51,0.02,189,150,0.0012,0.0021,0.0029,0.0042,0.005,0.0058,0.007,0.009,22.94,0.03,0,,,,,,,,,"wrist"
"IZTECH_S016","IZTECH_S016_w","2025-05-10 09:20:19",FALSE,0,32.38,32,4895,40.7917,123,1.025,230,1.91667,52.79,0.03,141,106,0.0023,0.004,0.0053,0.008,0.009,0.0106,0.0129,0.0166,44.17,0.05,0,,,,,,,,,"wrist"
"IZTECH_S016","IZTECH_S016_w","2025-05-10 09:22:19",FALSE,0,32.44,8,1298,10.8167,20,0.166667,91,0.758333,34.79,0.02,147,128,0.0015,0.0026,0.0035,0.0052,0.0061,0.0071,0.0085,0.0112,28.18,0.03,0,,,,,,,,,"wrist"
"IZTECH_S016","IZTECH_S016_w","2025-05-10 09:24:19",FALSE,0,32.81,8,570,4.75,0,0,40,0.333333,28.07,0.02,135,107,0.0012,0.0021,0.0028,0.0042,0.0049,0.0057,0.0069,0.0091,22.75,0.03,0,,,,,,,,,"wrist"
"IZTECH_S016","IZTECH_S016_w","2025-05-10 09:26:19",FALSE,0,33.31,1,202,1.68333,1,0.00833333,13,0.108333,14.58,0.01,135,97,6e-04,0.0011,0.0015,0.0022,0.0025,0.003,0.0035,0.0047,11.69,0.01,0,,,,,,,,,"wrist"
"IZTECH_S016","IZTECH_S016_w","2025-05-10 09:28:19",FALSE,0,33.56,1,186,1.55,0,0,13,0.108333,11.15,0.01,143,114,4e-04,8e-04,0.0011,0.0016,0.002,0.0023,0.0027,0.0035,8.85,0.01,0,,,,,,,,,"wrist"
"IZTECH_S016","IZTECH_S016_w","2025-05-10 09:30:19",FALSE,0,33.62,8,957,7.975,20,0.166667,64,0.533333,9.86,0.01,153,128,4e-04,7e-04,0.001,0.0015,0.0018,0.002,0.0024,0.0031,7.84,0.01,0,,,,,,,,,"wrist"
"IZTECH_S016","IZTECH_S016_w","2025-05-10 09:32:19",FALSE,0,33.5,8,277,2.30833,0,0,13,0.108333,8.12,0,150,122,3e-04,6e-04,8e-04,0.0012,0.0015,0.0017,0.002,0.0026,6.37,0.01,0,,,,,,,,,"wrist"
"IZTECH_S016","IZTECH_S016_w","2025-05-10 09:34:19",FALSE,0,33.56,8,759,6.325,9,0.075,33,0.275,8.87,0.01,150,108,4e-04,7e-04,9e-04,0.0013,0.0016,0.0018,0.0021,0.0028,7.18,0.01,0,,,,,,,,,"wrist"
"IZTECH_S016","IZTECH_S016_w","2025-05-10 09:36:19",FALSE,0,33.56,8,1245,10.375,27,0.225,75,0.625,2.97,0,151,122,1e-04,2e-04,3e-04,5e-04,6e-04,7e-04,8e-04,0.0011,2.07,0,0,,,,,,,,,"wrist"
"IZTECH_S016","IZTECH_S016_w","2025-05-10 09:38:19",FALSE,0,33.56,8,1203,10.025,13,0.108333,81,0.675,3.34,0,138,112,1e-04,2e-04,3e-04,5e-04,6e-04,7e-04,9e-04,0.0013,2.25,0,0,,,,,,,,,"wrist"
"IZTECH_S016","IZTECH_S016_w","2025-05-10 09:40:19",FALSE,0,33.5,8,4664,38.8667,123,1.025,216,1.8,5.4,0,163,119,2e-04,4e-04,6e-04,9e-04,9e-04,0.0011,0.0014,0.0017,4.5,0.01,0,,,,,,,,,"wrist"
"IZTECH_S016","IZTECH_S016_w","2025-05-10 09:42:19",FALSE,0,33.12,1,1250,10.4167,35,0.291667,81,0.675,0.16,0,131,94,0,0,0,0,0,0,1e-04,1e-04,0.09,0,0,,,,,,,,,"wrist"
"IZTECH_S016","IZTECH_S016_w","2025-05-10 09:44:19",FALSE,0,33.19,1,600,5,23,0.191667,25,0.208333,7.61,0,128,110,3e-04,6e-04,8e-04,0.0011,0.0013,0.0015,0.0018,0.0023,6.6,0.01,0,,,,,,,,,"wrist"
"IZTECH_S016","IZTECH_S016_w","2025-05-10 09:46:19",FALSE,0,33.25,1,8,0.0666667,0,0,0,0,44.39,0.02,128,103,0.0019,0.0033,0.0044,0.0064,0.0076,0.0088,0.0104,0.0133,37.36,0.04,0,,,,,,,,,"wrist"
"IZTECH_S016","IZTECH_S016_w","2025-05-10 09:48:19",FALSE,0,33.25,1,4284,35.7,96,0.8,239,1.99167,45.84,0.02,147,106,0.002,0.0034,0.0046,0.0067,0.0079,0.0092,0.0108,0.0139,38.34,0.04,0,,,,,,,,,"wrist"
"IZTECH_S016","IZTECH_S016_w","2025-05-10 09:50:19",FALSE,0,32.75,32,13489,112.408,359,2.99167,867,7.225,21.78,0.01,169,118,0.001,0.0016,0.0021,0.0031,0.0038,0.0047,0.0057,0.0074,16.62,0.02,0,,,,,,,,,"wrist"
"IZTECH_S016","IZTECH_S016_w","2025-05-10 09:52:19",FALSE,0,32.31,32,11248,93.7333,250,2.08333,743,6.19167,8.38,0.01,146,107,4e-04,6e-04,8e-04,0.0012,0.0015,0.0019,0.0023,0.0032,5.75,0.01,0,,,,,,,,,"wrist"
"IZTECH_S016","IZTECH_S016_w","2025-05-10 09:54:19",FALSE,0,31.88,1,13887,115.725,372,3.1,985,8.20833,11.16,0.01,132,106,4e-04,8e-04,0.001,0.0015,0.002,0.0024,0.003,0.0038,7.79,0.01,0,,,,,,,,,"wrist"
"IZTECH_S016","IZTECH_S016_w","2025-05-10 09:56:19",FALSE,0,31.81,32,9318,77.65,213,1.775,580,4.83333,11.88,0.01,187,148,4e-04,7e-04,0.001,0.0014,0.0022,0.0029,0.0036,0.0051,5.95,0.01,0,,,,,,,,,"wrist"
"IZTECH_S016","IZTECH_S016_w","2025-05-10 09:58:19",FALSE,0,32.31,4,10885,90.7083,266,2.21667,678,5.65,49.89,0.02,139,98,0.002,0.0034,0.0046,0.0066,0.0086,0.0102,0.0122,0.0152,38.11,0.04,0,,,,,,,,,"wrist"
"IZTECH_S016","IZTECH_S016_w","2025-05-10 10:00:19",FALSE,0,32.31,1,8822,73.5167,188,1.56667,497,4.14167,89.23,0.04,128,98,0.0034,0.0061,0.0081,0.0119,0.0153,0.0181,0.0217,0.0268,68.91,0.07,0,,,,,,,,,"wrist"
"IZTECH_S016","IZTECH_S016_w","2025-05-10 10:02:19",FALSE,0,32.25,1,5411,45.0917,100,0.833333,327,2.725,54.35,0.03,151,94,0.0023,0.004,0.0052,0.0075,0.0094,0.0113,0.0138,0.0173,42.43,0.05,0,,,,,,,,,"wrist"
"IZTECH_S016","IZTECH_S016_w","2025-05-10 10:04:19",FALSE,0,32.38,1,3592,29.9333,52,0.433333,234,1.95,69.99,0.03,146,94,0.0029,0.0051,0.0067,0.0097,0.012,0.0145,0.0175,0.0216,55.34,0.06,0,,,,,,,,,"wrist"
"IZTECH_S016","IZTECH_S016_w","2025-05-10 10:06:19",FALSE,0,32.56,4,2972,24.7667,42,0.35,230,1.91667,55.13,0.03,128,98,0.0024,0.0042,0.0054,0.0078,0.0095,0.0114,0.0138,0.0173,44.19,0.05,0,,,,,,,,,"wrist"
"IZTECH_S016","IZTECH_S016_w","2025-05-10 10:08:19",FALSE,0,32.88,16,1416,11.8,24,0.2,87,0.725,61.53,0.03,142,94,0.0028,0.0048,0.0062,0.0088,0.0107,0.0128,0.0156,0.0196,50.14,0.06,0,,,,,,,,,"wrist"
"IZTECH_S016","IZTECH_S016_w","2025-05-10 10:10:19",FALSE,0,33.06,16,3310,27.5833,84,0.7,190,1.58333,98.49,0.06,161,94,0.0044,0.0074,0.0098,0.014,0.0171,0.0206,0.025,0.0316,78.65,0.09,0,,,,,,,,,"wrist"
"IZTECH_S016","IZTECH_S016_w","2025-05-10 10:12:19",FALSE,0,33.12,1,3911,32.5917,71,0.591667,238,1.98333,64.42,0.03,128,94,0.0027,0.0048,0.0062,0.0091,0.0111,0.0133,0.016,0.0201,51.59,0.06,0,,,,,,,,,"wrist"
"IZTECH_S016","IZTECH_S016_w","2025-05-10 10:14:19",FALSE,0,32.94,1,3586,29.8833,77,0.641667,242,2.01667,52.78,0.02,133,134,0.0022,0.0039,0.005,0.0074,0.009,0.0109,0.0131,0.0164,42.11,0.05,0,,,,,,,,,"wrist"
"IZTECH_S016","IZTECH_S016_w","2025-05-10 10:16:19",FALSE,0,33.12,4,9406,78.3833,247,2.05833,502,4.18333,57.71,0.03,142,102,0.0025,0.0042,0.0056,0.0082,0.0098,0.0119,0.0144,0.0181,46.51,0.05,0,,,,,,,,,"wrist"
"IZTECH_S016","IZTECH_S016_w","2025-05-10 10:18:19",FALSE,0,32.94,1,5400,45,159,1.325,224,1.86667,35.28,0.03,201,134,0.0016,0.0027,0.0036,0.0053,0.0063,0.0074,0.0088,0.0116,27.66,0.04,0,,,,,,,,,"wrist"
"IZTECH_S016","IZTECH_S016_w","2025-05-10 10:20:19",FALSE,0,33,16,1074,8.95,36,0.3,35,0.291667,45.39,0.03,143,107,0.002,0.0034,0.0047,0.0069,0.0081,0.0094,0.0112,0.0145,36.03,0.05,0,,,,,,,,,"wrist"
"IZTECH_S016","IZTECH_S016_w","2025-05-10 10:22:19",FALSE,0,33.06,16,1474,12.2833,45,0.375,72,0.6,48.09,0.03,131,94,0.0021,0.0036,0.0049,0.0073,0.0085,0.01,0.0118,0.0154,38.29,0.05,0,,,,,,,,,"wrist"
"IZTECH_S016","IZTECH_S016_w","2025-05-10 10:24:19",FALSE,0,33.06,1,1981,16.5083,55,0.458333,84,0.7,41.46,0.03,165,95,0.0018,0.0031,0.0042,0.0062,0.0074,0.0086,0.0102,0.0133,32.93,0.04,0,,,,,,,,,"wrist"
"IZTECH_S016","IZTECH_S016_w","2025-05-10 10:26:19",FALSE,0,33.12,16,3062,25.5167,97,0.808333,118,0.983333,61.28,0.04,172,94,0.0028,0.0047,0.0063,0.0093,0.0108,0.0127,0.0151,0.0199,49.11,0.06,0,,,,,,,,,"wrist"
"IZTECH_S016","IZTECH_S016_w","2025-05-10 10:28:19",FALSE,0,33.12,1,3052,25.4333,95,0.791667,148,1.23333,59.74,0.05,143,95,0.0028,0.0047,0.0062,0.0091,0.0107,0.0127,0.0151,0.0202,47.2,0.06,0,,,,,,,,,"wrist"
"IZTECH_S016","IZTECH_S016_w","2025-05-10 10:30:19",FALSE,0,32.94,1,2253,18.775,55,0.458333,139,1.15833,115.81,0.08,132,102,0.0051,0.0086,0.0117,0.0173,0.0203,0.0239,0.0283,0.0366,92.58,0.11,0,,,,,,,,,"wrist"
"IZTECH_S016","IZTECH_S016_w","2025-05-10 10:32:19",FALSE,0,32.94,1,57,0.475,0,0,5,0.0416667,65.73,0.05,153,122,0.0029,0.005,0.0067,0.0099,0.0116,0.0137,0.0163,0.0214,52.36,0.07,0,,,,,,,,,"wrist"
"IZTECH_S016","IZTECH_S016_w","2025-05-10 10:34:19",FALSE,0,32.88,16,1710,14.25,35,0.291667,118,0.983333,76.09,0.05,148,134,0.0034,0.0057,0.0078,0.0115,0.0134,0.0158,0.0186,0.0243,61.02,0.07,0,,,,,,,,,"wrist"
"IZTECH_S016","IZTECH_S016_w","2025-05-10 10:36:19",FALSE,0,33.06,16,1041,8.675,24,0.2,63,0.525,59.94,0.04,175,98,0.0027,0.0045,0.0062,0.0091,0.0106,0.0124,0.0146,0.0191,48.29,0.06,0,,,,,,,,,"wrist"
"IZTECH_S016","IZTECH_S016_w","2025-05-10 10:38:19",FALSE,0,33.19,16,1215,10.125,22,0.183333,64,0.533333,30.45,0.02,170,98,0.0015,0.0025,0.0033,0.0048,0.0055,0.0065,0.0077,0.0104,24.69,0.03,0,,,,,,,,,"wrist"
"IZTECH_S016","IZTECH_S016_w","2025-05-10 10:40:19",FALSE,0,33.19,16,3390,28.25,95,0.791667,163,1.35833,56.45,0.04,156,96,0.0026,0.0044,0.0059,0.0086,0.01,0.0119,0.0142,0.0189,45.1,0.06,0,,,,,,,,,"wrist"
"IZTECH_S016","IZTECH_S016_w","2025-05-10 10:42:19",FALSE,0,33.12,1,2667,22.225,61,0.508333,138,1.15,43.86,0.04,180,99,0.0021,0.0036,0.0047,0.0069,0.0079,0.0094,0.0112,0.0151,34.86,0.05,0,,,,,,,,,"wrist"
"IZTECH_S016","IZTECH_S016_w","2025-05-10 10:44:19",FALSE,0,33.19,1,1664,13.8667,54,0.45,74,0.616667,20.1,0.02,161,96,0.001,0.0017,0.0022,0.0032,0.0036,0.0043,0.0052,0.007,16.24,0.02,0,,,,,,,,,"wrist"
"IZTECH_S016","IZTECH_S016_w","2025-05-10 10:46:19",FALSE,0,33.25,16,1373,11.4417,25,0.208333,80,0.666667,20.22,0.02,153,94,9e-04,0.0016,0.0022,0.0032,0.0036,0.0042,0.005,0.0066,16.39,0.02,0,,,,,,,,,"wrist"
"IZTECH_S016","IZTECH_S016_w","2025-05-10 10:48:19",FALSE,0,33.25,1,974,8.11667,24,0.2,62,0.516667,44.15,0.03,148,95,0.002,0.0034,0.0046,0.0067,0.0078,0.009,0.0106,0.0136,36.1,0.04,0,,,,,,,,,"wrist"
"IZTECH_S016","IZTECH_S016_w","2025-05-10 10:50:19",FALSE,0,33.19,1,2432,20.2667,62,0.516667,126,1.05,20.36,0.02,164,103,9e-04,0.0017,0.0022,0.0032,0.0036,0.0043,0.0051,0.0068,16.49,0.02,0,,,,,,,,,"wrist"
"IZTECH_S016","IZTECH_S016_w","2025-05-10 10:52:19",FALSE,0,33.31,16,1243,10.3583,39,0.325,49,0.408333,29.16,0.02,157,94,0.0013,0.0023,0.003,0.0044,0.0052,0.006,0.0071,0.0091,23.79,0.03,0,,,,,,,,,"wrist"
"IZTECH_S016","IZTECH_S016_w","2025-05-10 10:54:19",FALSE,0,33.06,1,10047,83.725,300,2.5,493,4.10833,46.15,0.02,187,102,0.002,0.0034,0.0046,0.0067,0.008,0.0094,0.011,0.014,37.32,0.04,0,,,,,,,,,"wrist"
"IZTECH_S016","IZTECH_S016_w","2025-05-10 10:56:19",FALSE,0,32.75,1,16244,135.367,407,3.39167,828,6.9,63.16,0.03,160,99,0.0027,0.0047,0.0063,0.0091,0.0108,0.0127,0.015,0.0185,53.02,0.05,0,,,,,,,,,"wrist"
"IZTECH_S016","IZTECH_S016_w","2025-05-10 10:58:19",FALSE,0,32.69,8,319,2.65833,6,0.05,26,0.216667,38.61,0.02,193,138,0.0017,0.003,0.004,0.0058,0.0067,0.0077,0.009,0.0113,32.63,0.04,0,,,,,,,,,"wrist"
"IZTECH_S016","IZTECH_S016_w","2025-05-10 11:00:19",FALSE,0,32.69,8,2394,19.95,66,0.55,132,1.1,30.18,0.02,211,166,0.0013,0.0023,0.0031,0.0046,0.0052,0.0061,0.0072,0.009,25.41,0.03,0,,,,,,,,,"wrist"
"IZTECH_S016","IZTECH_S016_w","2025-05-10 11:02:19",FALSE,0,32.81,8,300,2.5,0,0,22,0.183333,88.05,0.05,163,98,0.0037,0.0065,0.0088,0.013,0.0153,0.0177,0.0208,0.0265,71.96,0.08,0,,,,,,,,,"wrist"
"IZTECH_S016","IZTECH_S016_w","2025-05-10 11:04:19",FALSE,0,32.75,8,95,0.791667,0,0,3,0.025,97.75,0.05,162,98,0.0042,0.0072,0.0098,0.0144,0.017,0.0198,0.0231,0.0295,79.99,0.09,0,,,,,,,,,"wrist"
"IZTECH_S016","IZTECH_S016_w","2025-05-10 11:06:19",FALSE,0,32.75,8,995,8.29167,21,0.175,59,0.491667,93.72,0.05,163,98,0.0041,0.007,0.0094,0.014,0.0163,0.019,0.0222,0.0284,77.13,0.09,0,,,,,,,,,"wrist"
"IZTECH_S016","IZTECH_S016_w","2025-05-10 11:08:19",FALSE,0,32.62,8,276,2.3,0,0,17,0.141667,80.6,0.05,168,114,0.0035,0.006,0.0081,0.0119,0.014,0.0162,0.019,0.0242,66.2,0.07,0,,,,,,,,,"wrist"
"IZTECH_S016","IZTECH_S016_w","2025-05-10 11:10:19",FALSE,0,32.38,8,1338,11.15,30,0.25,85,0.708333,55.25,0.03,221,173,0.0024,0.0041,0.0056,0.0082,0.0096,0.0111,0.0129,0.0164,46.15,0.05,0,,,,,,,,,"wrist"
"IZTECH_S016","IZTECH_S016_w","2025-05-10 11:12:19",FALSE,0,32.5,8,8436,70.3,226,1.88333,476,3.96667,67.58,0.04,176,115,0.003,0.0053,0.0071,0.0104,0.0116,0.0134,0.0158,0.0198,58.79,0.06,0,,,,,,,,,"wrist"
"IZTECH_S016","IZTECH_S016_w","2025-05-10 11:14:19",FALSE,0,32.25,4,22072,183.933,786,6.55,1126,9.38333,55.06,0.03,183,151,0.0025,0.0043,0.0057,0.0084,0.0095,0.0112,0.0131,0.0166,46.52,0.05,0,,,,,,,,,"wrist"
"IZTECH_S016","IZTECH_S016_w","2025-05-10 11:16:19",FALSE,0,32.25,8,15537,129.475,505,4.20833,656,5.46667,64.22,0.04,194,154,0.0029,0.0049,0.0066,0.0097,0.0112,0.013,0.0151,0.0193,53.62,0.06,0,,,,,,,,,"wrist"
"IZTECH_S016","IZTECH_S016_w","2025-05-10 11:18:19",FALSE,0,32.31,4,25892,215.767,831,6.925,1084,9.03333,46.04,0.01,133,102,0.0013,0.0042,0.0029,0.0058,0.008,0.0084,0.0073,0.0064,37.66,0.03,0,,,,,,,,,"wrist"
"IZTECH_S016","IZTECH_S016_w","2025-05-10 11:20:19",FALSE,0,32.38,32,3048,25.4,63,0.525,198,1.65,11.52,0.01,130,119,6e-04,0.0011,0.0013,0.002,0.0021,0.0026,0.0032,0.0042,9.17,0.01,0,,,,,,,,,"wrist"
"IZTECH_S016","IZTECH_S016_w","2025-05-10 11:22:19",FALSE,0,32.56,8,2266,18.8833,42,0.35,175,1.45833,18.64,0.02,151,119,9e-04,0.0017,0.0021,0.0031,0.0033,0.004,0.005,0.0063,15.74,0.02,0,,,,,,,,,"wrist"
"IZTECH_S016","IZTECH_S016_w","2025-05-10 11:24:19",FALSE,0,31.88,1,10399,86.6583,309,2.575,528,4.4,73.51,0.04,201,156,0.0032,0.0056,0.0074,0.0109,0.0128,0.0149,0.0175,0.0217,60.35,0.07,0,,,,,,,,,"wrist"
"IZTECH_S016","IZTECH_S016_w","2025-05-10 11:26:19",FALSE,0,31.88,1,8296,69.1333,236,1.96667,394,3.28333,93.16,0.05,206,151,0.004,0.0068,0.0091,0.0131,0.0161,0.019,0.0224,0.0283,74.96,0.08,0,,,,,,,,,"wrist"
"IZTECH_S016","IZTECH_S016_w","2025-05-10 11:28:19",FALSE,0,31.44,32,4801,40.0083,139,1.15833,227,1.89167,22.89,0.02,192,150,0.0012,0.002,0.0026,0.0037,0.0042,0.0049,0.0057,0.0078,18.87,0.03,0,,,,,,,,,"wrist"
"IZTECH_S016","IZTECH_S016_w","2025-05-10 11:30:19",FALSE,0,31.25,32,2647,22.0583,34,0.283333,174,1.45,13.96,0.01,217,170,7e-04,0.0012,0.0016,0.0023,0.0026,0.0031,0.0036,0.005,11.32,0.02,0,,,,,,,,,"wrist"
"IZTECH_S016","IZTECH_S016_w","2025-05-10 11:32:19",FALSE,0,31.44,32,2974,24.7833,48,0.4,228,1.9,26.85,0.02,156,138,0.0014,0.0023,0.003,0.0043,0.0049,0.0057,0.0066,0.0089,22.26,0.03,0,,,,,,,,,"wrist"
"IZTECH_S016","IZTECH_S016_w","2025-05-10 11:34:19",FALSE,0,31.56,32,3341,27.8417,51,0.425,244,2.03333,21.23,0.02,163,134,0.0011,0.0018,0.0024,0.0034,0.0039,0.0045,0.0052,0.0071,17.55,0.02,0,,,,,,,,,"wrist"
"IZTECH_S016","IZTECH_S016_w","2025-05-10 11:36:19",FALSE,0,29.88,16,6776,56.4667,204,1.7,324,2.7,27.09,0.02,222,172,0.0014,0.0023,0.003,0.0044,0.0049,0.0057,0.0066,0.0088,22.79,0.03,0,,,,,,,,,"wrist"
"IZTECH_S016","IZTECH_S016_w","2025-05-10 11:38:19",FALSE,0,28.62,16,0,0,0,0,0,0,20.33,0.02,221,172,0.001,0.0017,0.0022,0.0032,0.0037,0.0044,0.0051,0.0067,16.1,0.02,0,,,,,,,,,"wrist"
"IZTECH_S016","IZTECH_S016_w","2025-05-10 11:40:19",FALSE,0,28.12,16,0,0,0,0,0,0,21.02,0.02,221,172,0.001,0.0017,0.0022,0.0033,0.0038,0.0045,0.0052,0.0069,16.6,0.02,0,,,,,,,,,"wrist"
"IZTECH_S016","IZTECH_S016_w","2025-05-10 11:42:19",FALSE,1,27.75,16,1235,10.2917,45,0.375,48,0.4,24.17,0.02,221,172,0.0012,0.002,0.0026,0.0038,0.0044,0.0052,0.0061,0.008,19.04,0.03,0,,,,,,,,,"wrist"
"IZTECH_S016","IZTECH_S016_w","2025-05-10 11:44:19",FALSE,0,27.62,1,11295,94.125,281,2.34167,656,5.46667,0,0,225,175,0,0,0,0,0,0,0,0,0,0,0,,,,,,,,,"wrist"
"IZTECH_S016","IZTECH_S016_w","2025-05-10 11:46:19",FALSE,0,27.5,1,11014,91.7833,236,1.96667,678,5.65,0,0,225,175,0,0,0,0,0,0,0,0,0,0,0,,,,,,,,,"wrist"
"IZTECH_S016","IZTECH_S016_w","2025-05-10 11:48:19",FALSE,0,27.38,32,8924,74.3667,227,1.89167,475,3.95833,0,0,227,177,0,0,0,0,0,0,0,0,0,0,0,,,,,,,,,"wrist"
"IZTECH_S016","IZTECH_S016_w","2025-05-10 11:50:19",FALSE,0,27.31,32,30130,251.083,1244,10.3667,1061,8.84167,0,0,227,177,0,0,0,0,0,0,0,0,0,0,0,,,,,,,,,"wrist"
"IZTECH_S016","IZTECH_S016_w","2025-05-10 11:52:19",FALSE,0,27.38,1,30977,258.142,1292,10.7667,1038,8.65,0,0,227,177,0,0,0,0,0,0,0,0,0,0,0,,,,,,,,,"wrist"
"IZTECH_S016","IZTECH_S016_w","2025-05-10 11:54:19",FALSE,0,27.56,32,26324,219.367,985,8.20833,982,8.18333,0,0,227,177,0,0,0,0,0,0,0,0,0,0,0,,,,,,,,,"wrist"
"IZTECH_S016","IZTECH_S016_w","2025-05-10 11:56:19",FALSE,0,27.69,32,28690,239.083,1227,10.225,1011,8.425,0,0,227,177,0,0,0,0,0,0,0,0,0,0,0,,,,,,,,,"wrist"
"IZTECH_S016","IZTECH_S016_w","2025-05-10 11:58:19",FALSE,0,27.88,32,29241,243.675,1163,9.69167,1062,8.85,0,0,227,177,0,0,0,0,0,0,0,0,0,0,0,,,,,,,,,"wrist"
"IZTECH_S016","IZTECH_S016_w","2025-05-10 12:00:19",FALSE,0,28.06,32,20133,167.775,725,6.04167,860,7.16667,0,0,227,177,0,0,0,0,0,0,0,0,0,0,0,,,,,,,,,"wrist"
"IZTECH_S016","IZTECH_S016_w","2025-05-10 12:02:19",FALSE,1,30.75,1,13654,113.783,392,3.26667,796,6.63333,66.54,0.07,124,92,0.0036,0.0061,0.0074,0.0106,0.0127,0.0146,0.0154,0.0197,52.92,0.08,0,,,,,,,,,"wrist"
"IZTECH_S016","IZTECH_S016_w","2025-05-10 12:04:19",FALSE,0,31.69,8,4321,36.0083,87,0.725,256,2.13333,148.58,0.11,137,92,0.0069,0.0129,0.0147,0.0229,0.0274,0.03,0.0315,0.0377,120.98,0.15,0,,,,,,,,,"wrist"
"IZTECH_S016","IZTECH_S016_w","2025-05-10 12:06:19",FALSE,0,31.94,8,4205,35.0417,78,0.65,326,2.71667,155.06,0.12,133,92,0.007,0.0132,0.015,0.0239,0.0288,0.031,0.032,0.0379,124.51,0.15,0,,,,,,,,,"wrist"
"IZTECH_S016","IZTECH_S016_w","2025-05-10 12:08:19",FALSE,0,32.06,8,3579,29.825,56,0.466667,228,1.9,149.4,0.11,184,118,0.0067,0.013,0.0144,0.0231,0.0277,0.0297,0.0304,0.0357,121.43,0.14,0,,,,,,,,,"wrist"
"IZTECH_S016","IZTECH_S016_w","2025-05-10 12:10:19",FALSE,0,32.44,8,2493,20.775,40,0.333333,174,1.45,156.93,0.11,162,94,0.0067,0.0134,0.0145,0.0237,0.0289,0.031,0.0319,0.0363,125.54,0.14,0,,,,,,,,,"wrist"
"IZTECH_S016","IZTECH_S016_w","2025-05-10 12:12:19",FALSE,0,32.5,8,3637,30.3083,69,0.575,253,2.10833,139.32,0.1,177,118,0.0061,0.0119,0.0133,0.0213,0.0257,0.0275,0.0284,0.0331,112.91,0.13,0,,,,,,,,,"wrist"
"IZTECH_S016","IZTECH_S016_w","2025-05-10 12:14:19",FALSE,0,32.62,8,2304,19.2,46,0.383333,154,1.28333,181.08,0.11,128,122,0.007,0.0155,0.0155,0.0267,0.0328,0.0347,0.0359,0.0384,145.41,0.15,0,,,,,,,,,"wrist"
"IZTECH_S016","IZTECH_S016_w","2025-05-10 12:16:19",FALSE,0,32.75,1,3972,33.1,78,0.65,261,2.175,149.59,0.12,140,94,0.0068,0.0127,0.0146,0.0231,0.0277,0.0301,0.0313,0.0371,120.3,0.15,0,,,,,,,,,"wrist"
"IZTECH_S016","IZTECH_S016_w","2025-05-10 12:18:19",FALSE,0,32.69,8,1723,14.3583,16,0.133333,116,0.966667,156.89,0.11,160,138,0.0067,0.0136,0.0144,0.0237,0.0288,0.0311,0.0322,0.0362,125.96,0.14,0,,,,,,,,,"wrist"
"IZTECH_S016","IZTECH_S016_w","2025-05-10 12:20:19",FALSE,0,32.69,8,413,3.44167,0,0,18,0.15,129.24,0.1,157,114,0.0058,0.0112,0.0125,0.0199,0.0239,0.0258,0.0266,0.0311,104.93,0.12,0,,,,,,,,,"wrist"
"IZTECH_S016","IZTECH_S016_w","2025-05-10 12:22:19",FALSE,0,32.69,8,3311,27.5917,71,0.591667,202,1.68333,178.31,0.13,159,102,0.008,0.0153,0.0173,0.0273,0.0328,0.0357,0.0373,0.044,144.54,0.17,0,,,,,,,,,"wrist"
"IZTECH_S016","IZTECH_S016_w","2025-05-10 12:24:19",FALSE,0,32.62,8,3348,27.9,51,0.425,236,1.96667,155.75,0.12,179,146,0.0071,0.0133,0.0153,0.0241,0.0288,0.0313,0.0325,0.0389,126.27,0.15,0,,,,,,,,,"wrist"
"IZTECH_S016","IZTECH_S016_w","2025-05-10 12:26:19",FALSE,0,32.69,1,4010,33.4167,30,0.25,319,2.65833,141.71,0.1,158,98,0.0063,0.0121,0.0136,0.0217,0.0259,0.0282,0.0295,0.0347,115.47,0.13,0,,,,,,,,,"wrist"
"IZTECH_S016","IZTECH_S016_w","2025-05-10 12:28:19",FALSE,0,32.56,8,4334,36.1167,73,0.608333,295,2.45833,151.25,0.12,185,128,0.007,0.0129,0.0149,0.0234,0.0279,0.0305,0.0318,0.0381,122.15,0.15,0,,,,,,,,,"wrist"
"IZTECH_S016","IZTECH_S016_w","2025-05-10 12:30:19",FALSE,0,32.62,8,3325,27.7083,59,0.491667,249,2.075,170.95,0.13,165,99,0.0079,0.0147,0.0168,0.0264,0.0316,0.0345,0.0361,0.0432,138.09,0.17,0,,,,,,,,,"wrist"
"IZTECH_S016","IZTECH_S016_w","2025-05-10 12:32:19",FALSE,0,32.62,8,3790,31.5833,84,0.7,240,2,160.04,0.12,133,119,0.0073,0.0137,0.0156,0.0245,0.0296,0.0323,0.0339,0.0404,128.6,0.16,0,,,,,,,,,"wrist"
"IZTECH_S016","IZTECH_S016_w","2025-05-10 12:34:19",FALSE,0,32.56,8,1350,11.25,8,0.0666667,72,0.6,171.45,0.12,175,128,0.0073,0.0146,0.0158,0.0259,0.0316,0.034,0.0352,0.0403,136.48,0.16,0,,,,,,,,,"wrist"
"IZTECH_S016","IZTECH_S016_w","2025-05-10 12:36:19",FALSE,0,32.44,8,2572,21.4333,47,0.391667,162,1.35,185.66,0.13,166,114,0.0079,0.0161,0.0171,0.028,0.0341,0.0367,0.0378,0.0431,148.97,0.17,0,,,,,,,,,"wrist"
"IZTECH_S016","IZTECH_S016_w","2025-05-10 12:38:19",FALSE,0,32.31,8,9224,76.8667,223,1.85833,446,3.71667,219.52,0.16,140,112,0.0108,0.0188,0.0229,0.034,0.0401,0.0445,0.0473,0.0583,183.93,0.22,0,,,,,,,,,"wrist"
"IZTECH_S016","IZTECH_S016_w","2025-05-10 12:40:19",FALSE,0,32.25,16,6574,54.7833,166,1.38333,405,3.375,188.05,0.14,159,114,0.0088,0.0159,0.0188,0.0287,0.0345,0.0381,0.0405,0.049,153.28,0.18,0,,,,,,,,,"wrist"
"IZTECH_S016","IZTECH_S016_w","2025-05-10 12:42:19",FALSE,0,32.19,8,3048,25.4,61,0.508333,198,1.65,202.32,0.14,128,112,0.0084,0.0173,0.0183,0.0302,0.0371,0.0399,0.0415,0.0468,160.82,0.18,0,,,,,,,,,"wrist"
"IZTECH_S016","IZTECH_S016_w","2025-05-10 12:44:19",FALSE,0,32.25,8,3950,32.9167,97,0.808333,238,1.98333,165.43,0.13,128,118,0.0077,0.0144,0.0163,0.0254,0.0306,0.0335,0.0351,0.042,133.7,0.16,0,,,,,,,,,"wrist"
"IZTECH_S016","IZTECH_S016_w","2025-05-10 12:46:19",FALSE,0,32.31,8,6108,50.9,134,1.11667,415,3.45833,139.24,0.11,188,142,0.0066,0.0119,0.014,0.0216,0.0259,0.0284,0.0298,0.0365,111.96,0.14,0,,,,,,,,,"wrist"
"IZTECH_S016","IZTECH_S016_w","2025-05-10 12:48:19",FALSE,0,32.62,1,5124,42.7,119,0.991667,299,2.49167,106.47,0.09,164,94,0.0052,0.0092,0.0111,0.0167,0.0198,0.0219,0.023,0.0286,86.71,0.11,0,,,,,,,,,"wrist"
"IZTECH_S016","IZTECH_S016_w","2025-05-10 12:50:19",FALSE,0,32.69,1,4114,34.2833,71,0.591667,241,2.00833,114.56,0.09,131,102,0.0054,0.0098,0.0116,0.0176,0.021,0.0233,0.025,0.0304,93.75,0.11,0,,,,,,,,,"wrist"
"IZTECH_S016","IZTECH_S016_w","2025-05-10 12:52:19",FALSE,0,32.81,1,2362,19.6833,28,0.233333,144,1.2,105.37,0.08,128,103,0.0049,0.0091,0.0106,0.0162,0.0192,0.0214,0.023,0.0282,87.13,0.1,0,,,,,,,,,"wrist"
"IZTECH_S016","IZTECH_S016_w","2025-05-10 12:54:19",FALSE,0,33.06,1,907,7.55833,3,0.025,51,0.425,123.43,0.1,128,103,0.0061,0.0109,0.0126,0.0192,0.0227,0.0256,0.0274,0.0339,100.86,0.13,0,,,,,,,,,"wrist"
"IZTECH_S016","IZTECH_S016_w","2025-05-10 12:56:19",FALSE,0,33.12,16,10541,87.8417,259,2.15833,607,5.05833,235.71,0.19,153,94,0.012,0.0207,0.0252,0.0372,0.0431,0.0481,0.0514,0.0639,200.34,0.24,0,,,,,,,,,"wrist"
"IZTECH_S016","IZTECH_S016_w","2025-05-10 12:58:19",FALSE,0,33,1,7371,61.425,152,1.26667,458,3.81667,253.03,0.2,139,128,0.0127,0.0221,0.0263,0.0388,0.0465,0.0527,0.0572,0.0707,206.98,0.26,0,,,,,,,,,"wrist"
"IZTECH_S016","IZTECH_S016_w","2025-05-10 13:00:19",FALSE,0,33,16,7915,65.9583,223,1.85833,425,3.54167,230.26,0.17,144,94,0.0109,0.0193,0.0233,0.035,0.0424,0.047,0.0501,0.0617,186.3,0.23,0,,,,,,,,,"wrist"
"IZTECH_S016","IZTECH_S016_w","2025-05-10 13:02:19",FALSE,0,32.94,1,5227,43.5583,120,1,307,2.55833,136.43,0.11,160,95,0.0066,0.0118,0.0139,0.021,0.025,0.0281,0.0304,0.0378,111.26,0.14,0,,,,,,,,,"wrist"
"IZTECH_S016","IZTECH_S016_w","2025-05-10 13:04:19",FALSE,0,33.12,1,40,0.333333,0,0,1,0.00833333,142.59,0.13,154,94,0.0074,0.0123,0.0152,0.0223,0.0266,0.0305,0.0332,0.043,113.46,0.16,0,,,,,,,,,"wrist"
"IZTECH_S016","IZTECH_S016_w","2025-05-10 13:06:19",FALSE,0,33.19,1,5879,48.9917,124,1.03333,356,2.96667,269.59,0.21,133,94,0.014,0.0237,0.0294,0.0426,0.0488,0.0553,0.0601,0.0756,232.91,0.28,0,,,,,,,,,"wrist"
"IZTECH_S016","IZTECH_S016_w","2025-05-10 13:08:19",FALSE,0,33,1,9197,76.6417,234,1.95,526,4.38333,297.38,0.2,139,102,0.0146,0.0249,0.0313,0.0451,0.0535,0.0598,0.0649,0.0802,254.43,0.28,0,,,,,,,,,"wrist"
"IZTECH_S016","IZTECH_S016_w","2025-05-10 13:10:19",FALSE,0,32.75,8,6298,52.4833,153,1.275,360,3,155.04,0.12,205,150,0.0071,0.0133,0.015,0.0236,0.0286,0.0316,0.0334,0.0394,123.36,0.15,0,,,,,,,,,"wrist"
"IZTECH_S016","IZTECH_S016_w","2025-05-10 13:12:19",FALSE,0,32.94,1,3997,33.3083,84,0.7,227,1.89167,163.87,0.15,202,119,0.0082,0.0142,0.0171,0.0257,0.0308,0.0343,0.036,0.0452,130.67,0.18,0,,,,,,,,,"wrist"
"IZTECH_S016","IZTECH_S016_w","2025-05-10 13:14:19",FALSE,0,33,8,3967,33.0583,80,0.666667,244,2.03333,212.62,0.17,173,101,0.0107,0.0184,0.0225,0.0331,0.0391,0.044,0.0471,0.0586,175.97,0.22,0,,,,,,,,,"wrist"
"IZTECH_S016","IZTECH_S016_w","2025-05-10 13:16:19",FALSE,0,32.88,1,2909,24.2417,50,0.416667,190,1.58333,106.76,0.09,173,96,0.0053,0.0092,0.0108,0.0164,0.0199,0.0227,0.0243,0.0303,83.39,0.11,0,,,,,,,,,"wrist"
"IZTECH_S016","IZTECH_S016_w","2025-05-10 13:18:19",FALSE,0,32.19,1,1901,15.8417,18,0.15,132,1.1,98.38,0.09,217,166,0.005,0.0086,0.0103,0.0154,0.0183,0.0209,0.0224,0.0285,78.45,0.11,0,,,,,,,,,"wrist"
"IZTECH_S016","IZTECH_S016_w","2025-05-10 13:20:19",FALSE,0,32.88,1,1179,9.825,4,0.0333333,144,1.2,117.42,0.1,184,96,0.006,0.0102,0.0122,0.0182,0.0217,0.0248,0.0265,0.0335,94.54,0.12,0,,,,,,,,,"wrist"
"IZTECH_S016","IZTECH_S016_w","2025-05-10 13:22:19",FALSE,0,32.69,1,2339,19.4917,32,0.266667,161,1.34167,115.44,0.1,177,102,0.0059,0.0101,0.012,0.0181,0.0215,0.0244,0.0262,0.033,92.44,0.12,0,,,,,,,,,"wrist"
"IZTECH_S016","IZTECH_S016_w","2025-05-10 13:24:19",FALSE,0,32.38,1,14234,118.617,437,3.64167,524,4.36667,484.28,0.4,166,118,0.0258,0.0428,0.052,0.0749,0.0895,0.1028,0.1114,0.1395,397.68,0.52,0,,,,,,,,,"wrist"
"IZTECH_S016","IZTECH_S016_w","2025-05-10 13:26:19",FALSE,0,32.19,1,14180,118.167,480,4,616,5.13333,111.63,0.07,174,144,0.0051,0.0094,0.0105,0.0161,0.0206,0.0231,0.0234,0.0269,87.31,0.1,0,,,,,,,,,"wrist"
"IZTECH_S016","IZTECH_S016_w","2025-05-10 13:28:19",FALSE,0,32.06,16,9371,78.0917,277,2.30833,410,3.41667,267.03,0.25,193,154,0.0144,0.024,0.0285,0.0417,0.0507,0.0579,0.0612,0.0763,210.32,0.3,0,,,,,,,,,"wrist"
"IZTECH_S016","IZTECH_S016_w","2025-05-10 13:30:19",FALSE,0,32.06,1,10428,86.9,305,2.54167,494,4.11667,195.49,0.11,149,122,0.0088,0.0161,0.019,0.0283,0.0349,0.0392,0.0412,0.0477,162.55,0.17,0,,,,,,,,,"wrist"
"IZTECH_S016","IZTECH_S016_w","2025-05-10 13:32:19",FALSE,0,32.38,8,7795,64.9583,159,1.325,351,2.925,362.79,0.27,195,112,0.0186,0.0314,0.0384,0.0549,0.067,0.0751,0.0805,0.0994,300.58,0.37,0,,,,,,,,,"wrist"
"IZTECH_S016","IZTECH_S016_w","2025-05-10 13:34:19",FALSE,0,32.94,1,2077,17.3083,47,0.391667,154,1.28333,52.29,0.05,131,98,0.0029,0.0048,0.0058,0.0084,0.01,0.0115,0.0125,0.0166,41.67,0.06,0,,,,,,,,,"wrist"
"IZTECH_S016","IZTECH_S016_w","2025-05-10 13:36:19",FALSE,0,32.31,1,3061,25.5083,76,0.633333,178,1.48333,75.31,0.06,185,146,0.0038,0.0065,0.008,0.0116,0.014,0.016,0.0172,0.022,60.13,0.08,0,,,,,,,,,"wrist"
"IZTECH_S016","IZTECH_S016_w","2025-05-10 13:38:19",FALSE,0,32.69,1,3904,32.5333,91,0.758333,250,2.08333,90.17,0.09,147,115,0.005,0.0084,0.01,0.0145,0.0171,0.0196,0.0208,0.0272,72.95,0.11,0,,,,,,,,,"wrist"
"IZTECH_S016","IZTECH_S016_w","2025-05-10 13:40:19",FALSE,0,32.56,1,4098,34.15,85,0.708333,263,2.19167,128.17,0.12,136,146,0.0069,0.0116,0.0141,0.0205,0.0238,0.0272,0.0292,0.0373,107,0.14,0,,,,,,,,,"wrist"
"IZTECH_S016","IZTECH_S016_w","2025-05-10 13:42:19",FALSE,0,33,1,4354,36.2833,91,0.758333,306,2.55,131.49,0.13,149,106,0.0074,0.0123,0.0149,0.0213,0.0247,0.0282,0.0302,0.039,110.44,0.15,0,,,,,,,,,"wrist"
"IZTECH_S016","IZTECH_S016_w","2025-05-10 13:44:19",FALSE,0,33.06,1,1557,12.975,27,0.225,86,0.716667,136.02,0.13,149,138,0.0077,0.0128,0.0155,0.0219,0.0254,0.0291,0.0314,0.0404,115.12,0.16,0,,,,,,,,,"wrist"
"IZTECH_S016","IZTECH_S016_w","2025-05-10 13:46:19",FALSE,0,33.06,8,2199,18.325,42,0.35,129,1.075,185.21,0.15,218,160,0.0097,0.0163,0.0201,0.0286,0.0341,0.0387,0.0422,0.0531,154.7,0.2,0,,,,,,,,,"wrist"
"IZTECH_S016","IZTECH_S016_w","2025-05-10 13:48:19",FALSE,0,32.94,1,5442,45.35,142,1.18333,317,2.64167,207.09,0.17,196,166,0.0114,0.0192,0.0236,0.0336,0.0377,0.0429,0.0469,0.0597,183.42,0.23,0,,,,,,,,,"wrist"
"IZTECH_S016","IZTECH_S016_w","2025-05-10 13:50:19",FALSE,0,33.19,1,5273,43.9417,140,1.16667,265,2.20833,317.8,0.22,128,116,0.016,0.027,0.0336,0.0477,0.0574,0.0652,0.0719,0.0895,268.03,0.31,0,,,,,,,,,"wrist"
"IZTECH_S016","IZTECH_S016_w","2025-05-10 13:52:19",FALSE,0,33.06,1,6713,55.9417,168,1.4,355,2.95833,567.75,0.33,135,130,0.0278,0.047,0.0596,0.0845,0.1004,0.1126,0.124,0.1523,496.73,0.52,0,,,,,,,,,"wrist"
"IZTECH_S016","IZTECH_S016_w","2025-05-10 13:54:19",FALSE,0,33.38,16,3431,28.5917,78,0.65,220,1.83333,1038.8,0.69,134,113,0.0513,0.0868,0.1103,0.1571,0.1865,0.2083,0.2274,0.2779,895.13,0.99,0,,,,,,,,,"wrist"
"IZTECH_S016","IZTECH_S016_w","2025-05-10 13:56:19",FALSE,0,33.5,1,1161,9.675,11,0.0916667,67,0.558333,725.4,0.42,128,122,0.0352,0.0601,0.0765,0.1088,0.1279,0.1428,0.1577,0.1919,640.44,0.65,0,,,,,,,,,"wrist"
"IZTECH_S016","IZTECH_S016_w","2025-05-10 13:58:19",FALSE,0,33.75,1,603,5.025,0,0,36,0.3,645.4,0.3,128,114,0.0304,0.0523,0.0672,0.095,0.1117,0.1237,0.1376,0.1657,583.22,0.54,0,,,,,,,,,"wrist"
"IZTECH_S016","IZTECH_S016_w","2025-05-10 14:00:19",FALSE,0,33.94,1,412,3.43333,0,0,18,0.15,668.95,0.32,125,103,0.0321,0.0551,0.0703,0.0997,0.1154,0.1283,0.1422,0.1718,612.21,0.56,0,,,,,,,,,"wrist"
"IZTECH_S016","IZTECH_S016_w","2025-05-10 14:02:19",FALSE,0,33.88,16,1788,14.9,29,0.241667,102,0.85,540.07,0.33,125,128,0.0256,0.0438,0.0561,0.0805,0.0956,0.1083,0.1201,0.148,462.06,0.5,0,,,,,,,,,"wrist"
"IZTECH_S016","IZTECH_S016_w","2025-05-10 14:04:19",FALSE,0,33.44,4,12104,100.867,355,2.95833,614,5.11667,599.96,0.4,155,144,0.03,0.0511,0.0651,0.0927,0.1063,0.1198,0.1325,0.1627,532.31,0.57,0,,,,,,,,,"wrist"
"IZTECH_S016","IZTECH_S016_w","2025-05-10 14:06:19",FALSE,0,32.81,16,3734,31.1167,92,0.766667,232,1.93333,1011.21,0.59,205,150,0.0489,0.0833,0.1069,0.1517,0.1785,0.1991,0.2199,0.2672,890.85,0.91,0,,,,,,,,,"wrist"
"IZTECH_S016","IZTECH_S016_w","2025-05-10 14:08:19",FALSE,0,33.38,1,6924,57.7,187,1.55833,433,3.60833,516.97,0.29,164,146,0.0244,0.0422,0.0544,0.0766,0.0909,0.1016,0.1136,0.1384,454.05,0.46,0,,,,,,,,,"wrist"
"IZTECH_S016","IZTECH_S016_w","2025-05-10 14:10:19",FALSE,0,33.44,1,5488,45.7333,162,1.35,357,2.975,838.97,0.42,170,152,0.0383,0.0668,0.0873,0.1226,0.1462,0.1619,0.1811,0.2169,743.88,0.71,0,,,,,,,,,"wrist"
"IZTECH_S016","IZTECH_S016_w","2025-05-10 14:12:19",FALSE,0,33.25,16,3404,28.3667,68,0.566667,247,2.05833,926.83,0.56,143,147,0.0444,0.0761,0.0977,0.139,0.1636,0.1837,0.2037,0.2479,809.72,0.84,0,,,,,,,,,"wrist"
"IZTECH_S016","IZTECH_S016_w","2025-05-10 14:14:19",FALSE,0,33.25,1,2568,21.4,51,0.425,163,1.35833,650.76,0.33,159,151,0.0303,0.0522,0.0672,0.0951,0.1135,0.127,0.1417,0.1718,572.22,0.56,0,,,,,,,,,"wrist"
"IZTECH_S016","IZTECH_S016_w","2025-05-10 14:16:19",FALSE,0,33.06,8,5559,46.325,158,1.31667,310,2.58333,454.4,0.28,218,170,0.0215,0.0369,0.0471,0.0667,0.0811,0.0912,0.1013,0.124,384.34,0.42,0,,,,,,,,,"wrist"
"IZTECH_S016","IZTECH_S016_w","2025-05-10 14:18:19",FALSE,0,33.19,16,1900,15.8333,41,0.341667,131,1.09167,806.83,0.52,188,144,0.0398,0.0679,0.0865,0.1229,0.1438,0.1606,0.1761,0.2154,707.78,0.76,0,,,,,,,,,"wrist"
"IZTECH_S016","IZTECH_S016_w","2025-05-10 14:20:19",FALSE,0,33.31,16,2004,16.7,44,0.366667,98,0.816667,760.52,0.47,169,149,0.0377,0.0644,0.0818,0.1155,0.1351,0.1502,0.1639,0.1998,676.49,0.7,0,,,,,,,,,"wrist"
"IZTECH_S016","IZTECH_S016_w","2025-05-10 14:22:19",FALSE,0,33.06,1,3547,29.5583,65,0.541667,228,1.9,613.28,0.39,207,162,0.0308,0.0526,0.066,0.0929,0.1092,0.1219,0.1327,0.1621,544.61,0.57,0,,,,,,,,,"wrist"
"IZTECH_S016","IZTECH_S016_w","2025-05-10 14:24:19",FALSE,0,32.94,16,4579,38.1583,82,0.683333,297,2.475,327.5,0.24,196,166,0.0168,0.0285,0.0357,0.0506,0.059,0.0664,0.0723,0.0896,286.37,0.32,0,,,,,,,,,"wrist"
"IZTECH_S016","IZTECH_S016_w","2025-05-10 14:26:19",FALSE,0,32.44,1,19631,163.592,595,4.95833,1003,8.35833,90.76,0.04,219,162,0.0031,0.0074,0.007,0.0118,0.0163,0.0179,0.0171,0.0167,69.33,0.07,0,,,,,,,,,"wrist"
"IZTECH_S016","IZTECH_S016_w","2025-05-10 14:28:19",FALSE,0,32.19,4,11148,92.9,293,2.44167,608,5.06667,295.99,0.23,197,151,0.0155,0.0261,0.0327,0.047,0.0537,0.0607,0.0655,0.0828,257.84,0.31,0,,,,,,,,,"wrist"
"IZTECH_S016","IZTECH_S016_w","2025-05-10 14:30:19",FALSE,0,32.25,4,11561,96.3417,335,2.79167,595,4.95833,610.3,0.45,136,104,0.0309,0.0519,0.065,0.0921,0.1109,0.1263,0.1383,0.1715,511.35,0.61,0,,,,,,,,,"wrist"
"IZTECH_S016","IZTECH_S016_w","2025-05-10 14:32:19",FALSE,0,32.44,16,10310,85.9167,295,2.45833,576,4.8,18884.5,8.57,148,130,0.8893,1.5491,2.0437,2.8113,3.1498,3.6177,4.2604,5.2184,17851.79,15.42,0,,,,,,,,,"wrist"
"IZTECH_S016","IZTECH_S016_w","2025-05-10 14:34:19",FALSE,0,33.31,1,12147,101.225,365,3.04167,652,5.43333,38873.14,17.1,157,118,1.8204,3.1704,4.179,5.7605,6.4564,7.4426,8.7689,10.7725,36744.09,31.3,0,,,,,,,,,"wrist"
"IZTECH_S016","IZTECH_S016_w","2025-05-10 14:36:19",FALSE,0,33.62,4,24083,200.692,883,7.35833,1047,8.725,7346.85,5.39,200,159,0.3948,0.6619,0.8235,1.1149,1.2867,1.5536,1.8759,2.4119,6459.43,7.55,0,,,,,,,,,"wrist"
"IZTECH_S016","IZTECH_S016_w","2025-05-10 14:38:19",FALSE,0,33.88,4,21462,178.85,728,6.06667,980,8.16667,7469.84,5.95,185,145,0.4129,0.683,0.8413,1.1441,1.2985,1.6501,2.0846,2.7542,6388.59,8.22,0,,,,,,,,,"wrist"
"IZTECH_S016","IZTECH_S016_w","2025-05-10 14:40:19",FALSE,0,34.25,4,16412,136.767,504,4.2,788,6.56667,9215.08,6.16,156,105,0.4987,0.8462,1.0602,1.4158,1.5597,1.9303,2.4383,3.1702,8514.36,9.28,0,,,,,,,,,"wrist"
"IZTECH_S016","IZTECH_S016_w","2025-05-10 14:42:19",FALSE,0,34.06,4,16075,133.958,402,3.35,864,7.2,9657.93,6.28,188,140,0.5111,0.8687,1.0923,1.4667,1.6446,1.993,2.4438,3.148,8887.29,9.36,0,,,,,,,,,"wrist"
"IZTECH_S016","IZTECH_S016_w","2025-05-10 14:44:19",FALSE,0,33.88,4,16967,141.392,544,4.53333,828,6.9,26157.54,11.42,148,101,1.1974,2.0908,2.7473,3.7763,4.36,5.078,6.0491,7.5195,24010.12,21,0,,,,,,,,,"wrist"
"IZTECH_S016","IZTECH_S016_w","2025-05-10 14:46:19",FALSE,0,33.56,4,25925,216.042,900,7.5,963,8.025,9767.01,4.72,194,113,0.4637,0.8038,1.0432,1.4274,1.6445,1.9118,2.2739,2.7969,8976.99,8.18,0,,,,,,,,,"wrist"
"IZTECH_S016","IZTECH_S016_w","2025-05-10 14:48:19",FALSE,0,33.25,4,23135,192.792,726,6.05,986,8.21667,11886.19,6.5,179,99,0.6306,1.0904,1.3908,1.8813,1.9995,2.2668,2.6252,3.2088,11977.06,10.57,0,,,,,,,,,"wrist"
"IZTECH_S016","IZTECH_S016_w","2025-05-10 14:50:19",FALSE,0,32.62,4,20272,168.933,598,4.98333,957,7.975,5996.3,3.08,172,98,0.2949,0.5107,0.6626,0.9078,1.0115,1.16,1.3606,1.6912,5691,5.16,0,,,,,,,,,"wrist"
"IZTECH_S016","IZTECH_S016_w","2025-05-10 14:52:19",FALSE,0,31.44,4,29060,242.167,1018,8.48333,1274,10.6167,17.65,0.01,165,96,9e-04,0.0015,0.002,0.0028,0.0032,0.0037,0.0042,0.0055,14.89,0.02,0,,,,,,,,,"wrist"
"IZTECH_S016","IZTECH_S016_w","2025-05-10 14:54:19",FALSE,0,31.44,1,2790,23.25,82,0.683333,133,1.10833,14.13,0.01,133,94,7e-04,0.0013,0.0016,0.0023,0.0026,0.003,0.0034,0.0045,11.91,0.02,0,,,,,,,,,"wrist"
"IZTECH_S016","IZTECH_S016_w","2025-05-10 14:56:19",FALSE,0,31.25,8,13186,109.883,481,4.00833,493,4.10833,22.18,0.02,124,92,0.0011,0.0019,0.0024,0.0035,0.0041,0.0048,0.0054,0.007,17.55,0.03,0,,,,,,,,,"wrist"
"IZTECH_S016","IZTECH_S016_w","2025-05-10 14:58:19",FALSE,0,31.5,8,3253,27.1083,102,0.85,201,1.675,20.07,0.02,127,92,0.001,0.0017,0.0022,0.0032,0.0037,0.0043,0.0049,0.0063,16.37,0.02,0,,,,,,,,,"wrist"
"IZTECH_S016","IZTECH_S016_w","2025-05-10 15:00:19",FALSE,0,31.38,1,5030,41.9167,108,0.9,334,2.78333,26.04,0.02,139,94,0.0012,0.0022,0.0028,0.0041,0.0046,0.0054,0.0062,0.0076,22.01,0.03,0,,,,,,,,,"wrist"
"IZTECH_S016","IZTECH_S016_w","2025-05-10 15:02:19",FALSE,0,31.88,1,19593,163.275,602,5.01667,771,6.425,42.1,0.03,177,106,0.002,0.0035,0.0045,0.0064,0.0074,0.0086,0.0097,0.0122,36.33,0.04,0,,,,,,,,,"wrist"
"IZTECH_S016","IZTECH_S016_w","2025-05-10 15:04:19",FALSE,0,31.81,8,5184,43.2,147,1.225,265,2.20833,42.74,0.03,199,150,0.0021,0.0035,0.0045,0.0065,0.0077,0.009,0.0102,0.0128,34.92,0.04,0,,,,,,,,,"wrist"
"IZTECH_S016","IZTECH_S016_w","2025-05-10 15:06:19",FALSE,0,32.19,4,9024,75.2,254,2.11667,470,3.91667,18.64,0.01,157,102,9e-04,0.0016,0.002,0.0029,0.0034,0.0039,0.0044,0.0056,15.62,0.02,0,,,,,,,,,"wrist"
"IZTECH_S016","IZTECH_S016_w","2025-05-10 15:08:19",FALSE,0,32,1,25333,211.108,912,7.6,1222,10.1833,28.94,0.02,129,92,0.0015,0.0026,0.0033,0.0047,0.0051,0.0059,0.0068,0.0087,26,0.03,0,,,,,,,,,"wrist"
"IZTECH_S016","IZTECH_S016_w","2025-05-10 15:10:19",FALSE,0,31.94,1,13072,108.933,374,3.11667,745,6.20833,18.04,0.01,171,94,7e-04,0.0014,0.0017,0.0025,0.0032,0.0038,0.0046,0.0057,13.3,0.02,0,,,,,,,,,"wrist"
"IZTECH_S016","IZTECH_S016_w","2025-05-10 15:12:19",FALSE,0,32.5,1,4887,40.725,113,0.941667,314,2.61667,15.68,0.01,147,91,5e-04,0.0015,0.0013,0.0022,0.0028,0.0031,0.0037,0.0038,12.14,0.01,0,,,,,,,,,"wrist"
"IZTECH_S016","IZTECH_S016_w","2025-05-10 15:14:19",FALSE,0,32.75,16,1632,13.6,35,0.291667,120,1,20.37,0.01,181,96,7e-04,0.0017,0.0016,0.0029,0.0036,0.004,0.0049,0.005,15.69,0.02,0,,,,,,,,,"wrist"
"IZTECH_S016","IZTECH_S016_w","2025-05-10 15:16:19",FALSE,0,33.19,16,2126,17.7167,57,0.475,115,0.958333,22.22,0.01,162,93,8e-04,0.0021,0.0019,0.0033,0.0039,0.0041,0.0049,0.005,18.63,0.02,0,,,,,,,,,"wrist"
"IZTECH_S016","IZTECH_S016_w","2025-05-10 15:18:19",FALSE,0,33.44,16,33,0.275,0,0,3,0.025,23.12,0.01,162,93,8e-04,0.0019,0.0019,0.0033,0.004,0.0047,0.0059,0.0059,17.26,0.02,0,,,,,,,,,"wrist"
"IZTECH_S016","IZTECH_S016_w","2025-05-10 15:20:19",FALSE,0,33.62,16,443,3.69167,9,0.075,26,0.216667,17,0.01,153,93,7e-04,0.0015,0.0016,0.0026,0.003,0.0035,0.0042,0.0046,13.52,0.02,0,,,,,,,,,"wrist"
"IZTECH_S016","IZTECH_S016_w","2025-05-10 15:22:19",FALSE,0,33.69,16,980,8.16667,22,0.183333,64,0.533333,14.84,0.01,150,94,6e-04,0.0013,0.0015,0.0023,0.0027,0.003,0.0035,0.004,12.07,0.02,0,,,,,,,,,"wrist"
"IZTECH_S016","IZTECH_S016_w","2025-05-10 15:24:19",FALSE,0,33.75,16,127,1.05833,0,0,8,0.0666667,14.86,0.01,150,93,6e-04,0.0013,0.0014,0.0023,0.0027,0.0029,0.0034,0.0039,11.96,0.01,0,,,,,,,,,"wrist"
"IZTECH_S016","IZTECH_S016_w","2025-05-10 15:26:19",FALSE,0,33.75,16,1346,11.2167,27,0.225,100,0.833333,11.98,0.01,158,95,5e-04,0.001,0.0012,0.0019,0.0022,0.0025,0.0029,0.0035,9.45,0.01,0,,,,,,,,,"wrist"
"IZTECH_S016","IZTECH_S016_w","2025-05-10 15:28:19",FALSE,0,33.81,16,1151,9.59167,3,0.025,125,1.04167,11.62,0.01,158,99,5e-04,0.001,0.0012,0.0018,0.0021,0.0025,0.0029,0.0036,9.33,0.01,0,,,,,,,,,"wrist"
"IZTECH_S016","IZTECH_S016_w","2025-05-10 15:30:19",FALSE,0,33.75,16,2855,23.7917,88,0.733333,212,1.76667,11.06,0.01,152,99,5e-04,0.001,0.0011,0.0017,0.002,0.0023,0.0027,0.0033,9.03,0.01,0,,,,,,,,,"wrist"
"IZTECH_S016","IZTECH_S016_w","2025-05-10 15:32:19",FALSE,0,33.88,16,775,6.45833,2,0.0166667,92,0.766667,11.24,0.01,153,97,5e-04,0.001,0.0012,0.0018,0.002,0.0024,0.0028,0.0035,9.04,0.01,0,,,,,,,,,"wrist"
"IZTECH_S016","IZTECH_S016_w","2025-05-10 15:34:19",FALSE,0,33.94,16,1210,10.0833,17,0.141667,107,0.891667,11.32,0.01,153,95,5e-04,0.001,0.0012,0.0018,0.0021,0.0024,0.0028,0.0035,9.1,0.01,0,,,,,,,,,"wrist"
"IZTECH_S016","IZTECH_S016_w","2025-05-10 15:36:19",FALSE,0,33.75,1,3647,30.3917,83,0.691667,209,1.74167,24.73,0.02,177,98,0.0012,0.0022,0.0027,0.004,0.0044,0.0051,0.0059,0.0071,21.67,0.03,0,,,,,,,,,"wrist"
"IZTECH_S016","IZTECH_S016_w","2025-05-10 15:38:19",FALSE,0,33,1,14543,121.192,428,3.56667,714,5.95,59.12,0.03,207,150,0.0023,0.004,0.0055,0.008,0.0101,0.0122,0.0147,0.0183,45.38,0.05,0,,,,,,,,,"wrist"
"IZTECH_S016","IZTECH_S016_w","2025-05-10 15:40:19",FALSE,0,32.75,1,14522,121.017,384,3.2,767,6.39167,309.09,0.15,202,144,0.0148,0.0253,0.0328,0.0459,0.0521,0.0607,0.0707,0.0871,283.25,0.26,0,,,,,,,,,"wrist"
"IZTECH_S016","IZTECH_S016_w","2025-05-10 15:42:19",FALSE,0,32.56,1,5147,42.8917,144,1.2,270,2.25,79.69,0.04,217,167,0.0033,0.0057,0.0077,0.0111,0.0136,0.0163,0.0195,0.0245,64.18,0.07,0,,,,,,,,,"wrist"
"IZTECH_S016","IZTECH_S016_w","2025-05-10 15:44:19",FALSE,0,32.44,1,11148,92.9,336,2.8,581,4.84167,95.39,0.05,219,151,0.0039,0.0068,0.0092,0.0133,0.0163,0.0196,0.0236,0.0295,75.79,0.08,0,,,,,,,,,"wrist"
"IZTECH_S016","IZTECH_S016_w","2025-05-10 15:46:19",FALSE,0,32.81,1,13657,113.808,384,3.2,873,7.275,53.88,0.03,207,144,0.0022,0.0037,0.005,0.0074,0.0092,0.0113,0.0137,0.0174,41.13,0.05,0,,,,,,,,,"wrist"
"IZTECH_S016","IZTECH_S016_w","2025-05-10 15:48:19",FALSE,0,32.69,1,10677,88.975,275,2.29167,705,5.875,34.55,0.02,209,152,0.0014,0.0023,0.0031,0.0046,0.006,0.0075,0.0092,0.0119,24.38,0.03,0,,,,,,,,,"wrist"
"IZTECH_S016","IZTECH_S016_w","2025-05-10 15:50:19",FALSE,0,32.75,1,1647,13.725,22,0.183333,116,0.966667,45.26,0.02,179,114,0.0018,0.003,0.0041,0.0062,0.0077,0.0095,0.0117,0.0149,33.69,0.04,0,,,,,,,,,"wrist"
"IZTECH_S016","IZTECH_S016_w","2025-05-10 15:52:19",FALSE,0,32.75,1,2121,17.675,54,0.45,150,1.25,50.09,0.02,161,128,0.002,0.0033,0.0045,0.0068,0.0086,0.0105,0.013,0.0163,36.91,0.04,0,,,,,,,,,"wrist"
"IZTECH_S016","IZTECH_S016_w","2025-05-10 15:54:19",FALSE,0,33,1,1955,16.2917,29,0.241667,138,1.15,24.18,0.01,171,115,9e-04,0.0016,0.0022,0.0033,0.0042,0.0052,0.0064,0.0082,17.35,0.02,0,,,,,,,,,"wrist"
"IZTECH_S016","IZTECH_S016_w","2025-05-10 15:56:19",FALSE,0,33.25,16,4210,35.0833,77,0.641667,277,2.30833,46.83,0.02,184,122,0.0018,0.0031,0.0042,0.0064,0.008,0.0098,0.0121,0.0153,34.5,0.04,0,,,,,,,,,"wrist"
"IZTECH_S016","IZTECH_S016_w","2025-05-10 15:58:19",FALSE,0,33.25,1,626,5.21667,6,0.05,46,0.383333,45.16,0.02,154,110,0.0017,0.003,0.004,0.0061,0.0077,0.0095,0.0117,0.0148,33.26,0.04,0,,,,,,,,,"wrist"
"IZTECH_S016","IZTECH_S016_w","2025-05-10 16:00:19",FALSE,0,33.31,16,3589,29.9083,80,0.666667,256,2.13333,44.46,0.02,166,112,0.0017,0.0029,0.004,0.006,0.0076,0.0093,0.0115,0.0145,32.82,0.04,0,,,,,,,,,"wrist"
"IZTECH_S016","IZTECH_S016_w","2025-05-10 16:02:19",FALSE,0,33.25,1,1082,9.01667,16,0.133333,76,0.633333,38.34,0.02,166,128,0.0015,0.0025,0.0034,0.0052,0.0065,0.008,0.0099,0.0126,28.58,0.03,0,,,,,,,,,"wrist"
"IZTECH_S016","IZTECH_S016_w","2025-05-10 16:04:19",FALSE,0,33.31,1,2478,20.65,53,0.441667,159,1.325,39.88,0.02,160,102,0.0015,0.0026,0.0035,0.0054,0.0068,0.0084,0.0104,0.0133,29.27,0.03,0,,,,,,,,,"wrist"
"IZTECH_S016","IZTECH_S016_w","2025-05-10 16:06:19",FALSE,0,33.38,1,1948,16.2333,32,0.266667,123,1.025,46.2,0.02,172,114,0.0018,0.003,0.0041,0.0062,0.0079,0.0097,0.0118,0.015,34.25,0.04,0,,,,,,,,,"wrist"
"IZTECH_S016","IZTECH_S016_w","2025-05-10 16:08:19",FALSE,0,33.31,1,3675,30.625,81,0.675,245,2.04167,40.23,0.02,222,173,0.0016,0.0027,0.0036,0.0054,0.0069,0.0085,0.0105,0.0134,29.56,0.03,0,,,,,,,,,"wrist"
"IZTECH_S016","IZTECH_S016_w","2025-05-10 16:10:19",FALSE,0,33.19,1,1699,14.1583,11,0.0916667,116,0.966667,49.79,0.02,175,130,0.0019,0.0033,0.0044,0.0067,0.0085,0.0104,0.0129,0.0163,36.69,0.04,0,,,,,,,,,"wrist"
"IZTECH_S016","IZTECH_S016_w","2025-05-10 16:12:19",FALSE,0,33.06,16,1667,13.8917,27,0.225,110,0.916667,59.74,0.03,178,118,0.0024,0.004,0.0055,0.0082,0.0102,0.0124,0.0152,0.0192,45.51,0.05,0,,,,,,,,,"wrist"
"IZTECH_S016","IZTECH_S016_w","2025-05-10 16:14:19",FALSE,0,33.19,16,355,2.95833,10,0.0833333,18,0.15,68.51,0.03,171,114,0.0027,0.0046,0.0062,0.0093,0.0117,0.0142,0.0173,0.0218,52.03,0.06,0,,,,,,,,,"wrist"
"IZTECH_S016","IZTECH_S016_w","2025-05-10 16:16:19",FALSE,0,33.25,1,4626,38.55,99,0.825,324,2.7,48.17,0.02,190,138,0.0019,0.0032,0.0044,0.0066,0.0082,0.0101,0.0124,0.0157,36.08,0.04,0,,,,,,,,,"wrist"
"IZTECH_S016","IZTECH_S016_w","2025-05-10 16:18:19",FALSE,0,33.25,1,1492,12.4333,21,0.175,95,0.791667,29.03,0.02,151,118,0.0011,0.0019,0.0025,0.0039,0.005,0.0063,0.0078,0.01,20.16,0.03,0,,,,,,,,,"wrist"
"IZTECH_S016","IZTECH_S016_w","2025-05-10 16:20:19",FALSE,0,33.19,1,537,4.475,3,0.025,62,0.516667,42.89,0.02,159,112,0.0016,0.0028,0.0038,0.0058,0.0074,0.0091,0.0112,0.0142,30.87,0.04,0,,,,,,,,,"wrist"
"IZTECH_S016","IZTECH_S016_w","2025-05-10 16:22:19",FALSE,0,33.88,1,8858,73.8167,271,2.25833,535,4.45833,73.7,0.03,158,101,0.0029,0.005,0.0069,0.0102,0.0125,0.0151,0.0183,0.0229,58.05,0.06,0,,,,,,,,,"wrist"
"IZTECH_S016","IZTECH_S016_w","2025-05-10 16:24:19",FALSE,0,33.75,1,5884,49.0333,125,1.04167,368,3.06667,186.37,0.09,155,96,0.008,0.0138,0.0188,0.0272,0.0311,0.0372,0.0447,0.0564,161.01,0.16,0,,,,,,,,,"wrist"
"IZTECH_S016","IZTECH_S016_w","2025-05-10 16:26:19",FALSE,0,33.25,4,13514,112.617,399,3.325,644,5.36667,22.78,0.02,124,95,0.0011,0.0019,0.0024,0.0035,0.004,0.0048,0.0057,0.0074,18.81,0.02,0,,,,,,,,,"wrist"
"IZTECH_S016","IZTECH_S016_w","2025-05-10 16:28:19",FALSE,0,33.31,4,8132,67.7667,228,1.9,342,2.85,19.5,0.01,123,93,0.001,0.0016,0.0021,0.003,0.0035,0.0041,0.0049,0.0064,15.81,0.02,0,,,,,,,,,"wrist"
"IZTECH_S016","IZTECH_S016_w","2025-05-10 16:30:19",FALSE,0,33.44,4,84,0.7,1,0.00833333,6,0.05,9.53,0.01,123,93,5e-04,9e-04,0.0011,0.0016,0.0018,0.0022,0.0026,0.0037,7.41,0.01,0,,,,,,,,,"wrist"
"IZTECH_S016","IZTECH_S016_w","2025-05-10 16:32:19",FALSE,0,33.56,4,1133,9.44167,43,0.358333,48,0.4,9.99,0.01,124,93,5e-04,9e-04,0.0011,0.0016,0.0019,0.0023,0.0027,0.0037,7.73,0.01,0,,,,,,,,,"wrist"
"IZTECH_S016","IZTECH_S016_w","2025-05-10 16:34:19",FALSE,0,33.44,4,4187,34.8917,107,0.891667,228,1.9,15.54,0.01,196,110,8e-04,0.0013,0.0017,0.0024,0.0029,0.0035,0.0042,0.0056,11.8,0.02,0,,,,,,,,,"wrist"
"IZTECH_S016","IZTECH_S016_w","2025-05-10 16:36:19",FALSE,0,33.5,4,2909,24.2417,66,0.55,153,1.275,14.66,0.01,144,106,7e-04,0.0012,0.0016,0.0022,0.0027,0.0032,0.0038,0.0051,11.34,0.02,0,,,,,,,,,"wrist"
"IZTECH_S016","IZTECH_S016_w","2025-05-10 16:38:19",FALSE,0,33.44,4,927,7.725,28,0.233333,35,0.291667,11.5,0.01,144,104,6e-04,0.001,0.0013,0.0019,0.0021,0.0025,0.003,0.0041,9.31,0.01,0,,,,,,,,,"wrist"
"IZTECH_S016","IZTECH_S016_w","2025-05-10 16:40:19",FALSE,0,33.44,4,2056,17.1333,60,0.5,99,0.825,14.92,0.01,145,103,8e-04,0.0013,0.0016,0.0023,0.0027,0.0033,0.0039,0.0052,11.7,0.02,0,,,,,,,,,"wrist"
"IZTECH_S016","IZTECH_S016_w","2025-05-10 16:42:19",FALSE,0,33.19,1,15489,129.075,486,4.05,820,6.83333,16.02,0.01,225,174,8e-04,0.0013,0.0017,0.0025,0.0029,0.0035,0.0042,0.0055,12.49,0.02,0,,,,,,,,,"wrist"
"IZTECH_S016","IZTECH_S016_w","2025-05-10 16:44:19",FALSE,0,33.12,4,23171,193.092,774,6.45,968,8.06667,46.48,0.02,147,138,0.0019,0.0041,0.0044,0.0069,0.008,0.009,0.0097,0.0113,41.03,0.04,0,,,,,,,,,"wrist"
"IZTECH_S016","IZTECH_S016_w","2025-05-10 16:46:19",FALSE,0,32.94,8,1585,13.2083,13,0.108333,110,0.916667,62.44,0.03,194,146,0.0027,0.0048,0.0063,0.0092,0.0109,0.0125,0.0146,0.0183,51.94,0.06,0,,,,,,,,,"wrist"
"IZTECH_S016","IZTECH_S016_w","2025-05-10 16:48:19",FALSE,0,32.81,8,1063,8.85833,3,0.025,82,0.683333,59.96,0.03,180,144,0.0026,0.0046,0.006,0.0088,0.0105,0.0121,0.0141,0.0177,49.78,0.05,0,,,,,,,,,"wrist"
"IZTECH_S016","IZTECH_S016_w","2025-05-10 16:50:19",FALSE,0,32.88,8,1040,8.66667,2,0.0166667,72,0.6,57.7,0.03,195,158,0.0025,0.0044,0.0058,0.0084,0.0101,0.0117,0.0136,0.0172,47.15,0.05,0,,,,,,,,,"wrist"
"IZTECH_S016","IZTECH_S016_w","2025-05-10 16:52:19",FALSE,0,33.19,8,3316,27.6333,85,0.708333,182,1.51667,47.03,0.03,148,139,0.0021,0.0037,0.0048,0.007,0.0083,0.0097,0.0112,0.0143,38.51,0.04,0,,,,,,,,,"wrist"
"IZTECH_S016","IZTECH_S016_w","2025-05-10 16:54:19",FALSE,0,33.06,8,4182,34.85,120,1,203,1.69167,43.06,0.03,200,169,0.002,0.0034,0.0044,0.0064,0.0076,0.0089,0.0104,0.0133,35.25,0.04,0,,,,,,,,,"wrist"
"IZTECH_S016","IZTECH_S016_w","2025-05-10 16:56:19",FALSE,0,33.62,16,6822,56.85,192,1.6,358,2.98333,24.43,0.02,128,118,0.0012,0.002,0.0026,0.0037,0.0044,0.0053,0.0065,0.0085,18.87,0.03,0,,,,,,,,,"wrist"
"IZTECH_S016","IZTECH_S016_w","2025-05-10 16:58:19",FALSE,0,33.56,1,14934,124.45,477,3.975,694,5.78333,23.04,0.01,130,141,0.0011,0.0019,0.0024,0.0035,0.0041,0.0047,0.0057,0.0073,19.04,0.02,0,,,,,,,,,"wrist"
"IZTECH_S016","IZTECH_S016_w","2025-05-10 17:00:19",FALSE,0,33.62,1,8138,67.8167,193,1.60833,492,4.1,45.28,0.02,148,137,0.002,0.0035,0.0046,0.0066,0.0079,0.0091,0.0108,0.0136,37.71,0.04,0,,,,,,,,,"wrist"
"IZTECH_S016","IZTECH_S016_w","2025-05-10 17:02:19",FALSE,0,33.44,16,8266,68.8833,195,1.625,574,4.78333,36.33,0.02,200,163,0.0016,0.0028,0.0037,0.0054,0.0063,0.0074,0.0088,0.0112,30,0.03,0,,,,,,,,,"wrist"
"IZTECH_S016","IZTECH_S016_w","2025-05-10 17:04:19",FALSE,0,33.81,1,3760,31.3333,75,0.625,231,1.925,34.05,0.02,133,115,0.0015,0.0026,0.0035,0.005,0.006,0.007,0.0083,0.0106,27.76,0.03,0,,,,,,,,,"wrist"
"IZTECH_S016","IZTECH_S016_w","2025-05-10 17:06:19",FALSE,0,33.38,16,5758,47.9833,152,1.26667,327,2.725,41.53,0.02,198,161,0.0019,0.0032,0.0043,0.0062,0.0072,0.0084,0.0099,0.0126,35.07,0.04,0,,,,,,,,,"wrist"
"IZTECH_S016","IZTECH_S016_w","2025-05-10 17:08:19",FALSE,0,33.19,1,6055,50.4583,122,1.01667,373,3.10833,35.68,0.02,208,169,0.0016,0.0027,0.0036,0.0052,0.0063,0.0073,0.0087,0.0111,29.05,0.03,0,,,,,,,,,"wrist"
"IZTECH_S016","IZTECH_S016_w","2025-05-10 17:10:19",FALSE,0,33.44,1,5509,45.9083,77,0.641667,409,3.40833,44.42,0.02,203,146,0.002,0.0034,0.0045,0.0065,0.0077,0.009,0.0106,0.0135,37.03,0.04,0,,,,,,,,,"wrist"
"IZTECH_S016","IZTECH_S016_w","2025-05-10 17:12:19",FALSE,0,33.75,1,6722,56.0167,189,1.575,339,2.825,15.79,0.01,141,121,7e-04,0.0013,0.0017,0.0024,0.0028,0.0034,0.0041,0.0054,12.41,0.02,0,,,,,,,,,"wrist"
"IZTECH_S016","IZTECH_S016_w","2025-05-10 17:14:19",FALSE,0,34.06,4,5744,47.8667,190,1.58333,237,1.975,15.02,0.01,128,99,7e-04,0.0013,0.0016,0.0024,0.0027,0.0032,0.0038,0.005,12.4,0.02,0,,,,,,,,,"wrist"
"IZTECH_S016","IZTECH_S016_w","2025-05-10 17:16:19",FALSE,0,34.19,4,1977,16.475,48,0.4,128,1.06667,8.98,0.01,132,121,5e-04,8e-04,0.001,0.0015,0.0017,0.002,0.0025,0.0035,7.11,0.01,0,,,,,,,,,"wrist"
"IZTECH_S016","IZTECH_S016_w","2025-05-10 17:18:19",FALSE,0,33.94,16,9981,83.175,248,2.06667,566,4.71667,43.65,0.02,129,129,0.0019,0.0033,0.0044,0.0064,0.0075,0.0088,0.0104,0.0131,36.35,0.04,0,,,,,,,,,"wrist"
"IZTECH_S016","IZTECH_S016_w","2025-05-10 17:20:19",FALSE,0,34.19,1,6463,53.8583,153,1.275,357,2.975,20.11,0.01,128,105,9e-04,0.0016,0.0021,0.0031,0.0036,0.0042,0.0051,0.0066,16.34,0.02,0,,,,,,,,,"wrist"
"IZTECH_S016","IZTECH_S016_w","2025-05-10 17:22:19",FALSE,0,34,1,13787,114.892,396,3.3,705,5.875,34.5,0.02,135,134,0.0016,0.0027,0.0036,0.0052,0.006,0.0069,0.0083,0.0106,29.54,0.03,0,,,,,,,,,"wrist"
"IZTECH_S016","IZTECH_S016_w","2025-05-10 17:24:19",FALSE,0,33.75,1,9115,75.9583,239,1.99167,539,4.49167,52.64,0.03,186,159,0.0023,0.0041,0.0054,0.0077,0.0091,0.0105,0.0125,0.0156,44.79,0.05,0,,,,,,,,,"wrist"
"IZTECH_S016","IZTECH_S016_w","2025-05-10 17:26:19",FALSE,0,33.81,16,6617,55.1417,166,1.38333,374,3.11667,27.34,0.02,197,163,0.0012,0.0022,0.0028,0.0041,0.0048,0.0055,0.0067,0.0086,22.99,0.03,0,,,,,,,,,"wrist"
"IZTECH_S016","IZTECH_S016_w","2025-05-10 17:28:19",FALSE,0,33.81,4,16482,137.35,507,4.225,868,7.23333,41.9,0.02,165,134,0.0019,0.0033,0.0043,0.0063,0.0072,0.0085,0.0103,0.0132,35.42,0.04,0,,,,,,,,,"wrist"
"IZTECH_S016","IZTECH_S016_w","2025-05-10 17:30:19",FALSE,0,33.75,1,9071,75.5917,213,1.775,528,4.4,60.18,0.03,226,169,0.0026,0.0045,0.006,0.0088,0.0104,0.0121,0.0144,0.0182,49.76,0.05,0,,,,,,,,,"wrist"
"IZTECH_S016","IZTECH_S016_w","2025-05-10 17:32:19",FALSE,0,33.62,8,9675,80.625,299,2.49167,514,4.28333,59.9,0.03,211,163,0.0025,0.0045,0.006,0.0087,0.0103,0.0118,0.0139,0.0174,50.42,0.05,0,,,,,,,,,"wrist"
"IZTECH_S016","IZTECH_S016_w","2025-05-10 17:34:19",FALSE,0,33.56,1,2014,16.7833,25,0.208333,133,1.10833,2.92,0,219,161,2e-04,3e-04,4e-04,5e-04,6e-04,7e-04,0.001,0.0015,2.02,0.01,0,,,,,,,,,"wrist"
"IZTECH_S016","IZTECH_S016_w","2025-05-10 17:36:19",FALSE,0,33.75,1,9387,78.225,268,2.23333,588,4.9,11.49,0.01,157,133,6e-04,0.001,0.0013,0.0019,0.0021,0.0025,0.003,0.0042,9.34,0.01,0,,,,,,,,,"wrist"
"IZTECH_S016","IZTECH_S016_w","2025-05-10 17:38:19",FALSE,0,33.75,16,15256,127.133,444,3.7,948,7.9,25.81,0.02,149,128,0.0011,0.0019,0.0025,0.0037,0.0046,0.0054,0.0065,0.0084,19.91,0.02,0,,,,,,,,,"wrist"
"IZTECH_S016","IZTECH_S016_w","2025-05-10 17:40:19",FALSE,0,33.88,16,11299,94.1583,245,2.04167,863,7.19167,26.03,0.02,150,120,0.0011,0.002,0.0026,0.0039,0.0045,0.0053,0.0064,0.0083,21.17,0.02,0,,,,,,,,,"wrist"
"IZTECH_S016","IZTECH_S016_w","2025-05-10 17:42:19",FALSE,0,33.88,16,14834,123.617,375,3.125,1047,8.725,27.63,0.02,216,145,0.0012,0.0021,0.0028,0.0041,0.0048,0.0057,0.0068,0.0088,22.19,0.03,0,,,,,,,,,"wrist"
"IZTECH_S016","IZTECH_S016_w","2025-05-10 17:44:19",FALSE,0,31.62,4,0,0,0,0,0,0,14.61,0.01,229,176,7e-04,0.0011,0.0015,0.0022,0.0026,0.0031,0.0038,0.0051,11.06,0.02,0,,,,,,,,,"wrist"
"IZTECH_S016","IZTECH_S016_w","2025-05-10 17:46:19",FALSE,0,30.62,4,237,1.975,3,0.025,13,0.108333,9.93,0.01,227,173,5e-04,8e-04,0.001,0.0015,0.0018,0.0022,0.0027,0.0036,7.5,0.01,0,,,,,,,,,"wrist"
"IZTECH_S016","IZTECH_S016_w","2025-05-10 17:48:19",FALSE,0,30.19,16,12,0.1,0,0,1,0.00833333,22.29,0.01,225,173,0.001,0.0017,0.0023,0.0033,0.0039,0.0046,0.0056,0.0074,17.62,0.02,0,,,,,,,,,"wrist"
"IZTECH_S016","IZTECH_S016_w","2025-05-10 17:50:19",FALSE,0,29.81,16,30,0.25,0,0,3,0.025,25.54,0.02,225,173,0.0011,0.0019,0.0026,0.0038,0.0045,0.0052,0.0064,0.0083,20.47,0.02,0,,,,,,,,,"wrist"
"IZTECH_S016","IZTECH_S016_w","2025-05-10 17:52:19",FALSE,0,29.62,4,908,7.56667,31,0.258333,40,0.333333,10.74,0.01,228,174,5e-04,8e-04,0.0011,0.0016,0.0019,0.0023,0.0029,0.0039,7.97,0.01,0,,,,,,,,,"wrist"
"IZTECH_S016","IZTECH_S016_w","2025-05-10 17:54:19",FALSE,0,29.44,4,2014,16.7833,56,0.466667,169,1.40833,5.4,0,228,173,3e-04,4e-04,6e-04,8e-04,0.001,0.0012,0.0016,0.0023,3.74,0.01,0,,,,,,,,,"wrist"
"IZTECH_S016","IZTECH_S016_w","2025-05-10 17:56:19",FALSE,0,29.31,4,449,3.74167,0,0,18,0.15,11.21,0.01,228,173,5e-04,9e-04,0.0012,0.0017,0.002,0.0025,0.0031,0.0041,8.48,0.01,0,,,,,,,,,"wrist"
"IZTECH_S016","IZTECH_S016_w","2025-05-10 17:58:19",FALSE,0,29.12,4,3,0.025,0,0,0,0,13.18,0.01,228,173,6e-04,0.001,0.0014,0.002,0.0023,0.0028,0.0035,0.0047,10.14,0.01,0,,,,,,,,,"wrist"
"IZTECH_S016","IZTECH_S016_w","2025-05-10 18:00:19",FALSE,0,28.88,4,14,0.116667,0,0,0,0,14.57,0.01,228,173,6e-04,0.0011,0.0015,0.0022,0.0026,0.0031,0.0038,0.0051,11.24,0.02,0,,,,,,,,,"wrist"
"IZTECH_S016","IZTECH_S016_w","2025-05-10 18:02:19",FALSE,0,28.69,4,54,0.45,1,0.00833333,8,0.0666667,18.82,0.01,228,173,8e-04,0.0014,0.0019,0.0028,0.0033,0.0039,0.0048,0.0063,14.7,0.02,0,,,,,,,,,"wrist"
"IZTECH_S016","IZTECH_S016_w","2025-05-10 18:04:19",FALSE,0,28.56,4,0,0,0,0,0,0,20.08,0.01,228,173,9e-04,0.0015,0.002,0.003,0.0035,0.0042,0.0051,0.0067,15.93,0.02,0,,,,,,,,,"wrist"
"IZTECH_S016","IZTECH_S016_w","2025-05-10 18:06:19",FALSE,0,31.75,1,12348,102.9,338,2.81667,684,5.7,47.83,0.03,132,92,0.0022,0.0035,0.0047,0.0072,0.0083,0.0102,0.0129,0.0179,36.4,0.05,0,,,,,,,,,"wrist"
"IZTECH_S016","IZTECH_S016_w","2025-05-10 18:08:19",FALSE,0,32.31,1,7831,65.2583,154,1.28333,477,3.975,35.68,0.02,125,91,0.0016,0.0026,0.0034,0.0051,0.0063,0.0076,0.0096,0.013,26.04,0.04,0,,,,,,,,,"wrist"
"IZTECH_S016","IZTECH_S016_w","2025-05-10 18:10:19",FALSE,0,32.88,1,4042,33.6833,101,0.841667,190,1.58333,14.75,0.01,123,92,7e-04,0.0012,0.0016,0.0023,0.0026,0.003,0.0038,0.005,12.22,0.02,0,,,,,,,,,"wrist"
"IZTECH_S016","IZTECH_S016_w","2025-05-10 18:12:19",FALSE,0,33.06,1,9580,79.8333,206,1.71667,596,4.96667,10.22,0.01,125,99,5e-04,8e-04,0.0011,0.0016,0.0018,0.0022,0.0027,0.0036,8.09,0.01,0,,,,,,,,,"wrist"
"IZTECH_S016","IZTECH_S016_w","2025-05-10 18:14:19",FALSE,0,33.12,1,5913,49.275,120,1,337,2.80833,19.09,0.01,123,94,8e-04,0.0015,0.0019,0.0028,0.0033,0.0039,0.0048,0.0062,15.41,0.02,0,,,,,,,,,"wrist"
"IZTECH_S016","IZTECH_S016_w","2025-05-10 18:16:19",FALSE,0,33.62,4,4771,39.7583,105,0.875,261,2.175,11.95,0.01,132,105,6e-04,0.001,0.0013,0.0019,0.0021,0.0025,0.0032,0.0043,9.81,0.01,0,,,,,,,,,"wrist"
"IZTECH_S016","IZTECH_S016_w","2025-05-10 18:18:19",FALSE,0,33.69,1,6930,57.75,158,1.31667,380,3.16667,15.3,0.01,128,100,7e-04,0.0012,0.0016,0.0023,0.0027,0.0032,0.004,0.0053,12.16,0.02,0,,,,,,,,,"wrist"
"IZTECH_S016","IZTECH_S016_w","2025-05-10 18:20:19",FALSE,0,33.62,8,6052,50.4333,141,1.175,342,2.85,28.81,0.01,152,123,0.0012,0.0022,0.0029,0.0042,0.005,0.0058,0.0071,0.009,23.99,0.03,0,,,,,,,,,"wrist"
"IZTECH_S016","IZTECH_S016_w","2025-05-10 18:22:19",FALSE,0,34,8,5412,45.1,136,1.13333,411,3.425,15.99,0.01,153,94,7e-04,0.0012,0.0016,0.0024,0.0028,0.0033,0.0041,0.0053,13.02,0.02,0,,,,,,,,,"wrist"
"IZTECH_S016","IZTECH_S016_w","2025-05-10 18:24:19",FALSE,0,34.19,4,7569,63.075,197,1.64167,297,2.475,25.21,0.01,124,93,0.0011,0.002,0.0026,0.0037,0.0044,0.0051,0.0062,0.0081,21.29,0.02,0,,,,,,,,,"wrist"
"IZTECH_S016","IZTECH_S016_w","2025-05-10 18:26:19",FALSE,0,34.19,4,513,4.275,12,0.1,16,0.133333,4.84,0.01,124,95,3e-04,5e-04,6e-04,8e-04,0.001,0.0012,0.0015,0.0024,3.46,0.01,0,,,,,,,,,"wrist"
"IZTECH_S016","IZTECH_S016_w","2025-05-10 18:28:19",FALSE,0,34,4,5758,47.9833,146,1.21667,328,2.73333,15.35,0.01,128,109,7e-04,0.0012,0.0016,0.0023,0.0027,0.0033,0.004,0.0054,12.3,0.02,0,,,,,,,,,"wrist"
"IZTECH_S016","IZTECH_S016_w","2025-05-10 18:30:19",FALSE,0,34.19,1,7429,61.9083,208,1.73333,342,2.85,25.72,0.01,130,101,0.0011,0.002,0.0026,0.0038,0.0044,0.0052,0.0063,0.0081,21.68,0.02,0,,,,,,,,,"wrist"
"IZTECH_S016","IZTECH_S016_w","2025-05-10 18:32:19",FALSE,0,34.31,4,6604,55.0333,196,1.63333,329,2.74167,32.96,0.02,124,93,0.0015,0.0026,0.0034,0.0049,0.0057,0.0065,0.0079,0.0102,28.5,0.03,0,,,,,,,,,"wrist"
"IZTECH_S016","IZTECH_S016_w","2025-05-10 18:34:19",FALSE,0,33.94,16,5140,42.8333,123,1.025,324,2.7,15.59,0.01,138,103,7e-04,0.0012,0.0016,0.0024,0.0027,0.0032,0.0039,0.0052,12.96,0.02,0,,,,,,,,,"wrist"
"IZTECH_S016","IZTECH_S016_w","2025-05-10 18:36:19",FALSE,0,34.25,4,2347,19.5583,43,0.358333,143,1.19167,14.66,0.01,124,93,7e-04,0.0011,0.0015,0.0022,0.0026,0.003,0.0037,0.0049,11.91,0.01,0,,,,,,,,,"wrist"
"IZTECH_S016","IZTECH_S016_w","2025-05-10 18:38:19",FALSE,0,34.44,16,5190,43.25,140,1.16667,281,2.34167,18.92,0.01,130,94,8e-04,0.0015,0.002,0.0028,0.0033,0.0038,0.0047,0.0062,15.94,0.02,0,,,,,,,,,"wrist"
"IZTECH_S016","IZTECH_S016_w","2025-05-10 18:40:19",FALSE,0,34.5,1,6605,55.0417,197,1.64167,312,2.6,9.81,0.01,179,95,5e-04,8e-04,0.0011,0.0016,0.0018,0.0021,0.0026,0.0037,7.88,0.01,0,,,,,,,,,"wrist"
"IZTECH_S016","IZTECH_S016_w","2025-05-10 18:42:19",FALSE,0,34.44,1,11039,91.9917,284,2.36667,659,5.49167,15.91,0.01,128,95,7e-04,0.0012,0.0017,0.0024,0.0028,0.0033,0.0041,0.0055,13.03,0.02,0,,,,,,,,,"wrist"
"IZTECH_S016","IZTECH_S016_w","2025-05-10 18:44:19",FALSE,0,34,8,8593,71.6083,245,2.04167,450,3.75,31.87,0.02,156,128,0.0014,0.0024,0.0033,0.0047,0.0055,0.0063,0.0077,0.0099,27.04,0.03,0,,,,,,,,,"wrist"
"IZTECH_S016","IZTECH_S016_w","2025-05-10 18:46:19",FALSE,0,34.12,8,1807,15.0583,21,0.175,117,0.975,16.34,0.01,137,114,7e-04,0.0013,0.0017,0.0025,0.0029,0.0033,0.0041,0.0054,13.49,0.02,0,,,,,,,,,"wrist"
"IZTECH_S016","IZTECH_S016_w","2025-05-10 18:48:19",FALSE,0,34.19,8,1517,12.6417,8,0.0666667,138,1.15,14.15,0.01,128,115,6e-04,0.0011,0.0015,0.0022,0.0025,0.0029,0.0036,0.0048,11.56,0.01,0,,,,,,,,,"wrist"
"IZTECH_S016","IZTECH_S016_w","2025-05-10 18:50:19",FALSE,0,34.38,8,1115,9.29167,5,0.0416667,85,0.708333,13.03,0.01,128,105,6e-04,0.001,0.0014,0.002,0.0023,0.0027,0.0034,0.0046,10.6,0.01,0,,,,,,,,,"wrist"
"IZTECH_S016","IZTECH_S016_w","2025-05-10 18:52:19",FALSE,0,34.25,1,7090,59.0833,96,0.8,431,3.59167,20.63,0.01,128,104,8e-04,0.0015,0.002,0.0031,0.0035,0.0039,0.0049,0.0059,17.16,0.02,0,,,,,,,,,"wrist"
"IZTECH_S016","IZTECH_S016_w","2025-05-10 18:54:19",FALSE,0,34.38,1,2726,22.7167,69,0.575,137,1.14167,22.44,0.01,136,93,0.001,0.0017,0.0023,0.0034,0.0039,0.0044,0.0054,0.007,19.2,0.02,0,,,,,,,,,"wrist"
"IZTECH_S016","IZTECH_S016_w","2025-05-10 18:56:19",FALSE,0,34.25,16,11824,98.5333,327,2.725,716,5.96667,20.59,0.01,128,96,9e-04,0.0015,0.002,0.003,0.0036,0.0041,0.0051,0.0065,16.63,0.02,0,,,,,,,,,"wrist"
"IZTECH_S016","IZTECH_S016_w","2025-05-10 18:58:19",FALSE,0,34,8,20565,171.375,721,6.00833,929,7.74167,27.22,0.01,150,107,0.0012,0.0021,0.0029,0.0042,0.0046,0.0053,0.0065,0.0084,23.98,0.02,0,,,,,,,,,"wrist"
"IZTECH_S016","IZTECH_S016_w","2025-05-10 19:00:19",FALSE,0,33.94,16,8363,69.6917,223,1.85833,429,3.575,22.18,0.01,132,103,9e-04,0.0017,0.0023,0.0034,0.0038,0.0043,0.0053,0.0067,19.16,0.02,0,,,,,,,,,"wrist"
"IZTECH_S016","IZTECH_S016_w","2025-05-10 19:02:19",FALSE,0,33.94,16,6401,53.3417,154,1.28333,328,2.73333,24.52,0.01,139,141,0.001,0.0019,0.0025,0.0037,0.0042,0.0047,0.006,0.0075,21.07,0.02,0,,,,,,,,,"wrist"
"IZTECH_S016","IZTECH_S016_w","2025-05-10 19:04:19",FALSE,0,34.12,1,7994,66.6167,229,1.90833,430,3.58333,17.65,0.01,146,115,7e-04,0.0013,0.0017,0.0026,0.0031,0.0034,0.0043,0.0054,14.61,0.02,0,,,,,,,,,"wrist"
"IZTECH_S016","IZTECH_S016_w","2025-05-10 19:06:19",FALSE,0,33.88,4,5026,41.8833,92,0.766667,309,2.575,45.09,0.02,221,167,0.0019,0.0033,0.0046,0.0065,0.0077,0.0089,0.0111,0.0142,38.21,0.04,0,,,,,,,,,"wrist"
"IZTECH_S016","IZTECH_S016_w","2025-05-10 19:08:19",FALSE,0,33.75,4,16979,141.492,524,4.36667,789,6.575,33.7,0.02,199,147,0.0014,0.0024,0.0033,0.0048,0.0058,0.0067,0.0084,0.0107,27.75,0.03,0,,,,,,,,,"wrist"
"IZTECH_S016","IZTECH_S016_w","2025-05-10 19:10:19",FALSE,0,33.62,1,11042,92.0167,290,2.41667,596,4.96667,44.22,0,170,107,0.0011,0.0043,0.0025,0.0054,0.0077,0.0078,0.0065,0.0052,36.67,0.02,0,,,,,,,,,"wrist"
"IZTECH_S016","IZTECH_S016_w","2025-05-10 19:12:19",FALSE,0,33.44,1,12016,100.133,405,3.375,541,4.50833,9.55,0,126,98,3e-04,8e-04,8e-04,0.0014,0.0017,0.0016,0.0019,0.0019,8.18,0.01,0,,,,,,,,,"wrist"
"IZTECH_S016","IZTECH_S016_w","2025-05-10 19:14:19",FALSE,0,33.06,16,3709,30.9083,87,0.725,189,1.575,7.36,0,137,99,3e-04,6e-04,7e-04,0.0011,0.0013,0.0014,0.0018,0.002,5.99,0.01,0,,,,,,,,,"wrist"
"IZTECH_S016","IZTECH_S016_w","2025-05-10 19:16:19",FALSE,0,33.5,1,5996,49.9667,160,1.33333,304,2.53333,15.6,0,136,94,5e-04,0.0015,0.0012,0.0023,0.0026,0.0027,0.0026,0.0027,14.29,0.01,0,,,,,,,,,"wrist"
"IZTECH_S016","IZTECH_S016_w","2025-05-10 19:18:19",FALSE,0,33.56,8,10837,90.3083,326,2.71667,535,4.45833,14.35,0,144,123,3e-04,0.0015,9e-04,0.0019,0.0025,0.0024,0.0023,0.0018,12.69,0.01,0,,,,,,,,,"wrist"
"IZTECH_S016","IZTECH_S016_w","2025-05-10 19:20:19",FALSE,0,33.75,1,1975,16.4583,23,0.191667,112,0.933333,5.23,0,132,115,1e-04,4e-04,4e-04,8e-04,9e-04,9e-04,0.0012,0.0011,4.16,0,0,,,,,,,,,"wrist"
"IZTECH_S016","IZTECH_S016_w","2025-05-10 19:22:19",FALSE,0,33.81,1,733,6.10833,1,0.00833333,42,0.35,5.47,0,144,125,1e-04,5e-04,4e-04,8e-04,9e-04,0.001,0.0014,0.0014,4.25,0,0,,,,,,,,,"wrist"
"IZTECH_S016","IZTECH_S016_w","2025-05-10 19:24:19",FALSE,0,34.06,1,982,8.18333,5,0.0416667,55,0.458333,5.27,0,139,115,1e-04,3e-04,4e-04,7e-04,9e-04,0.0011,0.0017,0.0015,3.37,0,0,,,,,,,,,"wrist"
"IZTECH_S016","IZTECH_S016_w","2025-05-10 19:26:19",FALSE,0,34.06,1,2086,17.3833,43,0.358333,108,0.9,15.67,0.01,128,128,6e-04,0.0013,0.0017,0.0024,0.0026,0.003,0.0039,0.0047,14.34,0.01,0,,,,,,,,,"wrist"
"IZTECH_S016","IZTECH_S016_w","2025-05-10 19:28:19",FALSE,0,34.25,16,5000,41.6667,104,0.866667,315,2.625,4.75,0,131,102,1e-04,5e-04,4e-04,7e-04,9e-04,8e-04,9e-04,0.001,4.26,0,0,,,,,,,,,"wrist"
"IZTECH_S016","IZTECH_S016_w","2025-05-10 19:30:19",FALSE,0,34.25,16,2205,18.375,50,0.416667,141,1.175,3.96,0,140,111,1e-04,4e-04,3e-04,6e-04,7e-04,6e-04,8e-04,9e-04,3.44,0,0,,,,,,,,,"wrist"
"IZTECH_S016","IZTECH_S016_w","2025-05-10 19:32:19",FALSE,0,34.25,1,1578,13.15,30,0.25,94,0.783333,1.36,0,128,129,0,1e-04,1e-04,2e-04,3e-04,3e-04,4e-04,5e-04,0.91,0,0,,,,,,,,,"wrist"
"IZTECH_S016","IZTECH_S016_w","2025-05-10 19:34:19",FALSE,0,34.06,16,1975,16.4583,49,0.408333,95,0.791667,4.42,0,135,103,1e-04,4e-04,4e-04,7e-04,8e-04,8e-04,0.001,0.0012,3.82,0,0,,,,,,,,,"wrist"
"IZTECH_S016","IZTECH_S016_w","2025-05-10 19:36:19",FALSE,0,34.38,16,1817,15.1417,38,0.316667,122,1.01667,5.84,0,156,101,2e-04,5e-04,5e-04,9e-04,0.001,0.001,0.0014,0.0014,4.98,0,0,,,,,,,,,"wrist"
"IZTECH_S016","IZTECH_S016_w","2025-05-10 19:38:19",FALSE,0,34,16,10179,84.825,302,2.51667,502,4.18333,10.3,0.01,203,147,4e-04,9e-04,0.0012,0.0016,0.0018,0.0019,0.0025,0.0032,9.58,0.01,0,,,,,,,,,"wrist"
"IZTECH_S016","IZTECH_S016_w","2025-05-10 19:40:19",FALSE,0,33.62,16,3895,32.4583,131,1.09167,196,1.63333,8.58,0,213,166,4e-04,7e-04,0.001,0.0014,0.0015,0.0016,0.002,0.0027,8.09,0.01,0,,,,,,,,,"wrist"
"IZTECH_S016","IZTECH_S016_w","2025-05-10 19:42:19",FALSE,0,33.5,2,2528,21.0667,66,0.55,156,1.3,12.97,0.01,212,163,6e-04,0.0011,0.0016,0.0021,0.0022,0.0023,0.003,0.0039,12.78,0.01,0,,,,,,,,,"wrist"
"IZTECH_S016","IZTECH_S016_w","2025-05-10 19:44:19",FALSE,0,33.94,16,2698,22.4833,56,0.466667,193,1.60833,3.95,0,175,131,1e-04,3e-04,4e-04,7e-04,7e-04,8e-04,0.001,0.0013,3.38,0,0,,,,,,,,,"wrist"
"IZTECH_S016","IZTECH_S016_w","2025-05-10 19:46:19",FALSE,0,34,16,2443,20.3583,38,0.316667,176,1.46667,3.12,0,152,128,1e-04,3e-04,3e-04,5e-04,6e-04,6e-04,8e-04,0.001,2.75,0,0,,,,,,,,,"wrist"
"IZTECH_S016","IZTECH_S016_w","2025-05-10 19:48:19",FALSE,0,34.06,16,1342,11.1833,18,0.15,83,0.691667,3.24,0,210,163,1e-04,3e-04,4e-04,5e-04,6e-04,6e-04,8e-04,0.001,2.84,0,0,,,,,,,,,"wrist"
"IZTECH_S016","IZTECH_S016_w","2025-05-10 19:50:19",FALSE,0,33.94,8,3537,29.475,70,0.583333,227,1.89167,2.9,0,175,114,1e-04,2e-04,3e-04,5e-04,5e-04,5e-04,7e-04,0.001,2.47,0,0,,,,,,,,,"wrist"
"IZTECH_S016","IZTECH_S016_w","2025-05-10 19:52:19",FALSE,0,33.69,2,7632,63.6,205,1.70833,399,3.325,6.16,0,209,162,3e-04,5e-04,7e-04,0.001,0.0011,0.0011,0.0015,0.002,5.87,0.01,0,,,,,,,,,"wrist"
"IZTECH_S016","IZTECH_S016_w","2025-05-10 19:54:19",FALSE,0,33.25,32,2136,17.8,53,0.441667,113,0.941667,4.78,0,214,156,2e-04,4e-04,6e-04,8e-04,9e-04,9e-04,0.0012,0.0017,4.42,0.01,0,,,,,,,,,"wrist"
"IZTECH_S016","IZTECH_S016_w","2025-05-10 19:56:19",FALSE,0,33.5,2,10348,86.2333,322,2.68333,418,3.48333,4.83,0,218,166,2e-04,4e-04,6e-04,8e-04,8e-04,9e-04,0.0012,0.0016,4.77,0,0,,,,,,,,,"wrist"
"IZTECH_S016","IZTECH_S016_w","2025-05-10 19:58:19",FALSE,0,33.88,1,10035,83.625,294,2.45,495,4.125,2.23,0,134,94,1e-04,2e-04,2e-04,4e-04,4e-04,4e-04,5e-04,5e-04,2.06,0,0,,,,,,,,,"wrist"
"IZTECH_S016","IZTECH_S016_w","2025-05-10 20:00:19",FALSE,0,33.62,8,13819,115.158,414,3.45,653,5.44167,1.29,0,206,155,0,1e-04,2e-04,2e-04,2e-04,2e-04,4e-04,5e-04,1.09,0,0,,,,,,,,,"wrist"
"IZTECH_S016","IZTECH_S016_w","2025-05-10 20:02:19",FALSE,0,33.56,8,4816,40.1333,151,1.25833,218,1.81667,3.94,0,157,106,1e-04,2e-04,3e-04,6e-04,6e-04,8e-04,9e-04,9e-04,3.11,0,0,,,,,,,,,"wrist"
"IZTECH_S016","IZTECH_S016_w","2025-05-10 20:04:19",FALSE,0,33.44,16,3757,31.3083,103,0.858333,179,1.49167,16.42,0,128,93,3e-04,9e-04,0.0012,0.0019,0.0026,0.0034,0.0036,0.0028,11.78,0.01,0,,,,,,,,,"wrist"
"IZTECH_S016","IZTECH_S016_w","2025-05-10 20:06:19",FALSE,0,33.56,16,6308,52.5667,191,1.59167,303,2.525,13.96,0,142,94,2e-04,7e-04,9e-04,0.0015,0.0022,0.0029,0.0031,0.0023,9.15,0.01,0,,,,,,,,,"wrist"
"IZTECH_S016","IZTECH_S016_w","2025-05-10 20:08:19",FALSE,0,33.56,1,2700,22.5,32,0.266667,209,1.74167,5.6,0,156,118,1e-04,3e-04,3e-04,6e-04,9e-04,0.0013,0.0016,0.0011,3.14,0,0,,,,,,,,,"wrist"
"IZTECH_S016","IZTECH_S016_w","2025-05-10 20:10:19",FALSE,0,33.75,1,7744,64.5333,168,1.4,440,3.66667,5.7,0,156,99,0,3e-04,3e-04,6e-04,9e-04,0.0013,0.0015,0.001,3.43,0,0,,,,,,,,,"wrist"
"IZTECH_S016","IZTECH_S016_w","2025-05-10 20:12:19",FALSE,0,33.75,1,2670,22.25,31,0.258333,214,1.78333,5.11,0,180,115,0,2e-04,3e-04,5e-04,8e-04,0.0011,0.0013,9e-04,3.04,0,0,,,,,,,,,"wrist"
"IZTECH_S016","IZTECH_S016_w","2025-05-10 20:14:19",FALSE,0,33.94,1,13240,110.333,380,3.16667,674,5.61667,32.33,0,160,114,7e-04,0.0032,0.0017,0.0041,0.0054,0.0056,0.0043,0.0024,27.98,0.01,0,,,,,,,,,"wrist"
"IZTECH_S016","IZTECH_S016_w","2025-05-10 20:16:19",FALSE,0,33.5,1,11777,98.1417,358,2.98333,567,4.725,78.51,0,156,94,0.0019,0.0083,0.0039,0.0096,0.0134,0.0134,0.0097,0.0053,68.65,0.03,0,,,,,,,,,"wrist"
"IZTECH_S016","IZTECH_S016_w","2025-05-10 20:18:19",FALSE,0,33.25,1,8362,69.6833,252,2.1,356,2.96667,59.59,0,148,93,0.0012,0.0056,0.003,0.007,0.0102,0.0104,0.0077,0.0043,48.85,0.02,0,,,,,,,,,"wrist"
"IZTECH_S016","IZTECH_S016_w","2025-05-10 20:20:19",FALSE,0,33.12,16,4486,37.3833,147,1.225,191,1.59167,13.11,0,137,94,1e-04,6e-04,8e-04,0.0013,0.0021,0.0029,0.0029,0.0018,8.09,0.01,0,,,,,,,,,"wrist"
"IZTECH_S016","IZTECH_S016_w","2025-05-10 20:22:19",FALSE,0,33.19,1,3279,27.325,60,0.5,181,1.50833,10.71,0,173,128,1e-04,5e-04,6e-04,0.0011,0.0017,0.0024,0.0024,0.0015,6.66,0,0,,,,,,,,,"wrist"
"IZTECH_S016","IZTECH_S016_w","2025-05-10 20:24:19",FALSE,0,33.19,1,7351,61.2583,196,1.63333,356,2.96667,38.63,0,125,92,0.001,0.0046,0.0024,0.0054,0.0062,0.0063,0.0048,0.0027,39.41,0.02,0,,,,,,,,,"wrist"
"IZTECH_S016","IZTECH_S016_w","2025-05-10 20:26:19",FALSE,0,33.25,1,1365,11.375,41,0.341667,69,0.575,35.88,0,142,92,9e-04,0.0037,0.0018,0.0044,0.0061,0.0061,0.0046,0.0025,31.15,0.01,0,,,,,,,,,"wrist"
"IZTECH_S016","IZTECH_S016_w","2025-05-10 20:28:19",FALSE,0,33.31,4,4026,33.55,110,0.916667,230,1.91667,113.74,0,124,92,0.0027,0.0119,0.0058,0.0138,0.0194,0.0195,0.0142,0.0077,99.4,0.04,0,,,,,,,,,"wrist"
"IZTECH_S016","IZTECH_S016_w","2025-05-10 20:30:19",FALSE,0,33,1,9612,80.1,280,2.33333,525,4.375,97.96,0,142,110,0.0022,0.0099,0.0051,0.012,0.0166,0.0167,0.0122,0.0066,85.49,0.04,0,,,,,,,,,"wrist"
"IZTECH_S016","IZTECH_S016_w","2025-05-10 20:32:19",FALSE,0,32.81,1,9889,82.4083,264,2.2,513,4.275,111.91,0,129,92,0.0025,0.0113,0.0059,0.0134,0.0192,0.0192,0.0139,0.0076,96.46,0.04,0,,,,,,,,,"wrist"
"IZTECH_S016","IZTECH_S016_w","2025-05-10 20:34:19",FALSE,0,32.5,1,10420,86.8333,229,1.90833,637,5.30833,3.67,0,134,92,0,2e-04,2e-04,4e-04,6e-04,8e-04,8e-04,5e-04,2.03,0,0,,,,,,,,,"wrist"
"IZTECH_S016","IZTECH_S016_w","2025-05-10 20:36:19",FALSE,0,32.56,1,18037,150.308,528,4.4,904,7.53333,19.08,0,135,92,3e-04,0.0016,0.001,0.0022,0.0031,0.0036,0.0031,0.0018,14.91,0.01,0,,,,,,,,,"wrist"
"IZTECH_S016","IZTECH_S016_w","2025-05-10 20:38:19",FALSE,0,32.56,4,1672,13.9333,27,0.225,118,0.983333,0.4,0,124,91,0,0,0,0,1e-04,1e-04,1e-04,1e-04,0,0,0,,,,,,,,,"wrist"
"IZTECH_S016","IZTECH_S016_w","2025-05-10 20:40:19",FALSE,0,32.69,1,3085,25.7083,82,0.683333,156,1.3,0.71,0,128,92,0,0,0,1e-04,1e-04,2e-04,2e-04,1e-04,0.12,0,0,,,,,,,,,"wrist"
"IZTECH_S016","IZTECH_S016_w","2025-05-10 20:42:19",FALSE,0,32.75,1,12776,106.467,321,2.675,674,5.61667,5.33,0,132,92,0,2e-04,3e-04,5e-04,8e-04,0.0012,0.0012,7e-04,3.17,0,0,,,,,,,,,"wrist"
"IZTECH_S016","IZTECH_S016_w","2025-05-10 20:44:19",FALSE,0,32.56,4,12184,101.533,386,3.21667,484,4.03333,24.8,0.07,139,92,0.0022,0.0032,0.0032,0.0044,0.0052,0.0081,0.0103,0.0153,12.8,0.05,0,,,,,,,,,"wrist"
"IZTECH_S016","IZTECH_S016_w","2025-05-10 20:46:19",FALSE,0,32.69,1,12921,107.675,362,3.01667,625,5.20833,32.54,0.08,158,92,0.0027,0.004,0.0041,0.0056,0.0066,0.0101,0.0129,0.0191,18.75,0.06,0,,,,,,,,,"wrist"
"IZTECH_S016","IZTECH_S016_w","2025-05-10 20:48:19",FALSE,0,32.75,8,987,8.225,5,0.0416667,78,0.65,8.58,0,142,91,1e-04,7e-04,5e-04,0.0011,0.0015,0.0014,0.0014,9e-04,6.62,0,0,,,,,,,,,"wrist"
"IZTECH_S016","IZTECH_S016_w","2025-05-10 20:50:19",FALSE,0,32.88,16,3343,27.8583,34,0.283333,312,2.6,12.03,0,130,91,1e-04,9e-04,7e-04,0.0015,0.0021,0.002,0.002,0.0012,9.2,0.01,0,,,,,,,,,"wrist"
"IZTECH_S016","IZTECH_S016_w","2025-05-10 20:52:19",FALSE,0,32.94,8,564,4.7,1,0.00833333,43,0.358333,11.36,0,145,92,1e-04,9e-04,6e-04,0.0014,0.0019,0.0019,0.0021,0.0011,8.64,0,0,,,,,,,,,"wrist"
"IZTECH_S016","IZTECH_S016_w","2025-05-10 20:54:19",FALSE,0,33.12,8,2158,17.9833,21,0.175,168,1.4,11.82,0,141,91,1e-04,9e-04,7e-04,0.0015,0.002,0.002,0.0022,0.0011,9.02,0.01,0,,,,,,,,,"wrist"
"IZTECH_S016","IZTECH_S016_w","2025-05-10 20:56:19",FALSE,0,33.19,8,357,2.975,4,0.0333333,19,0.158333,8.58,0,165,92,1e-04,7e-04,5e-04,0.001,0.0015,0.0015,0.0015,9e-04,6.56,0,0,,,,,,,,,"wrist"
"IZTECH_S016","IZTECH_S016_w","2025-05-10 20:58:19",FALSE,0,33.31,8,61,0.508333,0,0,2,0.0166667,8.18,0,164,91,1e-04,6e-04,5e-04,0.001,0.0014,0.0015,0.0014,9e-04,6.11,0,0,,,,,,,,,"wrist"
"IZTECH_S016","IZTECH_S016_w","2025-05-10 21:00:19",FALSE,0,33.38,8,867,7.225,10,0.0833333,62,0.516667,8.12,0,170,91,1e-04,6e-04,5e-04,0.001,0.0014,0.0014,0.0014,9e-04,6.04,0,0,,,,,,,,,"wrist"
"IZTECH_S016","IZTECH_S016_w","2025-05-10 21:02:19",FALSE,0,33.38,8,262,2.18333,0,0,16,0.133333,8.22,0,173,92,1e-04,6e-04,5e-04,0.001,0.0014,0.0014,0.0014,9e-04,6.2,0,0,,,,,,,,,"wrist"
"IZTECH_S016","IZTECH_S016_w","2025-05-10 21:04:19",FALSE,0,33.19,4,12820,106.833,350,2.91667,626,5.21667,17.68,0.03,173,94,9e-04,0.0015,0.0014,0.0023,0.0033,0.0048,0.0063,0.0074,8.35,0.02,0,,,,,,,,,"wrist"
"IZTECH_S016","IZTECH_S016_w","2025-05-10 21:06:19",FALSE,0,33.19,1,4605,38.375,128,1.06667,249,2.075,9.21,0,179,98,1e-04,8e-04,5e-04,0.0011,0.0016,0.0015,0.0016,9e-04,7.28,0,0,,,,,,,,,"wrist"
"IZTECH_S016","IZTECH_S016_w","2025-05-10 21:08:19",FALSE,0,33.25,1,2625,21.875,52,0.433333,149,1.24167,7.44,0,179,94,1e-04,6e-04,4e-04,9e-04,0.0013,0.0012,0.0013,8e-04,6,0,0,,,,,,,,,"wrist"
"IZTECH_S016","IZTECH_S016_w","2025-05-10 21:10:19",FALSE,0,33.44,8,2589,21.575,40,0.333333,176,1.46667,7.52,0,153,92,1e-04,5e-04,4e-04,9e-04,0.0012,0.0014,0.0017,0.0011,5.29,0,0,,,,,,,,,"wrist"
"IZTECH_S016","IZTECH_S016_w","2025-05-10 21:12:19",FALSE,0,33.5,8,1928,16.0667,32,0.266667,155,1.29167,6.85,0,174,93,1e-04,5e-04,4e-04,8e-04,0.0011,0.0013,0.0016,0.001,4.72,0,0,,,,,,,,,"wrist"
"IZTECH_S016","IZTECH_S016_w","2025-05-10 21:14:19",FALSE,0,33.5,8,499,4.15833,0,0,39,0.325,6.19,0,193,94,1e-04,4e-04,3e-04,7e-04,0.001,0.0013,0.0015,9e-04,4.08,0,0,,,,,,,,,"wrist"
"IZTECH_S016","IZTECH_S016_w","2025-05-10 21:16:19",FALSE,0,33.56,8,1892,15.7667,37,0.308333,120,1,6.73,0,188,128,1e-04,4e-04,4e-04,8e-04,0.0011,0.0013,0.0015,9e-04,4.33,0,0,,,,,,,,,"wrist"
"IZTECH_S016","IZTECH_S016_w","2025-05-10 21:18:19",FALSE,0,33.56,1,2774,23.1167,41,0.341667,234,1.95,4.55,0,184,95,0,2e-04,2e-04,5e-04,8e-04,9e-04,0.001,6e-04,2.57,0,0,,,,,,,,,"wrist"
"IZTECH_S016","IZTECH_S016_w","2025-05-10 21:20:19",FALSE,0,33.69,1,769,6.40833,10,0.0833333,47,0.391667,6.42,0,187,107,0,3e-04,3e-04,8e-04,0.0011,0.0012,0.0014,8e-04,3.86,0,0,,,,,,,,,"wrist"
"IZTECH_S016","IZTECH_S016_w","2025-05-10 21:22:19",FALSE,0,33.69,1,579,4.825,4,0.0333333,33,0.275,4.22,0,161,97,0,2e-04,2e-04,5e-04,7e-04,8e-04,9e-04,5e-04,2.34,0,0,,,,,,,,,"wrist"
"IZTECH_S016","IZTECH_S016_w","2025-05-10 21:24:19",FALSE,0,33.94,16,3145,26.2083,68,0.566667,223,1.85833,7.44,0,157,95,1e-04,4e-04,4e-04,8e-04,0.0012,0.0015,0.0016,0.001,4.62,0,0,,,,,,,,,"wrist"
"IZTECH_S016","IZTECH_S016_w","2025-05-10 21:26:19",FALSE,0,34,8,6215,51.7917,151,1.25833,333,2.775,9.95,0.01,152,93,3e-04,7e-04,7e-04,0.0013,0.0018,0.0023,0.0029,0.0028,5.49,0.01,0,,,,,,,,,"wrist"
"IZTECH_S016","IZTECH_S016_w","2025-05-10 21:28:19",FALSE,0,33.75,1,9465,78.875,146,1.21667,636,5.3,11.14,0.01,164,113,5e-04,8e-04,8e-04,0.0014,0.002,0.0029,0.0038,0.0041,5.38,0.01,0,,,,,,,,,"wrist"
"IZTECH_S016","IZTECH_S016_w","2025-05-10 21:30:19",FALSE,0,33.81,1,1471,12.2583,8,0.0666667,76,0.633333,6.03,0,147,93,0,3e-04,3e-04,7e-04,0.001,0.0011,0.0013,8e-04,3.41,0,0,,,,,,,,,"wrist"
"IZTECH_S016","IZTECH_S016_w","2025-05-10 21:32:19",FALSE,0,33.94,1,1068,8.9,6,0.05,65,0.541667,4.08,0,128,121,0,2e-04,2e-04,5e-04,7e-04,8e-04,9e-04,5e-04,2.3,0,0,,,,,,,,,"wrist"
"IZTECH_S016","IZTECH_S016_w","2025-05-10 21:34:19",FALSE,0,34.19,1,714,5.95,3,0.025,44,0.366667,4.39,0,145,93,0,2e-04,2e-04,5e-04,7e-04,8e-04,0.001,6e-04,2.38,0,0,,,,,,,,,"wrist"
"IZTECH_S016","IZTECH_S016_w","2025-05-10 21:36:19",FALSE,0,34.25,1,2276,18.9667,20,0.166667,174,1.45,5.99,0,150,93,0,3e-04,3e-04,7e-04,0.001,0.0011,0.0013,8e-04,3.41,0,0,,,,,,,,,"wrist"
"IZTECH_S016","IZTECH_S016_w","2025-05-10 21:38:19",FALSE,0,34.12,1,10676,88.9667,232,1.93333,636,5.3,6.67,0.01,151,93,4e-04,7e-04,7e-04,0.0011,0.0013,0.0019,0.0024,0.0032,3.57,0.01,0,,,,,,,,,"wrist"
"IZTECH_S016","IZTECH_S016_w","2025-05-10 21:40:19",FALSE,0,33.81,1,2691,22.425,53,0.441667,194,1.61667,5.39,0,131,93,0,2e-04,3e-04,6e-04,9e-04,0.0011,0.0012,7e-04,3.18,0,0,,,,,,,,,"wrist"
"IZTECH_S016","IZTECH_S016_w","2025-05-10 21:42:19",FALSE,0,33.75,1,9439,78.6583,331,2.75833,408,3.4,3.04,0,129,94,0,1e-04,1e-04,3e-04,5e-04,6e-04,7e-04,4e-04,1.47,0,0,,,,,,,,,"wrist"
"IZTECH_S016","IZTECH_S016_w","2025-05-10 21:44:19",FALSE,0,33.69,1,3205,26.7083,59,0.491667,214,1.78333,4.67,0,168,107,0,2e-04,2e-04,5e-04,8e-04,0.001,0.001,6e-04,2.54,0,0,,,,,,,,,"wrist"
"IZTECH_S016","IZTECH_S016_w","2025-05-10 21:46:19",FALSE,0,33.69,1,4008,33.4,142,1.18333,183,1.525,6,0,166,99,0,2e-04,3e-04,6e-04,0.001,0.0013,0.0013,8e-04,3.31,0,0,,,,,,,,,"wrist"
"IZTECH_S016","IZTECH_S016_w","2025-05-10 21:48:19",FALSE,0,33.62,8,2482,20.6833,65,0.541667,109,0.908333,14.46,0,192,106,2e-04,7e-04,8e-04,0.0015,0.0023,0.0031,0.0031,0.0018,9.06,0.01,0,,,,,,,,,"wrist"
"IZTECH_S016","IZTECH_S016_w","2025-05-10 21:50:19",FALSE,0,33.56,8,2892,24.1,66,0.55,161,1.34167,15.93,0,203,144,2e-04,7e-04,9e-04,0.0016,0.0025,0.0034,0.0034,0.002,10.07,0.01,0,,,,,,,,,"wrist"
"IZTECH_S016","IZTECH_S016_w","2025-05-10 21:52:19",FALSE,0,33.5,8,1499,12.4917,17,0.141667,105,0.875,16.54,0,183,94,2e-04,8e-04,9e-04,0.0017,0.0026,0.0036,0.0036,0.0021,10.45,0.01,0,,,,,,,,,"wrist"
"IZTECH_S016","IZTECH_S016_w","2025-05-10 21:54:19",FALSE,0,33.5,8,2074,17.2833,47,0.391667,109,0.908333,17.17,0,178,93,2e-04,8e-04,0.001,0.0018,0.0027,0.0037,0.0037,0.0022,10.86,0.01,0,,,,,,,,,"wrist"
"IZTECH_S016","IZTECH_S016_w","2025-05-10 21:56:19",FALSE,0,33.44,8,2175,18.125,35,0.291667,129,1.075,16.21,0,179,99,2e-04,7e-04,9e-04,0.0017,0.0025,0.0035,0.0035,0.0021,10.15,0.01,0,,,,,,,,,"wrist"
"IZTECH_S016","IZTECH_S016_w","2025-05-10 21:58:19",FALSE,0,33.31,8,1079,8.99167,10,0.0833333,61,0.508333,17.49,0,195,107,2e-04,8e-04,0.001,0.0018,0.0027,0.0038,0.0037,0.0022,11.11,0.01,0,,,,,,,,,"wrist"
"IZTECH_S016","IZTECH_S016_w","2025-05-10 22:00:19",FALSE,0,33.81,8,2824,23.5333,68,0.566667,159,1.325,8.53,0,134,94,1e-04,4e-04,5e-04,9e-04,0.0013,0.0019,0.0018,0.0011,5.22,0,0,,,,,,,,,"wrist"
"IZTECH_S016","IZTECH_S016_w","2025-05-10 22:02:19",FALSE,0,34.12,1,136,1.13333,1,0.00833333,11,0.0916667,0,0,128,93,0,0,0,0,0,0,0,0,0,0,0,,,,,,,,,"wrist"
"IZTECH_S016","IZTECH_S016_w","2025-05-10 22:04:19",FALSE,0,34.19,1,182,1.51667,2,0.0166667,22,0.183333,0.24,0,181,106,0,0,0,0,0,1e-04,1e-04,1e-04,0,0,0,,,,,,,,,"wrist"
"IZTECH_S016","IZTECH_S016_w","2025-05-10 22:06:19",FALSE,0,34.25,1,9,0.075,0,0,0,0,0.24,0,177,101,0,0,0,0,1e-04,1e-04,1e-04,1e-04,0,0,0,,,,,,,,,"wrist"
"IZTECH_S016","IZTECH_S016_w","2025-05-10 22:08:19",FALSE,0,34.31,1,208,1.73333,1,0.00833333,9,0.075,1.55,0,165,99,0,0,1e-04,1e-04,3e-04,4e-04,4e-04,3e-04,0.47,0,0,,,,,,,,,"wrist"
"IZTECH_S016","IZTECH_S016_w","2025-05-10 22:10:19",FALSE,0,34.19,1,456,3.8,16,0.133333,17,0.141667,1.71,0,167,115,0,0,1e-04,1e-04,3e-04,4e-04,4e-04,3e-04,0.56,0,0,,,,,,,,,"wrist"
"IZTECH_S016","IZTECH_S016_w","2025-05-10 22:12:19",FALSE,0,34.44,16,3246,27.05,104,0.866667,158,1.31667,1.86,0,132,93,0,1e-04,1e-04,2e-04,3e-04,4e-04,6e-04,3e-04,1,0,0,,,,,,,,,"wrist"
"IZTECH_S016","IZTECH_S016_w","2025-05-10 22:14:19",FALSE,0,34.12,2,8977,74.8083,333,2.775,455,3.79167,10.45,0,175,153,1e-04,4e-04,6e-04,0.0012,0.0016,0.0022,0.0027,0.0014,6.53,0,0,,,,,,,,,"wrist"
"IZTECH_S016","IZTECH_S016_w","2025-05-10 22:16:19",FALSE,0,34.12,16,2750,22.9167,71,0.591667,115,0.958333,12.92,0,131,107,1e-04,6e-04,7e-04,0.0013,0.002,0.0028,0.0028,0.0017,7.98,0.01,0,,,,,,,,,"wrist"
"IZTECH_S016","IZTECH_S016_w","2025-05-10 22:18:19",FALSE,0,33.94,1,4261,35.5083,121,1.00833,204,1.7,8.49,0,195,147,1e-04,4e-04,5e-04,9e-04,0.0013,0.0019,0.0019,0.0011,4.98,0,0,,,,,,,,,"wrist"
"IZTECH_S016","IZTECH_S016_w","2025-05-10 22:20:19",FALSE,0,33.56,16,2680,22.3333,85,0.708333,93,0.775,8.41,0,200,147,1e-04,3e-04,5e-04,9e-04,0.0013,0.0018,0.0018,0.0011,4.98,0,0,,,,,,,,,"wrist"
"IZTECH_S016","IZTECH_S016_w","2025-05-10 22:22:19",FALSE,0,34,1,710,5.91667,19,0.158333,37,0.308333,5.99,0,158,95,0,2e-04,3e-04,6e-04,9e-04,0.0013,0.0014,8e-04,3.5,0,0,,,,,,,,,"wrist"
"IZTECH_S016","IZTECH_S016_w","2025-05-10 22:24:19",FALSE,0,33.5,8,1089,9.075,18,0.15,60,0.5,15.55,0,215,165,2e-04,7e-04,9e-04,0.0016,0.0024,0.0033,0.0033,0.002,9.77,0.01,0,,,,,,,,,"wrist"
"IZTECH_S016","IZTECH_S016_w","2025-05-10 22:26:19",FALSE,0,33.44,8,2667,22.225,69,0.575,127,1.05833,17.69,0,212,163,2e-04,8e-04,0.001,0.0018,0.0028,0.0038,0.0038,0.0022,11.26,0.01,0,,,,,,,,,"wrist"
"IZTECH_S016","IZTECH_S016_w","2025-05-10 22:28:19",FALSE,0,33.62,8,1365,11.375,34,0.283333,67,0.558333,18.54,0,203,151,2e-04,9e-04,0.0011,0.0019,0.0029,0.004,0.004,0.0024,11.83,0.01,0,,,,,,,,,"wrist"
"IZTECH_S016","IZTECH_S016_w","2025-05-10 22:30:19",FALSE,0,33.62,8,797,6.64167,9,0.075,67,0.558333,18.37,0,194,139,2e-04,9e-04,0.0011,0.0019,0.0029,0.004,0.0039,0.0023,11.75,0.01,0,,,,,,,,,"wrist"
"IZTECH_S016","IZTECH_S016_w","2025-05-10 22:32:19",FALSE,0,33.56,8,419,3.49167,2,0.0166667,25,0.208333,18.84,0,202,150,2e-04,9e-04,0.0011,0.002,0.003,0.004,0.004,0.0024,12,0.01,0,,,,,,,,,"wrist"
"IZTECH_S016","IZTECH_S016_w","2025-05-10 22:34:19",FALSE,0,33.5,8,273,2.275,3,0.025,9,0.075,18.79,0,202,151,2e-04,9e-04,0.0011,0.0019,0.0029,0.0041,0.004,0.0024,11.92,0.01,0,,,,,,,,,"wrist"
"IZTECH_S016","IZTECH_S016_w","2025-05-10 22:36:19",FALSE,0,33.88,8,2785,23.2083,63,0.525,169,1.40833,6.7,0,124,93,1e-04,3e-04,4e-04,7e-04,0.001,0.0014,0.0014,9e-04,4.23,0,0,,,,,,,,,"wrist"
"IZTECH_S016","IZTECH_S016_w","2025-05-10 22:38:19",FALSE,0,34,1,0,0,0,0,0,0,0,0,124,93,0,0,0,0,0,0,0,0,0,0,0,,,,,,,,,"wrist"
"IZTECH_S016","IZTECH_S016_w","2025-05-10 22:40:19",FALSE,0,34.19,1,22,0.183333,0,0,1,0.00833333,0,0,124,93,0,0,0,0,0,0,0,0,0,0,0,,,,,,,,,"wrist"
"IZTECH_S016","IZTECH_S016_w","2025-05-10 22:42:19",FALSE,0,33.75,8,2763,23.025,78,0.65,91,0.758333,9.87,0,222,169,1e-04,5e-04,6e-04,0.001,0.0016,0.0021,0.0021,0.0012,6.24,0,0,,,,,,,,,"wrist"
"IZTECH_S016","IZTECH_S016_w","2025-05-10 22:44:19",FALSE,0,33.88,8,3075,25.625,79,0.658333,174,1.45,16.3,0,215,165,2e-04,8e-04,9e-04,0.0017,0.0025,0.0035,0.0034,0.002,10.39,0.01,0,,,,,,,,,"wrist"
"IZTECH_S016","IZTECH_S016_w","2025-05-10 22:46:19",FALSE,0,33.69,2,4633,38.6083,140,1.16667,186,1.55,10.98,0,180,109,1e-04,5e-04,6e-04,0.0012,0.0017,0.0024,0.0024,0.0014,6.89,0,0,,,,,,,,,"wrist"
"IZTECH_S016","IZTECH_S016_w","2025-05-10 22:48:19",FALSE,0,34,1,1457,12.1417,55,0.458333,72,0.6,6.25,0,176,95,0,3e-04,3e-04,6e-04,0.001,0.0014,0.0015,9e-04,3.56,0,0,,,,,,,,,"wrist"
"IZTECH_S016","IZTECH_S016_w","2025-05-10 22:50:19",FALSE,0,34,8,816,6.8,19,0.158333,25,0.208333,8.05,0,183,99,1e-04,3e-04,4e-04,8e-04,0.0013,0.0017,0.0018,0.001,4.89,0,0,,,,,,,,,"wrist"
"IZTECH_S016","IZTECH_S016_w","2025-05-10 22:52:19",FALSE,0,33.94,1,991,8.25833,16,0.133333,51,0.425,8.88,0,181,99,1e-04,4e-04,5e-04,9e-04,0.0014,0.0019,0.002,0.0012,5.27,0,0,,,,,,,,,"wrist"
"IZTECH_S016","IZTECH_S016_w","2025-05-10 22:54:19",FALSE,0,33.75,1,890,7.41667,27,0.225,39,0.325,13.14,0,180,135,1e-04,6e-04,7e-04,0.0013,0.0021,0.0028,0.0029,0.0017,8.12,0.01,0,,,,,,,,,"wrist"
"IZTECH_S016","IZTECH_S016_w","2025-05-10 22:56:19",FALSE,0,33.38,16,767,6.39167,14,0.116667,53,0.441667,18.85,0,205,159,2e-04,9e-04,0.0011,0.0019,0.003,0.0041,0.004,0.0024,11.99,0.01,0,,,,,,,,,"wrist"
"IZTECH_S016","IZTECH_S016_w","2025-05-10 22:58:19",FALSE,0,33.31,8,747,6.225,10,0.0833333,45,0.375,18.78,0,220,168,2e-04,9e-04,0.0011,0.002,0.0029,0.0041,0.004,0.0024,11.89,0.01,0,,,,,,,,,"wrist"
"IZTECH_S016","IZTECH_S016_w","2025-05-10 23:00:19",FALSE,0,33.62,2,1620,13.5,47,0.391667,95,0.791667,18.55,0,185,136,2e-04,9e-04,0.0011,0.0019,0.0029,0.004,0.0039,0.0024,11.83,0.01,0,,,,,,,,,"wrist"
"IZTECH_S016","IZTECH_S016_w","2025-05-10 23:02:19",FALSE,0,33.62,8,1238,10.3167,23,0.191667,67,0.558333,18.43,0,184,131,2e-04,8e-04,0.001,0.0019,0.0029,0.004,0.0039,0.0023,11.63,0.01,0,,,,,,,,,"wrist"
"IZTECH_S016","IZTECH_S016_w","2025-05-10 23:04:19",FALSE,0,33.44,1,16597,138.308,427,3.55833,950,7.91667,4.99,0,164,130,0,1e-04,2e-04,4e-04,8e-04,0.0012,0.0015,0.0012,2.04,0,0,,,,,,,,,"wrist"
"IZTECH_S016","IZTECH_S016_w","2025-05-10 23:06:19",FALSE,0,33.19,8,10084,84.0333,275,2.29167,525,4.375,8.3,0,153,101,1e-04,4e-04,4e-04,0.001,0.0014,0.0016,0.0018,0.001,4.85,0,0,,,,,,,,,"wrist"
"IZTECH_S016","IZTECH_S016_w","2025-05-10 23:08:19",FALSE,0,33.06,4,10032,83.6,209,1.74167,529,4.40833,8.19,0.02,193,144,6e-04,9e-04,0.001,0.0014,0.0017,0.0024,0.0029,0.0039,4.55,0.01,0,,,,,,,,,"wrist"
"IZTECH_S016","IZTECH_S016_w","2025-05-10 23:10:19",FALSE,0,33.06,16,1746,14.55,25,0.208333,96,0.8,13.58,0,164,94,1e-04,6e-04,7e-04,0.0015,0.0022,0.0028,0.003,0.0016,8.51,0.01,0,,,,,,,,,"wrist"
"IZTECH_S016","IZTECH_S016_w","2025-05-10 23:12:19",FALSE,0,32.81,16,2270,18.9167,50,0.416667,137,1.14167,9.27,0,214,166,1e-04,4e-04,5e-04,0.001,0.0015,0.0019,0.0021,0.0011,5.77,0,0,,,,,,,,,"wrist"
"IZTECH_S016","IZTECH_S016_w","2025-05-10 23:14:19",FALSE,0,33.31,1,837,6.975,10,0.0833333,55,0.458333,2.01,0,139,114,0,0,1e-04,2e-04,3e-04,5e-04,5e-04,3e-04,0.79,0,0,,,,,,,,,"wrist"
"IZTECH_S016","IZTECH_S016_w","2025-05-10 23:16:19",FALSE,0,33.38,1,1767,14.725,31,0.258333,118,0.983333,1.66,0,183,131,0,0,1e-04,1e-04,3e-04,4e-04,4e-04,3e-04,0.54,0,0,,,,,,,,,"wrist"
"IZTECH_S016","IZTECH_S016_w","2025-05-10 23:18:19",FALSE,0,33.44,1,2031,16.925,20,0.166667,126,1.05,5.98,0,152,107,0,3e-04,3e-04,6e-04,0.001,0.0012,0.0013,7e-04,3.41,0,0,,,,,,,,,"wrist"
"IZTECH_S016","IZTECH_S016_w","2025-05-10 23:20:19",FALSE,0,33.69,16,6461,53.8417,126,1.05,367,3.05833,8.99,0,164,99,1e-04,5e-04,5e-04,0.001,0.0014,0.0018,0.0019,0.0011,6.1,0,0,,,,,,,,,"wrist"
"IZTECH_S016","IZTECH_S016_w","2025-05-10 23:22:19",FALSE,0,33.69,16,1194,9.95,6,0.05,84,0.7,11.43,0,157,106,1e-04,5e-04,6e-04,0.0012,0.0018,0.0024,0.0025,0.0015,7.14,0,0,,,,,,,,,"wrist"
"IZTECH_S016","IZTECH_S016_w","2025-05-10 23:24:19",FALSE,0,33.75,16,682,5.68333,0,0,60,0.5,11.88,0,158,94,1e-04,6e-04,7e-04,0.0012,0.0019,0.0026,0.0026,0.0015,7.48,0.01,0,,,,,,,,,"wrist"
"IZTECH_S016","IZTECH_S016_w","2025-05-10 23:26:19",FALSE,0,33.69,16,1345,11.2083,15,0.125,86,0.716667,9.52,0,196,128,1e-04,4e-04,5e-04,0.001,0.0015,0.0021,0.0021,0.0012,5.9,0,0,,,,,,,,,"wrist"
"IZTECH_S016","IZTECH_S016_w","2025-05-10 23:28:19",FALSE,0,33.88,16,1704,14.2,25,0.208333,137,1.14167,10.67,0,149,94,1e-04,5e-04,6e-04,0.0011,0.0017,0.0023,0.0023,0.0014,6.75,0,0,,,,,,,,,"wrist"
"IZTECH_S016","IZTECH_S016_w","2025-05-10 23:30:19",FALSE,0,33.88,16,1026,8.55,1,0.00833333,90,0.75,12.64,0,149,94,1e-04,6e-04,7e-04,0.0013,0.002,0.0027,0.0027,0.0016,8.03,0.01,0,,,,,,,,,"wrist"
"IZTECH_S016","IZTECH_S016_w","2025-05-10 23:32:19",FALSE,0,34,16,904,7.53333,0,0,71,0.591667,12.95,0,158,93,1e-04,6e-04,7e-04,0.0013,0.002,0.0028,0.0028,0.0016,8.17,0.01,0,,,,,,,,,"wrist"
"IZTECH_S016","IZTECH_S016_w","2025-05-10 23:34:19",FALSE,0,34.06,16,1214,10.1167,1,0.00833333,106,0.883333,12.68,0,158,93,1e-04,6e-04,7e-04,0.0013,0.002,0.0027,0.0028,0.0016,8.05,0.01,0,,,,,,,,,"wrist"
"IZTECH_S016","IZTECH_S016_w","2025-05-10 23:36:19",FALSE,0,34,16,2504,20.8667,62,0.516667,162,1.35,9.2,0,166,95,1e-04,5e-04,5e-04,0.001,0.0014,0.002,0.002,0.0012,5.84,0,0,,,,,,,,,"wrist"
"IZTECH_S016","IZTECH_S016_w","2025-05-10 23:38:19",FALSE,0,33.88,8,2343,19.525,73,0.608333,140,1.16667,7.09,0,186,128,1e-04,4e-04,4e-04,7e-04,0.0011,0.0015,0.0016,0.001,4.43,0,0,,,,,,,,,"wrist"
"IZTECH_S016","IZTECH_S016_w","2025-05-10 23:40:19",FALSE,0,34,8,1822,15.1833,24,0.2,112,0.933333,7.81,0,172,94,1e-04,4e-04,4e-04,8e-04,0.0012,0.0017,0.0018,0.0011,4.85,0,0,,,,,,,,,"wrist"
"IZTECH_S016","IZTECH_S016_w","2025-05-10 23:42:19",FALSE,0,33.94,16,911,7.59167,2,0.0166667,86,0.716667,11.64,0,176,93,1e-04,5e-04,7e-04,0.0012,0.0018,0.0025,0.0026,0.0015,7.31,0,0,,,,,,,,,"wrist"
"IZTECH_S016","IZTECH_S016_w","2025-05-10 23:44:19",FALSE,0,33.81,16,1228,10.2333,11,0.0916667,101,0.841667,10.4,0,164,93,1e-04,5e-04,6e-04,0.0011,0.0016,0.0023,0.0023,0.0013,6.47,0,0,,,,,,,,,"wrist"
"IZTECH_S016","IZTECH_S016_w","2025-05-10 23:46:19",FALSE,0,33.88,16,1166,9.71667,20,0.166667,85,0.708333,11.32,0,159,93,1e-04,5e-04,6e-04,0.0012,0.0018,0.0024,0.0025,0.0014,7.07,0,0,,,,,,,,,"wrist"
"IZTECH_S016","IZTECH_S016_w","2025-05-10 23:48:19",FALSE,0,33.88,16,1117,9.30833,9,0.075,97,0.808333,10.94,0,173,93,1e-04,5e-04,6e-04,0.0011,0.0017,0.0024,0.0024,0.0014,6.78,0,0,,,,,,,,,"wrist"
"IZTECH_S016","IZTECH_S016_w","2025-05-10 23:50:19",FALSE,0,33.69,8,9968,83.0667,257,2.14167,485,4.04167,6.43,0,130,128,1e-04,4e-04,4e-04,7e-04,0.001,0.0013,0.0014,8e-04,4.36,0,0,,,,,,,,,"wrist"
"IZTECH_S016","IZTECH_S016_w","2025-05-10 23:52:19",FALSE,0,33.88,16,2899,24.1583,40,0.333333,210,1.75,10.22,0,152,94,1e-04,5e-04,6e-04,0.0011,0.0016,0.0022,0.0022,0.0013,6.37,0,0,,,,,,,,,"wrist"
"IZTECH_S016","IZTECH_S016_w","2025-05-10 23:54:19",FALSE,0,33.88,16,2175,18.125,34,0.283333,170,1.41667,11.37,0,158,94,1e-04,5e-04,6e-04,0.0012,0.0018,0.0024,0.0024,0.0014,6.91,0,0,,,,,,,,,"wrist"
"IZTECH_S016","IZTECH_S016_w","2025-05-10 23:56:19",FALSE,0,33.81,16,2484,20.7,58,0.483333,159,1.325,12.11,0,166,95,1e-04,5e-04,6e-04,0.0013,0.002,0.0025,0.0027,0.0015,7.19,0.01,0,,,,,,,,,"wrist"
"IZTECH_S016","IZTECH_S016_w","2025-05-10 23:58:19",FALSE,0,33.75,16,1403,11.6917,4,0.0333333,122,1.01667,11.61,0,151,93,1e-04,5e-04,6e-04,0.0012,0.0018,0.0024,0.0025,0.0015,7.12,0,0,,,,,,,,,"wrist"
"IZTECH_S016","IZTECH_S016_w","2025-05-11 00:00:19",FALSE,0,33.5,16,11296,94.1333,371,3.09167,531,4.425,4.95,0,185,101,0,2e-04,3e-04,5e-04,8e-04,0.001,0.0011,6e-04,3.01,0,0,,,,,,,,,"wrist"
"IZTECH_S016","IZTECH_S016_w","2025-05-11 00:02:19",FALSE,0,33.31,16,852,7.1,13,0.108333,50,0.416667,8.37,0,194,149,0,4e-04,5e-04,9e-04,0.0013,0.0018,0.0018,0.0011,5.06,0,0,,,,,,,,,"wrist"
"IZTECH_S016","IZTECH_S016_w","2025-05-11 00:04:19",FALSE,0,33.31,16,128,1.06667,0,0,5,0.0416667,8.54,0,178,139,1e-04,4e-04,5e-04,9e-04,0.0014,0.0019,0.0019,0.0011,5.08,0,0,,,,,,,,,"wrist"
"IZTECH_S016","IZTECH_S016_w","2025-05-11 00:06:19",FALSE,0,33.25,16,486,4.05,1,0.00833333,23,0.191667,7.77,0,158,122,1e-04,3e-04,4e-04,8e-04,0.0012,0.0017,0.0017,0.001,4.68,0,0,,,,,,,,,"wrist"
"IZTECH_S016","IZTECH_S016_w","2025-05-11 00:08:19",FALSE,0,33.12,8,3690,30.75,91,0.758333,161,1.34167,6.17,0,190,154,0,3e-04,3e-04,6e-04,0.001,0.0014,0.0014,8e-04,3.55,0,0,,,,,,,,,"wrist"
"IZTECH_S016","IZTECH_S016_w","2025-05-11 00:10:19",FALSE,0,33.25,8,2327,19.3917,61,0.508333,132,1.1,7.24,0,194,144,1e-04,3e-04,4e-04,7e-04,0.0011,0.0016,0.0016,0.001,4.19,0,0,,,,,,,,,"wrist"
"IZTECH_S016","IZTECH_S016_w","2025-05-11 00:12:19",FALSE,0,33.56,8,2705,22.5417,62,0.516667,144,1.2,3.94,0,146,94,0,1e-04,2e-04,4e-04,6e-04,9e-04,0.001,6e-04,1.88,0,0,,,,,,,,,"wrist"
"IZTECH_S016","IZTECH_S016_w","2025-05-11 00:14:19",FALSE,0,33.69,8,786,6.55,4,0.0333333,48,0.4,4.1,0,146,93,0,1e-04,2e-04,4e-04,6e-04,9e-04,0.0011,6e-04,2.09,0,0,,,,,,,,,"wrist"
"IZTECH_S016","IZTECH_S016_w","2025-05-11 00:16:19",FALSE,0,33.81,8,2918,24.3167,87,0.725,114,0.95,3.16,0,150,94,0,1e-04,1e-04,3e-04,5e-04,7e-04,8e-04,5e-04,1.53,0,0,,,,,,,,,"wrist"
"IZTECH_S016","IZTECH_S016_w","2025-05-11 00:18:19",FALSE,0,34.19,2,487,4.05833,13,0.108333,29,0.241667,0,0,149,93,0,0,0,0,0,0,0,0,0,0,0,,,,,,,,,"wrist"
"IZTECH_S016","IZTECH_S016_w","2025-05-11 00:20:19",FALSE,0,34.31,8,1980,16.5,43,0.358333,97,0.808333,2.07,0,182,111,0,1e-04,1e-04,2e-04,3e-04,5e-04,5e-04,3e-04,0.99,0,0,,,,,,,,,"wrist"
"IZTECH_S016","IZTECH_S016_w","2025-05-11 00:22:19",FALSE,0,34,8,4958,41.3167,113,0.941667,195,1.625,17.44,0,217,163,2e-04,8e-04,0.001,0.0018,0.0027,0.0038,0.0037,0.0022,10.85,0.01,0,,,,,,,,,"wrist"
"IZTECH_S016","IZTECH_S016_w","2025-05-11 00:24:19",FALSE,0,33.88,8,3634,30.2833,120,1,162,1.35,15.24,0,211,163,2e-04,7e-04,9e-04,0.0016,0.0024,0.0033,0.0032,0.0019,9.72,0.01,0,,,,,,,,,"wrist"
"IZTECH_S016","IZTECH_S016_w","2025-05-11 00:26:19",FALSE,0,33.81,8,1812,15.1,21,0.175,108,0.9,18.84,0,207,155,2e-04,9e-04,0.0011,0.0019,0.003,0.0041,0.004,0.0024,12,0.01,0,,,,,,,,,"wrist"
"IZTECH_S016","IZTECH_S016_w","2025-05-11 00:28:19",FALSE,0,33.81,8,1110,9.25,14,0.116667,55,0.458333,19.46,0,192,131,2e-04,9e-04,0.0011,0.002,0.003,0.0042,0.0042,0.0025,12.37,0.01,0,,,,,,,,,"wrist"
"IZTECH_S016","IZTECH_S016_w","2025-05-11 00:30:19",FALSE,0,33.81,8,655,5.45833,3,0.025,25,0.208333,18.13,0,202,123,2e-04,8e-04,0.001,0.0019,0.0029,0.0039,0.0039,0.0023,11.45,0.01,0,,,,,,,,,"wrist"
"IZTECH_S016","IZTECH_S016_w","2025-05-11 00:32:19",FALSE,0,33.81,16,298,2.48333,0,0,18,0.15,19.91,0,189,107,2e-04,9e-04,0.0011,0.002,0.0031,0.0043,0.0042,0.0025,12.65,0.01,0,,,,,,,,,"wrist"
"IZTECH_S016","IZTECH_S016_w","2025-05-11 00:34:19",FALSE,0,33.88,8,2030,16.9167,44,0.366667,101,0.841667,15.89,0,152,96,2e-04,7e-04,9e-04,0.0016,0.0025,0.0034,0.0034,0.002,9.99,0.01,0,,,,,,,,,"wrist"
"IZTECH_S016","IZTECH_S016_w","2025-05-11 00:36:19",FALSE,0,33.81,8,1509,12.575,37,0.308333,93,0.775,19.31,0,166,99,2e-04,9e-04,0.0011,0.002,0.003,0.0042,0.0041,0.0025,12.21,0.01,0,,,,,,,,,"wrist"
"IZTECH_S016","IZTECH_S016_w","2025-05-11 00:38:19",FALSE,0,33.81,8,1788,14.9,39,0.325,80,0.666667,18.66,0,167,95,2e-04,9e-04,0.0011,0.0019,0.0029,0.004,0.004,0.0024,11.88,0.01,0,,,,,,,,,"wrist"
"IZTECH_S016","IZTECH_S016_w","2025-05-11 00:40:19",FALSE,0,33.75,8,873,7.275,9,0.075,40,0.333333,19.49,0,189,131,2e-04,9e-04,0.0011,0.002,0.0031,0.0042,0.0042,0.0025,12.26,0.01,0,,,,,,,,,"wrist"
"IZTECH_S016","IZTECH_S016_w","2025-05-11 00:42:19",FALSE,0,33.69,1,11151,92.925,291,2.425,582,4.85,5.89,0,162,93,0,2e-04,3e-04,6e-04,9e-04,0.0013,0.0013,8e-04,3.42,0,0,,,,,,,,,"wrist"
"IZTECH_S016","IZTECH_S016_w","2025-05-11 00:44:19",FALSE,0,33.5,1,5283,44.025,192,1.6,237,1.975,0,0,181,117,0,0,0,0,0,0,0,0,0,0,0,,,,,,,,,"wrist"
"IZTECH_S016","IZTECH_S016_w","2025-05-11 00:46:19",FALSE,0,33.62,1,0,0,0,0,0,0,0,0,182,117,0,0,0,0,0,0,0,0,0,0,0,,,,,,,,,"wrist"
"IZTECH_S016","IZTECH_S016_w","2025-05-11 00:48:19",FALSE,0,33.38,1,11099,92.4917,377,3.14167,422,3.51667,0,0,219,163,0,0,0,0,0,0,0,0,0,0,0,,,,,,,,,"wrist"
"IZTECH_S016","IZTECH_S016_w","2025-05-11 00:50:19",FALSE,0,33.12,8,3336,27.8,121,1.00833,143,1.19167,0,0,180,97,0,0,0,0,0,0,0,0,0,0,0,,,,,,,,,"wrist"
"IZTECH_S016","IZTECH_S016_w","2025-05-11 00:52:19",FALSE,0,33.06,16,14,0.116667,0,0,1,0.00833333,0,0,170,95,0,0,0,0,0,0,0,0,0,0,0,,,,,,,,,"wrist"
"IZTECH_S016","IZTECH_S016_w","2025-05-11 00:54:19",FALSE,0,33,16,9,0.075,0,0,2,0.0166667,0,0,164,95,0,0,0,0,0,0,0,0,0,0,0,,,,,,,,,"wrist"
"IZTECH_S016","IZTECH_S016_w","2025-05-11 00:56:19",FALSE,0,32.62,4,1936,16.1333,66,0.55,85,0.708333,0,0,185,102,0,0,0,0,0,0,0,0,0,0,0,,,,,,,,,"wrist"
"IZTECH_S016","IZTECH_S016_w","2025-05-11 00:58:19",FALSE,0,32.44,4,14,0.116667,0,0,1,0.00833333,0,0,178,99,0,0,0,0,0,0,0,0,0,0,0,,,,,,,,,"wrist"
"IZTECH_S016","IZTECH_S016_w","2025-05-11 01:00:19",FALSE,0,32.31,4,0,0,0,0,0,0,0,0,167,94,0,0,0,0,0,0,0,0,0,0,0,,,,,,,,,"wrist"
"IZTECH_S016","IZTECH_S016_w","2025-05-11 01:02:19",FALSE,0,32.19,4,0,0,0,0,0,0,0,0,154,92,0,0,0,0,0,0,0,0,0,0,0,,,,,,,,,"wrist"
"IZTECH_S016","IZTECH_S016_w","2025-05-11 01:04:19",FALSE,0,32.19,4,1331,11.0917,31,0.258333,65,0.541667,0,0,143,91,0,0,0,0,0,0,0,0,0,0,0,,,,,,,,,"wrist"
"IZTECH_S016","IZTECH_S016_w","2025-05-11 01:06:19",FALSE,0,32.25,1,5,0.0416667,0,0,0,0,0,0,133,91,0,0,0,0,0,0,0,0,0,0,0,,,,,,,,,"wrist"
"IZTECH_S016","IZTECH_S016_w","2025-05-11 01:08:19",FALSE,0,32.38,1,0,0,0,0,0,0,0,0,132,91,0,0,0,0,0,0,0,0,0,0,0,,,,,,,,,"wrist"
"IZTECH_S016","IZTECH_S016_w","2025-05-11 01:10:19",FALSE,0,32.38,16,943,7.85833,24,0.2,34,0.283333,0,0,131,94,0,0,0,0,0,0,0,0,0,0,0,,,,,,,,,"wrist"
"IZTECH_S016","IZTECH_S016_w","2025-05-11 01:12:19",FALSE,0,32.5,16,0,0,0,0,0,0,0,0,131,94,0,0,0,0,0,0,0,0,0,0,0,,,,,,,,,"wrist"
"IZTECH_S016","IZTECH_S016_w","2025-05-11 01:14:19",FALSE,0,32.62,16,0,0,0,0,0,0,0,0,131,94,0,0,0,0,0,0,0,0,0,0,0,,,,,,,,,"wrist"
"IZTECH_S016","IZTECH_S016_w","2025-05-11 01:16:19",FALSE,0,32.69,16,0,0,0,0,0,0,0,0,131,94,0,0,0,0,0,0,0,0,0,0,0,,,,,,,,,"wrist"
"IZTECH_S016","IZTECH_S016_w","2025-05-11 01:18:19",FALSE,0,32.81,16,1164,9.7,32,0.266667,61,0.508333,0,0,126,91,0,0,0,0,0,0,0,0,0,0,0,,,,,,,,,"wrist"
"IZTECH_S016","IZTECH_S016_w","2025-05-11 01:20:19",FALSE,0,32.75,16,0,0,0,0,0,0,0,0,126,91,0,0,0,0,0,0,0,0,0,0,0,,,,,,,,,"wrist"
"IZTECH_S016","IZTECH_S016_w","2025-05-11 01:22:19",FALSE,0,32.69,16,0,0,0,0,0,0,0,0,128,91,0,0,0,0,0,0,0,0,0,0,0,,,,,,,,,"wrist"
"IZTECH_S016","IZTECH_S016_w","2025-05-11 01:24:19",FALSE,0,32.62,16,4,0.0333333,0,0,0,0,0,0,128,91,0,0,0,0,0,0,0,0,0,0,0,,,,,,,,,"wrist"
"IZTECH_S016","IZTECH_S016_w","2025-05-11 01:26:19",FALSE,0,32.56,16,0,0,0,0,0,0,0,0,128,91,0,0,0,0,0,0,0,0,0,0,0,,,,,,,,,"wrist"
"IZTECH_S016","IZTECH_S016_w","2025-05-11 01:28:19",FALSE,0,32.56,16,0,0,0,0,0,0,0,0,128,91,0,0,0,0,0,0,0,0,0,0,0,,,,,,,,,"wrist"
"IZTECH_S016","IZTECH_S016_w","2025-05-11 01:30:19",FALSE,0,32.5,16,1127,9.39167,33,0.275,55,0.458333,0,0,128,91,0,0,0,0,0,0,0,0,0,0,0,,,,,,,,,"wrist"
"IZTECH_S016","IZTECH_S016_w","2025-05-11 01:32:19",FALSE,0,32.12,1,3078,25.65,103,0.858333,152,1.26667,0,0,124,92,0,0,0,0,0,0,0,0,0,0,0,,,,,,,,,"wrist"
"IZTECH_S016","IZTECH_S016_w","2025-05-11 01:34:19",FALSE,0,32.06,16,214,1.78333,5,0.0416667,13,0.108333,0,0,124,92,0,0,0,0,0,0,0,0,0,0,0,,,,,,,,,"wrist"
"IZTECH_S016","IZTECH_S016_w","2025-05-11 01:36:19",FALSE,0,31.94,16,1141,9.50833,31,0.258333,46,0.383333,0,0,136,93,0,0,0,0,0,0,0,0,0,0,0,,,,,,,,,"wrist"
"IZTECH_S016","IZTECH_S016_w","2025-05-11 01:38:19",FALSE,0,31.94,16,0,0,0,0,0,0,0,0,142,92,0,0,0,0,0,0,0,0,0,0,0,,,,,,,,,"wrist"
"IZTECH_S016","IZTECH_S016_w","2025-05-11 01:40:19",FALSE,0,31.88,16,0,0,0,0,0,0,0,0,151,93,0,0,0,0,0,0,0,0,0,0,0,,,,,,,,,"wrist"
"IZTECH_S016","IZTECH_S016_w","2025-05-11 01:42:19",FALSE,0,31.81,16,4,0.0333333,0,0,0,0,0,0,161,94,0,0,0,0,0,0,0,0,0,0,0,,,,,,,,,"wrist"
"IZTECH_S016","IZTECH_S016_w","2025-05-11 01:44:19",FALSE,0,31.44,1,2497,20.8083,69,0.575,110,0.916667,0,0,177,119,0,0,0,0,0,0,0,0,0,0,0,,,,,,,,,"wrist"
"IZTECH_S016","IZTECH_S016_w","2025-05-11 01:46:19",FALSE,0,31.81,1,1160,9.66667,39,0.325,53,0.441667,0,0,128,106,0,0,0,0,0,0,0,0,0,0,0,,,,,,,,,"wrist"
"IZTECH_S016","IZTECH_S016_w","2025-05-11 01:48:19",FALSE,0,32.25,2,0,0,0,0,0,0,0,0,128,110,0,0,0,0,0,0,0,0,0,0,0,,,,,,,,,"wrist"
"IZTECH_S016","IZTECH_S016_w","2025-05-11 01:50:19",FALSE,0,32.44,2,0,0,0,0,0,0,0,0,128,114,0,0,0,0,0,0,0,0,0,0,0,,,,,,,,,"wrist"
"IZTECH_S016","IZTECH_S016_w","2025-05-11 01:52:19",FALSE,0,32.62,2,0,0,0,0,0,0,0,0,128,115,0,0,0,0,0,0,0,0,0,0,0,,,,,,,,,"wrist"
"IZTECH_S016","IZTECH_S016_w","2025-05-11 01:54:19",FALSE,0,32.81,2,0,0,0,0,0,0,0,0,125,117,0,0,0,0,0,0,0,0,0,0,0,,,,,,,,,"wrist"
"IZTECH_S016","IZTECH_S016_w","2025-05-11 01:56:19",FALSE,0,32.94,2,0,0,0,0,0,0,0,0,125,117,0,0,0,0,0,0,0,0,0,0,0,,,,,,,,,"wrist"
"IZTECH_S016","IZTECH_S016_w","2025-05-11 01:58:19",FALSE,0,33.06,2,0,0,0,0,0,0,0,0,128,117,0,0,0,0,0,0,0,0,0,0,0,,,,,,,,,"wrist"
"IZTECH_S016","IZTECH_S016_w","2025-05-11 02:00:19",FALSE,0,33.19,2,968,8.06667,30,0.25,34,0.283333,0,0,125,115,0,0,0,0,0,0,0,0,0,0,0,,,,,,,,,"wrist"
"IZTECH_S016","IZTECH_S016_w","2025-05-11 02:02:19",FALSE,0,32.88,1,0,0,0,0,0,0,0,0,220,171,0,0,0,0,0,0,0,0,0,0,0,,,,,,,,,"wrist"
"IZTECH_S016","IZTECH_S016_w","2025-05-11 02:04:19",FALSE,0,32.69,8,700,5.83333,15,0.125,41,0.341667,0,0,219,169,0,0,0,0,0,0,0,0,0,0,0,,,,,,,,,"wrist"
"IZTECH_S016","IZTECH_S016_w","2025-05-11 02:06:19",FALSE,0,32.88,8,981,8.175,33,0.275,49,0.408333,0,0,195,133,0,0,0,0,0,0,0,0,0,0,0,,,,,,,,,"wrist"
"IZTECH_S016","IZTECH_S016_w","2025-05-11 02:08:19",FALSE,0,32.88,8,0,0,0,0,0,0,0,0,195,133,0,0,0,0,0,0,0,0,0,0,0,,,,,,,,,"wrist"
"IZTECH_S016","IZTECH_S016_w","2025-05-11 02:10:19",FALSE,0,32.88,8,0,0,0,0,0,0,0,0,195,131,0,0,0,0,0,0,0,0,0,0,0,,,,,,,,,"wrist"
"IZTECH_S016","IZTECH_S016_w","2025-05-11 02:12:19",FALSE,0,32.88,8,0,0,0,0,0,0,0,0,195,134,0,0,0,0,0,0,0,0,0,0,0,,,,,,,,,"wrist"
"IZTECH_S016","IZTECH_S016_w","2025-05-11 02:14:19",FALSE,0,32.94,8,0,0,0,0,0,0,0,0,195,133,0,0,0,0,0,0,0,0,0,0,0,,,,,,,,,"wrist"
"IZTECH_S016","IZTECH_S016_w","2025-05-11 02:16:19",FALSE,0,32.94,8,3406,28.3833,112,0.933333,165,1.375,0,0,218,155,0,0,0,0,0,0,0,0,0,0,0,,,,,,,,,"wrist"
"IZTECH_S016","IZTECH_S016_w","2025-05-11 02:18:19",FALSE,0,32.88,1,13,0.108333,0,0,1,0.00833333,0,0,212,139,0,0,0,0,0,0,0,0,0,0,0,,,,,,,,,"wrist"
"IZTECH_S016","IZTECH_S016_w","2025-05-11 02:20:19",FALSE,0,32.88,1,0,0,0,0,0,0,0,0,211,135,0,0,0,0,0,0,0,0,0,0,0,,,,,,,,,"wrist"
"IZTECH_S016","IZTECH_S016_w","2025-05-11 02:22:19",FALSE,0,32.88,1,0,0,0,0,0,0,0,0,202,99,0,0,0,0,0,0,0,0,0,0,0,,,,,,,,,"wrist"
"IZTECH_S016","IZTECH_S016_w","2025-05-11 02:24:19",FALSE,0,32.88,1,0,0,0,0,0,0,0,0,200,99,0,0,0,0,0,0,0,0,0,0,0,,,,,,,,,"wrist"
"IZTECH_S016","IZTECH_S016_w","2025-05-11 02:26:19",FALSE,0,32.88,1,0,0,0,0,0,0,0,0,200,97,0,0,0,0,0,0,0,0,0,0,0,,,,,,,,,"wrist"
"IZTECH_S016","IZTECH_S016_w","2025-05-11 02:28:19",FALSE,0,32.94,1,0,0,0,0,0,0,0,0,199,97,0,0,0,0,0,0,0,0,0,0,0,,,,,,,,,"wrist"
"IZTECH_S016","IZTECH_S016_w","2025-05-11 02:30:19",FALSE,0,32.94,1,0,0,0,0,0,0,0,0,198,96,0,0,0,0,0,0,0,0,0,0,0,,,,,,,,,"wrist"
"IZTECH_S016","IZTECH_S016_w","2025-05-11 02:32:19",FALSE,0,33,1,0,0,0,0,0,0,0,0,196,95,0,0,0,0,0,0,0,0,0,0,0,,,,,,,,,"wrist"
"IZTECH_S016","IZTECH_S016_w","2025-05-11 02:34:19",FALSE,0,33,1,0,0,0,0,0,0,0,0,190,95,0,0,0,0,0,0,0,0,0,0,0,,,,,,,,,"wrist"
"IZTECH_S016","IZTECH_S016_w","2025-05-11 02:36:19",FALSE,0,32.94,1,0,0,0,0,0,0,0,0,188,95,0,0,0,0,0,0,0,0,0,0,0,,,,,,,,,"wrist"
"IZTECH_S016","IZTECH_S016_w","2025-05-11 02:38:19",FALSE,0,32.94,1,0,0,0,0,0,0,0,0,188,95,0,0,0,0,0,0,0,0,0,0,0,,,,,,,,,"wrist"
"IZTECH_S016","IZTECH_S016_w","2025-05-11 02:40:19",FALSE,0,32.94,1,0,0,0,0,0,0,0,0,188,94,0,0,0,0,0,0,0,0,0,0,0,,,,,,,,,"wrist"
"IZTECH_S016","IZTECH_S016_w","2025-05-11 02:42:19",FALSE,0,32.88,1,0,0,0,0,0,0,0,0,186,94,0,0,0,0,0,0,0,0,0,0,0,,,,,,,,,"wrist"
"IZTECH_S016","IZTECH_S016_w","2025-05-11 02:44:19",FALSE,0,32.88,1,0,0,0,0,0,0,0,0,184,95,0,0,0,0,0,0,0,0,0,0,0,,,,,,,,,"wrist"
"IZTECH_S016","IZTECH_S016_w","2025-05-11 02:46:19",FALSE,0,32.88,1,0,0,0,0,0,0,0,0,184,94,0,0,0,0,0,0,0,0,0,0,0,,,,,,,,,"wrist"
"IZTECH_S016","IZTECH_S016_w","2025-05-11 02:48:19",FALSE,0,32.81,1,0,0,0,0,0,0,0,0,183,94,0,0,0,0,0,0,0,0,0,0,0,,,,,,,,,"wrist"
"IZTECH_S016","IZTECH_S016_w","2025-05-11 02:50:19",FALSE,0,32.81,1,0,0,0,0,0,0,0,0,184,94,0,0,0,0,0,0,0,0,0,0,0,,,,,,,,,"wrist"
"IZTECH_S016","IZTECH_S016_w","2025-05-11 02:52:19",FALSE,0,32.81,1,0,0,0,0,0,0,0,0,184,94,0,0,0,0,0,0,0,0,0,0,0,,,,,,,,,"wrist"
"IZTECH_S016","IZTECH_S016_w","2025-05-11 02:54:19",FALSE,0,32.81,1,0,0,0,0,0,0,0,0,184,94,0,0,0,0,0,0,0,0,0,0,0,,,,,,,,,"wrist"
"IZTECH_S016","IZTECH_S016_w","2025-05-11 02:56:19",FALSE,0,32.81,1,4,0.0333333,0,0,0,0,0,0,183,94,0,0,0,0,0,0,0,0,0,0,0,,,,,,,,,"wrist"
"IZTECH_S016","IZTECH_S016_w","2025-05-11 02:58:19",FALSE,0,32.5,32,2314,19.2833,52,0.433333,129,1.075,0,0,162,94,0,0,0,0,0,0,0,0,0,0,0,,,,,,,,,"wrist"
"IZTECH_S016","IZTECH_S016_w","2025-05-11 03:00:19",FALSE,0,32.25,1,0,0,0,0,0,0,0,0,164,95,0,0,0,0,0,0,0,0,0,0,0,,,,,,,,,"wrist"
"IZTECH_S016","IZTECH_S016_w","2025-05-11 03:02:19",FALSE,0,32.06,8,0,0,0,0,0,0,0,0,167,94,0,0,0,0,0,0,0,0,0,0,0,,,,,,,,,"wrist"
"IZTECH_S016","IZTECH_S016_w","2025-05-11 03:04:19",FALSE,0,32.19,1,1411,11.7583,39,0.325,68,0.566667,0,0,171,94,0,0,0,0,0,0,0,0,0,0,0,,,,,,,,,"wrist"
"IZTECH_S016","IZTECH_S016_w","2025-05-11 03:06:19",FALSE,0,32.12,1,0,0,0,0,0,0,0,0,173,94,0,0,0,0,0,0,0,0,0,0,0,,,,,,,,,"wrist"
"IZTECH_S016","IZTECH_S016_w","2025-05-11 03:08:19",FALSE,0,32.12,1,0,0,0,0,0,0,0,0,175,94,0,0,0,0,0,0,0,0,0,0,0,,,,,,,,,"wrist"
"IZTECH_S016","IZTECH_S016_w","2025-05-11 03:10:19",FALSE,0,32.12,1,0,0,0,0,0,0,0,0,178,94,0,0,0,0,0,0,0,0,0,0,0,,,,,,,,,"wrist"
"IZTECH_S016","IZTECH_S016_w","2025-05-11 03:12:19",FALSE,0,32.12,1,0,0,0,0,0,0,0,0,179,94,0,0,0,0,0,0,0,0,0,0,0,,,,,,,,,"wrist"
"IZTECH_S016","IZTECH_S016_w","2025-05-11 03:14:19",FALSE,0,32.12,1,0,0,0,0,0,0,0,0,179,94,0,0,0,0,0,0,0,0,0,0,0,,,,,,,,,"wrist"
"IZTECH_S016","IZTECH_S016_w","2025-05-11 03:16:19",FALSE,0,32.12,1,0,0,0,0,0,0,0,0,180,94,0,0,0,0,0,0,0,0,0,0,0,,,,,,,,,"wrist"
"IZTECH_S016","IZTECH_S016_w","2025-05-11 03:18:19",FALSE,0,31.62,1,1465,12.2083,33,0.275,70,0.583333,0,0,219,128,0,0,0,0,0,0,0,0,0,0,0,,,,,,,,,"wrist"
"IZTECH_S016","IZTECH_S016_w","2025-05-11 03:20:19",FALSE,0,31.31,8,0,0,0,0,0,0,0,0,219,134,0,0,0,0,0,0,0,0,0,0,0,,,,,,,,,"wrist"
"IZTECH_S016","IZTECH_S016_w","2025-05-11 03:22:19",FALSE,0,31.19,8,0,0,0,0,0,0,0,0,220,144,0,0,0,0,0,0,0,0,0,0,0,,,,,,,,,"wrist"
"IZTECH_S016","IZTECH_S016_w","2025-05-11 03:24:19",FALSE,0,31.19,8,0,0,0,0,0,0,0,0,222,158,0,0,0,0,0,0,0,0,0,0,0,,,,,,,,,"wrist"
"IZTECH_S016","IZTECH_S016_w","2025-05-11 03:26:19",FALSE,0,31.19,8,0,0,0,0,0,0,0,0,223,162,0,0,0,0,0,0,0,0,0,0,0,,,,,,,,,"wrist"
"IZTECH_S016","IZTECH_S016_w","2025-05-11 03:28:19",FALSE,0,31.25,8,1287,10.725,45,0.375,52,0.433333,0,0,222,171,0,0,0,0,0,0,0,0,0,0,0,,,,,,,,,"wrist"
"IZTECH_S016","IZTECH_S016_w","2025-05-11 03:30:19",FALSE,0,31.38,8,1315,10.9583,47,0.391667,61,0.508333,0,0,219,168,0,0,0,0,0,0,0,0,0,0,0,,,,,,,,,"wrist"
"IZTECH_S016","IZTECH_S016_w","2025-05-11 03:32:19",FALSE,0,31.31,1,0,0,0,0,0,0,0,0,218,167,0,0,0,0,0,0,0,0,0,0,0,,,,,,,,,"wrist"
"IZTECH_S016","IZTECH_S016_w","2025-05-11 03:34:19",FALSE,0,31.25,8,16,0.133333,0,0,1,0.00833333,0,0,219,168,0,0,0,0,0,0,0,0,0,0,0,,,,,,,,,"wrist"
"IZTECH_S016","IZTECH_S016_w","2025-05-11 03:36:19",FALSE,0,31.19,8,25,0.208333,0,0,2,0.0166667,0,0,219,170,0,0,0,0,0,0,0,0,0,0,0,,,,,,,,,"wrist"
"IZTECH_S016","IZTECH_S016_w","2025-05-11 03:38:19",FALSE,0,31.5,8,1516,12.6333,40,0.333333,77,0.641667,0,0,219,170,0,0,0,0,0,0,0,0,0,0,0,,,,,,,,,"wrist"
"IZTECH_S016","IZTECH_S016_w","2025-05-11 03:40:19",FALSE,0,32,1,0,0,0,0,0,0,0,0,187,103,0,0,0,0,0,0,0,0,0,0,0,,,,,,,,,"wrist"
"IZTECH_S016","IZTECH_S016_w","2025-05-11 03:42:19",FALSE,0,32.06,1,6,0.05,0,0,0,0,0,0,192,104,0,0,0,0,0,0,0,0,0,0,0,,,,,,,,,"wrist"
"IZTECH_S016","IZTECH_S016_w","2025-05-11 03:44:19",FALSE,0,32.06,32,317,2.64167,9,0.075,17,0.141667,0,0,199,110,0,0,0,0,0,0,0,0,0,0,0,,,,,,,,,"wrist"
"IZTECH_S016","IZTECH_S016_w","2025-05-11 03:46:19",FALSE,0,31.62,16,1992,16.6,72,0.6,86,0.716667,0,0,221,170,0,0,0,0,0,0,0,0,0,0,0,,,,,,,,,"wrist"
"IZTECH_S016","IZTECH_S016_w","2025-05-11 03:48:19",FALSE,0,31.5,16,9,0.075,0,0,2,0.0166667,0,0,221,168,0,0,0,0,0,0,0,0,0,0,0,,,,,,,,,"wrist"
"IZTECH_S016","IZTECH_S016_w","2025-05-11 03:50:19",FALSE,0,31.44,16,35,0.291667,0,0,3,0.025,0,0,220,167,0,0,0,0,0,0,0,0,0,0,0,,,,,,,,,"wrist"
"IZTECH_S016","IZTECH_S016_w","2025-05-11 03:52:19",FALSE,0,31.62,16,694,5.78333,22,0.183333,39,0.325,0,0,212,156,0,0,0,0,0,0,0,0,0,0,0,,,,,,,,,"wrist"
"IZTECH_S016","IZTECH_S016_w","2025-05-11 03:54:19",FALSE,0,31.69,16,438,3.65,4,0.0333333,32,0.266667,0,0,211,155,0,0,0,0,0,0,0,0,0,0,0,,,,,,,,,"wrist"
"IZTECH_S016","IZTECH_S016_w","2025-05-11 03:56:19",FALSE,0,31.75,16,5158,42.9833,177,1.475,220,1.83333,0,0,157,130,0,0,0,0,0,0,0,0,0,0,0,,,,,,,,,"wrist"
"IZTECH_S016","IZTECH_S016_w","2025-05-11 03:58:19",FALSE,0,31.81,16,76,0.633333,0,0,2,0.0166667,0,0,149,128,0,0,0,0,0,0,0,0,0,0,0,,,,,,,,,"wrist"
"IZTECH_S016","IZTECH_S016_w","2025-05-11 04:00:19",FALSE,0,31.94,16,3,0.025,0,0,0,0,0,0,146,123,0,0,0,0,0,0,0,0,0,0,0,,,,,,,,,"wrist"
"IZTECH_S016","IZTECH_S016_w","2025-05-11 04:02:19",FALSE,0,32,16,0,0,0,0,0,0,0,0,145,122,0,0,0,0,0,0,0,0,0,0,0,,,,,,,,,"wrist"
"IZTECH_S016","IZTECH_S016_w","2025-05-11 04:04:19",FALSE,0,32.06,16,0,0,0,0,0,0,0,0,144,123,0,0,0,0,0,0,0,0,0,0,0,,,,,,,,,"wrist"
"IZTECH_S016","IZTECH_S016_w","2025-05-11 04:06:19",FALSE,0,32.12,16,0,0,0,0,0,0,0,0,144,122,0,0,0,0,0,0,0,0,0,0,0,,,,,,,,,"wrist"
"IZTECH_S016","IZTECH_S016_w","2025-05-11 04:08:19",FALSE,0,32.19,16,0,0,0,0,0,0,0,0,143,121,0,0,0,0,0,0,0,0,0,0,0,,,,,,,,,"wrist"
"IZTECH_S016","IZTECH_S016_w","2025-05-11 04:10:19",FALSE,0,32.19,16,0,0,0,0,0,0,0,0,143,122,0,0,0,0,0,0,0,0,0,0,0,,,,,,,,,"wrist"
"IZTECH_S016","IZTECH_S016_w","2025-05-11 04:12:19",FALSE,0,32.25,16,0,0,0,0,0,0,0,0,143,121,0,0,0,0,0,0,0,0,0,0,0,,,,,,,,,"wrist"
"IZTECH_S016","IZTECH_S016_w","2025-05-11 04:14:19",FALSE,0,32.25,16,0,0,0,0,0,0,0,0,142,121,0,0,0,0,0,0,0,0,0,0,0,,,,,,,,,"wrist"
"IZTECH_S016","IZTECH_S016_w","2025-05-11 04:16:19",FALSE,0,32.25,16,0,0,0,0,0,0,0,0,141,120,0,0,0,0,0,0,0,0,0,0,0,,,,,,,,,"wrist"
"IZTECH_S016","IZTECH_S016_w","2025-05-11 04:18:19",FALSE,0,32.31,16,0,0,0,0,0,0,0,0,142,121,0,0,0,0,0,0,0,0,0,0,0,,,,,,,,,"wrist"
"IZTECH_S016","IZTECH_S016_w","2025-05-11 04:20:19",FALSE,0,32.31,16,0,0,0,0,0,0,0,0,141,120,0,0,0,0,0,0,0,0,0,0,0,,,,,,,,,"wrist"
"IZTECH_S016","IZTECH_S016_w","2025-05-11 04:22:19",FALSE,0,32.38,16,0,0,0,0,0,0,0,0,140,120,0,0,0,0,0,0,0,0,0,0,0,,,,,,,,,"wrist"
"IZTECH_S016","IZTECH_S016_w","2025-05-11 04:24:19",FALSE,0,32.31,16,0,0,0,0,0,0,0,0,140,122,0,0,0,0,0,0,0,0,0,0,0,,,,,,,,,"wrist"
"IZTECH_S016","IZTECH_S016_w","2025-05-11 04:26:19",FALSE,0,32.38,16,0,0,0,0,0,0,0,0,138,120,0,0,0,0,0,0,0,0,0,0,0,,,,,,,,,"wrist"
"IZTECH_S016","IZTECH_S016_w","2025-05-11 04:28:19",FALSE,0,32.31,16,0,0,0,0,0,0,0,0,134,115,0,0,0,0,0,0,0,0,0,0,0,,,,,,,,,"wrist"
"IZTECH_S016","IZTECH_S016_w","2025-05-11 04:30:19",FALSE,0,32.19,16,0,0,0,0,0,0,0,0,132,113,0,0,0,0,0,0,0,0,0,0,0,,,,,,,,,"wrist"
"IZTECH_S016","IZTECH_S016_w","2025-05-11 04:32:19",FALSE,0,32.12,16,0,0,0,0,0,0,0,0,131,112,0,0,0,0,0,0,0,0,0,0,0,,,,,,,,,"wrist"
"IZTECH_S016","IZTECH_S016_w","2025-05-11 04:34:19",FALSE,0,32.06,16,0,0,0,0,0,0,0,0,130,112,0,0,0,0,0,0,0,0,0,0,0,,,,,,,,,"wrist"
"IZTECH_S016","IZTECH_S016_w","2025-05-11 04:36:19",FALSE,0,32,16,0,0,0,0,0,0,0,0,130,110,0,0,0,0,0,0,0,0,0,0,0,,,,,,,,,"wrist"
"IZTECH_S016","IZTECH_S016_w","2025-05-11 04:38:19",FALSE,0,31.88,16,3759,31.325,112,0.933333,163,1.35833,0,0,167,126,0,0,0,0,0,0,0,0,0,0,0,,,,,,,,,"wrist"
"IZTECH_S016","IZTECH_S016_w","2025-05-11 04:40:19",FALSE,0,31.75,1,0,0,0,0,0,0,0,0,172,126,0,0,0,0,0,0,0,0,0,0,0,,,,,,,,,"wrist"
"IZTECH_S016","IZTECH_S016_w","2025-05-11 04:42:19",FALSE,0,31.62,1,0,0,0,0,0,0,0,0,180,130,0,0,0,0,0,0,0,0,0,0,0,,,,,,,,,"wrist"
"IZTECH_S016","IZTECH_S016_w","2025-05-11 04:44:19",FALSE,0,31.56,1,0,0,0,0,0,0,0,0,183,134,0,0,0,0,0,0,0,0,0,0,0,,,,,,,,,"wrist"
"IZTECH_S016","IZTECH_S016_w","2025-05-11 04:46:19",FALSE,0,31.5,8,1794,14.95,56,0.466667,76,0.633333,0,0,194,144,0,0,0,0,0,0,0,0,0,0,0,,,,,,,,,"wrist"
"IZTECH_S016","IZTECH_S016_w","2025-05-11 04:48:19",FALSE,0,31.5,8,0,0,0,0,0,0,0,0,192,146,0,0,0,0,0,0,0,0,0,0,0,,,,,,,,,"wrist"
"IZTECH_S016","IZTECH_S016_w","2025-05-11 04:50:19",FALSE,0,31.44,8,0,0,0,0,0,0,0,0,192,148,0,0,0,0,0,0,0,0,0,0,0,,,,,,,,,"wrist"
"IZTECH_S016","IZTECH_S016_w","2025-05-11 04:52:19",FALSE,0,31.44,8,0,0,0,0,0,0,0,0,192,148,0,0,0,0,0,0,0,0,0,0,0,,,,,,,,,"wrist"
"IZTECH_S016","IZTECH_S016_w","2025-05-11 04:54:19",FALSE,0,31.44,8,0,0,0,0,0,0,0,0,192,150,0,0,0,0,0,0,0,0,0,0,0,,,,,,,,,"wrist"
"IZTECH_S016","IZTECH_S016_w","2025-05-11 04:56:19",FALSE,0,31.44,8,0,0,0,0,0,0,0,0,192,150,0,0,0,0,0,0,0,0,0,0,0,,,,,,,,,"wrist"
"IZTECH_S016","IZTECH_S016_w","2025-05-11 04:58:19",FALSE,0,31.44,8,9,0.075,0,0,0,0,0,0,195,151,0,0,0,0,0,0,0,0,0,0,0,,,,,,,,,"wrist"
"IZTECH_S016","IZTECH_S016_w","2025-05-11 05:00:19",FALSE,0,31.44,8,0,0,0,0,0,0,0,0,193,150,0,0,0,0,0,0,0,0,0,0,0,,,,,,,,,"wrist"
"IZTECH_S016","IZTECH_S016_w","2025-05-11 05:02:19",FALSE,0,31.62,8,1930,16.0833,52,0.433333,91,0.758333,0,0,169,139,0,0,0,0,0,0,0,0,0,0,0,,,,,,,,,"wrist"
"IZTECH_S016","IZTECH_S016_w","2025-05-11 05:04:19",FALSE,0,31.56,1,1097,9.14167,41,0.341667,41,0.341667,0,0,150,134,0,0,0,0,0,0,0,0,0,0,0,,,,,,,,,"wrist"
"IZTECH_S016","IZTECH_S016_w","2025-05-11 05:06:19",FALSE,0,31.69,1,0,0,0,0,0,0,0,0,148,128,0,0,0,0,0,0,0,0,0,0,0,,,,,,,,,"wrist"
"IZTECH_S016","IZTECH_S016_w","2025-05-11 05:08:19",FALSE,0,31.75,1,1277,10.6417,29,0.241667,70,0.583333,0,0,128,138,0,0,0,0,0,0,0,0,0,0,0,,,,,,,,,"wrist"
"IZTECH_S016","IZTECH_S016_w","2025-05-11 05:10:19",FALSE,0,31.5,8,1214,10.1167,37,0.308333,48,0.4,0,0,210,157,0,0,0,0,0,0,0,0,0,0,0,,,,,,,,,"wrist"
"IZTECH_S016","IZTECH_S016_w","2025-05-11 05:12:19",FALSE,0,31.44,8,90,0.75,0,0,5,0.0416667,0,0,210,158,0,0,0,0,0,0,0,0,0,0,0,,,,,,,,,"wrist"
"IZTECH_S016","IZTECH_S016_w","2025-05-11 05:14:19",FALSE,0,31.88,16,289,2.40833,5,0.0416667,14,0.116667,0,0,198,118,0,0,0,0,0,0,0,0,0,0,0,,,,,,,,,"wrist"
"IZTECH_S016","IZTECH_S016_w","2025-05-11 05:16:19",FALSE,0,31.88,16,0,0,0,0,0,0,0,0,199,119,0,0,0,0,0,0,0,0,0,0,0,,,,,,,,,"wrist"
"IZTECH_S016","IZTECH_S016_w","2025-05-11 05:18:19",FALSE,0,31.75,16,6124,51.0333,168,1.4,286,2.38333,0,0,199,114,0,0,0,0,0,0,0,0,0,0,0,,,,,,,,,"wrist"
"IZTECH_S016","IZTECH_S016_w","2025-05-11 05:20:19",FALSE,0,31.88,1,150,1.25,0,0,8,0.0666667,0,0,169,155,0,0,0,0,0,0,0,0,0,0,0,,,,,,,,,"wrist"
"IZTECH_S016","IZTECH_S016_w","2025-05-11 05:22:19",FALSE,0,32.06,1,13,0.108333,0,0,2,0.0166667,0,0,151,151,0,0,0,0,0,0,0,0,0,0,0,,,,,,,,,"wrist"
"IZTECH_S016","IZTECH_S016_w","2025-05-11 05:24:19",FALSE,0,32.19,1,0,0,0,0,0,0,0,0,150,152,0,0,0,0,0,0,0,0,0,0,0,,,,,,,,,"wrist"
"IZTECH_S016","IZTECH_S016_w","2025-05-11 05:26:19",FALSE,0,32.31,1,0,0,0,0,0,0,0,0,149,151,0,0,0,0,0,0,0,0,0,0,0,,,,,,,,,"wrist"
"IZTECH_S016","IZTECH_S016_w","2025-05-11 05:28:19",FALSE,0,32.31,1,27,0.225,0,0,1,0.00833333,0,0,151,152,0,0,0,0,0,0,0,0,0,0,0,,,,,,,,,"wrist"
"IZTECH_S016","IZTECH_S016_w","2025-05-11 05:30:19",FALSE,0,32.31,1,0,0,0,0,0,0,0,0,193,163,0,0,0,0,0,0,0,0,0,0,0,,,,,,,,,"wrist"
"IZTECH_S016","IZTECH_S016_w","2025-05-11 05:32:19",FALSE,0,32.31,1,0,0,0,0,0,0,0,0,194,162,0,0,0,0,0,0,0,0,0,0,0,,,,,,,,,"wrist"
"IZTECH_S016","IZTECH_S016_w","2025-05-11 05:34:19",FALSE,0,32.31,1,53,0.441667,0,0,7,0.0583333,0,0,194,162,0,0,0,0,0,0,0,0,0,0,0,,,,,,,,,"wrist"
"IZTECH_S016","IZTECH_S016_w","2025-05-11 05:36:19",FALSE,0,32.38,1,6,0.05,0,0,1,0.00833333,0,0,159,150,0,0,0,0,0,0,0,0,0,0,0,,,,,,,,,"wrist"
"IZTECH_S016","IZTECH_S016_w","2025-05-11 05:38:19",FALSE,0,32.38,1,214,1.78333,4,0.0333333,11,0.0916667,0,0,148,150,0,0,0,0,0,0,0,0,0,0,0,,,,,,,,,"wrist"
"IZTECH_S016","IZTECH_S016_w","2025-05-11 05:40:19",FALSE,0,32.44,1,0,0,0,0,0,0,0,0,147,149,0,0,0,0,0,0,0,0,0,0,0,,,,,,,,,"wrist"
"IZTECH_S016","IZTECH_S016_w","2025-05-11 05:42:19",FALSE,0,32.69,1,545,4.54167,17,0.141667,31,0.258333,0,0,124,106,0,0,0,0,0,0,0,0,0,0,0,,,,,,,,,"wrist"
"IZTECH_S016","IZTECH_S016_w","2025-05-11 05:44:19",FALSE,0,33.25,32,0,0,0,0,0,0,0,0,123,95,0,0,0,0,0,0,0,0,0,0,0,,,,,,,,,"wrist"
"IZTECH_S016","IZTECH_S016_w","2025-05-11 05:46:19",FALSE,0,33.56,32,0,0,0,0,0,0,0,0,124,95,0,0,0,0,0,0,0,0,0,0,0,,,,,,,,,"wrist"
"IZTECH_S016","IZTECH_S016_w","2025-05-11 05:48:19",FALSE,0,33.38,1,594,4.95,16,0.133333,30,0.25,0,0,128,109,0,0,0,0,0,0,0,0,0,0,0,,,,,,,,,"wrist"
"IZTECH_S016","IZTECH_S016_w","2025-05-11 05:50:19",FALSE,0,33,16,2789,23.2417,78,0.65,135,1.125,0,0,199,166,0,0,0,0,0,0,0,0,0,0,0,,,,,,,,,"wrist"
"IZTECH_S016","IZTECH_S016_w","2025-05-11 05:52:19",FALSE,0,32.88,16,1043,8.69167,34,0.283333,57,0.475,0,0,212,169,0,0,0,0,0,0,0,0,0,0,0,,,,,,,,,"wrist"
"IZTECH_S016","IZTECH_S016_w","2025-05-11 05:54:19",FALSE,0,32.69,2,0,0,0,0,0,0,0,0,204,167,0,0,0,0,0,0,0,0,0,0,0,,,,,,,,,"wrist"
"IZTECH_S016","IZTECH_S016_w","2025-05-11 05:56:19",FALSE,0,32.88,2,1806,15.05,41,0.341667,100,0.833333,0,0,138,135,0,0,0,0,0,0,0,0,0,0,0,,,,,,,,,"wrist"
"IZTECH_S016","IZTECH_S016_w","2025-05-11 05:58:19",FALSE,0,33.06,16,9,0.075,0,0,0,0,0,0,130,121,0,0,0,0,0,0,0,0,0,0,0,,,,,,,,,"wrist"
"IZTECH_S016","IZTECH_S016_w","2025-05-11 06:00:19",FALSE,0,33,16,0,0,0,0,0,0,0,0,128,118,0,0,0,0,0,0,0,0,0,0,0,,,,,,,,,"wrist"
"IZTECH_S016","IZTECH_S016_w","2025-05-11 06:02:19",FALSE,0,32.62,1,144,1.2,0,0,7,0.0583333,0,0,192,159,0,0,0,0,0,0,0,0,0,0,0,,,,,,,,,"wrist"
"IZTECH_S016","IZTECH_S016_w","2025-05-11 06:04:19",FALSE,0,32.56,1,0,0,0,0,0,0,0,0,192,159,0,0,0,0,0,0,0,0,0,0,0,,,,,,,,,"wrist"
"IZTECH_S016","IZTECH_S016_w","2025-05-11 06:06:19",FALSE,0,32.19,1,614,5.11667,18,0.15,27,0.225,0.27,0,212,152,0,0,0,1e-04,1e-04,1e-04,1e-04,2e-04,0.02,0,0,,,,,,,,,"wrist"
"IZTECH_S016","IZTECH_S016_w","2025-05-11 06:08:19",FALSE,0,31.88,1,0,0,0,0,0,0,0.73,0,212,152,0,1e-04,1e-04,1e-04,2e-04,2e-04,3e-04,4e-04,0.45,0,0,,,,,,,,,"wrist"
"IZTECH_S016","IZTECH_S016_w","2025-05-11 06:10:19",FALSE,0,31.62,16,0,0,0,0,0,0,0.97,0,212,154,0,1e-04,1e-04,2e-04,2e-04,2e-04,3e-04,5e-04,0.62,0,0,,,,,,,,,"wrist"
"IZTECH_S016","IZTECH_S016_w","2025-05-11 06:12:19",FALSE,0,31.5,1,4,0.0333333,0,0,0,0,1.14,0,213,152,0,1e-04,2e-04,2e-04,2e-04,2e-04,4e-04,6e-04,0.86,0,0,,,,,,,,,"wrist"
"IZTECH_S016","IZTECH_S016_w","2025-05-11 06:14:19",FALSE,0,31.19,16,33,0.275,0,0,4,0.0333333,1.33,0,210,158,0,1e-04,2e-04,2e-04,3e-04,3e-04,4e-04,6e-04,0.97,0,0,,,,,,,,,"wrist"
"IZTECH_S016","IZTECH_S016_w","2025-05-11 06:16:19",FALSE,0,31.44,16,2635,21.9583,91,0.758333,126,1.05,1.18,0,210,150,0,1e-04,1e-04,2e-04,2e-04,2e-04,4e-04,5e-04,0.76,0,0,,,,,,,,,"wrist"
"IZTECH_S016","IZTECH_S016_w","2025-05-11 06:18:19",FALSE,0,31.5,16,0,0,0,0,0,0,1.7,0,207,144,0,1e-04,2e-04,3e-04,3e-04,4e-04,5e-04,8e-04,1.34,0,0,,,,,,,,,"wrist"
"IZTECH_S016","IZTECH_S016_w","2025-05-11 06:20:19",FALSE,0,31.44,16,0,0,0,0,0,0,2.02,0,203,133,1e-04,2e-04,2e-04,3e-04,4e-04,4e-04,6e-04,9e-04,1.52,0,0,,,,,,,,,"wrist"
"IZTECH_S016","IZTECH_S016_w","2025-05-11 06:22:19",FALSE,0,31.38,16,678,5.65,20,0.166667,46,0.383333,1.84,0,212,154,1e-04,1e-04,2e-04,3e-04,4e-04,4e-04,5e-04,8e-04,1.38,0,0,,,,,,,,,"wrist"
"IZTECH_S016","IZTECH_S016_w","2025-05-11 06:24:19",FALSE,0,31.38,16,0,0,0,0,0,0,1.54,0,210,150,0,1e-04,2e-04,3e-04,3e-04,3e-04,5e-04,7e-04,1.24,0,0,,,,,,,,,"wrist"
"IZTECH_S016","IZTECH_S016_w","2025-05-11 06:26:19",FALSE,0,31.44,16,3,0.025,0,0,0,0,1.84,0,210,151,1e-04,1e-04,2e-04,3e-04,4e-04,4e-04,5e-04,8e-04,1.27,0,0,,,,,,,,,"wrist"
"IZTECH_S016","IZTECH_S016_w","2025-05-11 06:28:19",FALSE,0,31.44,16,1077,8.975,14,0.116667,66,0.55,3.65,0,188,114,1e-04,3e-04,4e-04,6e-04,7e-04,8e-04,0.001,0.0015,2.9,0,0,,,,,,,,,"wrist"
"IZTECH_S016","IZTECH_S016_w","2025-05-11 06:30:19",FALSE,0,31.75,16,2794,23.2833,88,0.733333,104,0.866667,2.43,0,161,98,1e-04,2e-04,3e-04,4e-04,5e-04,5e-04,7e-04,0.001,1.82,0,0,,,,,,,,,"wrist"
"IZTECH_S016","IZTECH_S016_w","2025-05-11 06:32:19",FALSE,0,31.81,1,0,0,0,0,0,0,0,0,160,98,0,0,0,0,0,0,0,1e-04,0,0,0,,,,,,,,,"wrist"
"IZTECH_S016","IZTECH_S016_w","2025-05-11 06:34:19",FALSE,0,32,1,0,0,0,0,0,0,0,0,160,96,0,0,0,0,0,0,0,1e-04,0,0,0,,,,,,,,,"wrist"
"IZTECH_S016","IZTECH_S016_w","2025-05-11 06:36:19",FALSE,0,32.19,1,0,0,0,0,0,0,0,0,160,96,0,0,0,0,0,0,0,1e-04,0,0,0,,,,,,,,,"wrist"
"IZTECH_S016","IZTECH_S016_w","2025-05-11 06:38:19",FALSE,0,32.31,1,572,4.76667,14,0.116667,38,0.316667,0,0,178,96,0,0,0,0,0,0,0,1e-04,0,0,0,,,,,,,,,"wrist"
"IZTECH_S016","IZTECH_S016_w","2025-05-11 06:40:19",FALSE,0,32.69,2,0,0,0,0,0,0,0,0,124,98,0,0,0,0,0,0,0,0,0,0,0,,,,,,,,,"wrist"
"IZTECH_S016","IZTECH_S016_w","2025-05-11 06:42:19",FALSE,0,32.88,2,1098,9.15,19,0.158333,88,0.733333,1.15,0,217,158,0,1e-04,1e-04,2e-04,2e-04,2e-04,3e-04,4e-04,0.86,0,0,,,,,,,,,"wrist"
"IZTECH_S016","IZTECH_S016_w","2025-05-11 06:44:19",FALSE,0,32.56,16,196,1.63333,4,0.0333333,18,0.15,9.95,0.01,215,152,4e-04,8e-04,0.0011,0.0016,0.0018,0.002,0.0027,0.0037,7.9,0.01,0,,,,,,,,,"wrist"
"IZTECH_S016","IZTECH_S016_w","2025-05-11 06:46:19",FALSE,0,32.25,16,18,0.15,0,0,1,0.00833333,10.5,0.01,214,150,4e-04,8e-04,0.0011,0.0016,0.0019,0.0021,0.0028,0.0038,8.26,0.01,0,,,,,,,,,"wrist"
"IZTECH_S016","IZTECH_S016_w","2025-05-11 06:48:19",FALSE,0,32,16,0,0,0,0,0,0,11.86,0.01,214,150,5e-04,9e-04,0.0012,0.0018,0.0021,0.0024,0.0031,0.0043,9.21,0.01,0,,,,,,,,,"wrist"
"IZTECH_S016","IZTECH_S016_w","2025-05-11 06:50:19",FALSE,0,31.81,16,7,0.0583333,0,0,2,0.0166667,12.92,0.01,213,150,5e-04,9e-04,0.0013,0.002,0.0023,0.0026,0.0034,0.0046,10.05,0.01,0,,,,,,,,,"wrist"
"IZTECH_S016","IZTECH_S016_w","2025-05-11 06:52:19",FALSE,0,31.62,16,6,0.05,0,0,0,0,13.42,0.01,214,150,6e-04,0.001,0.0014,0.0021,0.0024,0.0027,0.0035,0.0048,10.56,0.01,0,,,,,,,,,"wrist"
"IZTECH_S016","IZTECH_S016_w","2025-05-11 06:54:19",FALSE,0,31.5,16,0,0,0,0,0,0,14.22,0.01,213,150,6e-04,0.001,0.0015,0.0022,0.0025,0.0029,0.0037,0.005,11.14,0.01,0,,,,,,,,,"wrist"
"IZTECH_S016","IZTECH_S016_w","2025-05-11 06:56:19",FALSE,0,31.38,16,0,0,0,0,0,0,15.16,0.01,214,149,6e-04,0.0011,0.0016,0.0023,0.0027,0.0031,0.0039,0.0053,11.88,0.02,0,,,,,,,,,"wrist"
"IZTECH_S016","IZTECH_S016_w","2025-05-11 06:58:19",FALSE,0,31.31,16,0,0,0,0,0,0,15.78,0.01,214,148,7e-04,0.0012,0.0016,0.0024,0.0028,0.0032,0.0041,0.0055,12.59,0.02,0,,,,,,,,,"wrist"
"IZTECH_S016","IZTECH_S016_w","2025-05-11 07:00:19",FALSE,0,31.25,16,4,0.0333333,0,0,0,0,16.3,0.01,213,148,7e-04,0.0012,0.0017,0.0025,0.0029,0.0033,0.0041,0.0055,13,0.02,0,,,,,,,,,"wrist"
"IZTECH_S016","IZTECH_S016_w","2025-05-11 07:02:19",FALSE,0,31.19,16,0,0,0,0,0,0,16.71,0.01,213,148,7e-04,0.0012,0.0017,0.0026,0.0029,0.0033,0.0042,0.0056,13.46,0.02,0,,,,,,,,,"wrist"
"IZTECH_S016","IZTECH_S016_w","2025-05-11 07:04:19",FALSE,0,31.12,16,41,0.341667,0,0,5,0.0416667,17.69,0.01,213,148,7e-04,0.0013,0.0018,0.0027,0.0031,0.0035,0.0044,0.0059,14.24,0.02,0,,,,,,,,,"wrist"
"IZTECH_S016","IZTECH_S016_w","2025-05-11 07:06:19",FALSE,0,31.25,16,1923,16.025,66,0.55,92,0.766667,19.73,0.01,209,148,8e-04,0.0015,0.0021,0.003,0.0034,0.004,0.005,0.0066,16.04,0.02,0,,,,,,,,,"wrist"
"IZTECH_S016","IZTECH_S016_w","2025-05-11 07:08:19",FALSE,0,31.31,16,0,0,0,0,0,0,22.44,0.01,209,146,9e-04,0.0016,0.0023,0.0034,0.0039,0.0045,0.0056,0.0075,18.04,0.02,0,,,,,,,,,"wrist"
"IZTECH_S016","IZTECH_S016_w","2025-05-11 07:10:19",FALSE,0,31.31,16,0,0,0,0,0,0,23.91,0.01,209,146,0.001,0.0018,0.0025,0.0036,0.0042,0.0048,0.006,0.008,19.27,0.02,0,,,,,,,,,"wrist"
"IZTECH_S016","IZTECH_S016_w","2025-05-11 07:12:19",FALSE,0,31.06,8,1726,14.3833,42,0.35,78,0.65,24.35,0.02,220,166,0.001,0.0018,0.0025,0.0037,0.0043,0.0049,0.0062,0.0082,19.33,0.02,0,,,,,,,,,"wrist"
"IZTECH_S016","IZTECH_S016_w","2025-05-11 07:14:19",FALSE,0,31,8,0,0,0,0,0,0,27.51,0.02,220,165,0.0012,0.002,0.0028,0.0042,0.0049,0.0056,0.007,0.0093,21.7,0.03,0,,,,,,,,,"wrist"
"IZTECH_S016","IZTECH_S016_w","2025-05-11 07:16:19",FALSE,0,31.25,8,1581,13.175,54,0.45,87,0.725,22.17,0.01,217,166,0.001,0.0016,0.0023,0.0034,0.0039,0.0045,0.0057,0.0075,17.63,0.02,0,,,,,,,,,"wrist"
"IZTECH_S016","IZTECH_S016_w","2025-05-11 07:18:19",FALSE,0,31.38,8,0,0,0,0,0,0,23.38,0.01,218,167,0.001,0.0017,0.0024,0.0036,0.0041,0.0048,0.006,0.0079,18.65,0.02,0,,,,,,,,,"wrist"
"IZTECH_S016","IZTECH_S016_w","2025-05-11 07:20:19",FALSE,0,31.44,8,0,0,0,0,0,0,24,0.01,218,167,0.001,0.0017,0.0025,0.0036,0.0042,0.0049,0.006,0.0079,19.12,0.02,0,,,,,,,,,"wrist"
"IZTECH_S016","IZTECH_S016_w","2025-05-11 07:22:19",FALSE,0,31.5,8,0,0,0,0,0,0,24.01,0.01,218,167,0.001,0.0017,0.0025,0.0036,0.0042,0.0048,0.0059,0.0078,19.37,0.02,0,,,,,,,,,"wrist"
"IZTECH_S016","IZTECH_S016_w","2025-05-11 07:24:19",FALSE,0,31.5,8,1012,8.43333,26,0.216667,51,0.425,22.79,0.01,221,166,0.001,0.0017,0.0023,0.0035,0.004,0.0046,0.0056,0.0074,18.55,0.02,0,,,,,,,,,"wrist"
"IZTECH_S016","IZTECH_S016_w","2025-05-11 07:26:19",FALSE,0,32.06,1,2732,22.7667,82,0.683333,136,1.13333,11.06,0.01,177,106,5e-04,8e-04,0.0011,0.0017,0.002,0.0023,0.0028,0.0038,8.73,0.01,0,,,,,,,,,"wrist"
"IZTECH_S016","IZTECH_S016_w","2025-05-11 07:28:19",FALSE,0,32.12,1,0,0,0,0,0,0,5.05,0,177,106,2e-04,4e-04,5e-04,8e-04,9e-04,0.0011,0.0014,0.0021,3.72,0.01,0,,,,,,,,,"wrist"
"IZTECH_S016","IZTECH_S016_w","2025-05-11 07:30:19",FALSE,0,32.38,1,320,2.66667,7,0.0583333,18,0.15,4.65,0,128,94,2e-04,4e-04,5e-04,7e-04,9e-04,0.001,0.0013,0.0019,3.46,0.01,0,,,,,,,,,"wrist"
"IZTECH_S016","IZTECH_S016_w","2025-05-11 07:32:19",FALSE,0,32.69,2,0,0,0,0,0,0,0,0,124,94,0,0,0,0,0,0,0,0,0,0,0,,,,,,,,,"wrist"
"IZTECH_S016","IZTECH_S016_w","2025-05-11 07:34:19",FALSE,0,32.94,2,0,0,0,0,0,0,0,0,124,94,0,0,0,0,0,0,0,0,0,0,0,,,,,,,,,"wrist"
"IZTECH_S016","IZTECH_S016_w","2025-05-11 07:36:19",FALSE,0,33.19,2,0,0,0,0,0,0,0,0,124,93,0,0,0,0,0,0,0,0,0,0,0,,,,,,,,,"wrist"
"IZTECH_S016","IZTECH_S016_w","2025-05-11 07:38:19",FALSE,0,33.38,2,56,0.466667,0,0,3,0.025,0,0,124,93,0,0,0,0,0,0,0,0,0,0,0,,,,,,,,,"wrist"
"IZTECH_S016","IZTECH_S016_w","2025-05-11 07:40:19",FALSE,0,33.44,2,650,5.41667,20,0.166667,31,0.258333,3.41,0,146,103,2e-04,3e-04,4e-04,6e-04,6e-04,8e-04,0.001,0.0015,2.43,0,0,,,,,,,,,"wrist"
"IZTECH_S016","IZTECH_S016_w","2025-05-11 07:42:19",FALSE,0,33.38,1,0,0,0,0,0,0,11.36,0.01,144,103,6e-04,0.001,0.0013,0.0019,0.0021,0.0027,0.0034,0.0051,8.1,0.02,0,,,,,,,,,"wrist"
"IZTECH_S016","IZTECH_S016_w","2025-05-11 07:44:19",FALSE,0,33.25,1,0,0,0,0,0,0,11.75,0.01,146,104,7e-04,0.0011,0.0013,0.0019,0.0022,0.0028,0.0036,0.0054,8.43,0.02,0,,,,,,,,,"wrist"
"IZTECH_S016","IZTECH_S016_w","2025-05-11 07:46:19",FALSE,0,33.12,1,6,0.05,0,0,1,0.00833333,12.37,0.01,146,103,7e-04,0.0011,0.0014,0.002,0.0023,0.003,0.0038,0.0057,8.9,0.02,0,,,,,,,,,"wrist"
"IZTECH_S016","IZTECH_S016_w","2025-05-11 07:48:19",FALSE,0,33,1,0,0,0,0,0,0,12.43,0.02,146,103,7e-04,0.0012,0.0014,0.002,0.0024,0.003,0.0038,0.0058,8.84,0.02,0,,,,,,,,,"wrist"
"IZTECH_S016","IZTECH_S016_w","2025-05-11 07:50:19",FALSE,0,32.88,1,0,0,0,0,0,0,12.1,0.01,148,104,7e-04,0.0011,0.0014,0.002,0.0023,0.0029,0.0037,0.0056,8.64,0.02,0,,,,,,,,,"wrist"
"IZTECH_S016","IZTECH_S016_w","2025-05-11 07:52:19",FALSE,0,32.81,1,3,0.025,0,0,0,0,11.52,0.01,150,104,7e-04,0.001,0.0013,0.0019,0.0022,0.0027,0.0035,0.0052,8.34,0.02,0,,,,,,,,,"wrist"
"IZTECH_S016","IZTECH_S016_w","2025-05-11 07:54:19",FALSE,0,32.75,1,0,0,0,0,0,0,12.59,0.01,150,104,7e-04,0.0011,0.0014,0.0021,0.0024,0.003,0.0038,0.0057,9.01,0.02,0,,,,,,,,,"wrist"
"IZTECH_S016","IZTECH_S016_w","2025-05-11 07:56:19",FALSE,0,32.94,1,3298,27.4833,93,0.775,200,1.66667,9.68,0.01,171,131,5e-04,8e-04,0.001,0.0015,0.0019,0.0024,0.0029,0.0045,6.22,0.01,0,,,,,,,,,"wrist"
"IZTECH_S016","IZTECH_S016_w","2025-05-11 07:58:19",FALSE,0,33.31,16,0,0,0,0,0,0,0.87,0,165,128,1e-04,2e-04,2e-04,2e-04,3e-04,4e-04,5e-04,0.0012,0.02,0,0,,,,,,,,,"wrist"
"IZTECH_S016","IZTECH_S016_w","2025-05-11 08:00:19",FALSE,0,33.5,16,0,0,0,0,0,0,0.61,0,168,131,1e-04,1e-04,1e-04,2e-04,2e-04,3e-04,4e-04,8e-04,0,0,0,,,,,,,,,"wrist"
"IZTECH_S016","IZTECH_S016_w","2025-05-11 08:02:19",FALSE,0,33.69,16,0,0,0,0,0,0,0.41,0,170,135,0,1e-04,1e-04,1e-04,2e-04,2e-04,3e-04,7e-04,0,0,0,,,,,,,,,"wrist"
"IZTECH_S016","IZTECH_S016_w","2025-05-11 08:04:19",FALSE,0,33.69,16,4291,35.7583,147,1.225,176,1.46667,1.6,0,160,141,1e-04,2e-04,2e-04,3e-04,3e-04,4e-04,5e-04,9e-04,0.92,0,0,,,,,,,,,"wrist"
"IZTECH_S016","IZTECH_S016_w","2025-05-11 08:06:19",FALSE,0,33.5,1,366,3.05,11,0.0916667,14,0.116667,22.58,0.01,128,133,0.001,0.0017,0.0024,0.0034,0.004,0.0046,0.0055,0.0071,18.63,0.02,0,,,,,,,,,"wrist"
"IZTECH_S016","IZTECH_S016_w","2025-05-11 08:08:19",FALSE,0,33.31,1,0,0,0,0,0,0,22.97,0.01,128,135,0.001,0.0017,0.0024,0.0035,0.004,0.0046,0.0055,0.0072,18.93,0.02,0,,,,,,,,,"wrist"
"IZTECH_S016","IZTECH_S016_w","2025-05-11 08:10:19",FALSE,0,33.19,1,0,0,0,0,0,0,22.36,0.01,128,136,0.001,0.0017,0.0023,0.0034,0.0039,0.0045,0.0054,0.007,18.46,0.02,0,,,,,,,,,"wrist"
"IZTECH_S016","IZTECH_S016_w","2025-05-11 08:12:19",FALSE,0,32.88,1,65,0.541667,2,0.0166667,3,0.025,23.06,0.01,128,145,0.001,0.0017,0.0024,0.0035,0.004,0.0046,0.0055,0.0072,19.14,0.02,0,,,,,,,,,"wrist"
"IZTECH_S016","IZTECH_S016_w","2025-05-11 08:14:19",FALSE,0,33.06,4,5816,48.4667,191,1.59167,238,1.98333,17.71,0.01,167,135,8e-04,0.0013,0.0019,0.0027,0.0031,0.0036,0.0043,0.0057,14.4,0.02,0,,,,,,,,,"wrist"
"IZTECH_S016","IZTECH_S016_w","2025-05-11 08:16:19",FALSE,0,33.19,1,49,0.408333,0,0,2,0.0166667,24,0.02,147,123,0.0011,0.0018,0.0025,0.0037,0.0042,0.0049,0.0058,0.0076,19.81,0.02,0,,,,,,,,,"wrist"
"IZTECH_S016","IZTECH_S016_w","2025-05-11 08:18:19",FALSE,0,33.19,1,1431,11.925,35,0.291667,62,0.516667,23.67,0.01,150,107,0.001,0.0017,0.0023,0.0035,0.0041,0.0048,0.0058,0.0076,19.22,0.02,0,,,,,,,,,"wrist"
"IZTECH_S016","IZTECH_S016_w","2025-05-11 08:20:19",FALSE,0,33.44,1,8,0.0666667,0,0,2,0.0166667,33.57,0.02,152,107,0.0014,0.0024,0.0033,0.0048,0.0058,0.0068,0.0083,0.011,26.91,0.03,0,,,,,,,,,"wrist"
"IZTECH_S016","IZTECH_S016_w","2025-05-11 08:22:19",FALSE,0,33.62,1,10,0.0833333,0,0,0,0,66.16,0.04,152,107,0.0029,0.0048,0.0064,0.0095,0.0115,0.0138,0.0171,0.0231,51.23,0.06,0,,,,,,,,,"wrist"
"IZTECH_S016","IZTECH_S016_w","2025-05-11 08:24:19",FALSE,0,33.75,1,0,0,0,0,0,0,72.04,0.04,151,105,0.0031,0.0052,0.0069,0.0103,0.0125,0.0151,0.0187,0.0253,55.64,0.07,0,,,,,,,,,"wrist"
"IZTECH_S016","IZTECH_S016_w","2025-05-11 08:26:19",FALSE,0,33.94,1,997,8.30833,29,0.241667,61,0.508333,61.08,0.04,146,99,0.0026,0.0044,0.0059,0.0088,0.0107,0.0128,0.0159,0.0215,46.74,0.06,0,,,,,,,,,"wrist"
"IZTECH_S016","IZTECH_S016_w","2025-05-11 08:28:19",FALSE,0,34.06,1,0,0,0,0,0,0,50.34,0.03,146,99,0.0022,0.0036,0.0049,0.0073,0.0088,0.0106,0.0131,0.0179,38.7,0.05,0,,,,,,,,,"wrist"
"IZTECH_S016","IZTECH_S016_w","2025-05-11 08:30:19",FALSE,0,34.19,1,12,0.1,0,0,1,0.00833333,50.86,0.03,146,99,0.0022,0.0037,0.005,0.0074,0.0089,0.0107,0.0132,0.018,39.17,0.05,0,,,,,,,,,"wrist"
"IZTECH_S016","IZTECH_S016_w","2025-05-11 08:32:19",FALSE,0,34.25,1,0,0,0,0,0,0,51.71,0.03,145,99,0.0022,0.0037,0.005,0.0075,0.009,0.0108,0.0135,0.0182,39.85,0.05,0,,,,,,,,,"wrist"
"IZTECH_S016","IZTECH_S016_w","2025-05-11 08:34:19",FALSE,0,34.31,1,0,0,0,0,0,0,50.92,0.03,144,99,0.0022,0.0037,0.005,0.0074,0.0089,0.0106,0.0132,0.0178,39.32,0.05,0,,,,,,,,,"wrist"
"IZTECH_S016","IZTECH_S016_w","2025-05-11 08:36:19",FALSE,0,34.06,1,132,1.1,1,0.00833333,11,0.0916667,53.86,0.03,183,147,0.0023,0.0039,0.0052,0.0078,0.0093,0.0113,0.0139,0.0187,41.74,0.05,0,,,,,,,,,"wrist"
"IZTECH_S016","IZTECH_S016_w","2025-05-11 08:38:19",FALSE,0,33.94,1,0,0,0,0,0,0,58.94,0.03,181,145,0.0025,0.0042,0.0057,0.0085,0.0102,0.0123,0.0152,0.0205,45.63,0.06,0,,,,,,,,,"wrist"
"IZTECH_S016","IZTECH_S016_w","2025-05-11 08:40:19",FALSE,0,33.88,1,0,0,0,0,0,0,57.12,0.03,183,147,0.0025,0.0041,0.0055,0.0082,0.0099,0.0119,0.0147,0.0198,44.31,0.05,0,,,,,,,,,"wrist"
"IZTECH_S016","IZTECH_S016_w","2025-05-11 08:42:19",FALSE,0,33.88,1,0,0,0,0,0,0,60.16,0.03,179,144,0.0026,0.0043,0.0058,0.0087,0.0104,0.0126,0.0155,0.0208,46.64,0.06,0,,,,,,,,,"wrist"
"IZTECH_S016","IZTECH_S016_w","2025-05-11 08:44:19",FALSE,0,33.81,1,0,0,0,0,0,0,59.04,0.03,179,142,0.0025,0.0042,0.0057,0.0085,0.0102,0.0123,0.0151,0.0203,45.81,0.06,0,,,,,,,,,"wrist"
"IZTECH_S016","IZTECH_S016_w","2025-05-11 08:46:19",FALSE,0,34.06,1,2491,20.7583,74,0.616667,129,1.075,56.62,0.03,151,99,0.0024,0.004,0.0054,0.008,0.0099,0.0118,0.0145,0.0194,43.05,0.05,0,,,,,,,,,"wrist"
"IZTECH_S016","IZTECH_S016_w","2025-05-11 08:48:19",FALSE,0,33.75,1,1095,9.125,27,0.225,52,0.433333,62.5,0.04,141,97,0.0028,0.0046,0.0062,0.0092,0.0109,0.013,0.0158,0.0214,49.61,0.06,0,,,,,,,,,"wrist"
"IZTECH_S016","IZTECH_S016_w","2025-05-11 08:50:19",FALSE,0,33.69,32,0,0,0,0,0,0,0,0,139,123,0,0,0,0,0,0,0,0,0,0,0,,,,,,,,,"wrist"
"IZTECH_S016","IZTECH_S016_w","2025-05-11 08:52:19",FALSE,0,33.62,32,0,0,0,0,0,0,0,0,137,121,0,0,0,0,0,0,0,0,0,0,0,,,,,,,,,"wrist"
"IZTECH_S016","IZTECH_S016_w","2025-05-11 08:54:19",FALSE,0,33.69,32,257,2.14167,7,0.0583333,13,0.108333,10.93,0.01,128,115,6e-04,9e-04,0.0012,0.0018,0.002,0.0024,0.003,0.0043,8.4,0.01,0,,,,,,,,,"wrist"
"IZTECH_S016","IZTECH_S016_w","2025-05-11 08:56:19",FALSE,0,33.56,2,0,0,0,0,0,0,36.67,0.04,128,115,0.0019,0.0031,0.004,0.0059,0.0067,0.0082,0.0101,0.0144,28.22,0.04,0,,,,,,,,,"wrist"
"IZTECH_S016","IZTECH_S016_w","2025-05-11 08:58:19",FALSE,0,33.56,2,0,0,0,0,0,0,37.69,0.04,125,115,0.002,0.0032,0.0042,0.0061,0.0069,0.0084,0.0104,0.0148,29.1,0.05,0,,,,,,,,,"wrist"
"IZTECH_S016","IZTECH_S016_w","2025-05-11 09:00:19",FALSE,0,33.44,2,3925,32.7083,138,1.15,136,1.13333,40.45,0.04,140,99,0.0021,0.0034,0.0044,0.0064,0.0073,0.009,0.0111,0.0156,31.39,0.05,0,,,,,,,,,"wrist"
"IZTECH_S016","IZTECH_S016_w","2025-05-11 09:02:19",FALSE,0,33.31,1,704,5.86667,27,0.225,30,0.25,75.21,0.06,141,121,0.0034,0.0058,0.0078,0.0116,0.0133,0.0157,0.0189,0.0253,60.55,0.08,0,,,,,,,,,"wrist"
"IZTECH_S016","IZTECH_S016_w","2025-05-11 09:04:19",FALSE,0,33.44,1,0,0,0,0,0,0,74,0.05,132,115,0.0034,0.0057,0.0077,0.0114,0.013,0.0154,0.0185,0.0247,59.9,0.07,0,,,,,,,,,"wrist"
"IZTECH_S016","IZTECH_S016_w","2025-05-11 09:06:19",FALSE,0,33.44,4,1174,9.78333,28,0.233333,62,0.516667,81.6,0.06,128,128,0.0037,0.0062,0.0085,0.0125,0.0143,0.0169,0.0202,0.0268,66.13,0.08,0,,,,,,,,,"wrist"
"IZTECH_S016","IZTECH_S016_w","2025-05-11 09:08:19",FALSE,0,33.44,4,0,0,0,0,0,0,96.23,0.07,128,128,0.0043,0.0072,0.0099,0.0146,0.0169,0.0198,0.0237,0.0313,77.81,0.09,0,,,,,,,,,"wrist"
"IZTECH_S016","IZTECH_S016_w","2025-05-11 09:10:19",FALSE,0,33.25,4,19,0.158333,0,0,1,0.00833333,96.7,0.07,128,133,0.0043,0.0073,0.0099,0.0147,0.017,0.02,0.0238,0.0315,78.02,0.09,0,,,,,,,,,"wrist"
"IZTECH_S016","IZTECH_S016_w","2025-05-11 09:12:19",FALSE,0,33.12,4,90,0.75,0,0,8,0.0666667,94.66,0.07,128,138,0.0042,0.0071,0.0097,0.0144,0.0166,0.0195,0.0233,0.0308,76.42,0.09,0,,,,,,,,,"wrist"
"IZTECH_S016","IZTECH_S016_w","2025-05-11 09:14:19",FALSE,0,32.94,4,0,0,0,0,0,0,92.98,0.06,128,138,0.0041,0.007,0.0096,0.0142,0.0163,0.0192,0.0228,0.0302,75.31,0.09,0,,,,,,,,,"wrist"
"IZTECH_S016","IZTECH_S016_w","2025-05-11 09:16:19",FALSE,0,33,4,0,0,0,0,0,0,93.09,0.06,128,131,0.0041,0.007,0.0096,0.0142,0.0163,0.0192,0.0228,0.0302,75.47,0.09,0,,,,,,,,,"wrist"
"IZTECH_S016","IZTECH_S016_w","2025-05-11 09:18:19",FALSE,0,32.75,1,1049,8.74167,17,0.141667,63,0.525,47.35,0.04,196,150,0.0023,0.0038,0.005,0.0074,0.0084,0.0101,0.0122,0.0168,37.74,0.05,0,,,,,,,,,"wrist"
"IZTECH_S016","IZTECH_S016_w","2025-05-11 09:20:19",FALSE,0,32.81,1,0,0,0,0,0,0,33.11,0.03,192,147,0.0017,0.0028,0.0036,0.0053,0.006,0.0073,0.0088,0.0125,26.04,0.04,0,,,,,,,,,"wrist"
"IZTECH_S016","IZTECH_S016_w","2025-05-11 09:22:19",FALSE,0,32.81,1,0,0,0,0,0,0,32.45,0.03,192,146,0.0017,0.0027,0.0035,0.0052,0.0059,0.0071,0.0086,0.0123,25.56,0.04,0,,,,,,,,,"wrist"
"IZTECH_S016","IZTECH_S016_w","2025-05-11 09:24:19",FALSE,0,32.81,1,0,0,0,0,0,0,32.66,0.03,192,146,0.0017,0.0027,0.0036,0.0052,0.0059,0.0072,0.0087,0.0124,25.74,0.04,0,,,,,,,,,"wrist"
"IZTECH_S016","IZTECH_S016_w","2025-05-11 09:26:19",FALSE,0,32.44,4,954,7.95,16,0.133333,59,0.491667,54.84,0.04,192,158,0.0026,0.0043,0.0058,0.0085,0.0097,0.0115,0.0138,0.0189,44.1,0.06,0,,,,,,,,,"wrist"
"IZTECH_S016","IZTECH_S016_w","2025-05-11 09:28:19",FALSE,0,32.38,4,17,0.141667,0,0,0,0,74.32,0.05,188,156,0.0034,0.0057,0.0077,0.0114,0.0131,0.0154,0.0184,0.0245,60.14,0.07,0,,,,,,,,,"wrist"
"IZTECH_S016","IZTECH_S016_w","2025-05-11 09:30:19",FALSE,0,32.19,4,1568,13.0667,49,0.408333,66,0.55,67.67,0.05,198,166,0.003,0.0052,0.007,0.0104,0.0119,0.0141,0.0168,0.0226,54.42,0.07,0,,,,,,,,,"wrist"
"IZTECH_S016","IZTECH_S016_w","2025-05-11 09:32:19",FALSE,0,32,16,0,0,0,0,0,0,64.03,0.05,194,164,0.0029,0.0049,0.0067,0.0098,0.0113,0.0134,0.0161,0.0216,51.39,0.06,0,,,,,,,,,"wrist"
"IZTECH_S016","IZTECH_S016_w","2025-05-11 09:34:19",FALSE,0,31.94,16,1170,9.75,37,0.308333,52,0.433333,60.97,0.05,201,167,0.0028,0.0047,0.0064,0.0094,0.0108,0.0128,0.0153,0.0207,49.06,0.06,0,,,,,,,,,"wrist"
"IZTECH_S016","IZTECH_S016_w","2025-05-11 09:36:19",FALSE,0,31.69,16,0,0,0,0,0,0,59.29,0.04,198,166,0.0027,0.0046,0.0062,0.0091,0.0105,0.0124,0.0149,0.0204,47.74,0.06,0,,,,,,,,,"wrist"
"IZTECH_S016","IZTECH_S016_w","2025-05-11 09:38:19",FALSE,0,32.38,16,1392,11.6,42,0.35,54,0.45,60.74,0.04,146,115,0.0027,0.0046,0.0062,0.0091,0.0105,0.0124,0.0149,0.02,50.01,0.06,0,,,,,,,,,"wrist"
"IZTECH_S016","IZTECH_S016_w","2025-05-11 09:40:19",FALSE,0,32.88,1,0,0,0,0,0,0,55.23,0.02,145,113,0.0021,0.0037,0.0051,0.0076,0.009,0.0107,0.0129,0.0169,46.46,0.04,0,,,,,,,,,"wrist"
"IZTECH_S016","IZTECH_S016_w","2025-05-11 09:42:19",FALSE,0,33.19,1,638,5.31667,8,0.0666667,32,0.266667,47.94,0.02,144,110,0.0019,0.0033,0.0044,0.0067,0.0078,0.0092,0.0112,0.0147,40.72,0.03,0,,,,,,,,,"wrist"
"IZTECH_S016","IZTECH_S016_w","2025-05-11 09:44:19",FALSE,0,33.5,1,67,0.558333,1,0.00833333,2,0.0166667,56.45,0.03,155,106,0.0024,0.0041,0.0056,0.0082,0.0097,0.0116,0.0139,0.0185,45.39,0.05,0,,,,,,,,,"wrist"
"IZTECH_S016","IZTECH_S016_w","2025-05-11 09:46:19",FALSE,0,33.62,1,0,0,0,0,0,0,57.18,0.03,153,106,0.0025,0.0042,0.0056,0.0083,0.0099,0.0117,0.0141,0.0187,45.81,0.05,0,,,,,,,,,"wrist"
"IZTECH_S016","IZTECH_S016_w","2025-05-11 09:48:19",FALSE,0,33.75,1,0,0,0,0,0,0,56.33,0.03,153,104,0.0024,0.0041,0.0056,0.0082,0.0097,0.0116,0.0139,0.0185,45.25,0.05,0,,,,,,,,,"wrist"
"IZTECH_S016","IZTECH_S016_w","2025-05-11 09:50:19",FALSE,0,33.88,1,714,5.95,13,0.108333,33,0.275,56.22,0.03,154,105,0.0024,0.0041,0.0056,0.0082,0.0097,0.0115,0.0138,0.0184,45.1,0.05,0,,,,,,,,,"wrist"
"IZTECH_S016","IZTECH_S016_w","2025-05-11 09:52:19",FALSE,0,33.62,1,787,6.55833,23,0.191667,38,0.316667,70.62,0.05,178,147,0.0032,0.0053,0.007,0.0104,0.0124,0.0149,0.0178,0.0243,55.19,0.07,0,,,,,,,,,"wrist"
"IZTECH_S016","IZTECH_S016_w","2025-05-11 09:54:19",FALSE,0,33.75,32,2198,18.3167,67,0.558333,93,0.775,25.67,0.02,128,110,0.0012,0.0019,0.0026,0.0038,0.0046,0.0055,0.0066,0.0089,19.9,0.03,0,,,,,,,,,"wrist"
"IZTECH_S016","IZTECH_S016_w","2025-05-11 09:56:19",FALSE,0,33.75,32,63,0.525,0,0,6,0.05,0,0,128,105,0,0,0,0,1e-04,1e-04,1e-04,2e-04,0,0,0,,,,,,,,,"wrist"
"IZTECH_S016","IZTECH_S016_w","2025-05-11 09:58:19",FALSE,0,33.81,32,0,0,0,0,0,0,0,0,128,105,0,0,0,0,1e-04,1e-04,1e-04,2e-04,0,0,0,,,,,,,,,"wrist"
"IZTECH_S016","IZTECH_S016_w","2025-05-11 10:00:19",FALSE,0,33.81,32,0,0,0,0,0,0,0.06,0,128,105,0,0,0,0,1e-04,1e-04,1e-04,2e-04,0,0,0,,,,,,,,,"wrist"
"IZTECH_S016","IZTECH_S016_w","2025-05-11 10:02:19",FALSE,0,33.88,32,0,0,0,0,0,0,0,0,125,104,0,0,0,0,0,1e-04,1e-04,2e-04,0,0,0,,,,,,,,,"wrist"
"IZTECH_S016","IZTECH_S016_w","2025-05-11 10:04:19",FALSE,0,34,32,0,0,0,0,0,0,0,0,125,103,0,0,0,0,0,0,1e-04,2e-04,0,0,0,,,,,,,,,"wrist"
"IZTECH_S016","IZTECH_S016_w","2025-05-11 10:06:19",FALSE,0,34.06,32,442,3.68333,7,0.0583333,32,0.266667,0,0,125,104,0,0,0,0,0,1e-04,1e-04,2e-04,0,0,0,,,,,,,,,"wrist"
"IZTECH_S016","IZTECH_S016_w","2025-05-11 10:08:19",FALSE,0,33.88,1,1737,14.475,60,0.5,86,0.716667,70.08,0.04,134,128,0.0031,0.0052,0.0069,0.0103,0.0122,0.0146,0.0174,0.0236,55.46,0.07,0,,,,,,,,,"wrist"
"IZTECH_S016","IZTECH_S016_w","2025-05-11 10:10:19",FALSE,0,33.75,1,3,0.025,0,0,0,0,71.21,0.05,134,129,0.0032,0.0053,0.007,0.0104,0.0124,0.0149,0.0178,0.024,56,0.07,0,,,,,,,,,"wrist"
"IZTECH_S016","IZTECH_S016_w","2025-05-11 10:12:19",FALSE,0,33.81,32,990,8.25,33,0.275,49,0.408333,20.11,0.01,128,97,9e-04,0.0015,0.002,0.003,0.0035,0.0043,0.0051,0.0069,15.84,0.02,0,,,,,,,,,"wrist"
"IZTECH_S016","IZTECH_S016_w","2025-05-11 10:14:19",FALSE,0,33.56,2,1898,15.8167,65,0.541667,104,0.866667,36.1,0.03,144,120,0.0018,0.003,0.004,0.0058,0.0065,0.0078,0.0093,0.0128,29.28,0.04,0,,,,,,,,,"wrist"
"IZTECH_S016","IZTECH_S016_w","2025-05-11 10:16:19",FALSE,0,33.31,8,36,0.3,0,0,3,0.025,62.61,0.05,144,128,0.0028,0.0048,0.0064,0.0094,0.011,0.0132,0.0156,0.0208,49.68,0.06,0,,,,,,,,,"wrist"
"IZTECH_S016","IZTECH_S016_w","2025-05-11 10:18:19",FALSE,0,33.19,8,23,0.191667,0,0,1,0.00833333,61.09,0.04,146,129,0.0027,0.0047,0.0062,0.0092,0.0107,0.0128,0.0152,0.0202,48.52,0.06,0,,,,,,,,,"wrist"
"IZTECH_S016","IZTECH_S016_w","2025-05-11 10:20:19",FALSE,0,33.12,8,104,0.866667,0,0,9,0.075,58.65,0.04,150,128,0.0027,0.0045,0.006,0.0088,0.0103,0.0123,0.0146,0.0193,47.14,0.06,0,,,,,,,,,"wrist"
"IZTECH_S016","IZTECH_S016_w","2025-05-11 10:22:19",FALSE,0,33.06,8,4,0.0333333,0,0,0,0,60.64,0.04,148,128,0.0027,0.0046,0.0062,0.0091,0.0106,0.0127,0.0151,0.0199,48.38,0.06,0,,,,,,,,,"wrist"
"IZTECH_S016","IZTECH_S016_w","2025-05-11 10:24:19",FALSE,0,33.06,8,0,0,0,0,0,0,55.18,0.04,152,129,0.0025,0.0042,0.0056,0.0083,0.0097,0.0115,0.0137,0.0181,44.25,0.05,0,,,,,,,,,"wrist"
"IZTECH_S016","IZTECH_S016_w","2025-05-11 10:26:19",FALSE,0,33,8,0,0,0,0,0,0,48.33,0.03,152,129,0.0022,0.0037,0.0049,0.0072,0.0085,0.01,0.0119,0.0157,38.96,0.05,0,,,,,,,,,"wrist"
"IZTECH_S016","IZTECH_S016_w","2025-05-11 10:28:19",FALSE,0,32.94,8,7,0.0583333,0,0,0,0,48.55,0.03,154,129,0.0022,0.0037,0.0049,0.0073,0.0085,0.0101,0.012,0.0159,38.97,0.05,0,,,,,,,,,"wrist"
"IZTECH_S016","IZTECH_S016_w","2025-05-11 10:30:19",FALSE,0,32.75,8,1203,10.025,30,0.25,49,0.408333,31.29,0.02,187,158,0.0013,0.0024,0.0032,0.0047,0.0054,0.0063,0.0073,0.0094,26.38,0.03,0,,,,,,,,,"wrist"
"IZTECH_S016","IZTECH_S016_w","2025-05-11 10:32:19",FALSE,0,32.44,8,11,0.0916667,0,0,0,0,48.79,0.04,186,158,0.0022,0.0037,0.0051,0.0074,0.0087,0.0101,0.0119,0.0156,39.1,0.05,0,,,,,,,,,"wrist"
"IZTECH_S016","IZTECH_S016_w","2025-05-11 10:34:19",FALSE,0,32.62,8,1728,14.4,61,0.508333,88,0.733333,64.15,0.05,152,138,0.003,0.0051,0.0068,0.01,0.0114,0.0135,0.016,0.0212,51.72,0.07,0,,,,,,,,,"wrist"
"IZTECH_S016","IZTECH_S016_w","2025-05-11 10:36:19",FALSE,0,33.06,32,882,7.35,25,0.208333,44,0.366667,0,0,128,99,0,0,0,0,0,0,0,0,0,0,0,,,,,,,,,"wrist"
"IZTECH_S016","IZTECH_S016_w","2025-05-11 10:38:19",FALSE,0,33.38,32,410,3.41667,9,0.075,25,0.208333,2.54,0,128,101,1e-04,2e-04,3e-04,4e-04,5e-04,6e-04,7e-04,0.001,1.91,0,0,,,,,,,,,"wrist"
"IZTECH_S016","IZTECH_S016_w","2025-05-11 10:40:19",FALSE,0,33.44,2,5,0.0416667,0,0,0,0,32.58,0.03,125,111,0.0016,0.0027,0.0036,0.0052,0.0059,0.0071,0.0085,0.0117,25.76,0.04,0,,,,,,,,,"wrist"
"IZTECH_S016","IZTECH_S016_w","2025-05-11 10:42:19",FALSE,0,33.06,2,7534,62.7833,225,1.875,383,3.19167,67.42,0.04,205,150,0.0029,0.0051,0.0066,0.0098,0.0119,0.014,0.0163,0.0211,53.25,0.06,0,,,,,,,,,"wrist"
"IZTECH_S016","IZTECH_S016_w","2025-05-11 10:44:19",FALSE,0,33.19,8,1086,9.05,23,0.191667,49,0.408333,39.8,0,182,112,9e-04,0.0041,0.002,0.0048,0.0069,0.0068,0.0049,0.0028,34,0.02,0,,,,,,,,,"wrist"
"IZTECH_S016","IZTECH_S016_w","2025-05-11 10:46:19",FALSE,0,33.19,8,0,0,0,0,0,0,44.82,0,180,113,0.0011,0.0048,0.0023,0.0055,0.0077,0.0075,0.0054,0.003,39.54,0.02,0,,,,,,,,,"wrist"
"IZTECH_S016","IZTECH_S016_w","2025-05-11 10:48:19",FALSE,0,32.81,32,1488,12.4,26,0.216667,84,0.7,21.39,0,128,139,5e-04,0.0022,0.0011,0.0026,0.0037,0.0036,0.0027,0.0016,18.49,0.01,0,,,,,,,,,"wrist"
"IZTECH_S016","IZTECH_S016_w","2025-05-11 10:50:19",FALSE,0,32.81,1,11908,99.2333,351,2.925,637,5.30833,45.04,0.01,151,95,0.0013,0.0042,0.0028,0.0057,0.0078,0.0082,0.0072,0.0059,37.28,0.02,0,,,,,,,,,"wrist"
"IZTECH_S016","IZTECH_S016_w","2025-05-11 10:52:19",FALSE,0,32.31,8,5262,43.85,127,1.05833,283,2.35833,135.66,0.08,189,131,0.0062,0.0107,0.0142,0.0206,0.0236,0.0272,0.0316,0.0407,116.19,0.13,0,,,,,,,,,"wrist"
"IZTECH_S016","IZTECH_S016_w","2025-05-11 10:54:19",FALSE,0,32.06,8,135,1.125,0,0,14,0.116667,182.67,0.11,195,140,0.0083,0.0143,0.019,0.0276,0.0317,0.0365,0.0424,0.0545,156.25,0.17,0,,,,,,,,,"wrist"
"IZTECH_S016","IZTECH_S016_w","2025-05-11 10:56:19",FALSE,0,31.88,8,388,3.23333,0,0,25,0.208333,133.14,0.09,198,150,0.0064,0.0109,0.0143,0.0205,0.0234,0.0271,0.0315,0.0414,113.97,0.13,0,,,,,,,,,"wrist"
"IZTECH_S016","IZTECH_S016_w","2025-05-11 10:58:19",FALSE,0,32.12,8,312,2.6,0,0,21,0.175,73.82,0.06,196,150,0.0037,0.0063,0.0082,0.0117,0.0132,0.0151,0.0174,0.0234,64.12,0.08,0,,,,,,,,,"wrist"
"IZTECH_S016","IZTECH_S016_w","2025-05-11 11:00:19",FALSE,0,32.31,8,1287,10.725,24,0.2,73,0.608333,72.57,0.05,201,108,0.0035,0.006,0.0079,0.0113,0.0127,0.0146,0.0168,0.0219,63.62,0.07,0,,,,,,,,,"wrist"
"IZTECH_S016","IZTECH_S016_w","2025-05-11 11:02:19",FALSE,0,32.19,8,738,6.15,17,0.141667,45,0.375,80.92,0.04,175,122,0.0037,0.0065,0.0086,0.0123,0.014,0.0158,0.0181,0.023,72.17,0.07,0,,,,,,,,,"wrist"
"IZTECH_S016","IZTECH_S016_w","2025-05-11 11:04:19",FALSE,0,32.19,1,509,4.24167,5,0.0416667,32,0.266667,137.18,0.08,160,98,0.0062,0.0107,0.0143,0.0206,0.0237,0.0272,0.0314,0.04,118.57,0.12,0,,,,,,,,,"wrist"
"IZTECH_S016","IZTECH_S016_w","2025-05-11 11:06:19",FALSE,0,31.81,8,2145,17.875,55,0.458333,127,1.05833,133.3,0.08,204,155,0.0062,0.0107,0.0142,0.0206,0.023,0.0265,0.0307,0.0395,117.29,0.12,0,,,,,,,,,"wrist"
"IZTECH_S016","IZTECH_S016_w","2025-05-11 11:08:19",FALSE,0,32.19,1,1835,15.2917,47,0.391667,115,0.958333,222.68,0.13,160,106,0.0099,0.0172,0.0229,0.0332,0.0385,0.0443,0.0512,0.0649,190.35,0.2,0,,,,,,,,,"wrist"
"IZTECH_S016","IZTECH_S016_w","2025-05-11 11:10:19",FALSE,0,31.56,1,505,4.20833,7,0.0583333,35,0.291667,90.16,0.07,195,154,0.0044,0.0075,0.0098,0.014,0.016,0.0186,0.0215,0.0284,76.65,0.09,0,,,,,,,,,"wrist"
"IZTECH_S016","IZTECH_S016_w","2025-05-11 11:12:19",FALSE,0,32,1,701,5.84167,11,0.0916667,39,0.325,66.8,0.05,137,110,0.0033,0.0057,0.0074,0.0106,0.0119,0.0137,0.0158,0.0211,57.84,0.07,0,,,,,,,,,"wrist"
"IZTECH_S016","IZTECH_S016_w","2025-05-11 11:14:19",FALSE,0,31.75,8,882,7.35,8,0.0666667,61,0.508333,64.88,0.05,200,152,0.0031,0.0054,0.0071,0.0103,0.0114,0.0132,0.0154,0.02,56.37,0.07,0,,,,,,,,,"wrist"
"IZTECH_S016","IZTECH_S016_w","2025-05-11 11:16:19",FALSE,0,31.94,1,11524,96.0333,255,2.125,598,4.98333,51.54,0.03,217,155,0.0023,0.0039,0.0051,0.0075,0.0089,0.0107,0.0127,0.0163,41.77,0.05,0,,,,,,,,,"wrist"
"IZTECH_S016","IZTECH_S016_w","2025-05-11 11:18:19",FALSE,0,31.62,1,14255,118.792,371,3.09167,749,6.24167,110,0.05,218,167,0.0044,0.0077,0.0101,0.0148,0.019,0.0229,0.0272,0.0339,84.17,0.09,0,,,,,,,,,"wrist"
"IZTECH_S016","IZTECH_S016_w","2025-05-11 11:20:19",FALSE,0,31.56,1,4800,40,78,0.65,357,2.975,88.95,0.04,177,112,0.0037,0.0065,0.0086,0.0125,0.015,0.0181,0.0216,0.0268,73.38,0.07,0,,,,,,,,,"wrist"
"IZTECH_S016","IZTECH_S016_w","2025-05-11 11:22:19",FALSE,0,31.56,1,2842,23.6833,35,0.291667,192,1.6,81.03,0.04,203,134,0.0035,0.0059,0.0078,0.0113,0.0138,0.0167,0.02,0.025,65.35,0.07,0,,,,,,,,,"wrist"
"IZTECH_S016","IZTECH_S016_w","2025-05-11 11:24:19",FALSE,0,31.56,1,5292,44.1,109,0.908333,324,2.7,92.82,0.04,210,146,0.0038,0.0066,0.0087,0.0127,0.0158,0.0193,0.023,0.0286,73.26,0.08,0,,,,,,,,,"wrist"
"IZTECH_S016","IZTECH_S016_w","2025-05-11 11:26:19",FALSE,0,31.19,1,2764,23.0333,53,0.441667,170,1.41667,89.1,0.04,209,166,0.0038,0.0067,0.0088,0.0126,0.0151,0.0182,0.0215,0.0267,74.62,0.08,0,,,,,,,,,"wrist"
"IZTECH_S016","IZTECH_S016_w","2025-05-11 11:28:19",FALSE,0,31.31,1,2546,21.2167,35,0.291667,148,1.23333,60.29,0.03,168,119,0.0026,0.0046,0.006,0.0085,0.0103,0.0122,0.0143,0.0177,50.95,0.05,0,,,,,,,,,"wrist"
"IZTECH_S016","IZTECH_S016_w","2025-05-11 11:30:19",FALSE,0,30.81,1,604,5.03333,9,0.075,40,0.333333,52.48,0.03,215,150,0.0024,0.0042,0.0055,0.0076,0.009,0.0104,0.0121,0.015,46.53,0.05,0,,,,,,,,,"wrist"
"IZTECH_S016","IZTECH_S016_w","2025-05-11 11:32:19",FALSE,0,30.62,8,2071,17.2583,48,0.4,123,1.025,76.86,0.04,224,168,0.0033,0.0058,0.0076,0.0108,0.0132,0.0158,0.0187,0.0235,62.85,0.07,0,,,,,,,,,"wrist"
"IZTECH_S016","IZTECH_S016_w","2025-05-11 11:34:19",FALSE,0,30.75,1,1994,16.6167,25,0.208333,116,0.966667,136.15,0.06,211,167,0.0056,0.0099,0.0129,0.0187,0.023,0.028,0.0333,0.0415,110.09,0.11,0,,,,,,,,,"wrist"
"IZTECH_S016","IZTECH_S016_w","2025-05-11 11:36:19",FALSE,0,30.88,1,3019,25.1583,57,0.475,194,1.61667,116.67,0.06,173,132,0.0051,0.0087,0.0114,0.0164,0.0198,0.0241,0.0288,0.0362,95.43,0.1,0,,,,,,,,,"wrist"
"IZTECH_S016","IZTECH_S016_w","2025-05-11 11:38:19",FALSE,0,30.81,1,6744,56.2,183,1.525,389,3.24167,400.52,0.15,141,136,0.0166,0.0293,0.0395,0.0559,0.0669,0.0781,0.0911,0.1102,348.57,0.31,0,,,,,,,,,"wrist"
"IZTECH_S016","IZTECH_S016_w","2025-05-11 11:40:19",FALSE,0,30.56,4,17282,144.017,513,4.275,980,8.16667,109.84,0.06,211,150,0.0049,0.0084,0.0111,0.016,0.0187,0.0225,0.0266,0.0333,92.06,0.1,0,,,,,,,,,"wrist"
"IZTECH_S016","IZTECH_S016_w","2025-05-11 11:42:19",FALSE,0,30.38,4,14347,119.558,378,3.15,851,7.09167,322.82,0.17,201,145,0.0146,0.0253,0.0335,0.0478,0.0551,0.0636,0.0735,0.0917,284.58,0.28,0,,,,,,,,,"wrist"
"IZTECH_S016","IZTECH_S016_w","2025-05-11 11:44:19",FALSE,0,30.06,4,16323,136.025,506,4.21667,803,6.69167,122.26,0.06,189,135,0.0052,0.009,0.0119,0.0172,0.0212,0.0248,0.0289,0.0361,98.9,0.11,0,,,,,,,,,"wrist"
"IZTECH_S016","IZTECH_S016_w","2025-05-11 11:46:19",FALSE,0,30.25,1,1739,14.4917,44,0.366667,103,0.858333,25.58,0.01,192,117,8e-04,0.0023,0.002,0.0035,0.0043,0.0051,0.0069,0.0061,20.08,0.02,0,,,,,,,,,"wrist"
"IZTECH_S016","IZTECH_S016_w","2025-05-11 11:48:19",FALSE,0,30.25,8,2539,21.1583,43,0.358333,163,1.35833,19.21,0.01,171,132,5e-04,0.0014,0.0013,0.0027,0.0033,0.0035,0.0043,0.0041,14.47,0.01,0,,,,,,,,,"wrist"
"IZTECH_S016","IZTECH_S016_w","2025-05-11 11:50:19",FALSE,0,30.31,8,1530,12.75,26,0.216667,94,0.783333,23.05,0.01,179,146,7e-04,0.0017,0.0017,0.0033,0.004,0.0043,0.0054,0.0053,16.98,0.02,0,,,,,,,,,"wrist"
"IZTECH_S016","IZTECH_S016_w","2025-05-11 11:52:19",FALSE,0,30.31,8,1034,8.61667,5,0.0416667,78,0.65,24.62,0.01,156,140,8e-04,0.002,0.002,0.0035,0.0043,0.0048,0.0059,0.0062,18.75,0.02,0,,,,,,,,,"wrist"
"IZTECH_S016","IZTECH_S016_w","2025-05-11 11:54:19",FALSE,0,30.5,8,2903,24.1917,56,0.466667,208,1.73333,45.69,0.02,221,167,0.0013,0.0044,0.0033,0.0062,0.0079,0.0081,0.0098,0.0093,37.84,0.03,0,,,,,,,,,"wrist"
"IZTECH_S016","IZTECH_S016_w","2025-05-11 11:56:19",FALSE,0,30.56,8,1792,14.9333,34,0.283333,112,0.933333,37.06,0.01,162,140,0.001,0.0036,0.0026,0.005,0.0064,0.0066,0.0079,0.0074,30.57,0.02,0,,,,,,,,,"wrist"
"IZTECH_S016","IZTECH_S016_w","2025-05-11 11:58:19",FALSE,0,30.69,8,1534,12.7833,30,0.25,106,0.883333,62.3,0.01,150,150,0.0015,0.0061,0.0042,0.0084,0.0107,0.0105,0.0126,0.011,52.6,0.04,0,,,,,,,,,"wrist"
"IZTECH_S016","IZTECH_S016_w","2025-05-11 12:00:19",FALSE,0,30.62,8,434,3.61667,1,0.00833333,37,0.308333,55.34,0.01,145,156,0.0013,0.0054,0.0037,0.0075,0.0095,0.0093,0.0112,0.0098,46.66,0.03,0,,,,,,,,,"wrist"
"IZTECH_S016","IZTECH_S016_w","2025-05-11 12:02:19",FALSE,0,31.56,32,1906,15.8833,37,0.308333,152,1.26667,25.74,0.01,212,146,7e-04,0.0025,0.0018,0.0035,0.0045,0.0045,0.0053,0.0049,21.3,0.02,0,,,,,,,,,"wrist"
"IZTECH_S016","IZTECH_S016_w","2025-05-11 12:04:19",FALSE,1,31.06,4,14278,118.983,459,3.825,563,4.69167,32.83,0.01,190,158,0.0014,0.0032,0.0031,0.0051,0.0055,0.006,0.006,0.0063,32.16,0.02,0,,,,,,,,,"wrist"
"IZTECH_S016","IZTECH_S016_w","2025-05-11 12:06:19",FALSE,0,30.75,4,18789,156.575,642,5.35,706,5.88333,67.66,0.04,133,116,0.0029,0.0054,0.0066,0.0096,0.012,0.0137,0.0158,0.0199,54.19,0.06,0,,,,,,,,,"wrist"
"IZTECH_S016","IZTECH_S016_w","2025-05-11 12:08:19",FALSE,0,31,32,1663,13.8583,14,0.116667,111,0.925,16.98,0.01,186,141,5e-04,0.0017,0.0013,0.0025,0.003,0.0029,0.0035,0.0031,14.66,0.01,0,,,,,,,,,"wrist"
"IZTECH_S016","IZTECH_S016_w","2025-05-11 12:10:19",FALSE,0,31.06,8,1006,8.38333,8,0.0666667,50,0.416667,39.94,0.01,131,142,9e-04,0.0038,0.0027,0.0055,0.0069,0.0066,0.0079,0.0069,33.33,0.02,0,,,,,,,,,"wrist"
"IZTECH_S016","IZTECH_S016_w","2025-05-11 12:12:19",FALSE,0,30.94,1,13182,109.85,371,3.09167,674,5.61667,51.35,0.02,199,166,0.0021,0.0045,0.0049,0.0074,0.009,0.0097,0.011,0.0124,44.77,0.04,0,,,,,,,,,"wrist"
"IZTECH_S016","IZTECH_S016_w","2025-05-11 12:14:19",FALSE,0,30.88,1,8780,73.1667,233,1.94167,386,3.21667,30.06,0.02,184,116,0.0013,0.0026,0.003,0.0047,0.0054,0.0057,0.0065,0.0075,25.96,0.03,0,,,,,,,,,"wrist"
"IZTECH_S016","IZTECH_S016_w","2025-05-11 12:16:19",FALSE,0,30.88,4,16425,136.875,508,4.23333,711,5.925,23.32,0.01,193,142,8e-04,0.002,0.002,0.0033,0.0041,0.0045,0.0052,0.0059,18.66,0.02,0,,,,,,,,,"wrist"
"IZTECH_S016","IZTECH_S016_w","2025-05-11 12:18:19",FALSE,0,31.06,1,3413,28.4417,73,0.608333,219,1.825,24.33,0.01,156,118,8e-04,0.0023,0.0019,0.0036,0.0043,0.0042,0.0049,0.0047,20.9,0.02,0,,,,,,,,,"wrist"
"IZTECH_S016","IZTECH_S016_w","2025-05-11 12:20:19",FALSE,0,31.5,8,915,7.625,13,0.108333,72,0.6,14.86,0.01,142,128,6e-04,0.0014,0.0015,0.0023,0.0027,0.003,0.0034,0.004,12.75,0.02,0,,,,,,,,,"wrist"
"IZTECH_S016","IZTECH_S016_w","2025-05-11 12:22:19",FALSE,0,31.88,16,460,3.83333,6,0.05,33,0.275,18.19,0.01,145,130,8e-04,0.0017,0.0018,0.0028,0.0033,0.0036,0.0041,0.0047,15.66,0.02,0,,,,,,,,,"wrist"
"IZTECH_S016","IZTECH_S016_w","2025-05-11 12:24:19",FALSE,0,31.75,16,1131,9.425,16,0.133333,76,0.633333,17.41,0.01,171,154,7e-04,0.0016,0.0017,0.0026,0.0031,0.0035,0.0041,0.0045,14.49,0.02,0,,,,,,,,,"wrist"
"IZTECH_S016","IZTECH_S016_w","2025-05-11 12:26:19",FALSE,0,32.06,16,3834,31.95,70,0.583333,286,2.38333,18.54,0.01,155,134,8e-04,0.0017,0.0018,0.0028,0.0034,0.0035,0.004,0.0045,15.72,0.02,0,,,,,,,,,"wrist"
"IZTECH_S016","IZTECH_S016_w","2025-05-11 12:28:19",FALSE,0,32.19,16,727,6.05833,0,0,44,0.366667,16.87,0.01,147,130,8e-04,0.0015,0.0017,0.0027,0.0031,0.0033,0.0035,0.0043,14.46,0.02,0,,,,,,,,,"wrist"
"IZTECH_S016","IZTECH_S016_w","2025-05-11 12:30:19",FALSE,0,32.19,16,815,6.79167,0,0,73,0.608333,16.35,0.01,145,128,8e-04,0.0015,0.0017,0.0027,0.003,0.0032,0.0034,0.0041,14,0.02,0,,,,,,,,,"wrist"
"IZTECH_S016","IZTECH_S016_w","2025-05-11 12:32:19",FALSE,0,32.19,16,800,6.66667,0,0,59,0.491667,16.1,0.01,143,132,7e-04,0.0015,0.0017,0.0026,0.003,0.0031,0.0033,0.004,13.85,0.02,0,,,,,,,,,"wrist"
"IZTECH_S016","IZTECH_S016_w","2025-05-11 12:34:19",FALSE,0,32.19,16,1185,9.875,6,0.05,105,0.875,15.4,0.01,154,136,7e-04,0.0014,0.0016,0.0025,0.0029,0.003,0.0032,0.0038,13.21,0.02,0,,,,,,,,,"wrist"
"IZTECH_S016","IZTECH_S016_w","2025-05-11 12:36:19",FALSE,0,32.25,16,1317,10.975,2,0.0166667,110,0.916667,14.93,0.01,143,128,7e-04,0.0014,0.0015,0.0024,0.0028,0.0029,0.0031,0.0037,12.83,0.02,0,,,,,,,,,"wrist"
"IZTECH_S016","IZTECH_S016_w","2025-05-11 12:38:19",FALSE,0,32.31,16,1009,8.40833,1,0.00833333,71,0.591667,14.57,0.01,144,128,7e-04,0.0013,0.0015,0.0024,0.0027,0.0028,0.0029,0.0035,12.4,0.01,0,,,,,,,,,"wrist"
"IZTECH_S016","IZTECH_S016_w","2025-05-11 12:40:19",FALSE,0,32.19,16,1793,14.9417,14,0.116667,150,1.25,14.57,0.01,173,142,6e-04,0.0014,0.0015,0.0024,0.0027,0.0028,0.0029,0.0035,12.5,0.01,0,,,,,,,,,"wrist"
"IZTECH_S016","IZTECH_S016_w","2025-05-11 12:42:19",FALSE,0,32.19,16,1313,10.9417,18,0.15,97,0.808333,14.4,0.01,155,138,6e-04,0.0013,0.0015,0.0023,0.0027,0.0027,0.0029,0.0034,12.27,0.01,0,,,,,,,,,"wrist"
"IZTECH_S016","IZTECH_S016_w","2025-05-11 12:44:19",FALSE,0,32.12,16,1158,9.65,11,0.0916667,97,0.808333,14.1,0.01,164,144,6e-04,0.0013,0.0015,0.0023,0.0026,0.0027,0.0028,0.0033,12.23,0.01,0,,,,,,,,,"wrist"
"IZTECH_S016","IZTECH_S016_w","2025-05-11 12:46:19",FALSE,0,32.06,16,1217,10.1417,2,0.0166667,116,0.966667,14.26,0.01,157,142,7e-04,0.0013,0.0015,0.0023,0.0027,0.0027,0.0029,0.0034,12.31,0.01,0,,,,,,,,,"wrist"
"IZTECH_S016","IZTECH_S016_w","2025-05-11 12:48:19",FALSE,0,32,16,3714,30.95,77,0.641667,278,2.31667,15.62,0.01,160,140,6e-04,0.0014,0.0014,0.0024,0.0029,0.0028,0.003,0.0032,12.99,0.01,0,,,,,,,,,"wrist"
"IZTECH_S016","IZTECH_S016_w","2025-05-11 12:50:19",FALSE,0,31.94,16,2674,22.2833,57,0.475,149,1.24167,12.88,0.01,165,152,6e-04,0.0012,0.0013,0.0021,0.0024,0.0025,0.0026,0.0031,11.13,0.01,0,,,,,,,,,"wrist"
"IZTECH_S016","IZTECH_S016_w","2025-05-11 12:52:19",FALSE,0,31.94,1,662,5.51667,5,0.0416667,45,0.375,21.26,0.01,132,139,5e-04,0.0018,0.0014,0.0031,0.0039,0.0032,0.0033,0.003,17.12,0.01,0,,,,,,,,,"wrist"
"IZTECH_S016","IZTECH_S016_w","2025-05-11 12:54:19",FALSE,0,31.94,16,4241,35.3417,100,0.833333,293,2.44167,13.97,0.01,162,146,6e-04,0.0013,0.0014,0.0023,0.0026,0.0026,0.0028,0.0032,11.99,0.01,0,,,,,,,,,"wrist"
"IZTECH_S016","IZTECH_S016_w","2025-05-11 12:56:19",FALSE,0,32.06,16,1026,8.55,0,0,81,0.675,12.39,0.01,154,144,6e-04,0.0012,0.0014,0.0021,0.0023,0.0024,0.0026,0.0031,10.83,0.01,0,,,,,,,,,"wrist"
"IZTECH_S016","IZTECH_S016_w","2025-05-11 12:58:19",FALSE,0,32.06,16,1295,10.7917,1,0.00833333,133,1.10833,12.3,0.01,146,138,6e-04,0.0012,0.0013,0.002,0.0023,0.0024,0.0025,0.003,10.67,0.01,0,,,,,,,,,"wrist"
"IZTECH_S016","IZTECH_S016_w","2025-05-11 13:00:19",FALSE,0,32.06,16,1016,8.46667,1,0.00833333,81,0.675,12.13,0.01,141,131,6e-04,0.0012,0.0013,0.002,0.0023,0.0024,0.0025,0.003,10.41,0.01,0,,,,,,,,,"wrist"
"IZTECH_S016","IZTECH_S016_w","2025-05-11 13:02:19",FALSE,0,32.12,16,1040,8.66667,16,0.133333,73,0.608333,12.34,0.01,145,134,6e-04,0.0012,0.0013,0.0021,0.0023,0.0024,0.0026,0.003,10.59,0.01,0,,,,,,,,,"wrist"
"IZTECH_S016","IZTECH_S016_w","2025-05-11 13:04:19",FALSE,0,32.12,16,904,7.53333,1,0.00833333,83,0.691667,12.25,0.01,145,138,6e-04,0.0012,0.0013,0.002,0.0023,0.0024,0.0025,0.003,10.54,0.01,0,,,,,,,,,"wrist"
"IZTECH_S016","IZTECH_S016_w","2025-05-11 13:06:19",FALSE,0,32.25,16,2115,17.625,35,0.291667,161,1.34167,13.6,0.01,156,130,6e-04,0.0013,0.0013,0.0022,0.0025,0.0025,0.0027,0.003,11.53,0.01,0,,,,,,,,,"wrist"
"IZTECH_S016","IZTECH_S016_w","2025-05-11 13:08:19",FALSE,0,31.75,8,3581,29.8417,77,0.641667,279,2.325,13.17,0.01,219,170,5e-04,0.0012,0.0012,0.0021,0.0025,0.0023,0.0024,0.0026,10.91,0.01,0,,,,,,,,,"wrist"
"IZTECH_S016","IZTECH_S016_w","2025-05-11 13:10:19",FALSE,0,31.88,16,3469,28.9083,70,0.583333,213,1.775,15.14,0.01,182,142,5e-04,0.0013,0.0013,0.0024,0.0028,0.0026,0.0028,0.0029,12.61,0.01,0,,,,,,,,,"wrist"
"IZTECH_S016","IZTECH_S016_w","2025-05-11 13:12:19",FALSE,0,32.06,16,1172,9.76667,6,0.05,88,0.733333,11.73,0.01,172,134,5e-04,0.0011,0.0012,0.0019,0.0022,0.0022,0.0024,0.0028,10.04,0.01,0,,,,,,,,,"wrist"
"IZTECH_S016","IZTECH_S016_w","2025-05-11 13:14:19",FALSE,0,32.25,16,704,5.86667,0,0,30,0.25,12.47,0.01,172,138,6e-04,0.0012,0.0013,0.002,0.0024,0.0024,0.0025,0.003,10.53,0.01,0,,,,,,,,,"wrist"
"IZTECH_S016","IZTECH_S016_w","2025-05-11 13:16:19",FALSE,0,32.19,16,4708,39.2333,110,0.916667,284,2.36667,10.76,0.01,171,116,5e-04,0.001,0.0012,0.0018,0.002,0.0021,0.0022,0.0027,9.2,0.01,0,,,,,,,,,"wrist"
"IZTECH_S016","IZTECH_S016_w","2025-05-11 13:18:19",FALSE,0,32.56,16,881,7.34167,1,0.00833333,64,0.533333,13.09,0.01,131,102,6e-04,0.0012,0.0013,0.0021,0.0025,0.0025,0.0027,0.0031,11.12,0.01,0,,,,,,,,,"wrist"
"IZTECH_S016","IZTECH_S016_w","2025-05-11 13:20:19",FALSE,0,32.75,16,545,4.54167,0,0,34,0.283333,13.24,0.01,130,102,6e-04,0.0012,0.0014,0.0022,0.0025,0.0026,0.0027,0.0032,11.29,0.01,0,,,,,,,,,"wrist"
"IZTECH_S016","IZTECH_S016_w","2025-05-11 13:22:19",FALSE,0,33,16,1103,9.19167,2,0.0166667,95,0.791667,13.22,0.01,130,98,6e-04,0.0013,0.0014,0.0022,0.0025,0.0026,0.0027,0.0032,11.35,0.01,0,,,,,,,,,"wrist"
"IZTECH_S016","IZTECH_S016_w","2025-05-11 13:24:19",FALSE,0,33.06,16,785,6.54167,15,0.125,46,0.383333,13.27,0.01,129,98,6e-04,0.0012,0.0014,0.0022,0.0025,0.0025,0.0027,0.0032,11.32,0.01,0,,,,,,,,,"wrist"
"IZTECH_S016","IZTECH_S016_w","2025-05-11 13:26:19",FALSE,0,33,16,2170,18.0833,35,0.291667,169,1.40833,13.9,0.01,155,111,6e-04,0.0013,0.0014,0.0023,0.0026,0.0026,0.0028,0.0032,11.76,0.01,0,,,,,,,,,"wrist"
"IZTECH_S016","IZTECH_S016_w","2025-05-11 13:28:19",FALSE,0,32.94,16,829,6.90833,3,0.025,50,0.416667,13.71,0.01,154,110,6e-04,0.0013,0.0014,0.0022,0.0026,0.0026,0.0028,0.0032,11.65,0.01,0,,,,,,,,,"wrist"
"IZTECH_S016","IZTECH_S016_w","2025-05-11 13:30:19",FALSE,0,32.88,16,1006,8.38333,1,0.00833333,89,0.741667,13.92,0.01,152,114,6e-04,0.0013,0.0014,0.0023,0.0026,0.0026,0.0028,0.0033,11.79,0.01,0,,,,,,,,,"wrist"
"IZTECH_S016","IZTECH_S016_w","2025-05-11 13:32:19",FALSE,0,32.81,16,1620,13.5,3,0.025,151,1.25833,13.75,0.01,146,112,6e-04,0.0013,0.0014,0.0022,0.0026,0.0026,0.0028,0.0032,11.59,0.01,0,,,,,,,,,"wrist"
"IZTECH_S016","IZTECH_S016_w","2025-05-11 13:34:19",FALSE,0,32.56,16,3983,33.1917,78,0.65,230,1.91667,12.12,0.01,129,118,5e-04,0.0011,0.0012,0.002,0.0023,0.0022,0.0024,0.0027,10.14,0.01,0,,,,,,,,,"wrist"
"IZTECH_S016","IZTECH_S016_w","2025-05-11 13:36:19",FALSE,0,32.31,16,4035,33.625,70,0.583333,242,2.01667,11.8,0.01,171,146,5e-04,0.0011,0.0011,0.0019,0.0022,0.0022,0.0023,0.0026,9.85,0.01,0,,,,,,,,,"wrist"
"IZTECH_S016","IZTECH_S016_w","2025-05-11 13:38:19",FALSE,0,32.12,16,5207,43.3917,104,0.866667,281,2.34167,15.06,0.01,157,130,5e-04,0.0013,0.0012,0.0023,0.0028,0.0025,0.0027,0.0028,12.37,0.01,0,,,,,,,,,"wrist"
"IZTECH_S016","IZTECH_S016_w","2025-05-11 13:40:19",FALSE,0,32.44,16,1798,14.9833,21,0.175,132,1.1,13.67,0.01,171,128,6e-04,0.0013,0.0013,0.0022,0.0026,0.0026,0.0027,0.0032,11.48,0.01,0,,,,,,,,,"wrist"
"IZTECH_S016","IZTECH_S016_w","2025-05-11 13:42:19",FALSE,0,32.56,16,1131,9.425,4,0.0333333,117,0.975,13.75,0.01,172,122,6e-04,0.0013,0.0014,0.0022,0.0026,0.0026,0.0027,0.0032,11.63,0.01,0,,,,,,,,,"wrist"
"IZTECH_S016","IZTECH_S016_w","2025-05-11 13:44:19",FALSE,0,32.06,8,3642,30.35,68,0.566667,240,2,15.45,0.01,204,162,5e-04,0.0013,0.0013,0.0024,0.0029,0.0026,0.0027,0.0029,12.59,0.01,0,,,,,,,,,"wrist"
"IZTECH_S016","IZTECH_S016_w","2025-05-11 13:46:19",FALSE,0,31.94,8,302,2.51667,4,0.0333333,21,0.175,13.07,0.01,188,147,5e-04,0.0012,0.0011,0.002,0.0025,0.0023,0.0024,0.0026,10.66,0.01,0,,,,,,,,,"wrist"
"IZTECH_S016","IZTECH_S016_w","2025-05-11 13:48:19",FALSE,0,32.31,16,3377,28.1417,81,0.675,228,1.9,16.59,0.01,176,128,6e-04,0.0015,0.0014,0.0026,0.0031,0.0028,0.003,0.0031,13.76,0.01,0,,,,,,,,,"wrist"
"IZTECH_S016","IZTECH_S016_w","2025-05-11 13:50:19",FALSE,0,32.38,16,2786,23.2167,56,0.466667,183,1.525,13.18,0.01,173,122,5e-04,0.0012,0.0013,0.0021,0.0025,0.0025,0.0026,0.0031,10.89,0.01,0,,,,,,,,,"wrist"
"IZTECH_S016","IZTECH_S016_w","2025-05-11 13:52:19",FALSE,0,32.44,16,1150,9.58333,1,0.00833333,94,0.783333,12.71,0.01,172,128,6e-04,0.0012,0.0013,0.0021,0.0024,0.0025,0.0026,0.0031,10.78,0.01,0,,,,,,,,,"wrist"
"IZTECH_S016","IZTECH_S016_w","2025-05-11 13:54:19",FALSE,0,32.56,16,854,7.11667,2,0.0166667,68,0.566667,13.2,0.01,163,115,6e-04,0.0012,0.0014,0.0022,0.0025,0.0026,0.0027,0.0032,11.25,0.01,0,,,,,,,,,"wrist"
"IZTECH_S016","IZTECH_S016_w","2025-05-11 13:56:19",FALSE,0,32.56,16,978,8.15,1,0.00833333,67,0.558333,13.1,0.01,167,114,6e-04,0.0012,0.0013,0.0021,0.0025,0.0025,0.0027,0.0032,11.03,0.01,0,,,,,,,,,"wrist"
"IZTECH_S016","IZTECH_S016_w","2025-05-11 13:58:19",FALSE,0,32.62,16,1310,10.9167,7,0.0583333,106,0.883333,13.3,0.01,150,115,6e-04,0.0012,0.0014,0.0022,0.0025,0.0026,0.0028,0.0033,11.18,0.01,0,,,,,,,,,"wrist"
"IZTECH_S016","IZTECH_S016_w","2025-05-11 14:00:19",FALSE,0,32.56,16,1568,13.0667,4,0.0333333,128,1.06667,12.8,0.01,150,110,6e-04,0.0012,0.0013,0.0021,0.0024,0.0025,0.0027,0.0032,10.77,0.01,0,,,,,,,,,"wrist"
"IZTECH_S016","IZTECH_S016_w","2025-05-11 14:02:19",FALSE,0,32.44,16,3846,32.05,84,0.7,301,2.50833,13.07,0.01,188,138,6e-04,0.0012,0.0013,0.0021,0.0025,0.0025,0.0027,0.0033,11.02,0.01,0,,,,,,,,,"wrist"
"IZTECH_S016","IZTECH_S016_w","2025-05-11 14:04:19",FALSE,0,32.12,16,10349,86.2417,230,1.91667,631,5.25833,50.06,0.02,137,142,0.0023,0.0049,0.0051,0.0076,0.0086,0.009,0.0089,0.0096,50.31,0.04,0,,,,,,,,,"wrist"
"IZTECH_S016","IZTECH_S016_w","2025-05-11 14:06:19",FALSE,0,31.31,16,9264,77.2,285,2.375,432,3.6,19.33,0.01,204,160,9e-04,0.0016,0.002,0.0029,0.0034,0.0042,0.005,0.0067,15.48,0.02,0,,,,,,,,,"wrist"
"IZTECH_S016","IZTECH_S016_w","2025-05-11 14:08:19",FALSE,0,32,32,8266,68.8833,258,2.15,393,3.275,13.09,0,128,118,4e-04,0.0011,0.001,0.0018,0.0023,0.0024,0.0024,0.0024,10.74,0.01,0,,,,,,,,,"wrist"
"IZTECH_S016","IZTECH_S016_w","2025-05-11 14:10:19",FALSE,0,32.06,32,471,3.925,8,0.0666667,33,0.275,8.48,0,125,122,1e-04,8e-04,4e-04,0.001,0.0015,0.0014,0.0011,7e-04,6.96,0,0,,,,,,,,,"wrist"
"IZTECH_S016","IZTECH_S016_w","2025-05-11 14:12:19",FALSE,0,32.38,1,2949,24.575,49,0.408333,167,1.39167,36.29,0,128,104,8e-04,0.0038,0.0019,0.0046,0.0062,0.0061,0.0045,0.0025,32.26,0.01,0,,,,,,,,,"wrist"
"IZTECH_S016","IZTECH_S016_w","2025-05-11 14:14:19",FALSE,0,32.44,1,1825,15.2083,2,0.0166667,65,0.541667,20.06,0,128,122,4e-04,0.002,0.0011,0.0024,0.0035,0.0034,0.0026,0.0015,16.99,0.01,0,,,,,,,,,"wrist"
"IZTECH_S016","IZTECH_S016_w","2025-05-11 14:16:19",FALSE,0,32.56,1,2299,19.1583,2,0.0166667,132,1.1,16.32,0,128,102,3e-04,0.0016,9e-04,0.002,0.0028,0.0028,0.0021,0.0013,13.87,0.01,0,,,,,,,,,"wrist"
"IZTECH_S016","IZTECH_S016_w","2025-05-11 14:18:19",FALSE,0,32.5,1,3050,25.4167,2,0.0166667,246,2.05,16.25,0,130,110,3e-04,0.0017,9e-04,0.002,0.0028,0.0027,0.002,0.0012,14.49,0.01,0,,,,,,,,,"wrist"
"IZTECH_S016","IZTECH_S016_w","2025-05-11 14:20:19",FALSE,0,32.69,1,3260,27.1667,5,0.0416667,315,2.625,14.79,0,125,134,3e-04,0.0015,8e-04,0.0018,0.0026,0.0025,0.0019,0.0012,12.74,0.01,0,,,,,,,,,"wrist"
"IZTECH_S016","IZTECH_S016_w","2025-05-11 14:22:19",FALSE,0,33.06,1,2656,22.1333,7,0.0583333,260,2.16667,15.12,0,124,102,3e-04,0.0016,8e-04,0.0019,0.0026,0.0025,0.0019,0.0012,13.26,0.01,0,,,,,,,,,"wrist"
"IZTECH_S016","IZTECH_S016_w","2025-05-11 14:24:19",FALSE,0,33.06,1,2568,21.4,32,0.266667,154,1.28333,23.8,0,144,128,5e-04,0.0024,0.0013,0.0029,0.0041,0.004,0.003,0.0018,20.68,0.01,0,,,,,,,,,"wrist"
"IZTECH_S016","IZTECH_S016_w","2025-05-11 14:26:19",FALSE,0,33,1,11666,97.2167,331,2.75833,656,5.46667,639.49,0.37,149,104,0.0366,0.0657,0.0759,0.101,0.1113,0.119,0.1229,0.1422,671.57,0.56,0,,,,,,,,,"wrist"
"IZTECH_S016","IZTECH_S016_w","2025-05-11 14:28:19",FALSE,0,32.44,1,10579,88.1583,232,1.93333,634,5.28333,209.55,0.13,175,98,0.0125,0.0218,0.0262,0.0339,0.0363,0.0388,0.0412,0.0486,226.56,0.19,0,,,,,,,,,"wrist"
"IZTECH_S016","IZTECH_S016_w","2025-05-11 14:30:19",FALSE,0,32.38,8,2013,16.775,27,0.225,140,1.16667,11.15,0.01,202,156,4e-04,0.001,9e-04,0.0017,0.002,0.0021,0.0025,0.0025,8.57,0.01,0,,,,,,,,,"wrist"
"IZTECH_S016","IZTECH_S016_w","2025-05-11 14:32:19",FALSE,0,32.19,8,7510,62.5833,148,1.23333,478,3.98333,12.39,0.01,201,135,5e-04,0.001,0.0011,0.0019,0.0022,0.0025,0.0029,0.0033,9.77,0.01,0,,,,,,,,,"wrist"
"IZTECH_S016","IZTECH_S016_w","2025-05-11 14:34:19",FALSE,0,32.19,8,3181,26.5083,73,0.608333,206,1.71667,10.81,0.01,199,124,4e-04,0.0011,0.001,0.0017,0.002,0.002,0.0024,0.0025,9.32,0.01,0,,,,,,,,,"wrist"
"IZTECH_S016","IZTECH_S016_w","2025-05-11 14:36:19",FALSE,0,32.12,1,1520,12.6667,8,0.0666667,118,0.983333,7.44,0.01,183,98,4e-04,8e-04,8e-04,0.0012,0.0014,0.0016,0.0018,0.0022,6.08,0.01,0,,,,,,,,,"wrist"
"IZTECH_S016","IZTECH_S016_w","2025-05-11 14:38:19",FALSE,0,32.06,1,994,8.28333,1,0.00833333,95,0.791667,7.05,0.01,164,98,4e-04,7e-04,8e-04,0.0012,0.0013,0.0015,0.0017,0.0021,5.79,0.01,0,,,,,,,,,"wrist"
"IZTECH_S016","IZTECH_S016_w","2025-05-11 14:40:19",FALSE,0,32,1,1774,14.7833,3,0.025,188,1.56667,7.48,0.01,166,98,4e-04,8e-04,8e-04,0.0012,0.0014,0.0016,0.0018,0.0022,6.2,0.01,0,,,,,,,,,"wrist"
"IZTECH_S016","IZTECH_S016_w","2025-05-11 14:42:19",FALSE,0,31.94,1,1673,13.9417,13,0.108333,151,1.25833,7.46,0.01,162,102,4e-04,7e-04,8e-04,0.0012,0.0014,0.0016,0.0018,0.0023,6.15,0.01,0,,,,,,,,,"wrist"
"IZTECH_S016","IZTECH_S016_w","2025-05-11 14:44:19",FALSE,0,31.94,1,1511,12.5917,7,0.0583333,155,1.29167,7.37,0.01,160,98,4e-04,7e-04,8e-04,0.0012,0.0014,0.0016,0.0018,0.0022,6,0.01,0,,,,,,,,,"wrist"
"IZTECH_S016","IZTECH_S016_w","2025-05-11 14:46:19",FALSE,0,31.81,1,3953,32.9417,59,0.491667,305,2.54167,7.02,0.01,155,98,3e-04,7e-04,7e-04,0.0011,0.0013,0.0014,0.0017,0.0019,5.89,0.01,0,,,,,,,,,"wrist"
"IZTECH_S016","IZTECH_S016_w","2025-05-11 14:48:19",FALSE,0,31.81,1,1854,15.45,20,0.166667,143,1.19167,8.94,0.01,164,99,4e-04,9e-04,9e-04,0.0014,0.0017,0.0018,0.0021,0.0025,7.19,0.01,0,,,,,,,,,"wrist"
"IZTECH_S016","IZTECH_S016_w","2025-05-11 14:50:19",FALSE,0,31.75,1,1353,11.275,9,0.075,120,1,8.95,0.01,158,102,4e-04,9e-04,9e-04,0.0014,0.0016,0.0019,0.0022,0.0026,7.23,0.01,0,,,,,,,,,"wrist"
"IZTECH_S016","IZTECH_S016_w","2025-05-11 14:52:19",FALSE,0,31.69,16,750,6.25,3,0.025,62,0.516667,9.47,0.01,155,98,4e-04,9e-04,0.001,0.0015,0.0017,0.002,0.0023,0.0027,7.74,0.01,0,,,,,,,,,"wrist"
"IZTECH_S016","IZTECH_S016_w","2025-05-11 14:54:19",FALSE,0,31.62,16,1846,15.3833,29,0.241667,117,0.975,9.58,0.01,192,113,4e-04,9e-04,9e-04,0.0015,0.0017,0.002,0.0023,0.0027,7.86,0.01,0,,,,,,,,,"wrist"
"IZTECH_S016","IZTECH_S016_w","2025-05-11 14:56:19",FALSE,0,31.5,8,3997,33.3083,87,0.725,279,2.325,14.38,0.01,197,134,5e-04,0.0014,0.0013,0.0022,0.0026,0.0028,0.0033,0.0036,11.81,0.01,0,,,,,,,,,"wrist"
"IZTECH_S016","IZTECH_S016_w","2025-05-11 14:58:19",FALSE,0,31.5,1,4990,41.5833,108,0.9,310,2.58333,10.83,0.01,143,128,4e-04,0.0011,0.001,0.0017,0.002,0.0022,0.0025,0.0029,8.92,0.01,0,,,,,,,,,"wrist"
"IZTECH_S016","IZTECH_S016_w","2025-05-11 15:00:19",FALSE,0,31.5,1,1750,14.5833,18,0.15,131,1.09167,7.53,0.01,165,122,4e-04,7e-04,8e-04,0.0012,0.0014,0.0016,0.0018,0.0022,6.11,0.01,0,,,,,,,,,"wrist"
"IZTECH_S016","IZTECH_S016_w","2025-05-11 15:02:19",FALSE,0,31.5,1,1561,13.0083,9,0.075,128,1.06667,7.47,0.01,148,116,4e-04,7e-04,8e-04,0.0012,0.0014,0.0016,0.0018,0.0022,6.04,0.01,0,,,,,,,,,"wrist"
"IZTECH_S016","IZTECH_S016_w","2025-05-11 15:04:19",FALSE,0,31.5,1,975,8.125,2,0.0166667,97,0.808333,7.74,0.01,146,114,4e-04,8e-04,8e-04,0.0012,0.0014,0.0016,0.0019,0.0023,6.26,0.01,0,,,,,,,,,"wrist"
"IZTECH_S016","IZTECH_S016_w","2025-05-11 15:06:19",FALSE,0,31.5,8,2976,24.8,49,0.408333,192,1.6,19.13,0.01,150,119,6e-04,0.0019,0.0015,0.0027,0.0034,0.0034,0.0041,0.0039,15.99,0.01,0,,,,,,,,,"wrist"
"IZTECH_S016","IZTECH_S016_w","2025-05-11 15:08:19",FALSE,0,31.5,1,1368,11.4,6,0.05,100,0.833333,9.97,0.01,160,114,4e-04,0.001,9e-04,0.0015,0.0018,0.002,0.0024,0.0026,8,0.01,0,,,,,,,,,"wrist"
"IZTECH_S016","IZTECH_S016_w","2025-05-11 15:10:19",FALSE,0,31.5,1,1029,8.575,2,0.0166667,94,0.783333,7.79,0.01,145,122,3e-04,7e-04,8e-04,0.0012,0.0015,0.0016,0.0019,0.0023,6.12,0.01,0,,,,,,,,,"wrist"
"IZTECH_S016","IZTECH_S016_w","2025-05-11 15:12:19",FALSE,0,31.44,1,1499,12.4917,7,0.0583333,162,1.35,7.78,0.01,147,119,3e-04,7e-04,8e-04,0.0012,0.0014,0.0016,0.0019,0.0024,6.16,0.01,0,,,,,,,,,"wrist"
"IZTECH_S016","IZTECH_S016_w","2025-05-11 15:14:19",FALSE,0,31.38,1,1133,9.44167,1,0.00833333,122,1.01667,7.64,0.01,151,118,3e-04,7e-04,8e-04,0.0012,0.0014,0.0016,0.0019,0.0023,6.02,0.01,0,,,,,,,,,"wrist"
"IZTECH_S016","IZTECH_S016_w","2025-05-11 15:16:19",FALSE,0,31.38,1,845,7.04167,4,0.0333333,87,0.725,7.89,0.01,147,116,4e-04,7e-04,8e-04,0.0013,0.0015,0.0017,0.0019,0.0024,6.27,0.01,0,,,,,,,,,"wrist"
"IZTECH_S016","IZTECH_S016_w","2025-05-11 15:18:19",FALSE,0,31.69,1,4706,39.2167,103,0.858333,270,2.25,10.58,0.01,183,130,3e-04,0.001,9e-04,0.0016,0.0019,0.0019,0.0023,0.0023,8.86,0.01,0,,,,,,,,,"wrist"
"IZTECH_S016","IZTECH_S016_w","2025-05-11 15:20:19",FALSE,0,31.19,1,19390,161.583,585,4.875,834,6.95,15.85,0.01,150,146,8e-04,0.0015,0.0018,0.0027,0.0028,0.0033,0.0037,0.0048,14.13,0.02,0,,,,,,,,,"wrist"
"IZTECH_S016","IZTECH_S016_w","2025-05-11 15:22:19",FALSE,0,31.75,1,5482,45.6833,125,1.04167,331,2.75833,24.98,0.02,192,128,0.0013,0.0022,0.0029,0.004,0.0045,0.0052,0.0059,0.0077,21.73,0.03,0,,,,,,,,,"wrist"
"IZTECH_S016","IZTECH_S016_w","2025-05-11 15:24:19",FALSE,0,32.19,8,609,5.075,11,0.0916667,33,0.275,38.08,0.03,128,112,0.0019,0.0033,0.0041,0.0059,0.0068,0.0078,0.0087,0.0112,32.71,0.04,0,,,,,,,,,"wrist"
"IZTECH_S016","IZTECH_S016_w","2025-05-11 15:26:19",FALSE,0,32.56,8,150,1.25,0,0,10,0.0833333,40.17,0.03,128,114,0.002,0.0035,0.0044,0.0062,0.0072,0.0082,0.0092,0.0119,34.64,0.04,0,,,,,,,,,"wrist"
"IZTECH_S016","IZTECH_S016_w","2025-05-11 15:28:19",FALSE,0,32.69,8,113,0.941667,0,0,3,0.025,39.12,0.03,128,116,0.002,0.0034,0.0043,0.0061,0.007,0.008,0.009,0.0117,33.69,0.04,0,,,,,,,,,"wrist"
"IZTECH_S016","IZTECH_S016_w","2025-05-11 15:30:19",FALSE,0,32.88,8,3171,26.425,74,0.616667,189,1.575,28.21,0.02,128,94,0.0015,0.0025,0.0031,0.0044,0.0052,0.006,0.0067,0.0088,23.85,0.03,0,,,,,,,,,"wrist"
"IZTECH_S016","IZTECH_S016_w","2025-05-11 15:32:19",FALSE,0,32.94,8,4993,41.6083,131,1.09167,289,2.40833,25.56,0.02,129,106,0.0013,0.0023,0.0029,0.0041,0.0047,0.0055,0.0062,0.0082,21.16,0.03,0,,,,,,,,,"wrist"
"IZTECH_S016","IZTECH_S016_w","2025-05-11 15:34:19",FALSE,0,32.75,4,15519,129.325,453,3.775,827,6.89167,42.51,0.02,128,128,0.0016,0.0036,0.0036,0.0058,0.0075,0.0082,0.0083,0.0092,35.05,0.03,0,,,,,,,,,"wrist"
"IZTECH_S016","IZTECH_S016_w","2025-05-11 15:36:19",FALSE,0,32.44,4,16708,139.233,446,3.71667,878,7.31667,27.9,0.02,128,100,0.0012,0.0022,0.0028,0.004,0.0049,0.0058,0.0066,0.0083,22.59,0.03,0,,,,,,,,,"wrist"
"IZTECH_S016","IZTECH_S016_w","2025-05-11 15:38:19",FALSE,0,32.19,32,10515,87.625,181,1.50833,898,7.48333,32.37,0.02,128,96,0.0016,0.0028,0.0036,0.0051,0.0058,0.0066,0.0075,0.0096,28.5,0.03,0,,,,,,,,,"wrist"
"IZTECH_S016","IZTECH_S016_w","2025-05-11 15:40:19",FALSE,0,32.38,1,11704,97.5333,260,2.16667,811,6.75833,6.65,0.01,128,96,3e-04,6e-04,7e-04,0.0011,0.0012,0.0013,0.0015,0.0018,5.4,0.01,0,,,,,,,,,"wrist"
"IZTECH_S016","IZTECH_S016_w","2025-05-11 15:42:19",FALSE,0,32.62,32,6088,50.7333,75,0.625,595,4.95833,12.54,0.01,124,102,3e-04,0.001,9e-04,0.0019,0.0023,0.0021,0.0026,0.0022,9.75,0.01,0,,,,,,,,,"wrist"
"IZTECH_S016","IZTECH_S016_w","2025-05-11 15:44:19",FALSE,0,32.44,1,2593,21.6083,29,0.241667,174,1.45,16.64,0,143,120,4e-04,0.0014,0.0011,0.0023,0.0029,0.0029,0.0036,0.0031,12.95,0.01,0,,,,,,,,,"wrist"
"IZTECH_S016","IZTECH_S016_w","2025-05-11 15:46:19",FALSE,0,32.88,8,992,8.26667,9,0.075,48,0.4,60.85,0.01,125,108,0.0012,0.006,0.004,0.008,0.0103,0.0098,0.0123,0.0089,52.77,0.03,0,,,,,,,,,"wrist"
"IZTECH_S016","IZTECH_S016_w","2025-05-11 15:48:19",FALSE,0,33.12,1,1038,8.65,11,0.0916667,96,0.8,25.22,0.01,128,102,6e-04,0.0025,0.0017,0.0034,0.0043,0.0042,0.0054,0.004,21.69,0.01,0,,,,,,,,,"wrist"
"IZTECH_S016","IZTECH_S016_w","2025-05-11 15:50:19",FALSE,0,33,1,6299,52.4917,126,1.05,387,3.225,16.15,0.01,125,95,5e-04,0.0017,0.0014,0.0024,0.0028,0.0029,0.0035,0.0036,14.52,0.01,0,,,,,,,,,"wrist"
"IZTECH_S016","IZTECH_S016_w","2025-05-11 15:52:19",FALSE,0,32.75,1,6357,52.975,158,1.31667,333,2.775,14.78,0.01,139,98,4e-04,0.0015,0.0011,0.002,0.0026,0.0028,0.0034,0.0034,11.75,0.01,0,,,,,,,,,"wrist"
"IZTECH_S016","IZTECH_S016_w","2025-05-11 15:54:19",FALSE,0,32.88,1,6364,53.0333,125,1.04167,403,3.35833,12.48,0,125,99,3e-04,0.0013,0.001,0.0018,0.0021,0.0022,0.0027,0.0026,11.05,0.01,0,,,,,,,,,"wrist"
"IZTECH_S016","IZTECH_S016_w","2025-05-11 15:56:19",FALSE,0,32.19,1,12965,108.042,366,3.05,670,5.58333,56.26,0.01,219,163,0.0014,0.0053,0.0033,0.0069,0.0098,0.0098,0.0078,0.0059,46.85,0.03,0,,,,,,,,,"wrist"
"IZTECH_S016","IZTECH_S016_w","2025-05-11 15:58:19",FALSE,0,32.06,1,4394,36.6167,56,0.466667,290,2.41667,22.06,0,195,138,5e-04,0.0021,0.0012,0.0028,0.0039,0.0036,0.0026,0.0016,18.69,0.01,0,,,,,,,,,"wrist"
"IZTECH_S016","IZTECH_S016_w","2025-05-11 16:00:19",FALSE,0,32.06,1,2509,20.9083,24,0.2,168,1.4,17.36,0,212,147,3e-04,0.0016,9e-04,0.0022,0.003,0.0029,0.0021,0.0012,14.59,0.01,0,,,,,,,,,"wrist"
"IZTECH_S016","IZTECH_S016_w","2025-05-11 16:02:19",FALSE,0,31.94,4,8724,72.7,212,1.76667,328,2.73333,16.6,0,206,146,4e-04,0.0016,9e-04,0.0021,0.0029,0.0027,0.002,0.0013,14.17,0.01,0,,,,,,,,,"wrist"
"IZTECH_S016","IZTECH_S016_w","2025-05-11 16:04:19",FALSE,0,31.81,4,4126,34.3833,67,0.558333,306,2.55,14.81,0,219,158,3e-04,0.0014,8e-04,0.0019,0.0026,0.0024,0.0018,0.0012,12.53,0.01,0,,,,,,,,,"wrist"
"IZTECH_S016","IZTECH_S016_w","2025-05-11 16:06:19",FALSE,0,31.56,1,3819,31.825,54,0.45,235,1.95833,21.74,0,211,150,5e-04,0.0021,0.0012,0.0027,0.0038,0.0036,0.0026,0.0016,18.58,0.01,0,,,,,,,,,"wrist"
"IZTECH_S016","IZTECH_S016_w","2025-05-11 16:08:19",FALSE,0,31.94,4,4449,37.075,72,0.6,295,2.45833,18.45,0,192,134,4e-04,0.0018,0.0011,0.0023,0.0032,0.0031,0.0023,0.0016,15.86,0.01,0,,,,,,,,,"wrist"
"IZTECH_S016","IZTECH_S016_w","2025-05-11 16:10:19",FALSE,0,31.5,1,7964,66.3667,146,1.21667,572,4.76667,28.87,0,219,150,6e-04,0.0026,0.0014,0.0033,0.0051,0.0049,0.0036,0.0022,22.78,0.01,0,,,,,,,,,"wrist"
"IZTECH_S016","IZTECH_S016_w","2025-05-11 16:12:19",FALSE,0,31,4,19926,166.05,710,5.91667,1032,8.6,27.94,0,218,156,6e-04,0.003,0.0016,0.0036,0.0048,0.0046,0.0034,0.002,25.75,0.01,0,,,,,,,,,"wrist"
"IZTECH_S016","IZTECH_S016_w","2025-05-11 16:14:19",FALSE,0,30.81,1,15613,130.108,456,3.8,883,7.35833,57.7,0,161,93,0.0013,0.0055,0.0032,0.0068,0.0101,0.0101,0.0076,0.005,47.45,0.02,0,,,,,,,,,"wrist"
"IZTECH_S016","IZTECH_S016_w","2025-05-11 16:16:19",FALSE,0,30.88,4,12155,101.292,285,2.375,810,6.75,16.29,0,207,128,3e-04,0.0016,9e-04,0.002,0.0028,0.0027,0.0019,0.0011,14.13,0.01,0,,,,,,,,,"wrist"
"IZTECH_S016","IZTECH_S016_w","2025-05-11 16:18:19",FALSE,0,31,4,10060,83.8333,204,1.7,735,6.125,17.03,0,140,94,3e-04,0.0017,9e-04,0.0022,0.003,0.0027,0.0019,0.001,15.12,0.01,0,,,,,,,,,"wrist"
"IZTECH_S016","IZTECH_S016_w","2025-05-11 16:20:19",FALSE,0,31,4,9608,80.0667,186,1.55,699,5.825,23.61,0,134,92,5e-04,0.0023,0.0013,0.003,0.0041,0.0038,0.0026,0.0014,20.55,0.01,0,,,,,,,,,"wrist"
"IZTECH_S016","IZTECH_S016_w","2025-05-11 16:22:19",FALSE,0,30.44,4,26276,218.967,968,8.06667,1268,10.5667,33.46,0.01,187,109,8e-04,0.0027,0.0019,0.0037,0.0061,0.0063,0.0053,0.0045,23.86,0.02,0,,,,,,,,,"wrist"
"IZTECH_S016","IZTECH_S016_w","2025-05-11 16:24:19",FALSE,0,30.69,1,9847,82.0583,274,2.28333,470,3.91667,208.48,0.12,180,132,0.01,0.0173,0.0218,0.0309,0.0362,0.0423,0.0493,0.0623,180.57,0.19,0,,,,,,,,,"wrist"
"IZTECH_S016","IZTECH_S016_w","2025-05-11 16:26:19",FALSE,0,30.94,1,5322,44.35,111,0.925,314,2.61667,203.81,0.13,156,94,0.0102,0.0174,0.0218,0.0306,0.0358,0.0422,0.0496,0.0636,175,0.2,0,,,,,,,,,"wrist"
"IZTECH_S016","IZTECH_S016_w","2025-05-11 16:28:19",FALSE,0,30.69,1,11837,98.6417,323,2.69167,610,5.08333,80.47,0.05,175,101,0.0039,0.0066,0.0082,0.0118,0.0143,0.0171,0.0202,0.0261,64.54,0.08,0,,,,,,,,,"wrist"
"IZTECH_S016","IZTECH_S016_w","2025-05-11 16:30:19",FALSE,0,30.44,32,13545,112.875,380,3.16667,774,6.45,50.16,0.03,159,115,0.0021,0.0039,0.0047,0.007,0.0089,0.0103,0.0117,0.0146,38.92,0.04,0,,,,,,,,,"wrist"
"IZTECH_S016","IZTECH_S016_w","2025-05-11 16:32:19",FALSE,0,31.19,4,20881,174.008,677,5.64167,934,7.78333,23.79,0.02,182,113,0.0011,0.0019,0.0025,0.0036,0.0043,0.0051,0.0059,0.0078,18.92,0.02,0,,,,,,,,,"wrist"
"IZTECH_S016","IZTECH_S016_w","2025-05-11 16:34:19",FALSE,0,31.31,1,12465,103.875,294,2.45,792,6.6,297.19,0.13,185,114,0.0143,0.025,0.0319,0.0432,0.0507,0.0568,0.0648,0.0792,278.08,0.24,0,,,,,,,,,"wrist"
"IZTECH_S016","IZTECH_S016_w","2025-05-11 16:36:19",FALSE,0,31.25,1,17955,149.625,512,4.26667,993,8.275,122.58,0.05,181,128,0.0056,0.0099,0.0134,0.0192,0.02,0.0232,0.0272,0.0336,118.74,0.1,0,,,,,,,,,"wrist"
"IZTECH_S016","IZTECH_S016_w","2025-05-11 16:38:19",FALSE,0,31.19,1,19838,165.317,631,5.25833,1005,8.375,220.56,0.11,183,101,0.0092,0.0163,0.0219,0.0314,0.0377,0.0448,0.0545,0.0703,181.45,0.19,0,,,,,,,,,"wrist"
"IZTECH_S016","IZTECH_S016_w","2025-05-11 16:40:19",FALSE,0,31.5,8,4910,40.9167,150,1.25,222,1.85,61.31,0.04,208,133,0.0028,0.0048,0.0063,0.0091,0.0108,0.0125,0.0145,0.0187,50.51,0.06,0,,,,,,,,,"wrist"
"IZTECH_S016","IZTECH_S016_w","2025-05-11 16:42:19",FALSE,0,31.25,8,929,7.74167,13,0.108333,64,0.533333,55.77,0.04,195,130,0.0026,0.0045,0.0058,0.0084,0.0099,0.0115,0.0133,0.0173,46.33,0.05,0,,,,,,,,,"wrist"
"IZTECH_S016","IZTECH_S016_w","2025-05-11 16:44:19",FALSE,0,31.56,8,685,5.70833,8,0.0666667,39,0.325,54.69,0.04,181,116,0.0025,0.0044,0.0057,0.0082,0.0097,0.0113,0.013,0.017,45.06,0.05,0,,,,,,,,,"wrist"
"IZTECH_S016","IZTECH_S016_w","2025-05-11 16:46:19",FALSE,0,31.94,8,1262,10.5167,24,0.2,90,0.75,51.02,0.03,187,118,0.0024,0.0041,0.0053,0.0077,0.0091,0.0106,0.0123,0.016,41.78,0.05,0,,,,,,,,,"wrist"
"IZTECH_S016","IZTECH_S016_w","2025-05-11 16:48:19",FALSE,0,32.12,8,1705,14.2083,29,0.241667,90,0.75,53.87,0.03,194,102,0.0025,0.0043,0.0056,0.0081,0.0095,0.0111,0.013,0.0169,44.48,0.05,0,,,,,,,,,"wrist"
"IZTECH_S016","IZTECH_S016_w","2025-05-11 16:50:19",FALSE,0,31.94,8,1125,9.375,16,0.133333,64,0.533333,51.55,0.03,201,146,0.0024,0.0041,0.0053,0.0077,0.0091,0.0107,0.0125,0.0163,42.05,0.05,0,,,,,,,,,"wrist"
"IZTECH_S016","IZTECH_S016_w","2025-05-11 16:52:19",FALSE,0,32.31,8,1978,16.4833,24,0.2,123,1.025,55.89,0.04,193,130,0.0026,0.0044,0.0057,0.0083,0.0099,0.0116,0.0135,0.0176,45.74,0.05,0,,,,,,,,,"wrist"
"IZTECH_S016","IZTECH_S016_w","2025-05-11 16:54:19",FALSE,0,32.5,8,2134,17.7833,40,0.333333,122,1.01667,53.56,0.03,201,112,0.0024,0.0042,0.0055,0.008,0.0094,0.011,0.0129,0.0166,44.26,0.05,0,,,,,,,,,"wrist"
"IZTECH_S016","IZTECH_S016_w","2025-05-11 16:56:19",FALSE,0,32.38,1,2738,22.8167,64,0.533333,118,0.983333,54.37,0.03,201,150,0.0025,0.0043,0.0055,0.0081,0.0096,0.0112,0.0131,0.0171,44.35,0.05,0,,,,,,,,,"wrist"
"IZTECH_S016","IZTECH_S016_w","2025-05-11 16:58:19",FALSE,0,32.62,8,3138,26.15,76,0.633333,154,1.28333,50.75,0.03,182,132,0.0024,0.004,0.0052,0.0076,0.009,0.0106,0.0123,0.0162,41.32,0.05,0,,,,,,,,,"wrist"
"IZTECH_S016","IZTECH_S016_w","2025-05-11 17:00:19",FALSE,0,32.38,1,297,2.475,1,0.00833333,19,0.158333,39.92,0.03,200,154,0.0019,0.0032,0.0042,0.0061,0.0072,0.0085,0.01,0.0134,31.95,0.04,0,,,,,,,,,"wrist"
"IZTECH_S016","IZTECH_S016_w","2025-05-11 17:02:19",FALSE,0,32.62,8,594,4.95,0,0,41,0.341667,38.56,0.03,190,135,0.0019,0.0032,0.004,0.0059,0.0069,0.0082,0.0097,0.013,30.82,0.04,0,,,,,,,,,"wrist"
"IZTECH_S016","IZTECH_S016_w","2025-05-11 17:04:19",FALSE,0,32.69,1,10289,85.7417,200,1.66667,473,3.94167,49.04,0.03,203,134,0.0022,0.0038,0.005,0.0073,0.0085,0.01,0.0118,0.0153,41.08,0.05,0,,,,,,,,,"wrist"
"IZTECH_S016","IZTECH_S016_w","2025-05-11 17:06:19",FALSE,0,32.38,16,3136,26.1333,89,0.741667,138,1.15,84.83,0.05,132,130,0.0037,0.0064,0.0084,0.0123,0.0147,0.0173,0.0203,0.0258,69.02,0.08,0,,,,,,,,,"wrist"
"IZTECH_S016","IZTECH_S016_w","2025-05-11 17:08:19",FALSE,0,32.25,16,143,1.19167,0,0,7,0.0583333,86.38,0.05,131,130,0.0038,0.0065,0.0086,0.0125,0.015,0.0177,0.0208,0.0264,70.18,0.08,0,,,,,,,,,"wrist"
"IZTECH_S016","IZTECH_S016_w","2025-05-11 17:10:19",FALSE,0,32.38,16,1970,16.4167,32,0.266667,113,0.941667,90,0.05,140,130,0.004,0.0068,0.0089,0.013,0.0157,0.0185,0.0217,0.0276,72.84,0.08,0,,,,,,,,,"wrist"
"IZTECH_S016","IZTECH_S016_w","2025-05-11 17:12:19",FALSE,0,32.25,8,2268,18.9,61,0.508333,119,0.991667,86.9,0.05,140,146,0.0038,0.0065,0.0087,0.0126,0.0152,0.0179,0.021,0.0267,70.15,0.08,0,,,,,,,,,"wrist"
"IZTECH_S016","IZTECH_S016_w","2025-05-11 17:14:19",FALSE,0,32.06,8,588,4.9,3,0.025,54,0.45,85.05,0.05,143,146,0.0038,0.0065,0.0085,0.0124,0.0149,0.0176,0.0207,0.0264,68.56,0.08,0,,,,,,,,,"wrist"
"IZTECH_S016","IZTECH_S016_w","2025-05-11 17:16:19",FALSE,0,32.06,8,145,1.20833,0,0,14,0.116667,84.46,0.05,140,144,0.0038,0.0064,0.0085,0.0123,0.0148,0.0175,0.0207,0.0264,67.66,0.08,0,,,,,,,,,"wrist"
"IZTECH_S016","IZTECH_S016_w","2025-05-11 17:18:19",FALSE,0,32.12,16,5678,47.3167,172,1.43333,195,1.625,79.12,0.05,153,138,0.0035,0.006,0.0079,0.0115,0.0138,0.0163,0.0193,0.0247,64.12,0.07,0,,,,,,,,,"wrist"
"IZTECH_S016","IZTECH_S016_w","2025-05-11 17:20:19",FALSE,0,32.06,16,15216,126.8,426,3.55,858,7.15,43.09,0.03,131,128,0.0019,0.0033,0.0044,0.0064,0.0075,0.0088,0.0104,0.0133,35.49,0.04,0,,,,,,,,,"wrist"
"IZTECH_S016","IZTECH_S016_w","2025-05-11 17:22:19",FALSE,0,29.75,16,15919,132.658,573,4.775,754,6.28333,30.02,0.02,221,169,0.0014,0.0023,0.0031,0.0045,0.0053,0.0063,0.0074,0.0095,24.45,0.03,0,,,,,,,,,"wrist"
"IZTECH_S016","IZTECH_S016_w","2025-05-11 17:24:19",FALSE,0,28.69,16,0,0,0,0,0,0,16.64,0.01,221,168,7e-04,0.0013,0.0017,0.0025,0.003,0.0036,0.0042,0.0056,12.89,0.02,0,,,,,,,,,"wrist"
"IZTECH_S016","IZTECH_S016_w","2025-05-11 17:26:19",FALSE,0,28.19,16,0,0,0,0,0,0,16.82,0.01,221,169,8e-04,0.0013,0.0017,0.0026,0.003,0.0036,0.0043,0.0057,13.14,0.02,0,,,,,,,,,"wrist"
"IZTECH_S016","IZTECH_S016_w","2025-05-11 17:28:19",FALSE,0,27.81,16,0,0,0,0,0,0,16.22,0.01,221,168,7e-04,0.0013,0.0017,0.0025,0.0029,0.0034,0.0041,0.0054,12.61,0.02,0,,,,,,,,,"wrist"
"IZTECH_S016","IZTECH_S016_w","2025-05-11 17:30:19",FALSE,0,27.56,16,0,0,0,0,0,0,16.28,0.01,221,169,7e-04,0.0013,0.0017,0.0025,0.0029,0.0035,0.0041,0.0054,12.69,0.02,0,,,,,,,,,"wrist"
"IZTECH_S016","IZTECH_S016_w","2025-05-11 17:32:19",FALSE,0,27.31,16,0,0,0,0,0,0,12.49,0.01,221,168,5e-04,0.001,0.0013,0.0019,0.0022,0.0026,0.0031,0.004,10.1,0.01,0,,,,,,,,,"wrist"
"IZTECH_S016","IZTECH_S016_w","2025-05-11 17:34:19",FALSE,0,29.19,16,7731,64.425,248,2.06667,419,3.49167,58.1,0.03,197,133,0.0022,0.0038,0.005,0.0074,0.0103,0.0122,0.0147,0.0186,40.52,0.05,0,,,,,,,,,"wrist"
"IZTECH_S016","IZTECH_S016_w","2025-05-11 17:36:19",FALSE,0,30.06,4,14066,117.217,359,2.99167,790,6.58333,407.79,0.18,129,113,0.0183,0.0318,0.0422,0.0599,0.068,0.0794,0.0952,0.1193,368.1,0.34,0,,,,,,,,,"wrist"
"IZTECH_S016","IZTECH_S016_w","2025-05-11 17:38:19",FALSE,0,30.5,1,7735,64.4583,193,1.60833,437,3.64167,205.24,0.1,152,96,0.0084,0.0145,0.0196,0.0289,0.0351,0.042,0.0513,0.0659,162.32,0.18,0,,,,,,,,,"wrist"
"IZTECH_S016","IZTECH_S016_w","2025-05-11 17:40:19",FALSE,0,30.88,1,3351,27.925,56,0.466667,174,1.45,223.07,0.1,162,96,0.009,0.0155,0.021,0.0309,0.0379,0.0453,0.0557,0.0713,176.91,0.19,0,,,,,,,,,"wrist"
"IZTECH_S016","IZTECH_S016_w","2025-05-11 17:42:19",FALSE,0,31.25,16,1709,14.2417,12,0.1,106,0.883333,173.26,0.08,166,94,0.007,0.0119,0.0163,0.0241,0.0296,0.0355,0.0435,0.0559,135.43,0.15,0,,,,,,,,,"wrist"
"IZTECH_S016","IZTECH_S016_w","2025-05-11 17:44:19",FALSE,0,31.44,16,2820,23.5,41,0.341667,186,1.55,168.85,0.08,169,94,0.0067,0.0115,0.0157,0.0233,0.0289,0.0347,0.0424,0.0543,130.75,0.14,0,,,,,,,,,"wrist"
"IZTECH_S016","IZTECH_S016_w","2025-05-11 17:46:19",FALSE,0,31.81,1,3534,29.45,58,0.483333,236,1.96667,187.89,0.11,200,130,0.0082,0.0139,0.0187,0.027,0.0324,0.0388,0.048,0.0622,150.65,0.17,0,,,,,,,,,"wrist"
"IZTECH_S016","IZTECH_S016_w","2025-05-11 17:48:19",FALSE,0,32.06,1,2920,24.3333,34,0.283333,205,1.70833,261.73,0.15,196,112,0.0113,0.0192,0.0255,0.0371,0.0453,0.0545,0.0678,0.0887,205.06,0.24,0,,,,,,,,,"wrist"
"IZTECH_S016","IZTECH_S016_w","2025-05-11 17:50:19",FALSE,0,32.12,16,3016,25.1333,45,0.375,180,1.5,179.42,0.09,208,156,0.0074,0.0125,0.017,0.0252,0.0307,0.0371,0.0459,0.0595,139.22,0.16,0,,,,,,,,,"wrist"
"IZTECH_S016","IZTECH_S016_w","2025-05-11 17:52:19",FALSE,0,32.19,16,5177,43.1417,142,1.18333,306,2.55,156.57,0.08,208,155,0.0063,0.0107,0.0144,0.0216,0.027,0.0328,0.0407,0.0531,117.12,0.14,0,,,,,,,,,"wrist"
"IZTECH_S016","IZTECH_S016_w","2025-05-11 17:54:19",FALSE,0,32.12,4,10835,90.2917,274,2.28333,565,4.70833,116.84,0.06,177,107,0.0061,0.0104,0.0141,0.0208,0.0186,0.0223,0.0275,0.0357,122.07,0.11,0,,,,,,,,,"wrist"
"IZTECH_S016","IZTECH_S016_w","2025-05-11 17:56:19",FALSE,0,32,1,1471,12.2583,29,0.241667,94,0.783333,18.32,0.01,165,101,8e-04,0.0014,0.0019,0.0027,0.0032,0.0038,0.0047,0.0062,14.34,0.02,0,,,,,,,,,"wrist"
"IZTECH_S016","IZTECH_S016_w","2025-05-11 17:58:19",FALSE,0,31.94,1,27,0.225,0,0,0,0,17.92,0.01,164,98,8e-04,0.0014,0.0018,0.0026,0.0032,0.0037,0.0045,0.006,14.22,0.02,0,,,,,,,,,"wrist"
"IZTECH_S016","IZTECH_S016_w","2025-05-11 18:00:19",FALSE,0,32.12,8,6620,55.1667,159,1.325,351,2.925,17.05,0.01,192,95,6e-04,0.0014,0.0015,0.0024,0.003,0.0034,0.0042,0.0048,13.36,0.01,0,,,,,,,,,"wrist"
"IZTECH_S016","IZTECH_S016_w","2025-05-11 18:02:19",FALSE,0,32.38,8,1160,9.66667,13,0.108333,77,0.641667,12.86,0.01,155,94,4e-04,9e-04,9e-04,0.0017,0.0022,0.0026,0.0034,0.0034,8.98,0.01,0,,,,,,,,,"wrist"
"IZTECH_S016","IZTECH_S016_w","2025-05-11 18:04:19",FALSE,0,32.44,8,2293,19.1083,63,0.525,112,0.933333,7.77,0,152,94,3e-04,6e-04,7e-04,0.0011,0.0014,0.0016,0.002,0.0024,6.04,0.01,0,,,,,,,,,"wrist"
"IZTECH_S016","IZTECH_S016_w","2025-05-11 18:06:19",FALSE,0,32.44,16,1319,10.9917,25,0.208333,82,0.683333,7.06,0,142,94,3e-04,6e-04,7e-04,0.0011,0.0012,0.0014,0.0017,0.0021,5.68,0.01,0,,,,,,,,,"wrist"
"IZTECH_S016","IZTECH_S016_w","2025-05-11 18:08:19",FALSE,0,32.44,16,1039,8.65833,18,0.15,62,0.516667,8.25,0,141,94,3e-04,7e-04,8e-04,0.0012,0.0015,0.0017,0.0021,0.0026,6.53,0.01,0,,,,,,,,,"wrist"
"IZTECH_S016","IZTECH_S016_w","2025-05-11 18:10:19",FALSE,0,32.44,16,880,7.33333,2,0.0166667,76,0.633333,6.36,0,139,92,2e-04,6e-04,6e-04,9e-04,0.0011,0.0012,0.0015,0.0017,5.22,0.01,0,,,,,,,,,"wrist"
"IZTECH_S016","IZTECH_S016_w","2025-05-11 18:12:19",FALSE,0,32.44,16,2303,19.1917,51,0.425,156,1.3,5.85,0,140,94,2e-04,5e-04,6e-04,9e-04,0.001,0.0011,0.0014,0.0016,4.91,0.01,0,,,,,,,,,"wrist"
"IZTECH_S016","IZTECH_S016_w","2025-05-11 18:14:19",FALSE,0,32.38,1,1651,13.7583,28,0.233333,110,0.916667,6.01,0,158,96,2e-04,6e-04,5e-04,8e-04,0.001,0.0011,0.0014,0.0014,5.13,0,0,,,,,,,,,"wrist"
"IZTECH_S016","IZTECH_S016_w","2025-05-11 18:16:19",FALSE,0,32.5,16,820,6.83333,6,0.05,65,0.541667,6.2,0,141,92,2e-04,6e-04,5e-04,9e-04,0.0011,0.0012,0.0015,0.0017,4.97,0.01,0,,,,,,,,,"wrist"
"IZTECH_S016","IZTECH_S016_w","2025-05-11 18:18:19",FALSE,0,32.5,16,1294,10.7833,2,0.0166667,122,1.01667,5.47,0,147,94,2e-04,5e-04,5e-04,8e-04,0.001,0.0011,0.0013,0.0015,4.64,0,0,,,,,,,,,"wrist"
"IZTECH_S016","IZTECH_S016_w","2025-05-11 18:20:19",FALSE,0,32.5,16,1579,13.1583,17,0.141667,105,0.875,7.41,0,148,93,3e-04,6e-04,7e-04,0.0011,0.0013,0.0015,0.0019,0.0023,5.84,0.01,0,,,,,,,,,"wrist"
"IZTECH_S016","IZTECH_S016_w","2025-05-11 18:22:19",FALSE,0,32.44,16,2780,23.1667,48,0.4,204,1.7,8.57,0.01,182,95,3e-04,8e-04,8e-04,0.0013,0.0015,0.0017,0.0022,0.0026,6.94,0.01,0,,,,,,,,,"wrist"
"IZTECH_S016","IZTECH_S016_w","2025-05-11 18:24:19",FALSE,0,32.56,16,5708,47.5667,114,0.95,313,2.60833,15.24,0.01,147,94,5e-04,0.0012,0.0011,0.0021,0.0026,0.003,0.0038,0.0039,11.53,0.01,0,,,,,,,,,"wrist"
"IZTECH_S016","IZTECH_S016_w","2025-05-11 18:26:19",FALSE,0,32.62,16,1734,14.45,25,0.208333,125,1.04167,16.73,0.01,134,94,5e-04,0.0016,0.0014,0.0024,0.0029,0.0031,0.0039,0.0042,14.12,0.01,0,,,,,,,,,"wrist"
"IZTECH_S016","IZTECH_S016_w","2025-05-11 18:28:19",FALSE,0,32.62,16,1130,9.41667,7,0.0583333,97,0.808333,15.4,0.01,135,94,5e-04,0.0015,0.0013,0.0022,0.0027,0.0029,0.0036,0.0041,12.8,0.01,0,,,,,,,,,"wrist"
"IZTECH_S016","IZTECH_S016_w","2025-05-11 18:30:19",FALSE,0,32.56,16,1558,12.9833,26,0.216667,101,0.841667,16.96,0.01,192,120,5e-04,0.0016,0.0014,0.0024,0.0029,0.0032,0.004,0.0043,13.98,0.01,0,,,,,,,,,"wrist"
"IZTECH_S016","IZTECH_S016_w","2025-05-11 18:32:19",FALSE,0,32.62,1,4143,34.525,69,0.575,274,2.28333,19.62,0.01,194,122,5e-04,0.0018,0.0014,0.0026,0.0034,0.0035,0.0044,0.0042,16.02,0.01,0,,,,,,,,,"wrist"
"IZTECH_S016","IZTECH_S016_w","2025-05-11 18:34:19",FALSE,0,32.62,8,2585,21.5417,34,0.283333,158,1.31667,21.79,0.01,150,94,6e-04,0.002,0.0015,0.0029,0.0037,0.004,0.005,0.0048,17.54,0.01,0,,,,,,,,,"wrist"
"IZTECH_S016","IZTECH_S016_w","2025-05-11 18:36:19",FALSE,0,32.56,8,1033,8.60833,10,0.0833333,72,0.6,18.81,0.01,182,99,5e-04,0.0018,0.0014,0.0025,0.0033,0.0035,0.0043,0.0044,15.22,0.01,0,,,,,,,,,"wrist"
"IZTECH_S016","IZTECH_S016_w","2025-05-11 18:38:19",FALSE,0,32.56,8,912,7.6,3,0.025,67,0.558333,20.14,0.01,134,119,5e-04,0.0019,0.0015,0.0027,0.0035,0.0036,0.0045,0.0045,16.77,0.01,0,,,,,,,,,"wrist"
"IZTECH_S016","IZTECH_S016_w","2025-05-11 18:40:19",FALSE,0,32.56,8,2848,23.7333,74,0.616667,180,1.5,15.44,0,160,94,4e-04,0.0015,0.0012,0.0021,0.0027,0.0029,0.0035,0.0036,12.68,0.01,0,,,,,,,,,"wrist"
"IZTECH_S016","IZTECH_S016_w","2025-05-11 18:42:19",FALSE,0,32.56,8,2816,23.4667,42,0.35,187,1.55833,16.15,0,153,94,4e-04,0.0016,0.0012,0.0022,0.0028,0.0029,0.0036,0.0036,13.25,0.01,0,,,,,,,,,"wrist"
"IZTECH_S016","IZTECH_S016_w","2025-05-11 18:44:19",FALSE,0,32.5,8,386,3.21667,5,0.0416667,26,0.216667,15.97,0,176,94,4e-04,0.0015,0.0012,0.0022,0.0027,0.0029,0.0036,0.0036,13.29,0.01,0,,,,,,,,,"wrist"
"IZTECH_S016","IZTECH_S016_w","2025-05-11 18:46:19",FALSE,0,32.38,8,1171,9.75833,22,0.183333,74,0.616667,22.56,0.01,194,135,5e-04,0.0022,0.0016,0.003,0.0038,0.004,0.005,0.0046,19.04,0.01,0,,,,,,,,,"wrist"
"IZTECH_S016","IZTECH_S016_w","2025-05-11 18:48:19",FALSE,0,32.31,8,2839,23.6583,35,0.291667,205,1.70833,14.77,0.01,210,166,4e-04,0.0014,0.0011,0.002,0.0025,0.0027,0.0034,0.0035,12.27,0.01,0,,,,,,,,,"wrist"
"IZTECH_S016","IZTECH_S016_w","2025-05-11 18:50:19",FALSE,0,32.38,8,1263,10.525,8,0.0666667,90,0.75,17.05,0.01,146,94,5e-04,0.0016,0.0013,0.0023,0.0029,0.0032,0.004,0.0041,13.9,0.01,0,,,,,,,,,"wrist"
"IZTECH_S016","IZTECH_S016_w","2025-05-11 18:52:19",FALSE,0,32.31,8,2412,20.1,41,0.341667,171,1.425,19.48,0,205,106,5e-04,0.0019,0.0014,0.0026,0.0033,0.0035,0.0044,0.0042,16.2,0.01,0,,,,,,,,,"wrist"
"IZTECH_S016","IZTECH_S016_w","2025-05-11 18:54:19",FALSE,0,32.25,1,2935,24.4583,49,0.408333,188,1.56667,13.34,0,165,96,4e-04,0.0013,0.001,0.0018,0.0023,0.0024,0.0031,0.0031,11.02,0.01,0,,,,,,,,,"wrist"
"IZTECH_S016","IZTECH_S016_w","2025-05-11 18:56:19",FALSE,0,32.19,8,1211,10.0917,2,0.0166667,83,0.691667,19.98,0,195,98,5e-04,0.002,0.0014,0.0027,0.0034,0.0035,0.0044,0.0041,17.02,0.01,0,,,,,,,,,"wrist"
"IZTECH_S016","IZTECH_S016_w","2025-05-11 18:58:19",FALSE,0,32.06,1,1980,16.5,21,0.175,121,1.00833,14.22,0,211,150,3e-04,0.0014,9e-04,0.0018,0.0024,0.0026,0.0034,0.003,11.52,0.01,0,,,,,,,,,"wrist"
"IZTECH_S016","IZTECH_S016_w","2025-05-11 19:00:19",FALSE,0,32.38,16,6665,55.5417,163,1.35833,436,3.63333,9.55,0,138,128,3e-04,8e-04,8e-04,0.0013,0.0017,0.0018,0.0024,0.0026,7.62,0.01,0,,,,,,,,,"wrist"
"IZTECH_S016","IZTECH_S016_w","2025-05-11 19:02:19",FALSE,0,32.12,1,5190,43.25,143,1.19167,293,2.44167,6.87,0,192,151,3e-04,6e-04,6e-04,0.001,0.0012,0.0014,0.0018,0.0021,5.55,0.01,0,,,,,,,,,"wrist"
"IZTECH_S016","IZTECH_S016_w","2025-05-11 19:04:19",FALSE,0,32.06,1,2757,22.975,74,0.616667,122,1.01667,10.57,0.01,194,156,4e-04,9e-04,0.001,0.0016,0.0018,0.0021,0.0026,0.0031,8.89,0.01,0,,,,,,,,,"wrist"
"IZTECH_S016","IZTECH_S016_w","2025-05-11 19:06:19",FALSE,0,32,1,159,1.325,0,0,7,0.0583333,9.32,0,195,157,3e-04,9e-04,8e-04,0.0013,0.0016,0.0017,0.0022,0.0023,7.73,0.01,0,,,,,,,,,"wrist"
"IZTECH_S016","IZTECH_S016_w","2025-05-11 19:08:19",FALSE,0,32.69,16,2311,19.2583,44,0.366667,142,1.18333,9.78,0,133,106,3e-04,9e-04,8e-04,0.0014,0.0017,0.0019,0.0024,0.0027,7.96,0.01,0,,,,,,,,,"wrist"
"IZTECH_S016","IZTECH_S016_w","2025-05-11 19:10:19",FALSE,0,33.44,16,2650,22.0833,68,0.566667,144,1.2,3.57,0,128,95,1e-04,3e-04,4e-04,5e-04,6e-04,7e-04,0.001,0.0013,2.61,0,0,,,,,,,,,"wrist"
"IZTECH_S016","IZTECH_S016_w","2025-05-11 19:12:19",FALSE,0,33.81,16,1010,8.41667,14,0.116667,52,0.433333,8.09,0.01,128,99,4e-04,7e-04,8e-04,0.0013,0.0015,0.0017,0.0021,0.0028,6.42,0.01,0,,,,,,,,,"wrist"
"IZTECH_S016","IZTECH_S016_w","2025-05-11 19:14:19",FALSE,0,33.81,16,1709,14.2417,24,0.2,144,1.2,8.37,0.01,128,97,4e-04,7e-04,9e-04,0.0013,0.0015,0.0017,0.0022,0.0029,6.74,0.01,0,,,,,,,,,"wrist"
"IZTECH_S016","IZTECH_S016_w","2025-05-11 19:16:19",FALSE,0,33.62,16,3271,27.2583,64,0.533333,180,1.5,7.84,0.01,128,107,3e-04,6e-04,8e-04,0.0012,0.0014,0.0016,0.002,0.0027,6.38,0.01,0,,,,,,,,,"wrist"
"IZTECH_S016","IZTECH_S016_w","2025-05-11 19:18:19",FALSE,0,33.38,16,1953,16.275,34,0.283333,132,1.1,8.4,0.01,128,105,3e-04,7e-04,8e-04,0.0013,0.0015,0.0017,0.0022,0.0028,6.8,0.01,0,,,,,,,,,"wrist"
"IZTECH_S016","IZTECH_S016_w","2025-05-11 19:20:19",FALSE,0,33,8,1610,13.4167,21,0.175,104,0.866667,5.24,0,161,138,2e-04,5e-04,5e-04,8e-04,9e-04,0.001,0.0013,0.0016,4.25,0.01,0,,,,,,,,,"wrist"
"IZTECH_S016","IZTECH_S016_w","2025-05-11 19:22:19",FALSE,0,32.56,8,21693,180.775,680,5.66667,846,7.05,5.27,0,177,158,1e-04,4e-04,4e-04,7e-04,9e-04,0.001,0.0013,0.0014,3.85,0,0,,,,,,,,,"wrist"
"IZTECH_S016","IZTECH_S016_w","2025-05-11 19:24:19",FALSE,0,32.56,1,1828,15.2333,30,0.25,118,0.983333,12.44,0,140,150,2e-04,0.0013,8e-04,0.0016,0.0021,0.0021,0.0026,0.0022,10.71,0.01,0,,,,,,,,,"wrist"
"IZTECH_S016","IZTECH_S016_w","2025-05-11 19:26:19",FALSE,0,32.44,1,172,1.43333,0,0,9,0.075,18.78,0,128,128,3e-04,0.002,0.0012,0.0024,0.0032,0.0031,0.0039,0.0031,16.37,0.01,0,,,,,,,,,"wrist"
"IZTECH_S016","IZTECH_S016_w","2025-05-11 19:28:19",FALSE,0,32.38,1,286,2.38333,0,0,12,0.1,16.9,0,128,128,3e-04,0.0018,0.001,0.0022,0.0029,0.0028,0.0034,0.0028,14.63,0.01,0,,,,,,,,,"wrist"
"IZTECH_S016","IZTECH_S016_w","2025-05-11 19:30:19",FALSE,0,32.69,1,62,0.516667,0,0,3,0.025,16.56,0,128,122,3e-04,0.0017,0.001,0.0021,0.0028,0.0027,0.0034,0.0028,14.31,0.01,0,,,,,,,,,"wrist"
"IZTECH_S016","IZTECH_S016_w","2025-05-11 19:32:19",FALSE,0,33,1,74,0.616667,0,0,6,0.05,15.7,0,128,120,3e-04,0.0017,0.001,0.002,0.0027,0.0026,0.0032,0.0026,13.56,0.01,0,,,,,,,,,"wrist"
"IZTECH_S016","IZTECH_S016_w","2025-05-11 19:34:19",FALSE,0,33.25,1,249,2.075,0,0,11,0.0916667,14.74,0,128,118,2e-04,0.0015,9e-04,0.0019,0.0025,0.0025,0.003,0.0025,12.6,0.01,0,,,,,,,,,"wrist"
"IZTECH_S016","IZTECH_S016_w","2025-05-11 19:36:19",FALSE,0,32.94,1,2861,23.8417,70,0.583333,156,1.3,15.5,0,137,111,3e-04,0.0016,0.001,0.002,0.0026,0.0026,0.0032,0.0027,13.47,0.01,0,,,,,,,,,"wrist"
"IZTECH_S016","IZTECH_S016_w","2025-05-11 19:38:19",FALSE,0,32.88,1,1048,8.73333,8,0.0666667,63,0.525,14.25,0,143,134,3e-04,0.0016,9e-04,0.0019,0.0024,0.0023,0.0029,0.0024,12.74,0.01,0,,,,,,,,,"wrist"
"IZTECH_S016","IZTECH_S016_w","2025-05-11 19:40:19",FALSE,0,32.88,1,240,2,0,0,9,0.075,14.95,0,145,133,2e-04,0.0015,9e-04,0.0019,0.0025,0.0024,0.003,0.0024,12.75,0.01,0,,,,,,,,,"wrist"
"IZTECH_S016","IZTECH_S016_w","2025-05-11 19:42:19",FALSE,0,32.81,1,130,1.08333,0,0,2,0.0166667,14.46,0,142,130,2e-04,0.0015,8e-04,0.0018,0.0024,0.0024,0.003,0.0024,12.23,0.01,0,,,,,,,,,"wrist"
"IZTECH_S016","IZTECH_S016_w","2025-05-11 19:44:19",FALSE,0,32.75,1,128,1.06667,0,0,4,0.0333333,14.02,0,143,130,2e-04,0.0015,8e-04,0.0018,0.0024,0.0023,0.0028,0.0022,12.08,0.01,0,,,,,,,,,"wrist"
"IZTECH_S016","IZTECH_S016_w","2025-05-11 19:46:19",FALSE,0,32.81,1,155,1.29167,0,0,4,0.0333333,13.12,0,135,128,2e-04,0.0014,8e-04,0.0017,0.0022,0.0022,0.0027,0.0021,11.22,0.01,0,,,,,,,,,"wrist"
"IZTECH_S016","IZTECH_S016_w","2025-05-11 19:48:19",FALSE,0,32.31,1,12606,105.05,370,3.08333,705,5.875,7.28,0,163,138,2e-04,7e-04,6e-04,0.001,0.0013,0.0014,0.0018,0.0021,6,0.01,0,,,,,,,,,"wrist"
"IZTECH_S016","IZTECH_S016_w","2025-05-11 19:50:19",FALSE,0,32.31,8,7516,62.6333,190,1.58333,377,3.14167,11.8,0,150,134,3e-04,0.0012,9e-04,0.0016,0.002,0.002,0.0026,0.0025,10.47,0.01,0,,,,,,,,,"wrist"
"IZTECH_S016","IZTECH_S016_w","2025-05-11 19:52:19",FALSE,0,32.38,1,1219,10.1583,33,0.275,58,0.483333,10.98,0,162,135,2e-04,0.0011,6e-04,0.0014,0.0018,0.0018,0.0023,0.0018,9.23,0.01,0,,,,,,,,,"wrist"
"IZTECH_S016","IZTECH_S016_w","2025-05-11 19:54:19",FALSE,0,32.44,1,195,1.625,0,0,4,0.0333333,9.88,0,176,136,2e-04,0.001,6e-04,0.0013,0.0017,0.0016,0.002,0.0016,8.45,0.01,0,,,,,,,,,"wrist"
"IZTECH_S016","IZTECH_S016_w","2025-05-11 19:56:19",FALSE,0,32.56,1,856,7.13333,9,0.075,51,0.425,14.09,0,155,138,2e-04,0.0015,8e-04,0.0018,0.0024,0.0023,0.0029,0.0022,11.97,0.01,0,,,,,,,,,"wrist"
"IZTECH_S016","IZTECH_S016_w","2025-05-11 19:58:19",FALSE,0,32.69,1,2502,20.85,45,0.375,155,1.29167,12.02,0,148,136,2e-04,0.0014,8e-04,0.0017,0.002,0.0019,0.0024,0.0019,11.39,0.01,0,,,,,,,,,"wrist"
"IZTECH_S016","IZTECH_S016_w","2025-05-11 20:00:19",FALSE,0,32.38,1,9596,79.9667,264,2.2,468,3.9,14.5,0,186,134,3e-04,5e-04,7e-04,0.0014,0.0022,0.0034,0.0046,0.0039,6.9,0.01,0,,,,,,,,,"wrist"
"IZTECH_S016","IZTECH_S016_w","2025-05-11 20:02:19",FALSE,0,32.19,1,5350,44.5833,125,1.04167,283,2.35833,10.09,0,206,148,3e-04,0.001,8e-04,0.0014,0.0017,0.0017,0.0022,0.0024,9.15,0.01,0,,,,,,,,,"wrist"
"IZTECH_S016","IZTECH_S016_w","2025-05-11 20:04:19",FALSE,0,32,8,2235,18.625,32,0.266667,128,1.06667,11.02,0,212,158,2e-04,0.0012,7e-04,0.0015,0.0018,0.0018,0.0022,0.0017,10.17,0.01,0,,,,,,,,,"wrist"
"IZTECH_S016","IZTECH_S016_w","2025-05-11 20:06:19",FALSE,0,31.75,8,4269,35.575,82,0.683333,266,2.21667,2.05,0,209,166,0,2e-04,1e-04,3e-04,4e-04,3e-04,5e-04,5e-04,1.54,0,0,,,,,,,,,"wrist"
"IZTECH_S016","IZTECH_S016_w","2025-05-11 20:08:19",FALSE,0,32.25,8,3780,31.5,86,0.716667,212,1.76667,15.7,0,215,166,3e-04,0.0015,9e-04,0.0019,0.0027,0.0026,0.0033,0.0026,12.69,0.01,0,,,,,,,,,"wrist"
"IZTECH_S016","IZTECH_S016_w","2025-05-11 20:10:19",FALSE,0,32.12,1,7278,60.65,228,1.9,412,3.43333,0.9,0,180,106,0,1e-04,1e-04,1e-04,2e-04,2e-04,3e-04,5e-04,0.62,0,0,,,,,,,,,"wrist"
"IZTECH_S016","IZTECH_S016_w","2025-05-11 20:12:19",FALSE,0,31.88,1,3249,27.075,107,0.891667,185,1.54167,0.84,0,146,142,0,1e-04,1e-04,1e-04,2e-04,2e-04,3e-04,5e-04,0.5,0,0,,,,,,,,,"wrist"
"IZTECH_S016","IZTECH_S016_w","2025-05-11 20:14:19",FALSE,0,32.12,8,1600,13.3333,34,0.283333,85,0.708333,0.45,0,192,98,0,0,1e-04,1e-04,1e-04,1e-04,2e-04,3e-04,0.18,0,0,,,,,,,,,"wrist"
"IZTECH_S016","IZTECH_S016_w","2025-05-11 20:16:19",FALSE,0,32.12,8,5651,47.0917,167,1.39167,312,2.6,0.65,0,155,106,0,1e-04,1e-04,1e-04,1e-04,2e-04,3e-04,4e-04,0.48,0,0,,,,,,,,,"wrist"
"IZTECH_S016","IZTECH_S016_w","2025-05-11 20:18:19",FALSE,0,32.25,1,898,7.48333,18,0.15,58,0.483333,0.35,0,167,96,0,0,1e-04,1e-04,1e-04,1e-04,2e-04,3e-04,0.13,0,0,,,,,,,,,"wrist"
"IZTECH_S016","IZTECH_S016_w","2025-05-11 20:20:19",FALSE,0,32.69,16,941,7.84167,24,0.2,50,0.416667,0.17,0,129,92,0,0,0,0,0,0,1e-04,1e-04,0.07,0,0,,,,,,,,,"wrist"
"IZTECH_S016","IZTECH_S016_w","2025-05-11 20:22:19",FALSE,0,33.25,16,1110,9.25,19,0.158333,60,0.5,0,0,210,105,0,0,0,0,0,0,0,0,0,0,0,,,,,,,,,"wrist"
"IZTECH_S016","IZTECH_S016_w","2025-05-11 20:24:19",FALSE,0,33.38,8,1745,14.5417,57,0.475,86,0.716667,0,0,192,97,0,0,0,0,0,0,1e-04,1e-04,0,0,0,,,,,,,,,"wrist"
"IZTECH_S016","IZTECH_S016_w","2025-05-11 20:26:19",FALSE,0,33.06,8,1706,14.2167,45,0.375,93,0.775,0,0,144,107,0,0,0,0,0,0,0,0,0,0,0,,,,,,,,,"wrist"
"IZTECH_S016","IZTECH_S016_w","2025-05-11 20:28:19",FALSE,0,32.88,1,1901,15.8417,45,0.375,124,1.03333,0,0,150,109,0,0,0,0,0,0,0,0,0,0,0,,,,,,,,,"wrist"
"IZTECH_S016","IZTECH_S016_w","2025-05-11 20:30:19",FALSE,0,32.69,1,34,0.283333,0,0,1,0.00833333,0,0,152,107,0,0,0,0,0,0,0,0,0,0,0,,,,,,,,,"wrist"
"IZTECH_S016","IZTECH_S016_w","2025-05-11 20:32:19",FALSE,0,32.62,8,3483,29.025,110,0.916667,180,1.5,0,0,199,158,0,0,0,0,0,0,0,0,0,0,0,,,,,,,,,"wrist"
"IZTECH_S016","IZTECH_S016_w","2025-05-11 20:34:19",FALSE,0,32.81,16,1803,15.025,37,0.308333,112,0.933333,0,0,132,130,0,0,0,0,0,0,0,0,0,0,0,,,,,,,,,"wrist"
"IZTECH_S016","IZTECH_S016_w","2025-05-11 20:36:19",FALSE,0,32.44,8,3072,25.6,59,0.491667,185,1.54167,0,0,178,147,0,0,0,0,0,0,0,0,0,0,0,,,,,,,,,"wrist"
"IZTECH_S016","IZTECH_S016_w","2025-05-11 20:38:19",FALSE,0,32.31,8,1788,14.9,30,0.25,111,0.925,0,0,172,155,0,0,0,0,0,0,0,0,0,0,0,,,,,,,,,"wrist"
"IZTECH_S016","IZTECH_S016_w","2025-05-11 20:40:19",FALSE,0,32.38,8,4983,41.525,155,1.29167,204,1.7,0,0,202,151,0,0,0,0,0,0,0,0,0,0,0,,,,,,,,,"wrist"
"IZTECH_S016","IZTECH_S016_w","2025-05-11 20:42:19",FALSE,0,32.44,16,7016,58.4667,212,1.76667,416,3.46667,24.95,0,150,134,3e-04,0.0014,0.0015,0.0029,0.0041,0.0047,0.0038,0.0021,18.41,0.01,0,,,,,,,,,"wrist"
"IZTECH_S016","IZTECH_S016_w","2025-05-11 20:44:19",FALSE,0,32.38,4,15195,126.625,568,4.73333,645,5.375,14.68,0,213,153,2e-04,8e-04,9e-04,0.0017,0.0024,0.0028,0.0024,0.0014,10.64,0.01,0,,,,,,,,,"wrist"
"IZTECH_S016","IZTECH_S016_w","2025-05-11 20:46:19",FALSE,0,32,16,13558,112.983,464,3.86667,516,4.3,13.61,0,203,140,2e-04,5e-04,6e-04,0.0013,0.0021,0.0031,0.004,0.0032,6.69,0.01,0,,,,,,,,,"wrist"
"IZTECH_S016","IZTECH_S016_w","2025-05-11 20:48:19",FALSE,0,32.06,1,5652,47.1,168,1.4,257,2.14167,0.01,0,193,144,0,0,0,0,0,0,0,0,0,0,0,,,,,,,,,"wrist"
"IZTECH_S016","IZTECH_S016_w","2025-05-11 20:50:19",FALSE,0,32,1,0,0,0,0,0,0,0.08,0,196,142,0,0,0,0,0,0,1e-04,0,0,0,0,,,,,,,,,"wrist"
"IZTECH_S016","IZTECH_S016_w","2025-05-11 20:52:19",FALSE,0,31.94,1,97,0.808333,0,0,5,0.0416667,0.14,0,192,142,0,0,0,0,0,1e-04,1e-04,0,0,0,0,,,,,,,,,"wrist"
"IZTECH_S016","IZTECH_S016_w","2025-05-11 20:54:19",FALSE,0,31.94,1,12,0.1,0,0,1,0.00833333,0.21,0,180,128,0,0,0,0,0,0,1e-04,0,0.08,0,0,,,,,,,,,"wrist"
"IZTECH_S016","IZTECH_S016_w","2025-05-11 20:56:19",FALSE,0,31.81,1,1245,10.375,18,0.15,59,0.491667,0.11,0,188,155,0,0,0,0,0,1e-04,1e-04,0,0,0,0,,,,,,,,,"wrist"
"IZTECH_S016","IZTECH_S016_w","2025-05-11 20:58:19",FALSE,0,32.06,1,808,6.73333,16,0.133333,51,0.425,0.01,0,198,143,0,0,0,0,0,0,0,0,0,0,0,,,,,,,,,"wrist"
"IZTECH_S016","IZTECH_S016_w","2025-05-11 21:00:19",FALSE,0,32.12,1,4048,33.7333,124,1.03333,221,1.84167,0,0,216,166,0,1e-04,0,0,0,0,0,0,0.1,0,0,,,,,,,,,"wrist"
"IZTECH_S016","IZTECH_S016_w","2025-05-11 21:02:19",FALSE,0,32.38,16,7554,62.95,232,1.93333,322,2.68333,0,0,157,94,0,0,0,0,0,0,0,0,0,0,0,,,,,,,,,"wrist"
"IZTECH_S016","IZTECH_S016_w","2025-05-11 21:04:19",FALSE,0,32.25,1,9577,79.8083,292,2.43333,304,2.53333,0.1,0,178,94,0,0,0,0,0,0,1e-04,0,0.02,0,0,,,,,,,,,"wrist"
"IZTECH_S016","IZTECH_S016_w","2025-05-11 21:06:19",FALSE,0,32.19,8,3996,33.3,124,1.03333,178,1.48333,0.14,0,192,99,0,1e-04,0,0,0,0,1e-04,0,0.18,0,0,,,,,,,,,"wrist"
"IZTECH_S016","IZTECH_S016_w","2025-05-11 21:08:19",FALSE,0,32,2,2371,19.7583,58,0.483333,119,0.991667,0.09,0,206,122,0,0,0,0,0,0,0,0,0.06,0,0,,,,,,,,,"wrist"
"IZTECH_S016","IZTECH_S016_w","2025-05-11 21:10:19",FALSE,0,31.88,2,503,4.19167,20,0.166667,24,0.2,0,0,182,130,0,0,0,0,0,0,0,0,0,0,0,,,,,,,,,"wrist"
"IZTECH_S016","IZTECH_S016_w","2025-05-11 21:12:19",FALSE,0,31.44,16,3545,29.5417,128,1.06667,164,1.36667,0,0,202,162,0,0,0,0,0,0,0,0,0,0,0,,,,,,,,,"wrist"
"IZTECH_S016","IZTECH_S016_w","2025-05-11 21:14:19",FALSE,0,31.5,16,5402,45.0167,165,1.375,202,1.68333,0,0,199,162,0,0,0,0,0,0,0,0,0.04,0,0,,,,,,,,,"wrist"
"IZTECH_S016","IZTECH_S016_w","2025-05-11 21:16:19",FALSE,0,32.12,16,14146,117.883,487,4.05833,589,4.90833,0,0,192,155,0,0,0,0,0,0,0,0,0.11,0,0,,,,,,,,,"wrist"
"IZTECH_S016","IZTECH_S016_w","2025-05-11 21:18:19",FALSE,0,32.38,1,3596,29.9667,120,1,189,1.575,0,0,132,99,0,0,0,0,0,0,0,0,0,0,0,,,,,,,,,"wrist"
"IZTECH_S016","IZTECH_S016_w","2025-05-11 21:20:19",FALSE,0,32.56,1,2424,20.2,75,0.625,96,0.8,0,0,131,96,0,0,0,0,0,0,0,0,0,0,0,,,,,,,,,"wrist"
"IZTECH_S016","IZTECH_S016_w","2025-05-11 21:22:19",FALSE,0,32.5,1,79,0.658333,0,0,6,0.05,0,0,134,95,0,0,0,0,0,0,0,0,0,0,0,,,,,,,,,"wrist"
"IZTECH_S016","IZTECH_S016_w","2025-05-11 21:24:19",FALSE,0,32.06,8,1833,15.275,53,0.441667,99,0.825,0,0,163,132,0,0,0,0,0,0,0,0,0,0,0,,,,,,,,,"wrist"
"IZTECH_S016","IZTECH_S016_w","2025-05-11 21:26:19",FALSE,0,32.38,1,24147,201.225,766,6.38333,700,5.83333,0,0,128,114,0,0,0,0,0,0,0,0,0,0,0,,,,,,,,,"wrist"
"IZTECH_S016","IZTECH_S016_w","2025-05-11 21:28:19",FALSE,0,32.44,4,6765,56.375,195,1.625,178,1.48333,0,0,156,133,0,0,0,0,0,0,0,0,0,0,0,,,,,,,,,"wrist"
"IZTECH_S016","IZTECH_S016_w","2025-05-11 21:30:19",FALSE,0,32.69,32,4286,35.7167,131,1.09167,140,1.16667,0,0,128,102,0,0,0,0,0,0,0,0,0,0,0,,,,,,,,,"wrist"
"IZTECH_S016","IZTECH_S016_w","2025-05-11 21:32:19",FALSE,0,32.62,8,732,6.1,25,0.208333,27,0.225,0,0,128,102,0,0,0,0,0,0,0,0,0,0,0,,,,,,,,,"wrist"
"IZTECH_S016","IZTECH_S016_w","2025-05-11 21:34:19",FALSE,0,32.56,16,3421,28.5083,98,0.816667,194,1.61667,0,0,124,95,0,0,0,0,0,0,0,0,0,0,0,,,,,,,,,"wrist"
"IZTECH_S016","IZTECH_S016_w","2025-05-11 21:36:19",FALSE,0,32.56,16,55,0.458333,0,0,8,0.0666667,0,0,125,95,0,0,0,0,0,0,0,0,0,0,0,,,,,,,,,"wrist"
"IZTECH_S016","IZTECH_S016_w","2025-05-11 21:38:19",FALSE,0,32.62,16,1383,11.525,43,0.358333,60,0.5,0.05,0,128,94,0,0,0,0,0,0,1e-04,0,0,0,0,,,,,,,,,"wrist"
"IZTECH_S016","IZTECH_S016_w","2025-05-11 21:40:19",FALSE,0,32.69,16,1847,15.3917,50,0.416667,133,1.10833,0,0,132,94,0,0,0,0,0,0,0,0,0,0,0,,,,,,,,,"wrist"
"IZTECH_S016","IZTECH_S016_w","2025-05-11 21:42:19",FALSE,0,32.44,16,3923,32.6917,151,1.25833,158,1.31667,0.03,0,222,167,0,0,0,0,0,0,1e-04,0,0,0,0,,,,,,,,,"wrist"
"IZTECH_S016","IZTECH_S016_w","2025-05-11 21:44:19",FALSE,0,32.06,8,3941,32.8417,143,1.19167,168,1.4,0.15,0,214,163,0,0,0,0,0,1e-04,1e-04,1e-04,0,0,0,,,,,,,,,"wrist"
"IZTECH_S016","IZTECH_S016_w","2025-05-11 21:46:19",FALSE,0,31.69,16,1280,10.6667,42,0.35,75,0.625,0.12,0,217,162,0,0,0,0,0,1e-04,1e-04,0,0,0,0,,,,,,,,,"wrist"
"IZTECH_S016","IZTECH_S016_w","2025-05-11 21:48:19",FALSE,0,32,8,1918,15.9833,28,0.233333,130,1.08333,0.84,0,208,146,0,1e-04,0,1e-04,2e-04,2e-04,2e-04,1e-04,0.67,0,0,,,,,,,,,"wrist"
"IZTECH_S016","IZTECH_S016_w","2025-05-11 21:50:19",FALSE,0,32.06,16,9678,80.65,304,2.53333,435,3.625,2.47,0,190,146,0,1e-04,1e-04,2e-04,4e-04,6e-04,9e-04,7e-04,0.88,0,0,,,,,,,,,"wrist"
"IZTECH_S016","IZTECH_S016_w","2025-05-11 21:52:19",FALSE,0,32.5,4,11213,93.4417,267,2.225,620,5.16667,12.54,0.01,128,96,4e-04,6e-04,7e-04,0.0014,0.002,0.0032,0.0044,0.0043,5.66,0.01,0,,,,,,,,,"wrist"
"IZTECH_S016","IZTECH_S016_w","2025-05-11 21:54:19",FALSE,0,32.56,1,11783,98.1917,325,2.70833,611,5.09167,46.32,0,141,128,7e-04,0.0014,0.0018,0.004,0.0071,0.0111,0.0151,0.0124,19.63,0.02,0,,,,,,,,,"wrist"
"IZTECH_S016","IZTECH_S016_w","2025-05-11 21:56:19",FALSE,0,32.19,1,4764,39.7,98,0.816667,283,2.35833,8.87,0,189,102,1e-04,3e-04,3e-04,8e-04,0.0014,0.0021,0.0029,0.0024,3.69,0,0,,,,,,,,,"wrist"
"IZTECH_S016","IZTECH_S016_w","2025-05-11 21:58:19",FALSE,0,32.19,1,891,7.425,30,0.25,79,0.658333,14.81,0,180,128,2e-04,8e-04,9e-04,0.0016,0.0025,0.0028,0.0024,0.0014,10.46,0.01,0,,,,,,,,,"wrist"
"IZTECH_S016","IZTECH_S016_w","2025-05-11 22:00:19",FALSE,0,32.44,1,296,2.46667,0,0,46,0.383333,4.19,0,184,94,0,2e-04,2e-04,5e-04,7e-04,8e-04,7e-04,4e-04,2.79,0,0,,,,,,,,,"wrist"
"IZTECH_S016","IZTECH_S016_w","2025-05-11 22:02:19",FALSE,0,32.56,1,252,2.1,2,0.0166667,19,0.158333,23.2,0,180,94,2e-04,0.0014,0.0015,0.0026,0.0038,0.0043,0.0036,0.0021,17.65,0.01,0,,,,,,,,,"wrist"
"IZTECH_S016","IZTECH_S016_w","2025-05-11 22:04:19",FALSE,0,32.5,1,4202,35.0167,161,1.34167,202,1.68333,27.97,0,192,98,3e-04,0.0016,0.0019,0.0032,0.0046,0.0052,0.0043,0.0025,21.52,0.01,0,,,,,,,,,"wrist"
"IZTECH_S016","IZTECH_S016_w","2025-05-11 22:06:19",FALSE,0,32.25,1,1411,11.7583,37,0.308333,84,0.7,27.53,0,198,144,3e-04,0.0016,0.0019,0.0031,0.0045,0.0051,0.0042,0.0024,21.36,0.01,0,,,,,,,,,"wrist"
"IZTECH_S016","IZTECH_S016_w","2025-05-11 22:08:19",FALSE,0,32.19,1,1870,15.5833,55,0.458333,119,0.991667,21.85,0,204,162,2e-04,0.0013,0.0015,0.0025,0.0036,0.0041,0.0034,0.002,16.83,0.01,0,,,,,,,,,"wrist"
"IZTECH_S016","IZTECH_S016_w","2025-05-11 22:10:19",FALSE,0,32.38,8,1837,15.3083,40,0.333333,125,1.04167,19.42,0,184,102,2e-04,0.0011,0.0014,0.0022,0.0032,0.0037,0.003,0.0017,14.98,0.01,0,,,,,,,,,"wrist"
"IZTECH_S016","IZTECH_S016_w","2025-05-11 22:12:19",FALSE,0,32.31,8,830,6.91667,13,0.108333,37,0.308333,22.66,0,199,130,3e-04,0.0013,0.0016,0.0026,0.0037,0.0043,0.0035,0.002,17.59,0.01,0,,,,,,,,,"wrist"
"IZTECH_S016","IZTECH_S016_w","2025-05-11 22:14:19",FALSE,0,32.25,1,2904,24.2,69,0.575,156,1.3,15.83,0,169,102,2e-04,9e-04,0.0011,0.0018,0.0026,0.003,0.0025,0.0014,11.99,0.01,0,,,,,,,,,"wrist"
"IZTECH_S016","IZTECH_S016_w","2025-05-11 22:16:19",FALSE,0,32.19,1,3863,32.1917,58,0.483333,273,2.275,21.84,0,203,152,2e-04,0.0013,0.0016,0.0025,0.0036,0.0041,0.0034,0.002,17.02,0.01,0,,,,,,,,,"wrist"
"IZTECH_S016","IZTECH_S016_w","2025-05-11 22:18:19",FALSE,0,32.25,8,3514,29.2833,77,0.641667,165,1.375,22.85,0,173,98,3e-04,0.0014,0.0017,0.0027,0.0037,0.0043,0.0035,0.002,18.13,0.01,0,,,,,,,,,"wrist"
"IZTECH_S016","IZTECH_S016_w","2025-05-11 22:20:19",FALSE,0,32.19,8,2177,18.1417,47,0.391667,134,1.11667,19.79,0,183,117,2e-04,0.0011,0.0014,0.0022,0.0033,0.0037,0.0031,0.0018,15.28,0.01,0,,,,,,,,,"wrist"
"IZTECH_S016","IZTECH_S016_w","2025-05-11 22:22:19",FALSE,0,32.25,1,2226,18.55,39,0.325,146,1.21667,17.51,0,197,131,2e-04,0.001,0.0012,0.002,0.0029,0.0033,0.0027,0.0016,13.61,0.01,0,,,,,,,,,"wrist"
"IZTECH_S016","IZTECH_S016_w","2025-05-11 22:24:19",FALSE,0,32.12,8,703,5.85833,15,0.125,39,0.325,25.81,0,204,138,3e-04,0.0015,0.0019,0.003,0.0043,0.0048,0.0039,0.0022,20.39,0.01,0,,,,,,,,,"wrist"
"IZTECH_S016","IZTECH_S016_w","2025-05-11 22:26:19",FALSE,0,31.94,1,2230,18.5833,60,0.5,109,0.908333,25.12,0,150,98,3e-04,0.0015,0.0018,0.0029,0.0041,0.0047,0.0038,0.0022,19.7,0.01,0,,,,,,,,,"wrist"
"IZTECH_S016","IZTECH_S016_w","2025-05-11 22:28:19",FALSE,0,32,8,1163,9.69167,18,0.15,57,0.475,23.21,0,166,94,3e-04,0.0014,0.0017,0.0027,0.0038,0.0043,0.0036,0.002,18.27,0.01,0,,,,,,,,,"wrist"
"IZTECH_S016","IZTECH_S016_w","2025-05-11 22:30:19",FALSE,0,31.94,8,2164,18.0333,54,0.45,139,1.15833,20.73,0,209,144,2e-04,0.0012,0.0015,0.0024,0.0034,0.0039,0.0032,0.0018,16.26,0.01,0,,,,,,,,,"wrist"
"IZTECH_S016","IZTECH_S016_w","2025-05-11 22:32:19",FALSE,0,32.19,8,1183,9.85833,30,0.25,60,0.5,24.44,0,183,130,3e-04,0.0014,0.0017,0.0028,0.004,0.0046,0.0037,0.0021,19.06,0.01,0,,,,,,,,,"wrist"
"IZTECH_S016","IZTECH_S016_w","2025-05-11 22:34:19",FALSE,0,32.31,8,757,6.30833,9,0.075,50,0.416667,23.33,0,149,94,3e-04,0.0014,0.0017,0.0027,0.0038,0.0044,0.0036,0.002,18.38,0.01,0,,,,,,,,,"wrist"
"IZTECH_S016","IZTECH_S016_w","2025-05-11 22:36:19",FALSE,0,32.19,8,2153,17.9417,58,0.483333,120,1,18.74,0,149,138,2e-04,0.0011,0.0013,0.0021,0.0031,0.0035,0.0029,0.0017,14.42,0.01,0,,,,,,,,,"wrist"
"IZTECH_S016","IZTECH_S016_w","2025-05-11 22:38:19",FALSE,0,32.19,1,1208,10.0667,29,0.241667,59,0.491667,12.83,0,173,118,1e-04,7e-04,9e-04,0.0014,0.0021,0.0024,0.002,0.0012,9.57,0,0,,,,,,,,,"wrist"
"IZTECH_S016","IZTECH_S016_w","2025-05-11 22:40:19",FALSE,0,32.19,1,953,7.94167,33,0.275,44,0.366667,20.65,0,181,138,2e-04,0.0012,0.0015,0.0024,0.0034,0.0039,0.0032,0.0018,16.02,0.01,0,,,,,,,,,"wrist"
"IZTECH_S016","IZTECH_S016_w","2025-05-11 22:42:19",FALSE,0,32.25,1,3060,25.5,87,0.725,130,1.08333,15.01,0,184,96,2e-04,8e-04,0.0011,0.0017,0.0025,0.0028,0.0023,0.0013,11.41,0.01,0,,,,,,,,,"wrist"
"IZTECH_S016","IZTECH_S016_w","2025-05-11 22:44:19",FALSE,0,32.12,8,1835,15.2917,40,0.333333,96,0.8,19.16,0,220,162,2e-04,0.0011,0.0014,0.0022,0.0031,0.0036,0.003,0.0017,14.99,0.01,0,,,,,,,,,"wrist"
"IZTECH_S016","IZTECH_S016_w","2025-05-11 22:46:19",FALSE,0,31.94,8,9556,79.6333,294,2.45,429,3.575,11.35,0,204,146,1e-04,6e-04,8e-04,0.0013,0.0019,0.0022,0.0018,0.001,8.4,0,0,,,,,,,,,"wrist"
"IZTECH_S016","IZTECH_S016_w","2025-05-11 22:48:19",FALSE,0,31.75,1,13373,111.442,378,3.15,610,5.08333,12,0,205,148,1e-04,6e-04,8e-04,0.0013,0.002,0.0023,0.002,0.0012,8.46,0,0,,,,,,,,,"wrist"
"IZTECH_S016","IZTECH_S016_w","2025-05-11 22:50:19",FALSE,0,31.5,32,5001,41.675,154,1.28333,245,2.04167,19.46,0,179,154,3e-04,0.0014,0.0012,0.0022,0.0033,0.0035,0.0028,0.0016,15.09,0.01,0,,,,,,,,,"wrist"
"IZTECH_S016","IZTECH_S016_w","2025-05-11 22:52:19",FALSE,0,31.75,8,458,3.81667,7,0.0583333,24,0.2,83.43,0,208,146,0.0019,0.0085,0.0043,0.0101,0.0143,0.0141,0.0103,0.0055,72.26,0.03,0,,,,,,,,,"wrist"
"IZTECH_S016","IZTECH_S016_w","2025-05-11 22:54:19",FALSE,0,31.62,8,5650,47.0833,181,1.50833,260,2.16667,9.65,0,207,152,1e-04,8e-04,6e-04,0.0012,0.0016,0.0018,0.0015,9e-04,8.26,0,0,,,,,,,,,"wrist"
"IZTECH_S016","IZTECH_S016_w","2025-05-11 22:56:19",FALSE,0,31.75,8,268,2.23333,0,0,10,0.0833333,8.23,0,198,130,0,5e-04,5e-04,9e-04,0.0013,0.0016,0.0014,8e-04,5.83,0,0,,,,,,,,,"wrist"
"IZTECH_S016","IZTECH_S016_w","2025-05-11 22:58:19",FALSE,0,31.81,8,713,5.94167,0,0,40,0.333333,8.34,0,204,134,1e-04,5e-04,5e-04,9e-04,0.0014,0.0016,0.0014,8e-04,5.98,0,0,,,,,,,,,"wrist"
"IZTECH_S016","IZTECH_S016_w","2025-05-11 23:00:19",FALSE,0,31.94,16,1823,15.1917,38,0.316667,107,0.891667,12.71,0,165,98,1e-04,8e-04,9e-04,0.0014,0.0021,0.0024,0.0021,0.0012,9.66,0.01,0,,,,,,,,,"wrist"
"IZTECH_S016","IZTECH_S016_w","2025-05-11 23:02:19",FALSE,0,32,16,78,0.65,0,0,6,0.05,11.45,0,165,94,1e-04,7e-04,8e-04,0.0013,0.0019,0.0022,0.0018,0.001,8.66,0,0,,,,,,,,,"wrist"
"IZTECH_S016","IZTECH_S016_w","2025-05-11 23:04:19",FALSE,0,31.94,16,8,0.0666667,0,0,1,0.00833333,11.49,0,163,94,1e-04,7e-04,8e-04,0.0013,0.0019,0.0022,0.0018,0.001,8.63,0,0,,,,,,,,,"wrist"
"IZTECH_S016","IZTECH_S016_w","2025-05-11 23:06:19",FALSE,0,31.38,16,1208,10.0667,27,0.225,78,0.65,9.87,0,170,138,1e-04,6e-04,7e-04,0.0011,0.0016,0.0019,0.0016,9e-04,7.41,0,0,,,,,,,,,"wrist"
"IZTECH_S016","IZTECH_S016_w","2025-05-11 23:08:19",FALSE,0,31.25,16,1119,9.325,27,0.225,63,0.525,8.3,0,185,138,1e-04,5e-04,6e-04,9e-04,0.0014,0.0016,0.0014,8e-04,6.13,0,0,,,,,,,,,"wrist"
"IZTECH_S016","IZTECH_S016_w","2025-05-11 23:10:19",FALSE,0,31.31,16,609,5.075,7,0.0583333,40,0.333333,9.34,0,192,134,1e-04,5e-04,6e-04,0.001,0.0015,0.0018,0.0016,9e-04,6.74,0,0,,,,,,,,,"wrist"
"IZTECH_S016","IZTECH_S016_w","2025-05-11 23:12:19",FALSE,0,31.69,16,2084,17.3667,48,0.4,145,1.20833,9.95,0,182,100,1e-04,6e-04,7e-04,0.0011,0.0016,0.0019,0.0017,0.001,7.27,0,0,,,,,,,,,"wrist"
"IZTECH_S016","IZTECH_S016_w","2025-05-11 23:14:19",FALSE,0,31.56,16,6053,50.4417,188,1.56667,265,2.20833,10.66,0,192,138,1e-04,6e-04,7e-04,0.0012,0.0017,0.002,0.0017,0.001,8.01,0,0,,,,,,,,,"wrist"
"IZTECH_S016","IZTECH_S016_w","2025-05-11 23:16:19",FALSE,0,31,2,3135,26.125,78,0.65,165,1.375,8.07,0,224,164,1e-04,4e-04,5e-04,9e-04,0.0013,0.0016,0.0013,7e-04,5.85,0,0,,,,,,,,,"wrist"
"IZTECH_S016","IZTECH_S016_w","2025-05-11 23:18:19",FALSE,0,30.81,32,353,2.94167,4,0.0333333,28,0.233333,0.47,0,221,165,0,0,0,0,1e-04,1e-04,1e-04,1e-04,0.07,0,0,,,,,,,,,"wrist"
"IZTECH_S016","IZTECH_S016_w","2025-05-11 23:20:19",FALSE,0,30.62,32,30,0.25,0,0,1,0.00833333,0.1,0,224,172,0,0,0,0,0,0,0,0,0,0,0,,,,,,,,,"wrist"
"IZTECH_S016","IZTECH_S016_w","2025-05-11 23:22:19",FALSE,0,31.56,32,1867,15.5583,62,0.516667,105,0.875,0.02,0,213,150,0,0,0,0,0,0,0,0,0,0,0,,,,,,,,,"wrist"
"IZTECH_S016","IZTECH_S016_w","2025-05-11 23:24:19",FALSE,0,31.88,16,4719,39.325,140,1.16667,321,2.675,0.09,0,211,142,0,0,0,0,0,0,1e-04,0,0,0,0,,,,,,,,,"wrist"
"IZTECH_S016","IZTECH_S016_w","2025-05-11 23:26:19",FALSE,0,31.94,16,2983,24.8583,102,0.85,172,1.43333,0.09,0,192,106,0,0,0,0,0,0,1e-04,0,0,0,0,,,,,,,,,"wrist"
"IZTECH_S016","IZTECH_S016_w","2025-05-11 23:28:19",FALSE,0,32.06,8,2754,22.95,79,0.658333,136,1.13333,0.01,0,198,138,0,0,0,0,0,0,0,0,0,0,0,,,,,,,,,"wrist"
"IZTECH_S016","IZTECH_S016_w","2025-05-11 23:30:19",FALSE,0,32.06,8,235,1.95833,5,0.0416667,16,0.133333,0,0,198,134,0,0,0,0,0,0,0,0,0,0,0,,,,,,,,,"wrist"
"IZTECH_S016","IZTECH_S016_w","2025-05-11 23:32:19",FALSE,0,32,8,1237,10.3083,26,0.216667,60,0.5,0.01,0,163,94,0,0,0,0,0,0,0,0,0,0,0,,,,,,,,,"wrist"
"IZTECH_S016","IZTECH_S016_w","2025-05-11 23:34:19",FALSE,0,31.69,8,113,0.941667,0,0,7,0.0583333,0,0,209,146,0,0,0,0,0,0,0,0,0,0,0,,,,,,,,,"wrist"
"IZTECH_S016","IZTECH_S016_w","2025-05-11 23:36:19",FALSE,0,31.56,8,380,3.16667,5,0.0416667,40,0.333333,0,0,209,146,0,0,0,0,0,0,0,0,0,0,0,,,,,,,,,"wrist"
"IZTECH_S016","IZTECH_S016_w","2025-05-11 23:38:19",FALSE,0,31.56,8,2115,17.625,55,0.458333,94,0.783333,0.03,0,190,134,0,0,0,0,0,0,0,0,0,0,0,,,,,,,,,"wrist"
"IZTECH_S016","IZTECH_S016_w","2025-05-11 23:40:19",FALSE,0,31.56,8,1191,9.925,37,0.308333,48,0.4,0,0,206,144,0,0,0,0,0,0,0,0,0,0,0,,,,,,,,,"wrist"
"IZTECH_S016","IZTECH_S016_w","2025-05-11 23:42:19",FALSE,0,31.56,1,3401,28.3417,99,0.825,188,1.56667,0,0,204,139,0,0,0,0,0,0,0,0,0,0,0,,,,,,,,,"wrist"
"IZTECH_S016","IZTECH_S016_w","2025-05-11 23:44:19",FALSE,0,31.5,1,2452,20.4333,71,0.591667,186,1.55,0,0,172,116,0,0,0,0,0,0,0,0,0,0,0,,,,,,,,,"wrist"
"IZTECH_S016","IZTECH_S016_w","2025-05-11 23:46:19",FALSE,0,31.19,16,3049,25.4083,68,0.566667,173,1.44167,0.08,0,201,154,0,0,0,0,0,0,0,0,0.05,0,0,,,,,,,,,"wrist"
"IZTECH_S016","IZTECH_S016_w","2025-05-11 23:48:19",FALSE,0,30.88,4,7058,58.8167,194,1.61667,384,3.2,1.23,0,204,158,0,0,0,1e-04,2e-04,3e-04,4e-04,2e-04,0.2,0,0,,,,,,,,,"wrist"
"IZTECH_S016","IZTECH_S016_w","2025-05-11 23:50:19",FALSE,0,31.12,4,5541,46.175,161,1.34167,277,2.30833,0.34,0,200,146,0,0,0,0,1e-04,1e-04,1e-04,1e-04,0,0,0,,,,,,,,,"wrist"
"IZTECH_S016","IZTECH_S016_w","2025-05-11 23:52:19",FALSE,0,31.31,8,1109,9.24167,22,0.183333,64,0.533333,0.65,0,199,138,0,1e-04,0,1e-04,1e-04,1e-04,2e-04,1e-04,0.53,0,0,,,,,,,,,"wrist"
"IZTECH_S016","IZTECH_S016_w","2025-05-11 23:54:19",FALSE,0,31.38,8,1541,12.8417,24,0.2,104,0.866667,0.84,0,199,120,0,1e-04,0,1e-04,2e-04,1e-04,2e-04,1e-04,0.7,0,0,,,,,,,,,"wrist"
"IZTECH_S016","IZTECH_S016_w","2025-05-11 23:56:19",FALSE,0,31.38,8,851,7.09167,0,0,56,0.466667,0.55,0,209,150,0,1e-04,0,1e-04,1e-04,1e-04,2e-04,1e-04,0.17,0,0,,,,,,,,,"wrist"
"IZTECH_S016","IZTECH_S016_w","2025-05-11 23:58:19",FALSE,0,31.62,8,1875,15.625,23,0.191667,120,1,0.48,0,190,123,0,0,0,1e-04,1e-04,1e-04,1e-04,1e-04,0.22,0,0,,,,,,,,,"wrist"
"IZTECH_S016","IZTECH_S016_w","2025-05-12 00:00:19",FALSE,0,31.19,16,1991,16.5917,59,0.491667,107,0.891667,0.06,0,128,161,0,0,0,0,0,0,1e-04,0,0.01,0,0,,,,,,,,,"wrist"
"IZTECH_S016","IZTECH_S016_w","2025-05-12 00:02:19",FALSE,0,31.56,16,0,0,0,0,0,0,0,0,128,161,0,0,0,0,0,0,0,0,0,0,0,,,,,,,,,"wrist"
"IZTECH_S016","IZTECH_S016_w","2025-05-12 00:04:19",FALSE,0,32.25,16,1272,10.6,38,0.316667,71,0.591667,0,0,187,117,0,0,0,0,0,0,0,0,0,0,0,,,,,,,,,"wrist"
"IZTECH_S016","IZTECH_S016_w","2025-05-12 00:06:19",FALSE,0,32.06,2,1545,12.875,42,0.35,94,0.783333,0,0,215,154,0,0,0,0,0,0,0,0,0,0,0,,,,,,,,,"wrist"
"IZTECH_S016","IZTECH_S016_w","2025-05-12 00:08:19",FALSE,0,32.31,16,5230,43.5833,163,1.35833,272,2.26667,0,0,125,94,0,0,0,0,0,0,0,0,0,0,0,,,,,,,,,"wrist"
"IZTECH_S016","IZTECH_S016_w","2025-05-12 00:10:19",FALSE,0,32.31,2,0,0,0,0,0,0,0,0,124,93,0,0,0,0,0,0,0,0,0,0,0,,,,,,,,,"wrist"
"IZTECH_S016","IZTECH_S016_w","2025-05-12 00:12:19",FALSE,0,32.31,2,1984,16.5333,62,0.516667,87,0.725,0,0,160,112,0,0,0,0,0,0,0,0,0,0,0,,,,,,,,,"wrist"
"IZTECH_S016","IZTECH_S016_w","2025-05-12 00:14:19",FALSE,0,31.94,2,692,5.76667,15,0.125,66,0.55,0,0,214,166,0,0,0,0,0,0,0,0,0,0,0,,,,,,,,,"wrist"
"IZTECH_S016","IZTECH_S016_w","2025-05-12 00:16:19",FALSE,0,32,2,950,7.91667,30,0.25,61,0.508333,0,0,136,104,0,0,0,0,0,0,0,0,0,0,0,,,,,,,,,"wrist"
"IZTECH_S016","IZTECH_S016_w","2025-05-12 00:18:19",FALSE,0,31.81,2,182,1.51667,3,0.025,10,0.0833333,0,0,128,102,0,0,0,0,0,0,0,0,0,0,0,,,,,,,,,"wrist"
"IZTECH_S016","IZTECH_S016_w","2025-05-12 00:20:19",FALSE,0,31.88,2,7756,64.6333,202,1.68333,396,3.3,0.31,0,183,130,0,1e-04,0,0,1e-04,0,0,0,0.39,0,0,,,,,,,,,"wrist"
"IZTECH_S016","IZTECH_S016_w","2025-05-12 00:22:19",FALSE,0,31.88,8,6692,55.7667,120,1,407,3.39167,0.27,0,205,142,0,0,0,0,1e-04,1e-04,1e-04,1e-04,0.13,0,0,,,,,,,,,"wrist"
"IZTECH_S016","IZTECH_S016_w","2025-05-12 00:24:19",FALSE,0,31.81,8,3277,27.3083,60,0.5,206,1.71667,0.22,0,202,124,0,0,0,0,0,0,1e-04,0,0.17,0,0,,,,,,,,,"wrist"
"IZTECH_S016","IZTECH_S016_w","2025-05-12 00:26:19",FALSE,0,31.81,1,2347,19.5583,50,0.416667,156,1.3,0.19,0,206,144,0,0,0,0,0,0,0,0,0.08,0,0,,,,,,,,,"wrist"
"IZTECH_S016","IZTECH_S016_w","2025-05-12 00:28:19",FALSE,0,31.75,8,771,6.425,1,0.00833333,44,0.366667,0.38,0,205,138,0,1e-04,0,0,1e-04,1e-04,1e-04,1e-04,0.21,0,0,,,,,,,,,"wrist"
"IZTECH_S016","IZTECH_S016_w","2025-05-12 00:30:19",FALSE,0,31.69,8,4240,35.3333,120,1,194,1.61667,0.28,0,204,142,0,1e-04,0,0,1e-04,0,1e-04,0,0.19,0,0,,,,,,,,,"wrist"
"IZTECH_S016","IZTECH_S016_w","2025-05-12 00:32:19",FALSE,0,31.69,16,1658,13.8167,33,0.275,107,0.891667,0.06,0,219,166,0,0,0,0,0,0,0,0,0,0,0,,,,,,,,,"wrist"
"IZTECH_S016","IZTECH_S016_w","2025-05-12 00:34:19",FALSE,0,31.69,16,100,0.833333,1,0.00833333,9,0.075,0.12,0,203,106,0,1e-04,0,0,0,0,1e-04,0,0.15,0,0,,,,,,,,,"wrist"
"IZTECH_S016","IZTECH_S016_w","2025-05-12 00:36:19",FALSE,0,31.75,16,2262,18.85,67,0.558333,113,0.941667,0.06,0,198,122,0,0,0,0,0,0,0,0,0.1,0,0,,,,,,,,,"wrist"
"IZTECH_S016","IZTECH_S016_w","2025-05-12 00:38:19",FALSE,0,31.56,16,1454,12.1167,37,0.308333,95,0.791667,0.01,0,198,130,0,0,0,0,0,0,0,0,0.04,0,0,,,,,,,,,"wrist"
"IZTECH_S016","IZTECH_S016_w","2025-05-12 00:40:19",FALSE,0,31,16,1059,8.825,29,0.241667,57,0.475,0.09,0,224,170,0,1e-04,0,0,0,0,0,0,0.43,0,0,,,,,,,,,"wrist"
"IZTECH_S016","IZTECH_S016_w","2025-05-12 00:42:19",FALSE,0,31.62,16,842,7.01667,23,0.191667,44,0.366667,0.04,0,196,122,0,1e-04,0,0,0,0,0,0,0.25,0,0,,,,,,,,,"wrist"
"IZTECH_S016","IZTECH_S016_w","2025-05-12 00:44:19",FALSE,0,31.94,16,4393,36.6083,142,1.18333,180,1.5,0,0,187,112,0,0,0,0,0,0,0,0,0,0,0,,,,,,,,,"wrist"
"IZTECH_S016","IZTECH_S016_w","2025-05-12 00:46:19",FALSE,0,32.06,1,823,6.85833,6,0.05,73,0.608333,0,0,188,99,0,0,0,0,0,0,0,0,0,0,0,,,,,,,,,"wrist"
"IZTECH_S016","IZTECH_S016_w","2025-05-12 00:48:19",FALSE,0,32.12,1,874,7.28333,9,0.075,59,0.491667,0,0,157,94,0,0,0,0,0,0,0,0,0,0,0,,,,,,,,,"wrist"
"IZTECH_S016","IZTECH_S016_w","2025-05-12 00:50:19",FALSE,0,31.94,1,6726,56.05,156,1.3,404,3.36667,0.67,0,212,166,0,0,0,1e-04,1e-04,2e-04,2e-04,1e-04,0.38,0,0,,,,,,,,,"wrist"
"IZTECH_S016","IZTECH_S016_w","2025-05-12 00:52:19",FALSE,0,31.81,1,11631,96.925,306,2.55,658,5.48333,6.43,0,188,138,1e-04,3e-04,3e-04,7e-04,0.001,0.0013,0.0013,8e-04,4.01,0,0,,,,,,,,,"wrist"
"IZTECH_S016","IZTECH_S016_w","2025-05-12 00:54:19",FALSE,0,31.38,4,15372,128.1,500,4.16667,672,5.6,16.56,0,212,167,3e-04,0.0016,8e-04,0.002,0.0029,0.0028,0.0021,0.0012,13.78,0.01,0,,,,,,,,,"wrist"
"IZTECH_S016","IZTECH_S016_w","2025-05-12 00:56:19",FALSE,0,31.62,16,9543,79.525,341,2.84167,396,3.3,0,0,177,142,0,0,0,0,0,0,0,0,0,0,0,,,,,,,,,"wrist"
"IZTECH_S016","IZTECH_S016_w","2025-05-12 00:58:19",FALSE,0,31.31,16,4549,37.9083,149,1.24167,258,2.15,0,0,219,170,0,0,0,0,0,0,0,0,0,0,0,,,,,,,,,"wrist"
"IZTECH_S016","IZTECH_S016_w","2025-05-12 01:00:19",FALSE,0,31.56,8,4990,41.5833,167,1.39167,242,2.01667,0,0,217,167,0,0,0,0,0,0,0,0,0,0,0,,,,,,,,,"wrist"
"IZTECH_S016","IZTECH_S016_w","2025-05-12 01:02:19",FALSE,0,31.75,2,1108,9.23333,31,0.258333,73,0.608333,0,0,218,168,0,0,0,0,0,0,0,0,0,0,0,,,,,,,,,"wrist"
"IZTECH_S016","IZTECH_S016_w","2025-05-12 01:04:19",FALSE,0,32,8,631,5.25833,14,0.116667,50,0.416667,0,0,220,166,0,0,0,0,0,0,0,0,0,0,0,,,,,,,,,"wrist"
"IZTECH_S016","IZTECH_S016_w","2025-05-12 01:06:19",FALSE,0,32.19,8,1274,10.6167,30,0.25,101,0.841667,0,0,220,166,0,0,0,0,0,0,0,0,0,0,0,,,,,,,,,"wrist"
"IZTECH_S016","IZTECH_S016_w","2025-05-12 01:08:19",FALSE,0,32.31,8,91,0.758333,1,0.00833333,11,0.0916667,0,0,220,166,0,0,0,0,0,0,0,0,0,0,0,,,,,,,,,"wrist"
"IZTECH_S016","IZTECH_S016_w","2025-05-12 01:10:19",FALSE,0,32.38,8,3,0.025,0,0,0,0,0,0,220,167,0,0,0,0,0,0,0,0,0,0,0,,,,,,,,,"wrist"
"IZTECH_S016","IZTECH_S016_w","2025-05-12 01:12:19",FALSE,0,32.31,8,279,2.325,4,0.0333333,24,0.2,0,0,220,169,0,0,0,0,0,0,0,0,0,0,0,,,,,,,,,"wrist"
"IZTECH_S016","IZTECH_S016_w","2025-05-12 01:14:19",FALSE,0,32.44,8,0,0,0,0,0,0,0,0,219,168,0,0,0,0,0,0,0,0,0,0,0,,,,,,,,,"wrist"
"IZTECH_S016","IZTECH_S016_w","2025-05-12 01:16:19",FALSE,0,32.56,8,4,0.0333333,0,0,0,0,0,0,219,168,0,0,0,0,0,0,0,0,0,0,0,,,,,,,,,"wrist"
"IZTECH_S016","IZTECH_S016_w","2025-05-12 01:18:19",FALSE,0,32.62,8,0,0,0,0,0,0,0,0,220,168,0,0,0,0,0,0,0,0,0,0,0,,,,,,,,,"wrist"
"IZTECH_S016","IZTECH_S016_w","2025-05-12 01:20:19",FALSE,0,32.75,8,0,0,0,0,0,0,0,0,219,168,0,0,0,0,0,0,0,0,0,0,0,,,,,,,,,"wrist"
"IZTECH_S016","IZTECH_S016_w","2025-05-12 01:22:19",FALSE,0,32.81,8,0,0,0,0,0,0,0,0,219,169,0,0,0,0,0,0,0,0,0,0,0,,,,,,,,,"wrist"
"IZTECH_S016","IZTECH_S016_w","2025-05-12 01:24:19",FALSE,0,32.88,8,0,0,0,0,0,0,0,0,219,168,0,0,0,0,0,0,0,0,0,0,0,,,,,,,,,"wrist"
"IZTECH_S016","IZTECH_S016_w","2025-05-12 01:26:19",FALSE,0,32.75,8,1315,10.9583,34,0.283333,83,0.691667,0,0,220,171,0,0,0,0,0,0,0,0,0,0,0,,,,,,,,,"wrist"
"IZTECH_S016","IZTECH_S016_w","2025-05-12 01:28:19",FALSE,0,32.81,8,0,0,0,0,0,0,0,0,220,171,0,0,0,0,0,0,0,0,0,0,0,,,,,,,,,"wrist"
"IZTECH_S016","IZTECH_S016_w","2025-05-12 01:30:19",FALSE,0,32.94,8,539,4.49167,11,0.0916667,38,0.316667,0,0,220,169,0,0,0,0,0,0,0,0,0,0,0,,,,,,,,,"wrist"
"IZTECH_S016","IZTECH_S016_w","2025-05-12 01:32:19",FALSE,0,32.94,8,0,0,0,0,0,0,0,0,220,169,0,0,0,0,0,0,0,0,0,0,0,,,,,,,,,"wrist"
"IZTECH_S016","IZTECH_S016_w","2025-05-12 01:34:19",FALSE,0,32.94,8,0,0,0,0,0,0,0,0,220,168,0,0,0,0,0,0,0,0,0,0,0,,,,,,,,,"wrist"
"IZTECH_S016","IZTECH_S016_w","2025-05-12 01:36:19",FALSE,0,33,8,0,0,0,0,0,0,0,0,218,167,0,0,0,0,0,0,0,0,0,0,0,,,,,,,,,"wrist"
"IZTECH_S016","IZTECH_S016_w","2025-05-12 01:38:19",FALSE,0,33.12,8,0,0,0,0,0,0,0,0,210,159,0,0,0,0,0,0,0,0,0,0,0,,,,,,,,,"wrist"
"IZTECH_S016","IZTECH_S016_w","2025-05-12 01:40:19",FALSE,0,33.19,8,4,0.0333333,0,0,0,0,0,0,205,153,0,0,0,0,0,0,0,0,0,0,0,,,,,,,,,"wrist"
"IZTECH_S016","IZTECH_S016_w","2025-05-12 01:42:19",FALSE,0,33.19,8,0,0,0,0,0,0,0,0,200,146,0,0,0,0,0,0,0,0,0,0,0,,,,,,,,,"wrist"
"IZTECH_S016","IZTECH_S016_w","2025-05-12 01:44:19",FALSE,0,33.31,8,193,1.60833,1,0.00833333,13,0.108333,0,0,192,125,0,0,0,0,0,0,0,0,0,0,0,,,,,,,,,"wrist"
"IZTECH_S016","IZTECH_S016_w","2025-05-12 01:46:19",FALSE,0,33.5,8,0,0,0,0,0,0,0,0,184,117,0,0,0,0,0,0,0,0,0,0,0,,,,,,,,,"wrist"
"IZTECH_S016","IZTECH_S016_w","2025-05-12 01:48:19",FALSE,0,33.5,8,0,0,0,0,0,0,0,0,182,113,0,0,0,0,0,0,0,0,0,0,0,,,,,,,,,"wrist"
"IZTECH_S016","IZTECH_S016_w","2025-05-12 01:50:19",FALSE,0,33.25,8,896,7.46667,20,0.166667,71,0.591667,0,0,174,113,0,0,0,0,0,0,0,0,0,0,0,,,,,,,,,"wrist"
"IZTECH_S016","IZTECH_S016_w","2025-05-12 01:52:19",FALSE,0,33.56,8,1069,8.90833,17,0.141667,78,0.65,0,0,155,99,0,0,0,0,0,0,0,0,0,0,0,,,,,,,,,"wrist"
"IZTECH_S016","IZTECH_S016_w","2025-05-12 01:54:19",FALSE,0,33.62,1,0,0,0,0,0,0,0,0,155,99,0,0,0,0,0,0,0,0,0,0,0,,,,,,,,,"wrist"
"IZTECH_S016","IZTECH_S016_w","2025-05-12 01:56:19",FALSE,0,33.56,1,0,0,0,0,0,0,0,0,157,99,0,0,0,0,0,0,0,0,0,0,0,,,,,,,,,"wrist"
"IZTECH_S016","IZTECH_S016_w","2025-05-12 01:58:19",FALSE,0,33.56,1,0,0,0,0,0,0,0,0,156,99,0,0,0,0,0,0,0,0,0,0,0,,,,,,,,,"wrist"
"IZTECH_S016","IZTECH_S016_w","2025-05-12 02:00:19",FALSE,0,33.5,16,6,0.05,0,0,0,0,0,0,160,102,0,0,0,0,0,0,0,0,0,0,0,,,,,,,,,"wrist"
"IZTECH_S016","IZTECH_S016_w","2025-05-12 02:02:19",FALSE,0,33.44,16,0,0,0,0,0,0,0,0,164,104,0,0,0,0,0,0,0,0,0,0,0,,,,,,,,,"wrist"
"IZTECH_S016","IZTECH_S016_w","2025-05-12 02:04:19",FALSE,0,33.38,16,905,7.54167,24,0.2,58,0.483333,0,0,169,105,0,0,0,0,0,0,0,0,0,0,0,,,,,,,,,"wrist"
"IZTECH_S016","IZTECH_S016_w","2025-05-12 02:06:19",FALSE,0,33.12,8,3,0.025,0,0,0,0,0,0,195,117,0,0,0,0,0,0,0,0,0,0,0,,,,,,,,,"wrist"
"IZTECH_S016","IZTECH_S016_w","2025-05-12 02:08:19",FALSE,0,32.56,8,529,4.40833,16,0.133333,24,0.2,0,0,210,146,0,0,0,0,0,0,0,0,0,0,0,,,,,,,,,"wrist"
"IZTECH_S016","IZTECH_S016_w","2025-05-12 02:10:19",FALSE,0,32.31,8,18,0.15,0,0,2,0.0166667,0,0,211,151,0,0,0,0,0,0,0,0,0,0,0,,,,,,,,,"wrist"
"IZTECH_S016","IZTECH_S016_w","2025-05-12 02:12:19",FALSE,0,32.56,8,1154,9.61667,32,0.266667,83,0.691667,0,0,197,145,0,0,0,0,0,0,0,0,0,0,0,,,,,,,,,"wrist"
"IZTECH_S016","IZTECH_S016_w","2025-05-12 02:14:19",FALSE,0,32.62,8,0,0,0,0,0,0,0,0,198,146,0,0,0,0,0,0,0,0,0,0,0,,,,,,,,,"wrist"
"IZTECH_S016","IZTECH_S016_w","2025-05-12 02:16:19",FALSE,0,32.56,8,0,0,0,0,0,0,0,0,199,147,0,0,0,0,0,0,0,0,0,0,0,,,,,,,,,"wrist"
"IZTECH_S016","IZTECH_S016_w","2025-05-12 02:18:19",FALSE,0,32.69,8,1174,9.78333,30,0.25,78,0.65,0,0,179,131,0,0,0,0,0,0,0,0,0,0,0,,,,,,,,,"wrist"
"IZTECH_S016","IZTECH_S016_w","2025-05-12 02:20:19",FALSE,0,32.75,16,0,0,0,0,0,0,0,0,179,131,0,0,0,0,0,0,0,0,0,0,0,,,,,,,,,"wrist"
"IZTECH_S016","IZTECH_S016_w","2025-05-12 02:22:19",FALSE,0,32.75,8,0,0,0,0,0,0,0,0,178,131,0,0,0,0,0,0,0,0,0,0,0,,,,,,,,,"wrist"
"IZTECH_S016","IZTECH_S016_w","2025-05-12 02:24:19",FALSE,0,32.81,16,0,0,0,0,0,0,0,0,179,131,0,0,0,0,0,0,0,0,0,0,0,,,,,,,,,"wrist"
"IZTECH_S016","IZTECH_S016_w","2025-05-12 02:26:19",FALSE,0,32.81,16,0,0,0,0,0,0,0,0,179,129,0,0,0,0,0,0,0,0,0,0,0,,,,,,,,,"wrist"
"IZTECH_S016","IZTECH_S016_w","2025-05-12 02:28:19",FALSE,0,32.81,16,0,0,0,0,0,0,0,0,178,128,0,0,0,0,0,0,0,0,0,0,0,,,,,,,,,"wrist"
"IZTECH_S016","IZTECH_S016_w","2025-05-12 02:30:19",FALSE,0,32.81,16,0,0,0,0,0,0,0,0,178,123,0,0,0,0,0,0,0,0,0,0,0,,,,,,,,,"wrist"
"IZTECH_S016","IZTECH_S016_w","2025-05-12 02:32:19",FALSE,0,32.88,8,0,0,0,0,0,0,0,0,174,115,0,0,0,0,0,0,0,0,0,0,0,,,,,,,,,"wrist"
"IZTECH_S016","IZTECH_S016_w","2025-05-12 02:34:19",FALSE,0,32.81,8,0,0,0,0,0,0,0,0,171,107,0,0,0,0,0,0,0,0,0,0,0,,,,,,,,,"wrist"
"IZTECH_S016","IZTECH_S016_w","2025-05-12 02:36:19",FALSE,0,32.88,16,0,0,0,0,0,0,0,0,163,102,0,0,0,0,0,0,0,0,0,0,0,,,,,,,,,"wrist"
"IZTECH_S016","IZTECH_S016_w","2025-05-12 02:38:19",FALSE,0,32.88,8,0,0,0,0,0,0,0,0,156,99,0,0,0,0,0,0,0,0,0,0,0,,,,,,,,,"wrist"
"IZTECH_S016","IZTECH_S016_w","2025-05-12 02:40:19",FALSE,0,32.81,8,0,0,0,0,0,0,0,0,152,97,0,0,0,0,0,0,0,0,0,0,0,,,,,,,,,"wrist"
"IZTECH_S016","IZTECH_S016_w","2025-05-12 02:42:19",FALSE,0,32.81,8,0,0,0,0,0,0,0,0,150,95,0,0,0,0,0,0,0,0,0,0,0,,,,,,,,,"wrist"
"IZTECH_S016","IZTECH_S016_w","2025-05-12 02:44:19",FALSE,0,32.75,16,0,0,0,0,0,0,0,0,146,95,0,0,0,0,0,0,0,0,0,0,0,,,,,,,,,"wrist"
"IZTECH_S016","IZTECH_S016_w","2025-05-12 02:46:19",FALSE,0,32.69,16,0,0,0,0,0,0,0,0,144,95,0,0,0,0,0,0,0,0,0,0,0,,,,,,,,,"wrist"
"IZTECH_S016","IZTECH_S016_w","2025-05-12 02:48:19",FALSE,0,32.31,8,728,6.06667,13,0.108333,45,0.375,0,0,157,99,0,0,0,0,0,0,0,0,0,0,0,,,,,,,,,"wrist"
"IZTECH_S016","IZTECH_S016_w","2025-05-12 02:50:19",FALSE,0,32.25,8,686,5.71667,13,0.108333,54,0.45,0,0,147,94,0,0,0,0,0,0,0,0,0,0,0,,,,,,,,,"wrist"
"IZTECH_S016","IZTECH_S016_w","2025-05-12 02:52:19",FALSE,0,32.06,1,4,0.0333333,0,0,0,0,0,0,149,94,0,0,0,0,0,0,0,0,0,0,0,,,,,,,,,"wrist"
"IZTECH_S016","IZTECH_S016_w","2025-05-12 02:54:19",FALSE,0,31.88,8,0,0,0,0,0,0,0,0,152,94,0,0,0,0,0,0,0,0,0,0,0,,,,,,,,,"wrist"
"IZTECH_S016","IZTECH_S016_w","2025-05-12 02:56:19",FALSE,0,31.75,8,0,0,0,0,0,0,0,0,156,95,0,0,0,0,0,0,0,0,0,0,0,,,,,,,,,"wrist"
"IZTECH_S016","IZTECH_S016_w","2025-05-12 02:58:19",FALSE,0,31.62,8,0,0,0,0,0,0,0,0,158,95,0,0,0,0,0,0,0,0,0,0,0,,,,,,,,,"wrist"
"IZTECH_S016","IZTECH_S016_w","2025-05-12 03:00:19",FALSE,0,31.5,8,0,0,0,0,0,0,0,0,160,96,0,0,0,0,0,0,0,0,0,0,0,,,,,,,,,"wrist"
"IZTECH_S016","IZTECH_S016_w","2025-05-12 03:02:19",FALSE,0,31.06,8,3169,26.4083,74,0.616667,157,1.30833,0,0,174,114,0,0,0,0,0,0,0,0,0,0,0,,,,,,,,,"wrist"
"IZTECH_S016","IZTECH_S016_w","2025-05-12 03:04:19",FALSE,0,30.5,8,4,0.0333333,0,0,0,0,0,0,179,130,0,0,0,0,0,0,0,0,0,0,0,,,,,,,,,"wrist"
"IZTECH_S016","IZTECH_S016_w","2025-05-12 03:06:19",FALSE,0,30.12,8,0,0,0,0,0,0,0,0,185,154,0,0,0,0,0,0,0,0,0,0,0,,,,,,,,,"wrist"
"IZTECH_S016","IZTECH_S016_w","2025-05-12 03:08:19",FALSE,0,29.88,8,0,0,0,0,0,0,0,0,195,159,0,0,0,0,0,0,0,0,0,0,0,,,,,,,,,"wrist"
"IZTECH_S016","IZTECH_S016_w","2025-05-12 03:10:19",FALSE,0,29.69,8,0,0,0,0,0,0,0,0,198,162,0,0,0,0,0,0,0,0,0,0,0,,,,,,,,,"wrist"
"IZTECH_S016","IZTECH_S016_w","2025-05-12 03:12:19",FALSE,0,29.56,8,0,0,0,0,0,0,0,0,200,162,0,0,0,0,0,0,0,0,0,0,0,,,,,,,,,"wrist"
"IZTECH_S016","IZTECH_S016_w","2025-05-12 03:14:19",FALSE,0,29.44,8,0,0,0,0,0,0,0,0,202,162,0,0,0,0,0,0,0,0,0,0,0,,,,,,,,,"wrist"
"IZTECH_S016","IZTECH_S016_w","2025-05-12 03:16:19",FALSE,0,29.38,8,0,0,0,0,0,0,0,0,203,164,0,0,0,0,0,0,0,0,0,0,0,,,,,,,,,"wrist"
"IZTECH_S016","IZTECH_S016_w","2025-05-12 03:18:19",FALSE,0,29.25,8,0,0,0,0,0,0,0,0,203,162,0,0,0,0,0,0,0,0,0,0,0,,,,,,,,,"wrist"
"IZTECH_S016","IZTECH_S016_w","2025-05-12 03:20:19",FALSE,0,30.69,4,4926,41.05,169,1.40833,242,2.01667,0,0,177,96,0,0,0,0,0,0,0,0,0,0,0,,,,,,,,,"wrist"
"IZTECH_S016","IZTECH_S016_w","2025-05-12 03:22:19",FALSE,0,31.25,4,0,0,0,0,0,0,0,0,168,94,0,0,0,0,0,0,0,0,0,0,0,,,,,,,,,"wrist"
"IZTECH_S016","IZTECH_S016_w","2025-05-12 03:24:19",FALSE,0,31.56,4,0,0,0,0,0,0,0,0,156,94,0,0,0,0,0,0,0,0,0,0,0,,,,,,,,,"wrist"
"IZTECH_S016","IZTECH_S016_w","2025-05-12 03:26:19",FALSE,0,31.88,4,0,0,0,0,0,0,0,0,142,92,0,0,0,0,0,0,0,0,0,0,0,,,,,,,,,"wrist"
"IZTECH_S016","IZTECH_S016_w","2025-05-12 03:28:19",FALSE,0,32.12,4,0,0,0,0,0,0,0,0,137,92,0,0,0,0,0,0,0,0,0,0,0,,,,,,,,,"wrist"
"IZTECH_S016","IZTECH_S016_w","2025-05-12 03:30:19",FALSE,0,32.31,4,0,0,0,0,0,0,0,0,135,92,0,0,0,0,0,0,0,0,0,0,0,,,,,,,,,"wrist"
"IZTECH_S016","IZTECH_S016_w","2025-05-12 03:32:19",FALSE,0,32.44,4,0,0,0,0,0,0,0,0,133,92,0,0,0,0,0,0,0,0,0,0,0,,,,,,,,,"wrist"
"IZTECH_S016","IZTECH_S016_w","2025-05-12 03:34:19",FALSE,0,32.5,4,0,0,0,0,0,0,0,0,131,91,0,0,0,0,0,0,0,0,0,0,0,,,,,,,,,"wrist"
"IZTECH_S016","IZTECH_S016_w","2025-05-12 03:36:19",FALSE,0,32.56,4,0,0,0,0,0,0,0,0,130,91,0,0,0,0,0,0,0,0,0,0,0,,,,,,,,,"wrist"
"IZTECH_S016","IZTECH_S016_w","2025-05-12 03:38:19",FALSE,0,32.62,4,0,0,0,0,0,0,0,0,129,91,0,0,0,0,0,0,0,0,0,0,0,,,,,,,,,"wrist"
"IZTECH_S016","IZTECH_S016_w","2025-05-12 03:40:19",FALSE,0,32.62,4,749,6.24167,19,0.158333,39,0.325,0,0,128,91,0,0,0,0,0,0,0,0,0,0,0,,,,,,,,,"wrist"
"IZTECH_S016","IZTECH_S016_w","2025-05-12 03:42:19",FALSE,0,31.94,16,2742,22.85,87,0.725,154,1.28333,0,0,140,114,0,0,0,0,0,0,0,0,0,0,0,,,,,,,,,"wrist"
"IZTECH_S016","IZTECH_S016_w","2025-05-12 03:44:19",FALSE,0,31.62,16,0,0,0,0,0,0,0,0,140,114,0,0,0,0,0,0,0,0,0,0,0,,,,,,,,,"wrist"
"IZTECH_S016","IZTECH_S016_w","2025-05-12 03:46:19",FALSE,0,31.75,16,476,3.96667,12,0.1,35,0.291667,0,0,137,102,0,0,0,0,0,0,0,0,0,0,0,,,,,,,,,"wrist"
"IZTECH_S016","IZTECH_S016_w","2025-05-12 03:48:19",FALSE,0,31.69,16,0,0,0,0,0,0,0,0,142,102,0,0,0,0,0,0,0,0,0,0,0,,,,,,,,,"wrist"
"IZTECH_S016","IZTECH_S016_w","2025-05-12 03:50:19",FALSE,0,31.62,16,0,0,0,0,0,0,0,0,151,103,0,0,0,0,0,0,0,0,0,0,0,,,,,,,,,"wrist"
"IZTECH_S016","IZTECH_S016_w","2025-05-12 03:52:19",FALSE,0,31.56,16,0,0,0,0,0,0,0,0,164,106,0,0,0,0,0,0,0,0,0,0,0,,,,,,,,,"wrist"
"IZTECH_S016","IZTECH_S016_w","2025-05-12 03:54:19",FALSE,0,31.62,16,1491,12.425,45,0.375,78,0.65,0,0,156,114,0,0,0,0,0,0,0,0,0,0,0,,,,,,,,,"wrist"
"IZTECH_S016","IZTECH_S016_w","2025-05-12 03:56:19",FALSE,0,31.88,16,1422,11.85,46,0.383333,64,0.533333,0,0,168,100,0,0,0,0,0,0,0,0,0,0,0,,,,,,,,,"wrist"
"IZTECH_S016","IZTECH_S016_w","2025-05-12 03:58:19",FALSE,0,31.88,16,0,0,0,0,0,0,0,0,174,99,0,0,0,0,0,0,0,0,0,0,0,,,,,,,,,"wrist"
"IZTECH_S016","IZTECH_S016_w","2025-05-12 04:00:19",FALSE,0,32.06,4,1702,14.1833,60,0.5,90,0.75,0,0,144,117,0,0,0,0,0,0,0,0,0,0,0,,,,,,,,,"wrist"
"IZTECH_S016","IZTECH_S016_w","2025-05-12 04:02:19",FALSE,0,32.25,1,3,0.025,0,0,0,0,0,0,141,114,0,0,0,0,0,0,0,0,0,0,0,,,,,,,,,"wrist"
"IZTECH_S016","IZTECH_S016_w","2025-05-12 04:04:19",FALSE,0,32.38,1,5,0.0416667,0,0,0,0,0,0,140,112,0,0,0,0,0,0,0,0,0,0,0,,,,,,,,,"wrist"
"IZTECH_S016","IZTECH_S016_w","2025-05-12 04:06:19",FALSE,0,32.56,1,0,0,0,0,0,0,0,0,139,110,0,0,0,0,0,0,0,0,0,0,0,,,,,,,,,"wrist"
"IZTECH_S016","IZTECH_S016_w","2025-05-12 04:08:19",FALSE,0,32.62,1,27,0.225,0,0,2,0.0166667,0,0,144,110,0,0,0,0,0,0,0,0,0,0,0,,,,,,,,,"wrist"
"IZTECH_S016","IZTECH_S016_w","2025-05-12 04:10:19",FALSE,0,33.06,16,3043,25.3583,113,0.941667,160,1.33333,0,0,154,99,0,0,0,0,0,0,0,0,0,0,0,,,,,,,,,"wrist"
"IZTECH_S016","IZTECH_S016_w","2025-05-12 04:12:19",FALSE,0,33.25,16,13,0.108333,0,0,0,0,0,0,164,97,0,0,0,0,0,0,0,0,0,0,0,,,,,,,,,"wrist"
"IZTECH_S016","IZTECH_S016_w","2025-05-12 04:14:19",FALSE,0,33.44,16,16,0.133333,0,0,0,0,0,0,166,95,0,0,0,0,0,0,0,0,0,0,0,,,,,,,,,"wrist"
"IZTECH_S016","IZTECH_S016_w","2025-05-12 04:16:19",FALSE,0,33.38,16,3127,26.0583,95,0.791667,129,1.075,0,0,192,103,0,0,0,0,0,0,0,0,0,0,0,,,,,,,,,"wrist"
"IZTECH_S016","IZTECH_S016_w","2025-05-12 04:18:19",FALSE,0,33.25,16,0,0,0,0,0,0,0,0,188,99,0,0,0,0,0,0,0,0,0,0,0,,,,,,,,,"wrist"
"IZTECH_S016","IZTECH_S016_w","2025-05-12 04:20:19",FALSE,0,33.06,16,2912,24.2667,87,0.725,150,1.25,0,0,168,95,0,0,0,0,0,0,0,0,0,0,0,,,,,,,,,"wrist"
"IZTECH_S016","IZTECH_S016_w","2025-05-12 04:22:19",FALSE,0,32.88,16,0,0,0,0,0,0,0,0,168,94,0,0,0,0,0,0,0,0,0,0,0,,,,,,,,,"wrist"
"IZTECH_S016","IZTECH_S016_w","2025-05-12 04:24:19",FALSE,0,32.75,16,0,0,0,0,0,0,0,0,164,94,0,0,0,0,0,0,0,0,0,0,0,,,,,,,,,"wrist"
"IZTECH_S016","IZTECH_S016_w","2025-05-12 04:26:19",FALSE,0,32.62,16,2018,16.8167,59,0.491667,103,0.858333,0,0,166,94,0,0,0,0,0,0,0,0,0,0,0,,,,,,,,,"wrist"
"IZTECH_S016","IZTECH_S016_w","2025-05-12 04:28:19",FALSE,0,32.56,16,0,0,0,0,0,0,0,0,134,94,0,0,0,0,0,0,0,0,0,0,0,,,,,,,,,"wrist"
"IZTECH_S016","IZTECH_S016_w","2025-05-12 04:30:19",FALSE,0,32.5,16,3,0.025,0,0,0,0,0,0,136,94,0,0,0,0,0,0,0,0,0,0,0,,,,,,,,,"wrist"
"IZTECH_S016","IZTECH_S016_w","2025-05-12 04:32:19",FALSE,0,32.44,16,0,0,0,0,0,0,0,0,135,94,0,0,0,0,0,0,0,0,0,0,0,,,,,,,,,"wrist"
"IZTECH_S016","IZTECH_S016_w","2025-05-12 04:34:19",FALSE,0,32.38,16,0,0,0,0,0,0,0,0,135,94,0,0,0,0,0,0,0,0,0,0,0,,,,,,,,,"wrist"
"IZTECH_S016","IZTECH_S016_w","2025-05-12 04:36:19",FALSE,0,32.25,16,451,3.75833,8,0.0666667,30,0.25,0,0,160,94,0,0,0,0,0,0,0,0,0,0,0,,,,,,,,,"wrist"
"IZTECH_S016","IZTECH_S016_w","2025-05-12 04:38:19",FALSE,0,32.25,16,207,1.725,4,0.0333333,16,0.133333,0,0,159,94,0,0,0,0,0,0,0,0,0,0,0,,,,,,,,,"wrist"
"IZTECH_S016","IZTECH_S016_w","2025-05-12 04:40:19",FALSE,0,32.31,16,4,0.0333333,0,0,0,0,0,0,157,94,0,0,0,0,0,0,0,0,0,0,0,,,,,,,,,"wrist"
"IZTECH_S016","IZTECH_S016_w","2025-05-12 04:42:19",FALSE,0,32.31,16,0,0,0,0,0,0,0,0,157,94,0,0,0,0,0,0,0,0,0,0,0,,,,,,,,,"wrist"
"IZTECH_S016","IZTECH_S016_w","2025-05-12 04:44:19",FALSE,0,32.38,16,0,0,0,0,0,0,0,0,157,95,0,0,0,0,0,0,0,0,0,0,0,,,,,,,,,"wrist"
"IZTECH_S016","IZTECH_S016_w","2025-05-12 04:46:19",FALSE,0,32.38,16,8,0.0666667,0,0,0,0,0,0,157,94,0,0,0,0,0,0,0,0,0,0,0,,,,,,,,,"wrist"
"IZTECH_S016","IZTECH_S016_w","2025-05-12 04:48:19",FALSE,0,32.44,16,0,0,0,0,0,0,0,0,157,95,0,0,0,0,0,0,0,0,0,0,0,,,,,,,,,"wrist"
"IZTECH_S016","IZTECH_S016_w","2025-05-12 04:50:19",FALSE,0,32.5,16,0,0,0,0,0,0,0,0,156,94,0,0,0,0,0,0,0,0,0,0,0,,,,,,,,,"wrist"
"IZTECH_S016","IZTECH_S016_w","2025-05-12 04:52:19",FALSE,0,32.5,16,0,0,0,0,0,0,0,0,157,94,0,0,0,0,0,0,0,0,0,0,0,,,,,,,,,"wrist"
"IZTECH_S016","IZTECH_S016_w","2025-05-12 04:54:19",FALSE,0,32.5,16,0,0,0,0,0,0,0,0,156,94,0,0,0,0,0,0,0,0,0,0,0,,,,,,,,,"wrist"
"IZTECH_S016","IZTECH_S016_w","2025-05-12 04:56:19",FALSE,0,32.56,16,0,0,0,0,0,0,0,0,156,94,0,0,0,0,0,0,0,0,0,0,0,,,,,,,,,"wrist"
"IZTECH_S016","IZTECH_S016_w","2025-05-12 04:58:19",FALSE,0,32.38,16,740,6.16667,21,0.175,58,0.483333,0,0,214,150,0,0,0,0,0,0,0,0,0,0,0,,,,,,,,,"wrist"
"IZTECH_S016","IZTECH_S016_w","2025-05-12 05:00:19",FALSE,0,32.38,16,0,0,0,0,0,0,0,0,208,144,0,0,0,0,0,0,0,0,0,0,0,,,,,,,,,"wrist"
"IZTECH_S016","IZTECH_S016_w","2025-05-12 05:02:19",FALSE,0,32.38,16,0,0,0,0,0,0,0,0,207,142,0,0,0,0,0,0,0,0,0,0,0,,,,,,,,,"wrist"
"IZTECH_S016","IZTECH_S016_w","2025-05-12 05:04:19",FALSE,0,32.38,16,0,0,0,0,0,0,0,0,207,142,0,0,0,0,0,0,0,0,0,0,0,,,,,,,,,"wrist"
"IZTECH_S016","IZTECH_S016_w","2025-05-12 05:06:19",FALSE,0,32.38,16,0,0,0,0,0,0,0,0,207,142,0,0,0,0,0,0,0,0,0,0,0,,,,,,,,,"wrist"
"IZTECH_S016","IZTECH_S016_w","2025-05-12 05:08:19",FALSE,0,32.38,16,0,0,0,0,0,0,0,0,207,142,0,0,0,0,0,0,0,0,0,0,0,,,,,,,,,"wrist"
"IZTECH_S016","IZTECH_S016_w","2025-05-12 05:10:19",FALSE,0,32.38,16,0,0,0,0,0,0,0,0,208,143,0,0,0,0,0,0,0,0,0,0,0,,,,,,,,,"wrist"
"IZTECH_S016","IZTECH_S016_w","2025-05-12 05:12:19",FALSE,0,32.25,16,674,5.61667,10,0.0833333,56,0.466667,0,0,214,152,0,0,0,0,0,0,0,0,0,0,0,,,,,,,,,"wrist"
"IZTECH_S016","IZTECH_S016_w","2025-05-12 05:14:19",FALSE,0,32.44,16,8,0.0666667,0,0,0,0,0,0,212,147,0,0,0,0,0,0,0,0,0,0,0,,,,,,,,,"wrist"
"IZTECH_S016","IZTECH_S016_w","2025-05-12 05:16:19",FALSE,0,32.5,16,0,0,0,0,0,0,0,0,214,151,0,0,0,0,0,0,0,0,0,0,0,,,,,,,,,"wrist"
"IZTECH_S016","IZTECH_S016_w","2025-05-12 05:18:19",FALSE,0,32.62,1,2855,23.7917,88,0.733333,182,1.51667,0,0,160,159,0,0,0,0,0,0,0,0,0,0,0,,,,,,,,,"wrist"
"IZTECH_S016","IZTECH_S016_w","2025-05-12 05:20:19",FALSE,0,32.94,1,0,0,0,0,0,0,0,0,138,155,0,0,0,0,0,0,0,0,0,0,0,,,,,,,,,"wrist"
"IZTECH_S016","IZTECH_S016_w","2025-05-12 05:22:19",FALSE,0,33.25,1,0,0,0,0,0,0,0,0,134,155,0,0,0,0,0,0,0,0,0,0,0,,,,,,,,,"wrist"
"IZTECH_S016","IZTECH_S016_w","2025-05-12 05:24:19",FALSE,0,33.5,1,0,0,0,0,0,0,0,0,132,155,0,0,0,0,0,0,0,0,0,0,0,,,,,,,,,"wrist"
"IZTECH_S016","IZTECH_S016_w","2025-05-12 05:26:19",FALSE,0,33.75,1,180,1.5,2,0.0166667,17,0.141667,0,0,130,153,0,0,0,0,0,0,0,0,0,0,0,,,,,,,,,"wrist"
"IZTECH_S016","IZTECH_S016_w","2025-05-12 05:28:19",FALSE,0,34.31,1,3667,30.5583,144,1.2,148,1.23333,0,0,138,96,0,0,0,0,0,0,0,0,0,0,0,,,,,,,,,"wrist"
"IZTECH_S016","IZTECH_S016_w","2025-05-12 05:30:19",FALSE,0,34.44,1,0,0,0,0,0,0,0,0,137,96,0,0,0,0,0,0,0,0,0,0,0,,,,,,,,,"wrist"
"IZTECH_S016","IZTECH_S016_w","2025-05-12 05:32:19",FALSE,0,34.5,1,0,0,0,0,0,0,0,0,137,95,0,0,0,0,0,0,0,0,0,0,0,,,,,,,,,"wrist"
"IZTECH_S016","IZTECH_S016_w","2025-05-12 05:34:19",FALSE,0,34.56,1,0,0,0,0,0,0,0,0,138,95,0,0,0,0,0,0,0,0,0,0,0,,,,,,,,,"wrist"
"IZTECH_S016","IZTECH_S016_w","2025-05-12 05:36:19",FALSE,0,34.5,1,0,0,0,0,0,0,0,0,138,95,0,0,0,0,0,0,0,0,0,0,0,,,,,,,,,"wrist"
"IZTECH_S016","IZTECH_S016_w","2025-05-12 05:38:19",FALSE,0,34.31,1,2386,19.8833,89,0.741667,102,0.85,0,0,128,99,0,0,0,0,0,0,0,0,0,0,0,,,,,,,,,"wrist"
"IZTECH_S016","IZTECH_S016_w","2025-05-12 05:40:19",FALSE,0,33.94,16,0,0,0,0,0,0,0,0,128,99,0,0,0,0,0,0,0,0,0,0,0,,,,,,,,,"wrist"
"IZTECH_S016","IZTECH_S016_w","2025-05-12 05:42:19",FALSE,0,33.62,16,0,0,0,0,0,0,0,0,125,99,0,0,0,0,0,0,0,0,0,0,0,,,,,,,,,"wrist"
"IZTECH_S016","IZTECH_S016_w","2025-05-12 05:44:19",FALSE,0,33.38,16,127,1.05833,1,0.00833333,9,0.075,0,0,125,97,0,0,0,0,0,0,0,0,0,0,0,,,,,,,,,"wrist"
"IZTECH_S016","IZTECH_S016_w","2025-05-12 05:46:19",FALSE,0,33.25,16,1967,16.3917,62,0.516667,110,0.916667,0,0,142,111,0,0,0,0,0,0,0,0,0,0,0,,,,,,,,,"wrist"
"IZTECH_S016","IZTECH_S016_w","2025-05-12 05:48:19",FALSE,0,33.38,1,0,0,0,0,0,0,0,0,146,112,0,0,0,0,0,0,0,0,0,0,0,,,,,,,,,"wrist"
"IZTECH_S016","IZTECH_S016_w","2025-05-12 05:50:19",FALSE,0,33.69,1,0,0,0,0,0,0,0,0,140,107,0,0,0,0,0,0,0,0,0,0,0,,,,,,,,,"wrist"
"IZTECH_S016","IZTECH_S016_w","2025-05-12 05:52:19",FALSE,0,33.81,1,0,0,0,0,0,0,0,0,144,109,0,0,0,0,0,0,0,0,0,0,0,,,,,,,,,"wrist"
"IZTECH_S016","IZTECH_S016_w","2025-05-12 05:54:19",FALSE,0,33.81,1,1802,15.0167,47,0.391667,106,0.883333,0,0,137,137,0,0,0,0,0,0,0,0,0,0,0,,,,,,,,,"wrist"
"IZTECH_S016","IZTECH_S016_w","2025-05-12 05:56:19",FALSE,0,33.56,8,0,0,0,0,0,0,0,0,137,137,0,0,0,0,0,0,0,0,0,0,0,,,,,,,,,"wrist"
"IZTECH_S016","IZTECH_S016_w","2025-05-12 05:58:19",FALSE,0,33.5,1,2023,16.8583,63,0.525,121,1.00833,0,0,139,99,0,0,0,0,0,0,0,0,0,0,0,,,,,,,,,"wrist"
"IZTECH_S016","IZTECH_S016_w","2025-05-12 06:00:19",FALSE,0,33.62,1,18,0.15,0,0,2,0.0166667,0,0,138,99,0,0,0,0,0,0,0,0,0,0,0,,,,,,,,,"wrist"
"IZTECH_S016","IZTECH_S016_w","2025-05-12 06:02:19",FALSE,0,33.81,1,772,6.43333,22,0.183333,47,0.391667,0,0,149,97,0,0,0,0,0,0,0,0,0,0,0,,,,,,,,,"wrist"
"IZTECH_S016","IZTECH_S016_w","2025-05-12 06:04:19",FALSE,0,33.88,1,332,2.76667,6,0.05,22,0.183333,0,0,138,99,0,0,0,0,0,0,0,0,0,0,0,,,,,,,,,"wrist"
"IZTECH_S016","IZTECH_S016_w","2025-05-12 06:06:19",FALSE,0,34,1,33,0.275,0,0,4,0.0333333,0,0,139,97,0,0,0,0,0,0,0,0,0,0,0,,,,,,,,,"wrist"
"IZTECH_S016","IZTECH_S016_w","2025-05-12 06:08:19",FALSE,0,34.06,1,84,0.7,4,0.0333333,10,0.0833333,0,0,140,97,0,0,0,0,0,0,0,0,0,0,0,,,,,,,,,"wrist"
"IZTECH_S016","IZTECH_S016_w","2025-05-12 06:10:19",FALSE,0,34.25,1,941,7.84167,26,0.216667,71,0.591667,0,0,152,93,0,0,0,0,0,0,0,0,0,0,0,,,,,,,,,"wrist"
"IZTECH_S016","IZTECH_S016_w","2025-05-12 06:12:19",FALSE,0,34.31,1,710,5.91667,19,0.158333,48,0.4,0,0,151,95,0,0,0,0,0,0,0,1e-04,0,0,0,,,,,,,,,"wrist"
"IZTECH_S016","IZTECH_S016_w","2025-05-12 06:14:19",FALSE,0,34.31,1,51,0.425,0,0,2,0.0166667,0,0,152,95,0,0,0,0,0,0,0,1e-04,0,0,0,,,,,,,,,"wrist"
"IZTECH_S016","IZTECH_S016_w","2025-05-12 06:16:19",FALSE,0,34.31,1,1872,15.6,58,0.483333,123,1.025,0,0,152,95,0,0,0,0,0,0,0,2e-04,0,0,0,,,,,,,,,"wrist"
"IZTECH_S016","IZTECH_S016_w","2025-05-12 06:18:19",FALSE,0,34.38,1,46,0.383333,0,0,2,0.0166667,0,0,128,93,0,0,0,0,0,0,0,0,0,0,0,,,,,,,,,"wrist"
"IZTECH_S016","IZTECH_S016_w","2025-05-12 06:20:19",FALSE,0,34.44,1,4,0.0333333,0,0,0,0,0,0,128,96,0,0,0,0,0,0,0,0,0,0,0,,,,,,,,,"wrist"
"IZTECH_S016","IZTECH_S016_w","2025-05-12 06:22:19",FALSE,0,34.5,1,0,0,0,0,0,0,0,0,128,95,0,0,0,0,0,0,0,0,0,0,0,,,,,,,,,"wrist"
"IZTECH_S016","IZTECH_S016_w","2025-05-12 06:24:19",FALSE,0,34.5,1,66,0.55,0,0,7,0.0583333,0,0,128,93,0,0,0,0,0,0,0,0,0,0,0,,,,,,,,,"wrist"
"IZTECH_S016","IZTECH_S016_w","2025-05-12 06:26:19",FALSE,0,34.56,1,130,1.08333,0,0,7,0.0583333,0,0,128,95,0,0,0,0,0,0,0,0,0,0,0,,,,,,,,,"wrist"
"IZTECH_S016","IZTECH_S016_w","2025-05-12 06:28:19",FALSE,0,34.56,1,0,0,0,0,0,0,0,0,128,96,0,0,0,0,0,0,0,0,0,0,0,,,,,,,,,"wrist"
"IZTECH_S016","IZTECH_S016_w","2025-05-12 06:30:19",FALSE,0,34.56,4,1672,13.9333,39,0.325,116,0.966667,0,0,136,93,0,0,0,0,0,0,0,1e-04,0,0,0,,,,,,,,,"wrist"
"IZTECH_S016","IZTECH_S016_w","2025-05-12 06:32:19",FALSE,0,34.56,4,0,0,0,0,0,0,0,0,130,93,0,0,0,0,0,0,1e-04,2e-04,0,0,0,,,,,,,,,"wrist"
"IZTECH_S016","IZTECH_S016_w","2025-05-12 06:34:19",FALSE,0,34.56,4,140,1.16667,2,0.0166667,17,0.141667,0,0,131,93,0,0,0,0,0,0,1e-04,2e-04,0,0,0,,,,,,,,,"wrist"
"IZTECH_S016","IZTECH_S016_w","2025-05-12 06:36:19",FALSE,0,34.5,4,26,0.216667,0,0,1,0.00833333,0,0,135,93,0,0,0,0,1e-04,1e-04,1e-04,2e-04,0,0,0,,,,,,,,,"wrist"
"IZTECH_S016","IZTECH_S016_w","2025-05-12 06:38:19",FALSE,0,34.44,4,0,0,0,0,0,0,0,0,130,93,0,0,0,0,1e-04,1e-04,1e-04,3e-04,0,0,0,,,,,,,,,"wrist"
"IZTECH_S016","IZTECH_S016_w","2025-05-12 06:40:19",FALSE,0,34.38,4,1304,10.8667,39,0.325,68,0.566667,0.02,0,155,93,0,0,0,0,1e-04,1e-04,1e-04,3e-04,0,0,0,,,,,,,,,"wrist"
"IZTECH_S016","IZTECH_S016_w","2025-05-12 06:42:19",FALSE,0,34.5,1,2428,20.2333,86,0.716667,132,1.1,0.03,0,155,93,0,0,0,0,0,0,0,1e-04,0,0,0,,,,,,,,,"wrist"
"IZTECH_S016","IZTECH_S016_w","2025-05-12 06:44:19",FALSE,0,34.62,1,174,1.45,4,0.0333333,16,0.133333,0,0,145,93,0,0,0,0,0,0,0,0,0,0,0,,,,,,,,,"wrist"
"IZTECH_S016","IZTECH_S016_w","2025-05-12 06:46:19",FALSE,0,34.75,1,0,0,0,0,0,0,0,0,146,93,0,0,0,0,0,0,0,0,0,0,0,,,,,,,,,"wrist"
"IZTECH_S016","IZTECH_S016_w","2025-05-12 06:48:19",FALSE,0,34.88,1,208,1.73333,3,0.025,14,0.116667,0,0,151,93,0,0,0,0,0,0,0,0,0,0,0,,,,,,,,,"wrist"
"IZTECH_S016","IZTECH_S016_w","2025-05-12 06:50:19",FALSE,0,34.88,1,0,0,0,0,0,0,0,0,153,93,0,0,0,0,0,0,0,0,0,0,0,,,,,,,,,"wrist"
"IZTECH_S016","IZTECH_S016_w","2025-05-12 06:52:19",FALSE,0,34.94,1,0,0,0,0,0,0,0,0,152,93,0,0,0,0,0,0,0,0,0,0,0,,,,,,,,,"wrist"
"IZTECH_S016","IZTECH_S016_w","2025-05-12 06:54:19",FALSE,0,34.94,1,0,0,0,0,0,0,0,0,153,93,0,0,0,0,0,0,0,0,0,0,0,,,,,,,,,"wrist"
"IZTECH_S016","IZTECH_S016_w","2025-05-12 06:56:19",FALSE,0,34.94,1,0,0,0,0,0,0,0,0,153,93,0,0,0,0,0,0,0,0,0,0,0,,,,,,,,,"wrist"
"IZTECH_S016","IZTECH_S016_w","2025-05-12 06:58:19",FALSE,0,34.94,1,0,0,0,0,0,0,0,0,153,93,0,0,0,0,0,0,0,0,0,0,0,,,,,,,,,"wrist"
"IZTECH_S016","IZTECH_S016_w","2025-05-12 07:00:19",FALSE,0,34.94,1,0,0,0,0,0,0,0,0,153,93,0,0,0,0,0,0,0,0,0,0,0,,,,,,,,,"wrist"
"IZTECH_S016","IZTECH_S016_w","2025-05-12 07:02:19",FALSE,0,35,1,0,0,0,0,0,0,0,0,152,93,0,0,0,0,0,0,0,0,0,0,0,,,,,,,,,"wrist"
"IZTECH_S016","IZTECH_S016_w","2025-05-12 07:04:19",FALSE,0,35,1,0,0,0,0,0,0,0,0,151,93,0,0,0,0,0,0,0,0,0,0,0,,,,,,,,,"wrist"
"IZTECH_S016","IZTECH_S016_w","2025-05-12 07:06:19",FALSE,0,35,1,1151,9.59167,28,0.233333,73,0.608333,0,0,144,97,0,0,0,0,0,0,1e-04,2e-04,0,0,0,,,,,,,,,"wrist"
"IZTECH_S016","IZTECH_S016_w","2025-05-12 07:08:19",FALSE,0,34.94,1,0,0,0,0,0,0,0.03,0,145,97,0,0,0,0,1e-04,1e-04,2e-04,4e-04,0,0,0,,,,,,,,,"wrist"
"IZTECH_S016","IZTECH_S016_w","2025-05-12 07:10:19",FALSE,0,34.94,1,3,0.025,0,0,0,0,0,0,144,96,0,0,0,0,1e-04,1e-04,2e-04,4e-04,0,0,0,,,,,,,,,"wrist"
"IZTECH_S016","IZTECH_S016_w","2025-05-12 07:12:19",FALSE,0,34.88,1,0,0,0,0,0,0,0,0,145,97,0,0,0,0,1e-04,1e-04,2e-04,4e-04,0,0,0,,,,,,,,,"wrist"
"IZTECH_S016","IZTECH_S016_w","2025-05-12 07:14:19",FALSE,0,34.81,1,557,4.64167,8,0.0666667,47,0.391667,0.28,0,150,95,0,0,0,1e-04,1e-04,1e-04,2e-04,5e-04,0,0,0,,,,,,,,,"wrist"
"IZTECH_S016","IZTECH_S016_w","2025-05-12 07:16:19",FALSE,0,34.75,1,0,0,0,0,0,0,0.33,0,150,93,0,0,1e-04,1e-04,1e-04,2e-04,2e-04,5e-04,0,0,0,,,,,,,,,"wrist"
"IZTECH_S016","IZTECH_S016_w","2025-05-12 07:18:19",FALSE,0,34.75,1,980,8.16667,31,0.258333,63,0.525,0.14,0,139,93,0,0,0,0,1e-04,1e-04,1e-04,2e-04,0,0,0,,,,,,,,,"wrist"
"IZTECH_S016","IZTECH_S016_w","2025-05-12 07:20:19",FALSE,0,34.75,1,0,0,0,0,0,0,0,0,139,93,0,0,0,0,0,0,0,0,0,0,0,,,,,,,,,"wrist"
"IZTECH_S016","IZTECH_S016_w","2025-05-12 07:22:19",FALSE,0,34.75,1,0,0,0,0,0,0,0,0,142,93,0,0,0,0,0,0,0,0,0,0,0,,,,,,,,,"wrist"
"IZTECH_S016","IZTECH_S016_w","2025-05-12 07:24:19",FALSE,0,34.81,1,21,0.175,0,0,2,0.0166667,0,0,140,93,0,0,0,0,0,0,0,0,0,0,0,,,,,,,,,"wrist"
"IZTECH_S016","IZTECH_S016_w","2025-05-12 07:26:19",FALSE,0,34.81,1,1003,8.35833,19,0.158333,51,0.425,0,0,140,93,0,0,0,0,0,0,0,0,0,0,0,,,,,,,,,"wrist"
"IZTECH_S016","IZTECH_S016_w","2025-05-12 07:28:19",FALSE,0,34.69,1,534,4.45,15,0.125,28,0.233333,0,0,148,93,0,0,0,0,0,0,0,0,0,0,0,,,,,,,,,"wrist"
"IZTECH_S016","IZTECH_S016_w","2025-05-12 07:30:19",FALSE,0,34.75,1,0,0,0,0,0,0,0,0,148,93,0,0,0,0,0,0,0,0,0,0,0,,,,,,,,,"wrist"
"IZTECH_S016","IZTECH_S016_w","2025-05-12 07:32:19",FALSE,0,34.69,1,4459,37.1583,148,1.23333,207,1.725,0.05,0,137,97,0,0,0,0,0,0,0,1e-04,0,0,0,,,,,,,,,"wrist"
"IZTECH_S016","IZTECH_S016_w","2025-05-12 07:34:19",FALSE,0,34.62,1,0,0,0,0,0,0,0,0,130,93,0,0,0,0,0,0,0,0,0,0,0,,,,,,,,,"wrist"
"IZTECH_S016","IZTECH_S016_w","2025-05-12 07:36:19",FALSE,0,34.69,1,5,0.0416667,0,0,0,0,0,0,129,96,0,0,0,0,0,0,0,0,0,0,0,,,,,,,,,"wrist"
"IZTECH_S016","IZTECH_S016_w","2025-05-12 07:38:19",FALSE,0,34.75,1,3,0.025,0,0,0,0,0,0,129,96,0,0,0,0,0,0,0,0,0,0,0,,,,,,,,,"wrist"
"IZTECH_S016","IZTECH_S016_w","2025-05-12 07:40:19",FALSE,0,34.88,1,33,0.275,0,0,1,0.00833333,0,0,129,95,0,0,0,0,0,0,0,0,0,0,0,,,,,,,,,"wrist"
"IZTECH_S016","IZTECH_S016_w","2025-05-12 07:42:19",FALSE,0,34.94,1,12,0.1,0,0,0,0,0,0,128,96,0,0,0,0,0,0,0,0,0,0,0,,,,,,,,,"wrist"
"IZTECH_S016","IZTECH_S016_w","2025-05-12 07:44:19",FALSE,0,35,1,12,0.1,0,0,1,0.00833333,0,0,128,94,0,0,0,0,0,0,0,0,0,0,0,,,,,,,,,"wrist"
"IZTECH_S016","IZTECH_S016_w","2025-05-12 07:46:19",FALSE,0,35.06,1,0,0,0,0,0,0,0,0,128,93,0,0,0,0,0,0,0,0,0,0,0,,,,,,,,,"wrist"
"IZTECH_S016","IZTECH_S016_w","2025-05-12 07:48:19",FALSE,0,35.12,1,97,0.808333,1,0.00833333,8,0.0666667,0,0,128,96,0,0,0,0,0,0,0,0,0,0,0,,,,,,,,,"wrist"
"IZTECH_S016","IZTECH_S016_w","2025-05-12 07:50:19",FALSE,0,35.19,1,0,0,0,0,0,0,0,0,128,96,0,0,0,0,0,0,0,0,0,0,0,,,,,,,,,"wrist"
"IZTECH_S016","IZTECH_S016_w","2025-05-12 07:52:19",FALSE,0,35.31,1,7,0.0583333,0,0,0,0,0,0,128,93,0,0,0,0,0,0,0,0,0,0,0,,,,,,,,,"wrist"
"IZTECH_S016","IZTECH_S016_w","2025-05-12 07:54:19",FALSE,0,35.31,1,0,0,0,0,0,0,0,0,128,96,0,0,0,0,0,0,0,0,0,0,0,,,,,,,,,"wrist"
"IZTECH_S016","IZTECH_S016_w","2025-05-12 07:56:19",FALSE,0,35.38,1,67,0.558333,0,0,7,0.0583333,0,0,128,96,0,0,0,0,0,0,0,0,0,0,0,,,,,,,,,"wrist"
"IZTECH_S016","IZTECH_S016_w","2025-05-12 07:58:19",FALSE,0,35.44,1,0,0,0,0,0,0,0,0,128,94,0,0,0,0,0,0,0,0,0,0,0,,,,,,,,,"wrist"
"IZTECH_S016","IZTECH_S016_w","2025-05-12 08:00:19",FALSE,0,35.38,1,2090,17.4167,60,0.5,124,1.03333,3.6,0,128,96,2e-04,4e-04,4e-04,6e-04,7e-04,8e-04,0.001,0.0016,2.86,0.01,0,,,,,,,,,"wrist"
"IZTECH_S016","IZTECH_S016_w","2025-05-12 08:02:19",FALSE,1,31.44,1,7051,58.7583,195,1.625,359,2.99167,60.39,0.04,222,170,0.0028,0.0047,0.0062,0.0091,0.0106,0.0127,0.0154,0.021,48.37,0.06,0,,,,,,,,,"wrist"
"IZTECH_S016","IZTECH_S016_w","2025-05-12 08:04:19",FALSE,0,29.38,16,0,0,0,0,0,0,37.24,0.03,221,169,0.0017,0.0029,0.0039,0.0057,0.0066,0.0079,0.0097,0.0132,29.38,0.04,0,,,,,,,,,"wrist"
"IZTECH_S016","IZTECH_S016_w","2025-05-12 08:06:19",FALSE,0,28.19,16,0,0,0,0,0,0,33.77,0.03,221,169,0.0016,0.0026,0.0035,0.0052,0.006,0.0071,0.0087,0.0119,26.82,0.04,0,,,,,,,,,"wrist"
"IZTECH_S016","IZTECH_S016_w","2025-05-12 08:08:19",FALSE,0,27.19,16,0,0,0,0,0,0,38.61,0.03,221,169,0.0018,0.003,0.004,0.0059,0.0068,0.0082,0.01,0.0137,30.57,0.04,0,,,,,,,,,"wrist"
"IZTECH_S016","IZTECH_S016_w","2025-05-12 08:10:19",FALSE,0,26.44,16,0,0,0,0,0,0,37.51,0.03,220,169,0.0018,0.0029,0.0039,0.0058,0.0066,0.0079,0.0097,0.0132,29.79,0.04,0,,,,,,,,,"wrist"
"IZTECH_S016","IZTECH_S016_w","2025-05-12 08:12:19",FALSE,0,25.81,16,0,0,0,0,0,0,47.75,0.04,220,169,0.0022,0.0037,0.0049,0.0073,0.0085,0.0102,0.0125,0.017,37.5,0.05,0,,,,,,,,,"wrist"
"IZTECH_S016","IZTECH_S016_w","2025-05-12 08:14:19",FALSE,0,25.31,16,0,0,0,0,0,0,46.38,0.04,220,168,0.0022,0.0036,0.0048,0.0071,0.0082,0.0099,0.012,0.0164,36.63,0.05,0,,,,,,,,,"wrist"
"IZTECH_S016","IZTECH_S016_w","2025-05-12 08:16:19",FALSE,0,24.94,16,9,0.075,0,0,1,0.00833333,42.19,0.03,220,168,0.002,0.0034,0.0044,0.0065,0.0075,0.009,0.011,0.0152,33.42,0.05,0,,,,,,,,,"wrist"
"IZTECH_S016","IZTECH_S016_w","2025-05-12 08:18:19",FALSE,0,24.62,16,22,0.183333,1,0.00833333,3,0.025,56.35,0.05,219,168,0.0028,0.0045,0.006,0.0088,0.0101,0.0122,0.0149,0.0208,44.25,0.06,0,,,,,,,,,"wrist"
"IZTECH_S016","IZTECH_S016_w","2025-05-12 08:20:19",FALSE,0,24.38,16,0,0,0,0,0,0,63.26,0.05,219,168,0.003,0.005,0.0066,0.0098,0.0113,0.0136,0.0167,0.0231,49.47,0.07,0,,,,,,,,,"wrist"
"IZTECH_S016","IZTECH_S016_w","2025-05-12 08:22:19",FALSE,0,24.19,16,0,0,0,0,0,0,67.4,0.05,219,166,0.0032,0.0053,0.007,0.0104,0.012,0.0145,0.0177,0.0243,52.98,0.07,0,,,,,,,,,"wrist"
"IZTECH_S016","IZTECH_S016_w","2025-05-12 08:24:19",FALSE,0,24.06,16,0,0,0,0,0,0,67.69,0.05,219,166,0.0032,0.0053,0.007,0.0104,0.012,0.0145,0.0177,0.0243,53.16,0.07,0,,,,,,,,,"wrist"
"IZTECH_S016","IZTECH_S016_w","2025-05-12 08:26:19",FALSE,0,23.94,16,0,0,0,0,0,0,71.36,0.06,219,168,0.0034,0.0056,0.0074,0.011,0.0126,0.0152,0.0186,0.0255,56.07,0.08,0,,,,,,,,,"wrist"
"IZTECH_S016","IZTECH_S016_w","2025-05-12 08:28:19",FALSE,1,26.88,16,3100,25.8333,106,0.883333,173,1.44167,63.7,0.05,131,96,0.003,0.005,0.0066,0.0097,0.0114,0.0137,0.0168,0.0231,49.31,0.07,0,,,,,,,,,"wrist"
"IZTECH_S016","IZTECH_S016_w","2025-05-12 08:30:19",FALSE,0,29.06,1,13276,110.633,395,3.29167,792,6.6,67.18,0.04,128,105,0.0028,0.0052,0.0063,0.0096,0.012,0.0141,0.0165,0.0215,50.74,0.06,0,,,,,,,,,"wrist"
"IZTECH_S016","IZTECH_S016_w","2025-05-12 08:32:19",FALSE,0,29.38,16,11743,97.8583,319,2.65833,642,5.35,77.12,0.02,137,116,0.0022,0.0038,0.005,0.0087,0.0126,0.0174,0.0226,0.0233,44.44,0.05,0,,,,,,,,,"wrist"
"IZTECH_S016","IZTECH_S016_w","2025-05-12 08:34:19",FALSE,0,29.75,16,2030,16.9167,15,0.125,147,1.225,114.4,0.02,128,121,0.0027,0.0049,0.0064,0.0119,0.0182,0.0262,0.0344,0.0325,60.96,0.07,0,,,,,,,,,"wrist"
"IZTECH_S016","IZTECH_S016_w","2025-05-12 08:36:19",FALSE,0,30.69,16,3527,29.3917,41,0.341667,245,2.04167,108.93,0.02,128,110,0.0026,0.0047,0.0061,0.0113,0.0173,0.025,0.0329,0.0312,57.96,0.07,0,,,,,,,,,"wrist"
"IZTECH_S016","IZTECH_S016_w","2025-05-12 08:38:19",FALSE,0,31.19,16,1830,15.25,14,0.116667,142,1.18333,107.06,0.02,128,122,0.0026,0.0047,0.0061,0.0112,0.0171,0.0246,0.0322,0.0307,57.37,0.07,0,,,,,,,,,"wrist"
"IZTECH_S016","IZTECH_S016_w","2025-05-12 08:40:19",FALSE,0,31.31,16,1917,15.975,44,0.366667,95,0.791667,97.41,0.02,130,138,0.0025,0.0045,0.0059,0.0105,0.0156,0.0222,0.0289,0.0283,54.22,0.06,0,,,,,,,,,"wrist"
"IZTECH_S016","IZTECH_S016_w","2025-05-12 08:42:19",FALSE,0,31.44,8,2243,18.6917,45,0.375,148,1.23333,70.49,0.02,176,150,0.0021,0.0036,0.0047,0.0081,0.0115,0.0159,0.0206,0.0215,41.91,0.05,0,,,,,,,,,"wrist"
"IZTECH_S016","IZTECH_S016_w","2025-05-12 08:44:19",FALSE,0,31.62,16,363,3.025,4,0.0333333,25,0.208333,117.52,0.03,137,134,0.003,0.0055,0.0071,0.0127,0.0188,0.0267,0.0347,0.0336,66.31,0.08,0,,,,,,,,,"wrist"
"IZTECH_S016","IZTECH_S016_w","2025-05-12 08:46:19",FALSE,0,31.75,16,1962,16.35,61,0.508333,100,0.833333,105.6,0.03,177,155,0.0028,0.0051,0.0066,0.0117,0.0169,0.0239,0.031,0.0305,61.02,0.07,0,,,,,,,,,"wrist"
"IZTECH_S016","IZTECH_S016_w","2025-05-12 08:48:19",FALSE,0,32,16,2550,21.25,59,0.491667,152,1.26667,45.63,0.02,165,154,0.0017,0.003,0.0039,0.006,0.0078,0.0098,0.0121,0.0148,32.34,0.04,0,,,,,,,,,"wrist"
"IZTECH_S016","IZTECH_S016_w","2025-05-12 08:50:19",FALSE,0,31.94,8,3744,31.2,80,0.666667,234,1.95,26.6,0.01,208,166,0.0011,0.0018,0.0024,0.0036,0.0046,0.0057,0.007,0.009,19.29,0.02,0,,,,,,,,,"wrist"
"IZTECH_S016","IZTECH_S016_w","2025-05-12 08:52:19",FALSE,0,31.69,4,14257,118.808,420,3.5,767,6.39167,119.48,0.03,185,140,0.0039,0.0125,0.0086,0.0167,0.02,0.0211,0.019,0.0178,111.74,0.07,0,,,,,,,,,"wrist"
"IZTECH_S016","IZTECH_S016_w","2025-05-12 08:54:19",FALSE,0,31.44,4,23952,199.6,758,6.31667,1127,9.39167,276.62,0.15,133,135,0.0111,0.019,0.0258,0.0376,0.0483,0.0567,0.068,0.0874,210.35,0.24,0,,,,,,,,,"wrist"
"IZTECH_S016","IZTECH_S016_w","2025-05-12 08:56:19",FALSE,0,30.81,4,24000,200,836,6.96667,1014,8.45,94.75,0.05,204,146,0.0039,0.0068,0.0091,0.0135,0.0161,0.019,0.0226,0.0283,77.31,0.08,0,,,,,,,,,"wrist"
"IZTECH_S016","IZTECH_S016_w","2025-05-12 08:58:19",FALSE,0,30.31,1,15915,132.625,511,4.25833,887,7.39167,1333.75,0.34,202,152,0.0572,0.106,0.1435,0.1931,0.218,0.2338,0.2586,0.2955,1345.3,0.88,0,,,,,,,,,"wrist"
"IZTECH_S016","IZTECH_S016_w","2025-05-12 09:00:19",FALSE,0,29.81,1,4725,39.375,52,0.433333,410,3.41667,1190.92,0.18,188,137,0.0535,0.1037,0.1409,0.1819,0.1906,0.1862,0.1897,0.1983,1375.73,0.68,0,,,,,,,,,"wrist"
"IZTECH_S016","IZTECH_S016_w","2025-05-12 09:02:19",FALSE,0,29.75,1,2067,17.225,32,0.266667,158,1.31667,1192.09,0.22,165,114,0.0564,0.1092,0.146,0.1864,0.1929,0.1837,0.1801,0.187,1414.52,0.71,0,,,,,,,,,"wrist"
"IZTECH_S016","IZTECH_S016_w","2025-05-12 09:04:19",FALSE,0,30,1,5169,43.075,64,0.533333,406,3.38333,15458.44,2.16,176,105,0.4828,0.9438,1.4674,2.1366,2.4932,2.6634,2.9497,3.1699,14188.78,8.52,0,,,,,,,,,"wrist"
"IZTECH_S016","IZTECH_S016_w","2025-05-12 09:06:19",FALSE,0,30.06,4,16929,141.075,540,4.5,832,6.93333,15612.26,7.29,189,134,0.6802,1.192,1.6054,2.2248,2.641,3.0254,3.574,4.3978,13837.23,12.44,0,,,,,,,,,"wrist"
"IZTECH_S016","IZTECH_S016_w","2025-05-12 09:08:19",FALSE,0,29.75,1,18407,153.392,527,4.39167,845,7.04167,623.69,0.26,188,129,0.0372,0.0653,0.079,0.0995,0.1043,0.1082,0.1154,0.1344,722.28,0.5,0,,,,,,,,,"wrist"
"IZTECH_S016","IZTECH_S016_w","2025-05-12 09:10:19",FALSE,0,29.56,4,8384,69.8667,240,2,461,3.84167,210.4,0.11,170,132,0.0113,0.0198,0.0246,0.0327,0.0368,0.0389,0.0411,0.0489,212.61,0.18,0,,,,,,,,,"wrist"
"IZTECH_S016","IZTECH_S016_w","2025-05-12 09:12:19",FALSE,0,29.56,8,8325,69.375,240,2,442,3.68333,131.68,0.07,211,148,0.0067,0.0125,0.0151,0.0206,0.0231,0.0239,0.0249,0.0289,133.27,0.11,0,,,,,,,,,"wrist"
"IZTECH_S016","IZTECH_S016_w","2025-05-12 09:14:19",FALSE,0,29.44,8,4519,37.6583,120,1,249,2.075,134.62,0.08,213,152,0.007,0.0127,0.0156,0.0212,0.0236,0.0248,0.0259,0.0305,135.46,0.12,0,,,,,,,,,"wrist"
"IZTECH_S016","IZTECH_S016_w","2025-05-12 09:16:19",FALSE,0,29.81,16,3672,30.6,97,0.808333,257,2.14167,148.98,0.08,157,108,0.0077,0.014,0.0174,0.0233,0.0261,0.0271,0.0284,0.0331,151.36,0.13,0,,,,,,,,,"wrist"
"IZTECH_S016","IZTECH_S016_w","2025-05-12 09:18:19",FALSE,0,30,8,5976,49.8,165,1.375,325,2.70833,137.95,0.08,200,132,0.0073,0.0133,0.0162,0.022,0.0242,0.0251,0.0261,0.0304,141.5,0.12,0,,,,,,,,,"wrist"
"IZTECH_S016","IZTECH_S016_w","2025-05-12 09:20:19",FALSE,0,30,16,3932,32.7667,92,0.766667,258,2.15,130.65,0.08,200,148,0.0068,0.0127,0.015,0.0207,0.0232,0.0238,0.0242,0.0279,131.89,0.11,0,,,,,,,,,"wrist"
"IZTECH_S016","IZTECH_S016_w","2025-05-12 09:22:19",FALSE,0,29.88,8,3016,25.1333,55,0.458333,180,1.5,145.53,0.1,209,140,0.008,0.0143,0.0173,0.0234,0.0261,0.0273,0.028,0.0329,145.91,0.14,0,,,,,,,,,"wrist"
"IZTECH_S016","IZTECH_S016_w","2025-05-12 09:24:19",FALSE,0,30,8,6456,53.8,138,1.15,426,3.55,147.89,0.09,200,142,0.0082,0.0147,0.018,0.0241,0.026,0.027,0.0277,0.0326,155.16,0.13,0,,,,,,,,,"wrist"
"IZTECH_S016","IZTECH_S016_w","2025-05-12 09:26:19",FALSE,0,29.94,1,10932,91.1,207,1.725,675,5.625,98.85,0.06,188,135,0.0054,0.0098,0.012,0.0161,0.0174,0.0182,0.0188,0.0227,102.78,0.09,0,,,,,,,,,"wrist"
"IZTECH_S016","IZTECH_S016_w","2025-05-12 09:28:19",FALSE,0,29.81,1,10096,84.1333,274,2.28333,555,4.625,105.86,0.05,203,140,0.0058,0.0105,0.0128,0.017,0.0184,0.0188,0.019,0.0219,113.71,0.09,0,,,,,,,,,"wrist"
"IZTECH_S016","IZTECH_S016_w","2025-05-12 09:30:19",FALSE,0,29.69,1,4793,39.9417,124,1.03333,270,2.25,114.7,0.07,202,160,0.0062,0.0113,0.0137,0.0184,0.0203,0.0206,0.0208,0.0239,120.02,0.1,0,,,,,,,,,"wrist"
"IZTECH_S016","IZTECH_S016_w","2025-05-12 09:32:19",FALSE,0,29.19,16,6582,54.85,201,1.675,372,3.1,85.69,0.05,206,167,0.0044,0.0083,0.0099,0.0135,0.0153,0.0157,0.0159,0.0186,85.92,0.08,0,,,,,,,,,"wrist"
"IZTECH_S016","IZTECH_S016_w","2025-05-12 09:34:19",FALSE,0,29.31,16,3844,32.0333,75,0.625,258,2.15,93.87,0.06,198,140,0.005,0.0092,0.0111,0.015,0.0167,0.0172,0.0175,0.0204,96.02,0.08,0,,,,,,,,,"wrist"
"IZTECH_S016","IZTECH_S016_w","2025-05-12 09:36:19",FALSE,0,29.31,16,3163,26.3583,77,0.641667,207,1.725,95.24,0.06,209,156,0.0051,0.0093,0.0112,0.0152,0.017,0.0175,0.0177,0.0207,96.67,0.09,0,,,,,,,,,"wrist"
"IZTECH_S016","IZTECH_S016_w","2025-05-12 09:38:19",FALSE,0,29.44,16,3422,28.5167,87,0.725,212,1.76667,104.24,0.06,201,149,0.0056,0.0102,0.0123,0.0167,0.0185,0.019,0.0192,0.0223,106.48,0.09,0,,,,,,,,,"wrist"
"IZTECH_S016","IZTECH_S016_w","2025-05-12 09:40:19",FALSE,0,29.62,8,6716,55.9667,177,1.475,386,3.21667,113.58,0.07,206,162,0.0062,0.0113,0.0135,0.0183,0.0202,0.0207,0.0209,0.0242,117.59,0.1,0,,,,,,,,,"wrist"
"IZTECH_S016","IZTECH_S016_w","2025-05-12 09:42:19",FALSE,0,29.94,8,6169,51.4083,145,1.20833,360,3,89.98,0.06,204,156,0.0049,0.0089,0.0107,0.0146,0.0161,0.0166,0.0166,0.0196,91.61,0.08,0,,,,,,,,,"wrist"
"IZTECH_S016","IZTECH_S016_w","2025-05-12 09:44:19",FALSE,0,30.06,8,798,6.65,9,0.075,53,0.441667,61.19,0.05,200,136,0.0033,0.0059,0.0071,0.0101,0.0114,0.0118,0.0116,0.0143,57,0.06,0,,,,,,,,,"wrist"
"IZTECH_S016","IZTECH_S016_w","2025-05-12 09:46:19",FALSE,0,30.12,1,754,6.28333,5,0.0416667,44,0.366667,45.65,0.02,196,130,0.0025,0.0045,0.0056,0.0073,0.008,0.0081,0.0081,0.0095,48.97,0.04,0,,,,,,,,,"wrist"
"IZTECH_S016","IZTECH_S016_w","2025-05-12 09:48:19",FALSE,0,30,1,756,6.3,1,0.00833333,39,0.325,52.67,0.03,196,132,0.0028,0.0052,0.0064,0.0084,0.0092,0.0093,0.0092,0.0107,56.71,0.04,0,,,,,,,,,"wrist"
"IZTECH_S016","IZTECH_S016_w","2025-05-12 09:50:19",FALSE,0,29.81,1,622,5.18333,11,0.0916667,22,0.183333,49.33,0.02,192,132,0.0027,0.005,0.0061,0.008,0.0085,0.0086,0.0085,0.0099,54.3,0.04,0,,,,,,,,,"wrist"
"IZTECH_S016","IZTECH_S016_w","2025-05-12 09:52:19",FALSE,0,29.75,1,1147,9.55833,19,0.158333,59,0.491667,50.78,0.03,194,128,0.0028,0.005,0.0062,0.0081,0.0089,0.0089,0.0089,0.0103,54.91,0.04,0,,,,,,,,,"wrist"
"IZTECH_S016","IZTECH_S016_w","2025-05-12 09:54:19",FALSE,0,29.19,1,7016,58.4667,185,1.54167,388,3.23333,107.7,0.06,213,165,0.0063,0.011,0.013,0.017,0.019,0.02,0.0205,0.0243,112.53,0.1,0,,,,,,,,,"wrist"
"IZTECH_S016","IZTECH_S016_w","2025-05-12 09:56:19",FALSE,0,29.5,1,6768,56.4,195,1.625,327,2.725,31.27,0.02,204,143,0.0014,0.003,0.003,0.0048,0.0058,0.0061,0.0056,0.0062,26.76,0.03,0,,,,,,,,,"wrist"
"IZTECH_S016","IZTECH_S016_w","2025-05-12 09:58:19",FALSE,0,29.38,1,10917,90.975,296,2.46667,584,4.86667,61.06,0,199,133,0.0011,0.0049,0.003,0.0071,0.0104,0.0109,0.0087,0.0049,46.41,0.02,0,,,,,,,,,"wrist"
"IZTECH_S016","IZTECH_S016_w","2025-05-12 10:00:19",FALSE,0,29.25,1,15804,131.7,504,4.2,653,5.44167,51.55,0.01,167,96,0.0011,0.004,0.0031,0.0061,0.0091,0.0095,0.0079,0.0055,38.63,0.02,0,,,,,,,,,"wrist"
"IZTECH_S016","IZTECH_S016_w","2025-05-12 10:02:19",FALSE,0,28.81,1,7343,61.1917,203,1.69167,375,3.125,83,0.04,219,164,0.0038,0.0076,0.0083,0.012,0.0149,0.0155,0.0149,0.0159,76.38,0.07,0,,,,,,,,,"wrist"
"IZTECH_S016","IZTECH_S016_w","2025-05-12 10:04:19",FALSE,0,29,1,4196,34.9667,49,0.408333,311,2.59167,64.64,0.05,198,139,0.0035,0.0064,0.0075,0.0106,0.0119,0.0122,0.0119,0.0144,62.77,0.06,0,,,,,,,,,"wrist"
"IZTECH_S016","IZTECH_S016_w","2025-05-12 10:06:19",FALSE,0,28.81,1,2415,20.125,34,0.283333,152,1.26667,41.36,0.03,200,140,0.0023,0.0041,0.0049,0.0067,0.0078,0.0081,0.0079,0.01,39.04,0.04,0,,,,,,,,,"wrist"
"IZTECH_S016","IZTECH_S016_w","2025-05-12 10:08:19",FALSE,0,29.06,1,7143,59.525,188,1.56667,382,3.18333,68.91,0.05,203,140,0.0038,0.0067,0.008,0.0111,0.0128,0.0134,0.0134,0.0164,64.72,0.07,0,,,,,,,,,"wrist"
"IZTECH_S016","IZTECH_S016_w","2025-05-12 10:10:19",FALSE,0,29.12,1,4171,34.7583,101,0.841667,240,2,151.45,0.1,205,141,0.0083,0.0146,0.0173,0.0241,0.0275,0.0283,0.0279,0.0328,148,0.14,0,,,,,,,,,"wrist"
"IZTECH_S016","IZTECH_S016_w","2025-05-12 10:12:19",FALSE,0,29.12,8,4506,37.55,94,0.783333,294,2.45,169.23,0.13,196,101,0.0095,0.0164,0.0194,0.0272,0.0315,0.0328,0.0326,0.0388,158.04,0.17,0,,,,,,,,,"wrist"
"IZTECH_S016","IZTECH_S016_w","2025-05-12 10:14:19",FALSE,0,28.56,16,11123,92.6917,306,2.55,553,4.60833,142.71,0.09,207,153,0.0078,0.0137,0.0162,0.0224,0.0259,0.0268,0.0267,0.0318,138.15,0.13,0,,,,,,,,,"wrist"
"IZTECH_S016","IZTECH_S016_w","2025-05-12 10:16:19",FALSE,0,28.75,8,9056,75.4667,184,1.53333,503,4.19167,177.49,0.12,206,143,0.0099,0.0173,0.0204,0.0283,0.0323,0.0338,0.034,0.0405,171.74,0.17,0,,,,,,,,,"wrist"
"IZTECH_S016","IZTECH_S016_w","2025-05-12 10:18:19",FALSE,0,28.81,16,3479,28.9917,79,0.658333,261,2.175,142.47,0.1,201,136,0.0077,0.0136,0.0162,0.0225,0.0261,0.0268,0.0265,0.0312,136.23,0.13,0,,,,,,,,,"wrist"
"IZTECH_S016","IZTECH_S016_w","2025-05-12 10:20:19",FALSE,0,28.75,1,4045,33.7083,79,0.658333,233,1.94167,52.86,0.04,181,104,0.0029,0.0052,0.0061,0.0086,0.0099,0.0103,0.0102,0.0126,48.75,0.06,0,,,,,,,,,"wrist"
"IZTECH_S016","IZTECH_S016_w","2025-05-12 10:22:19",FALSE,0,28.56,1,2428,20.2333,20,0.166667,165,1.375,56.83,0.05,187,116,0.0034,0.006,0.0071,0.0097,0.0103,0.0109,0.0109,0.0136,58.32,0.06,0,,,,,,,,,"wrist"
"IZTECH_S016","IZTECH_S016_w","2025-05-12 10:24:19",FALSE,0,28.69,4,4725,39.375,65,0.541667,282,2.35,62.54,0.04,203,139,0.003,0.0059,0.0067,0.0098,0.0114,0.012,0.0122,0.0139,56.93,0.06,0,,,,,,,,,"wrist"
"IZTECH_S016","IZTECH_S016_w","2025-05-12 10:26:19",FALSE,0,28.56,1,7906,65.8833,140,1.16667,450,3.75,60.41,0.04,200,137,0.0031,0.0059,0.0069,0.0098,0.0109,0.0114,0.0115,0.0134,58.82,0.06,0,,,,,,,,,"wrist"
"IZTECH_S016","IZTECH_S016_w","2025-05-12 10:28:19",FALSE,0,28.44,1,7269,60.575,124,1.03333,456,3.8,61.17,0.04,217,153,0.003,0.0058,0.0067,0.0097,0.0112,0.0117,0.0117,0.0137,56.27,0.06,0,,,,,,,,,"wrist"
"IZTECH_S016","IZTECH_S016_w","2025-05-12 10:30:19",FALSE,0,28.38,1,9519,79.325,217,1.80833,495,4.125,72.01,0.05,199,141,0.0037,0.0069,0.008,0.0114,0.0131,0.0139,0.0141,0.0166,67.13,0.07,0,,,,,,,,,"wrist"
"IZTECH_S016","IZTECH_S016_w","2025-05-12 10:32:19",FALSE,0,28.56,1,3519,29.325,79,0.658333,232,1.93333,149.01,0.11,169,107,0.0082,0.0145,0.0171,0.024,0.0274,0.0282,0.028,0.033,143.25,0.14,0,,,,,,,,,"wrist"
"IZTECH_S016","IZTECH_S016_w","2025-05-12 10:34:19",FALSE,0,28.56,8,4418,36.8167,127,1.05833,250,2.08333,164.07,0.12,154,104,0.0088,0.0157,0.0182,0.0258,0.0304,0.0314,0.0309,0.0364,152.1,0.16,0,,,,,,,,,"wrist"
"IZTECH_S016","IZTECH_S016_w","2025-05-12 10:36:19",FALSE,0,28.56,16,4752,39.6,109,0.908333,313,2.60833,150.95,0.11,200,155,0.0082,0.0145,0.017,0.024,0.028,0.0291,0.0288,0.0342,140.27,0.15,0,,,,,,,,,"wrist"
"IZTECH_S016","IZTECH_S016_w","2025-05-12 10:38:19",FALSE,0,28.75,16,3949,32.9083,101,0.841667,175,1.45833,146.11,0.1,202,157,0.0078,0.0139,0.0161,0.023,0.027,0.028,0.0278,0.0329,135.21,0.14,0,,,,,,,,,"wrist"
"IZTECH_S016","IZTECH_S016_w","2025-05-12 10:40:19",FALSE,0,29,4,7005,58.375,184,1.53333,356,2.96667,128.93,0.09,160,101,0.0069,0.0123,0.0145,0.0204,0.0237,0.0249,0.025,0.0298,120.05,0.13,0,,,,,,,,,"wrist"
"IZTECH_S016","IZTECH_S016_w","2025-05-12 10:42:19",FALSE,0,29,1,3845,32.0417,85,0.708333,255,2.125,176.83,0.12,148,103,0.0093,0.0166,0.0195,0.0277,0.0326,0.034,0.034,0.0404,162.42,0.17,0,,,,,,,,,"wrist"
"IZTECH_S016","IZTECH_S016_w","2025-05-12 10:44:19",FALSE,0,29,8,5537,46.1417,159,1.325,308,2.56667,152.07,0.12,178,113,0.0081,0.0142,0.0166,0.024,0.0284,0.0298,0.0299,0.0357,135.49,0.15,0,,,,,,,,,"wrist"
"IZTECH_S016","IZTECH_S016_w","2025-05-12 10:46:19",FALSE,0,29.44,16,4038,33.65,59,0.491667,354,2.95,182.5,0.13,156,128,0.0097,0.0168,0.0202,0.0287,0.0336,0.0351,0.0354,0.0424,166.94,0.18,0,,,,,,,,,"wrist"
"IZTECH_S016","IZTECH_S016_w","2025-05-12 10:48:19",FALSE,0,29.5,8,5249,43.7417,125,1.04167,298,2.48333,194.16,0.15,178,98,0.0106,0.0183,0.0216,0.0309,0.0361,0.038,0.038,0.0459,176.12,0.2,0,,,,,,,,,"wrist"
"IZTECH_S016","IZTECH_S016_w","2025-05-12 10:50:19",FALSE,0,29.44,8,5363,44.6917,134,1.11667,335,2.79167,184.46,0.15,207,157,0.0102,0.0175,0.0207,0.0297,0.0345,0.0365,0.0364,0.0442,166.45,0.19,0,,,,,,,,,"wrist"
"IZTECH_S016","IZTECH_S016_w","2025-05-12 10:52:19",FALSE,0,29.5,1,4342,36.1833,104,0.866667,278,2.31667,199.7,0.15,151,101,0.0109,0.0188,0.0222,0.0317,0.0371,0.039,0.039,0.047,181.95,0.2,0,,,,,,,,,"wrist"
"IZTECH_S016","IZTECH_S016_w","2025-05-12 10:54:19",FALSE,0,29.5,1,5633,46.9417,126,1.05,313,2.60833,172.96,0.13,181,128,0.0093,0.0163,0.0188,0.0274,0.0321,0.0338,0.0338,0.0404,155.76,0.17,0,,,,,,,,,"wrist"
"IZTECH_S016","IZTECH_S016_w","2025-05-12 10:56:19",FALSE,0,29.69,1,4357,36.3083,92,0.766667,297,2.475,184.89,0.14,153,103,0.0099,0.0171,0.0205,0.0293,0.0343,0.0363,0.0366,0.0443,166.46,0.19,0,,,,,,,,,"wrist"
"IZTECH_S016","IZTECH_S016_w","2025-05-12 10:58:19",FALSE,0,29.69,16,3926,32.7167,72,0.6,294,2.45,226.74,0.17,172,140,0.0122,0.0209,0.0249,0.0358,0.0422,0.0447,0.045,0.0547,201.8,0.23,0,,,,,,,,,"wrist"
"IZTECH_S016","IZTECH_S016_w","2025-05-12 11:00:19",FALSE,0,29.75,16,4495,37.4583,103,0.858333,275,2.29167,246.43,0.19,159,105,0.0133,0.0228,0.027,0.039,0.046,0.0488,0.0492,0.0596,217.81,0.25,0,,,,,,,,,"wrist"
"IZTECH_S016","IZTECH_S016_w","2025-05-12 11:02:19",FALSE,0,29.81,1,2814,23.45,60,0.5,167,1.39167,234.99,0.19,182,96,0.0127,0.0218,0.0259,0.0372,0.0439,0.0466,0.047,0.057,208.18,0.24,0,,,,,,,,,"wrist"
"IZTECH_S016","IZTECH_S016_w","2025-05-12 11:04:19",FALSE,0,29.69,8,2300,19.1667,50,0.416667,139,1.15833,250.21,0.2,147,109,0.0136,0.0232,0.0275,0.0397,0.0468,0.0498,0.0502,0.0609,221.01,0.26,0,,,,,,,,,"wrist"
"IZTECH_S016","IZTECH_S016_w","2025-05-12 11:06:19",FALSE,0,29.56,16,2704,22.5333,42,0.35,227,1.89167,225.88,0.17,142,128,0.0121,0.0208,0.0249,0.0357,0.0419,0.0443,0.0449,0.0543,203.15,0.23,0,,,,,,,,,"wrist"
"IZTECH_S016","IZTECH_S016_w","2025-05-12 11:08:19",FALSE,0,29.69,16,3608,30.0667,73,0.608333,226,1.88333,231.54,0.18,173,96,0.0125,0.0214,0.0255,0.0366,0.0433,0.046,0.0464,0.0562,204.3,0.24,0,,,,,,,,,"wrist"
"IZTECH_S016","IZTECH_S016_w","2025-05-12 11:10:19",FALSE,0,29.69,1,2925,24.375,68,0.566667,167,1.39167,236.15,0.17,143,96,0.0129,0.022,0.0259,0.037,0.0436,0.0462,0.0463,0.056,214.19,0.23,0,,,,,,,,,"wrist"
"IZTECH_S016","IZTECH_S016_w","2025-05-12 11:12:19",FALSE,0,29.69,16,3984,33.2,97,0.808333,209,1.74167,213.92,0.16,190,123,0.0114,0.0197,0.0234,0.0335,0.0397,0.0421,0.0427,0.0515,190.6,0.21,0,,,,,,,,,"wrist"
"IZTECH_S016","IZTECH_S016_w","2025-05-12 11:14:19",FALSE,0,29.56,8,2562,21.35,53,0.441667,165,1.375,225.29,0.17,186,101,0.0121,0.0208,0.0247,0.0354,0.042,0.0446,0.045,0.0543,199.98,0.23,0,,,,,,,,,"wrist"
"IZTECH_S016","IZTECH_S016_w","2025-05-12 11:16:19",FALSE,0,29.5,8,4383,36.525,101,0.841667,287,2.39167,230.75,0.19,159,111,0.0127,0.0215,0.0254,0.0365,0.0436,0.0465,0.0465,0.0566,200.56,0.24,0,,,,,,,,,"wrist"
"IZTECH_S016","IZTECH_S016_w","2025-05-12 11:18:19",FALSE,0,29.44,8,3171,26.425,58,0.483333,215,1.79167,220.05,0.18,159,104,0.012,0.0208,0.0241,0.0347,0.0413,0.0437,0.0435,0.0522,194.92,0.22,0,,,,,,,,,"wrist"
"IZTECH_S016","IZTECH_S016_w","2025-05-12 11:20:19",FALSE,0,29.38,1,8626,71.8833,222,1.85,503,4.19167,114.96,0.1,203,149,0.0061,0.0109,0.0125,0.0181,0.0217,0.0231,0.0227,0.0269,99.86,0.12,0,,,,,,,,,"wrist"
"IZTECH_S016","IZTECH_S016_w","2025-05-12 11:22:19",FALSE,0,29.44,1,9014,75.1167,210,1.75,525,4.375,116.6,0.09,192,114,0.0061,0.0107,0.0127,0.0179,0.0219,0.0238,0.0243,0.0291,99.41,0.12,0,,,,,,,,,"wrist"
"IZTECH_S016","IZTECH_S016_w","2025-05-12 11:24:19",FALSE,0,29.31,1,887,7.39167,8,0.0666667,58,0.483333,50.16,0.05,188,108,0.0029,0.005,0.006,0.0085,0.0096,0.0104,0.0104,0.0137,44.57,0.06,0,,,,,,,,,"wrist"
"IZTECH_S016","IZTECH_S016_w","2025-05-12 11:26:19",FALSE,0,29.31,1,8707,72.5583,235,1.95833,430,3.58333,77.02,0.07,188,153,0.0043,0.0074,0.0088,0.0126,0.0146,0.0157,0.0157,0.0201,67.64,0.09,0,,,,,,,,,"wrist"
"IZTECH_S016","IZTECH_S016_w","2025-05-12 11:28:19",FALSE,0,29.31,8,747,6.225,11,0.0916667,50,0.416667,122.87,0.11,210,153,0.0066,0.0112,0.0136,0.0197,0.0231,0.0249,0.025,0.0312,105.88,0.13,0,,,,,,,,,"wrist"
"IZTECH_S016","IZTECH_S016_w","2025-05-12 11:30:19",FALSE,0,29.69,8,978,8.15,17,0.141667,57,0.475,122.91,0.11,172,93,0.0066,0.0112,0.0136,0.0197,0.0232,0.025,0.025,0.0313,105.2,0.13,0,,,,,,,,,"wrist"
"IZTECH_S016","IZTECH_S016_w","2025-05-12 11:32:19",FALSE,0,29.62,8,1291,10.7583,29,0.241667,64,0.533333,103.56,0.1,192,105,0.0056,0.0095,0.0115,0.0169,0.0199,0.0213,0.021,0.0267,87.11,0.12,0,,,,,,,,,"wrist"
"IZTECH_S016","IZTECH_S016_w","2025-05-12 11:34:19",FALSE,0,29.62,8,872,7.26667,18,0.15,47,0.391667,96.25,0.1,175,96,0.0053,0.009,0.0108,0.0159,0.0185,0.0199,0.0195,0.025,80.98,0.11,0,,,,,,,,,"wrist"
"IZTECH_S016","IZTECH_S016_w","2025-05-12 11:36:19",FALSE,0,29.56,8,11,0.0916667,0,0,0,0,102.42,0.1,183,96,0.0056,0.0095,0.0114,0.0168,0.0197,0.0211,0.0208,0.0263,85.96,0.12,0,,,,,,,,,"wrist"
"IZTECH_S016","IZTECH_S016_w","2025-05-12 11:38:19",FALSE,0,29.56,8,1463,12.1917,41,0.341667,71,0.591667,101.31,0.1,175,96,0.0055,0.0093,0.0112,0.0163,0.0195,0.021,0.0207,0.0262,84.1,0.11,0,,,,,,,,,"wrist"
"IZTECH_S016","IZTECH_S016_w","2025-05-12 11:40:19",FALSE,0,29.44,8,7560,63,190,1.58333,419,3.49167,189.88,0.17,146,96,0.0106,0.0184,0.0211,0.0305,0.0361,0.0385,0.038,0.0463,165.88,0.2,0,,,,,,,,,"wrist"
"IZTECH_S016","IZTECH_S016_w","2025-05-12 11:42:19",FALSE,0,29.38,4,3550,29.5833,74,0.616667,231,1.925,181.91,0.16,193,132,0.0104,0.0176,0.021,0.0295,0.0342,0.0366,0.0366,0.0447,164.67,0.19,0,,,,,,,,,"wrist"
"IZTECH_S016","IZTECH_S016_w","2025-05-12 11:44:19",FALSE,0,29.25,4,9628,80.2333,288,2.4,485,4.04167,85.23,0.04,176,97,0.0032,0.0076,0.0072,0.0122,0.0154,0.0163,0.0152,0.015,70.83,0.07,0,,,,,,,,,"wrist"
"IZTECH_S016","IZTECH_S016_w","2025-05-12 11:46:19",FALSE,0,29.06,1,16824,140.2,501,4.175,858,7.15,67.62,0.03,200,129,0.0024,0.0057,0.0053,0.0091,0.0122,0.013,0.0117,0.0108,53.55,0.05,0,,,,,,,,,"wrist"
"IZTECH_S016","IZTECH_S016_w","2025-05-12 11:48:19",FALSE,0,28.88,32,14203,118.358,497,4.14167,664,5.53333,72.56,0.18,209,148,0.0061,0.0094,0.0098,0.0132,0.0156,0.0203,0.0229,0.0329,50,0.13,0,,,,,,,,,"wrist"
"IZTECH_S016","IZTECH_S016_w","2025-05-12 11:50:19",FALSE,0,28.94,16,2665,22.2083,60,0.5,162,1.35,95.88,0.07,211,155,0.0052,0.0093,0.0109,0.0153,0.0176,0.0187,0.0186,0.0223,90.21,0.09,0,,,,,,,,,"wrist"
"IZTECH_S016","IZTECH_S016_w","2025-05-12 11:52:19",FALSE,0,28.88,8,1694,14.1167,26,0.216667,126,1.05,143.84,0.1,199,137,0.0081,0.0146,0.0165,0.0231,0.0262,0.027,0.0263,0.0307,142.53,0.14,0,,,,,,,,,"wrist"
"IZTECH_S016","IZTECH_S016_w","2025-05-12 11:54:19",FALSE,0,29.12,8,6234,51.95,188,1.56667,328,2.73333,140.5,0.12,190,129,0.0081,0.0139,0.0163,0.023,0.0265,0.0279,0.0272,0.0329,130,0.15,0,,,,,,,,,"wrist"
"IZTECH_S016","IZTECH_S016_w","2025-05-12 11:56:19",FALSE,0,29.25,4,2181,18.175,74,0.616667,97,0.808333,87.99,0.07,139,93,0.0043,0.0084,0.0092,0.0138,0.0161,0.0173,0.0177,0.02,77.99,0.08,0,,,,,,,,,"wrist"
"IZTECH_S016","IZTECH_S016_w","2025-05-12 11:58:19",FALSE,0,29.25,4,2503,20.8583,72,0.6,149,1.24167,86.75,0.07,143,93,0.0043,0.0082,0.0093,0.0137,0.016,0.0169,0.0169,0.0195,77.96,0.08,0,,,,,,,,,"wrist"
"IZTECH_S016","IZTECH_S016_w","2025-05-12 12:00:19",FALSE,0,29.19,4,5902,49.1833,155,1.29167,359,2.99167,80.92,0.06,187,119,0.0042,0.0079,0.0093,0.0131,0.0147,0.0154,0.0154,0.0182,77.7,0.08,0,,,,,,,,,"wrist"
"IZTECH_S016","IZTECH_S016_w","2025-05-12 12:02:19",FALSE,0,29.31,4,1852,15.4333,41,0.341667,108,0.9,88.93,0.07,141,93,0.0044,0.0084,0.0095,0.0141,0.0164,0.0175,0.0175,0.0204,79.03,0.09,0,,,,,,,,,"wrist"
"IZTECH_S016","IZTECH_S016_w","2025-05-12 12:04:19",FALSE,0,29.31,8,6755,56.2917,170,1.41667,394,3.28333,180.99,0.16,199,141,0.0104,0.0179,0.0208,0.0292,0.0342,0.0362,0.0355,0.0428,164.51,0.19,0,,,,,,,,,"wrist"
"IZTECH_S016","IZTECH_S016_w","2025-05-12 12:06:19",FALSE,0,29.31,8,2647,22.0583,71,0.591667,145,1.20833,179.17,0.15,149,137,0.0105,0.0178,0.0205,0.029,0.0338,0.0357,0.0347,0.0419,164.16,0.19,0,,,,,,,,,"wrist"
"IZTECH_S016","IZTECH_S016_w","2025-05-12 12:08:19",FALSE,0,29.31,8,4102,34.1833,88,0.733333,232,1.93333,151.15,0.13,179,145,0.0086,0.0147,0.0174,0.0244,0.0285,0.0301,0.0298,0.036,137.52,0.16,0,,,,,,,,,"wrist"
"IZTECH_S016","IZTECH_S016_w","2025-05-12 12:10:19",FALSE,0,29.31,16,3854,32.1167,95,0.791667,256,2.13333,152.34,0.13,205,153,0.0087,0.0148,0.0175,0.0247,0.0285,0.0301,0.0297,0.0359,140.51,0.16,0,,,,,,,,,"wrist"
"IZTECH_S016","IZTECH_S016_w","2025-05-12 12:12:19",FALSE,0,29.25,8,4484,37.3667,113,0.941667,301,2.50833,159.68,0.14,212,160,0.0092,0.0157,0.0185,0.0261,0.03,0.0318,0.0314,0.0382,146.94,0.17,0,,,,,,,,,"wrist"
"IZTECH_S016","IZTECH_S016_w","2025-05-12 12:14:19",FALSE,0,29.31,16,2468,20.5667,47,0.391667,166,1.38333,162.29,0.13,181,121,0.0092,0.0157,0.0186,0.0262,0.0304,0.0322,0.0318,0.0386,148.51,0.17,0,,,,,,,,,"wrist"
"IZTECH_S016","IZTECH_S016_w","2025-05-12 12:16:19",FALSE,0,29.19,8,3995,33.2917,108,0.9,234,1.95,191.33,0.17,194,149,0.0112,0.0192,0.0221,0.0315,0.0362,0.0385,0.0379,0.046,174.4,0.21,0,,,,,,,,,"wrist"
"IZTECH_S016","IZTECH_S016_w","2025-05-12 12:18:19",FALSE,0,29.06,8,5647,47.0583,157,1.30833,316,2.63333,167.99,0.15,183,140,0.0097,0.0165,0.0193,0.0274,0.0317,0.0339,0.0335,0.0409,151.85,0.18,0,,,,,,,,,"wrist"
"IZTECH_S016","IZTECH_S016_w","2025-05-12 12:20:19",FALSE,0,28.44,16,10408,86.7333,263,2.19167,565,4.70833,156.64,0.14,216,165,0.0091,0.0157,0.0185,0.0258,0.0291,0.0315,0.0318,0.0389,146.63,0.17,0,,,,,,,,,"wrist"
"IZTECH_S016","IZTECH_S016_w","2025-05-12 12:22:19",FALSE,0,28.81,4,9427,78.5583,289,2.40833,426,3.55,110.04,0.1,205,167,0.0064,0.011,0.0129,0.0182,0.0208,0.0222,0.0219,0.0271,100.58,0.12,0,,,,,,,,,"wrist"
"IZTECH_S016","IZTECH_S016_w","2025-05-12 12:24:19",FALSE,0,28.25,1,1159,9.65833,1,0.00833333,86,0.716667,71.23,0.06,201,147,0.0041,0.007,0.0084,0.0117,0.0133,0.0144,0.0145,0.0181,65.9,0.08,0,,,,,,,,,"wrist"
"IZTECH_S016","IZTECH_S016_w","2025-05-12 12:26:19",FALSE,0,28.56,1,5789,48.2417,122,1.01667,334,2.78333,123.9,0.12,204,161,0.0072,0.0122,0.0143,0.0202,0.0236,0.0256,0.0253,0.0315,109.29,0.14,0,,,,,,,,,"wrist"
"IZTECH_S016","IZTECH_S016_w","2025-05-12 12:28:19",FALSE,0,28.88,8,3681,30.675,64,0.533333,254,2.11667,186.78,0.19,192,128,0.011,0.0184,0.0215,0.0305,0.0361,0.039,0.0386,0.0479,161.05,0.22,0,,,,,,,,,"wrist"
"IZTECH_S016","IZTECH_S016_w","2025-05-12 12:30:19",FALSE,0,28.94,1,5867,48.8917,151,1.25833,349,2.90833,141.63,0.12,158,115,0.0081,0.0137,0.016,0.0227,0.0267,0.0287,0.0283,0.0349,126.66,0.15,0,,,,,,,,,"wrist"
"IZTECH_S016","IZTECH_S016_w","2025-05-12 12:32:19",FALSE,0,28.31,4,6637,55.3083,196,1.63333,332,2.76667,179.54,0.18,171,137,0.0105,0.0179,0.0205,0.0293,0.0345,0.0372,0.0367,0.0452,157.13,0.2,0,,,,,,,,,"wrist"
"IZTECH_S016","IZTECH_S016_w","2025-05-12 12:34:19",FALSE,0,28,1,6706,55.8833,167,1.39167,423,3.525,119.36,0.12,212,165,0.0066,0.0111,0.0131,0.0189,0.0232,0.0252,0.0248,0.0314,97.05,0.14,0,,,,,,,,,"wrist"
"IZTECH_S016","IZTECH_S016_w","2025-05-12 12:36:19",FALSE,0,28.12,16,8406,70.05,233,1.94167,495,4.125,113.85,0.12,164,128,0.0068,0.0114,0.0134,0.0192,0.022,0.024,0.0239,0.0302,98.44,0.14,0,,,,,,,,,"wrist"
"IZTECH_S016","IZTECH_S016_w","2025-05-12 12:38:19",FALSE,0,28.44,4,1589,13.2417,26,0.216667,87,0.725,109.01,0.11,129,101,0.0064,0.011,0.0127,0.0178,0.0207,0.0228,0.023,0.0289,96.72,0.12,0,,,,,,,,,"wrist"
"IZTECH_S016","IZTECH_S016_w","2025-05-12 12:40:19",FALSE,0,28.56,4,1463,12.1917,33,0.275,78,0.65,117.26,0.11,129,101,0.0067,0.0119,0.0135,0.0192,0.022,0.0241,0.0245,0.0297,106,0.13,0,,,,,,,,,"wrist"
"IZTECH_S016","IZTECH_S016_w","2025-05-12 12:42:19",FALSE,0,28.62,4,2766,23.05,77,0.641667,135,1.125,98.62,0.1,129,105,0.006,0.0102,0.0118,0.0165,0.0188,0.0207,0.021,0.0262,89.29,0.12,0,,,,,,,,,"wrist"
"IZTECH_S016","IZTECH_S016_w","2025-05-12 12:44:19",FALSE,0,28.62,4,3977,33.1417,121,1.00833,189,1.575,151.72,0.14,187,152,0.0089,0.0152,0.0176,0.0246,0.0286,0.0317,0.0323,0.04,135.02,0.17,0,,,,,,,,,"wrist"
"IZTECH_S016","IZTECH_S016_w","2025-05-12 12:46:19",FALSE,0,27.69,4,27277,227.308,1053,8.775,1007,8.39167,19230.93,7.65,217,163,0.7989,1.3988,1.8624,2.5668,3.2891,3.7648,4.4235,5.3937,16142.34,14.67,0,,,,,,,,,"wrist"
"IZTECH_S016","IZTECH_S016_w","2025-05-12 12:48:19",FALSE,0,27.94,4,22582,188.183,773,6.44167,924,7.7,42251.45,15.27,216,161,1.8703,3.2947,4.4053,6.0542,6.9723,7.977,9.4222,11.4725,39500.27,31.68,0,,,,,,,,,"wrist"
"IZTECH_S016","IZTECH_S016_w","2025-05-12 12:50:19",FALSE,0,29.94,4,18989,158.242,592,4.93333,815,6.79167,43135.69,16.2,214,154,2.0542,3.6272,4.8351,6.596,6.9762,7.9473,9.3592,11.3758,43761.95,33.11,0,,,,,,,,,"wrist"
"IZTECH_S016","IZTECH_S016_w","2025-05-12 12:52:19",FALSE,0,29.44,4,19342,161.183,551,4.59167,893,7.44167,26184.21,11.24,215,160,1.2542,2.1945,2.8935,3.9435,4.3263,4.9348,5.7811,7.0846,25608.46,20.96,0,,,,,,,,,"wrist"
"IZTECH_S016","IZTECH_S016_w","2025-05-12 12:54:19",FALSE,0,29.38,1,14877,123.975,259,2.15833,747,6.225,12102.31,5.31,174,153,0.5728,1.0059,1.3258,1.8129,2.0003,2.2969,2.7148,3.3238,11691.79,9.72,0,,,,,,,,,"wrist"
"IZTECH_S016","IZTECH_S016_w","2025-05-12 12:56:19",FALSE,0,29.44,4,20963,174.692,623,5.19167,921,7.675,36962.3,13.92,216,161,1.6291,2.8717,3.8221,5.2226,6.1547,7.0372,8.3016,10.0851,33950.1,27.96,0,,,,,,,,,"wrist"
"IZTECH_S016","IZTECH_S016_w","2025-05-12 12:58:19",FALSE,0,28.88,1,11960,99.6667,373,3.10833,533,4.44167,338.78,0.16,205,161,0.0141,0.0235,0.0312,0.0458,0.0576,0.0715,0.087,0.1071,259.15,0.29,0,,,,,,,,,"wrist"
"IZTECH_S016","IZTECH_S016_w","2025-05-12 13:00:19",FALSE,0,27.88,16,2149,17.9083,66,0.55,101,0.841667,462.69,0.2,217,169,0.0182,0.0308,0.0417,0.0616,0.0778,0.0964,0.1171,0.1402,354.1,0.37,0,,,,,,,,,"wrist"
"IZTECH_S016","IZTECH_S016_w","2025-05-12 13:02:19",FALSE,0,27.56,1,1765,14.7083,55,0.458333,63,0.525,93.67,0.07,214,164,0.0043,0.0069,0.0086,0.0126,0.0161,0.0222,0.0285,0.0348,63.63,0.1,0,,,,,,,,,"wrist"
"IZTECH_S016","IZTECH_S016_w","2025-05-12 13:04:19",FALSE,0,27.81,1,1571,13.0917,31,0.258333,66,0.55,396.93,0.21,204,145,0.0158,0.0265,0.0352,0.0517,0.069,0.085,0.1036,0.1287,283.14,0.34,0,,,,,,,,,"wrist"
"IZTECH_S016","IZTECH_S016_w","2025-05-12 13:06:19",FALSE,0,27.88,1,790,6.58333,0,0,41,0.341667,123.26,0.12,205,149,0.0069,0.0107,0.0131,0.0188,0.0224,0.029,0.037,0.0531,89.79,0.15,0,,,,,,,,,"wrist"
"IZTECH_S016","IZTECH_S016_w","2025-05-12 13:08:19",FALSE,0,27.88,1,2498,20.8167,35,0.291667,133,1.10833,244.85,0.15,205,149,0.0112,0.0183,0.0237,0.0345,0.0425,0.0532,0.0657,0.0853,185.97,0.24,0,,,,,,,,,"wrist"
"IZTECH_S016","IZTECH_S016_w","2025-05-12 13:10:19",FALSE,0,28.06,1,3954,32.95,90,0.75,213,1.775,136.99,0.12,213,153,0.0075,0.0119,0.0148,0.0213,0.0242,0.0311,0.0391,0.0552,108.52,0.16,0,,,,,,,,,"wrist"
"IZTECH_S016",,"2025-05-12 13:12:19",TRUE,,,,,,,,,,,,,,,,,,,,,,,,,,,,,,,,,"wrist"
"IZTECH_S016",,"2025-05-12 13:14:19",TRUE,,,,,,,,,,,,,,,,,,,,,,,,,,,,,,,,,"wrist"
"IZTECH_S016",,"2025-05-12 13:16:19",TRUE,,,,,,,,,,,,,,,,,,,,,,,,,,,,,,,,,"wrist"
"IZTECH_S016",,"2025-05-12 13:18:19",TRUE,,,,,,,,,,,,,,,,,,,,,,,,,,,,,,,,,"wrist"
"IZTECH_S016",,"2025-05-12 13:20:19",TRUE,,,,,,,,,,,,,,,,,,,,,,,,,,,,,,,,,"wrist"
"IZTECH_S016",,"2025-05-12 13:22:19",TRUE,,,,,,,,,,,,,,,,,,,,,,,,,,,,,,,,,"wrist"
"IZTECH_S016",,"2025-05-12 13:24:19",TRUE,,,,,,,,,,,,,,,,,,,,,,,,,,,,,,,,,"wrist"
"IZTECH_S016",,"2025-05-12 13:26:19",TRUE,,,,,,,,,,,,,,,,,,,,,,,,,,,,,,,,,"wrist"
"IZTECH_S016",,"2025-05-12 13:28:19",TRUE,,,,,,,,,,,,,,,,,,,,,,,,,,,,,,,,,"wrist"
"IZTECH_S016",,"2025-05-12 13:30:19",TRUE,,,,,,,,,,,,,,,,,,,,,,,,,,,,,,,,,"wrist"
"IZTECH_S016",,"2025-05-12 13:32:19",TRUE,,,,,,,,,,,,,,,,,,,,,,,,,,,,,,,,,"wrist"
"IZTECH_S016",,"2025-05-12 13:34:19",TRUE,,,,,,,,,,,,,,,,,,,,,,,,,,,,,,,,,"wrist"
"IZTECH_S016",,"2025-05-12 13:36:19",TRUE,,,,,,,,,,,,,,,,,,,,,,,,,,,,,,,,,"wrist"
"IZTECH_S016",,"2025-05-12 13:38:19",TRUE,,,,,,,,,,,,,,,,,,,,,,,,,,,,,,,,,"wrist"
"IZTECH_S016",,"2025-05-12 13:40:19",TRUE,,,,,,,,,,,,,,,,,,,,,,,,,,,,,,,,,"wrist"
"IZTECH_S016",,"2025-05-12 13:42:19",TRUE,,,,,,,,,,,,,,,,,,,,,,,,,,,,,,,,,"wrist"
"IZTECH_S016",,"2025-05-12 13:44:19",TRUE,,,,,,,,,,,,,,,,,,,,,,,,,,,,,,,,,"wrist"
"IZTECH_S016",,"2025-05-12 13:46:19",TRUE,,,,,,,,,,,,,,,,,,,,,,,,,,,,,,,,,"wrist"
"IZTECH_S016",,"2025-05-12 13:48:19",TRUE,,,,,,,,,,,,,,,,,,,,,,,,,,,,,,,,,"wrist"
"IZTECH_S016",,"2025-05-12 13:50:19",TRUE,,,,,,,,,,,,,,,,,,,,,,,,,,,,,,,,,"wrist"
"IZTECH_S016",,"2025-05-12 13:52:19",TRUE,,,,,,,,,,,,,,,,,,,,,,,,,,,,,,,,,"wrist"
"IZTECH_S016",,"2025-05-12 13:54:19",TRUE,,,,,,,,,,,,,,,,,,,,,,,,,,,,,,,,,"wrist"
"IZTECH_S016",,"2025-05-12 13:56:19",TRUE,,,,,,,,,,,,,,,,,,,,,,,,,,,,,,,,,"wrist"
"IZTECH_S016",,"2025-05-12 13:58:19",TRUE,,,,,,,,,,,,,,,,,,,,,,,,,,,,,,,,,"wrist"
"IZTECH_S016",,"2025-05-12 14:00:19",TRUE,,,,,,,,,,,,,,,,,,,,,,,,,,,,,,,,,"wrist"
"IZTECH_S016",,"2025-05-12 14:02:19",TRUE,,,,,,,,,,,,,,,,,,,,,,,,,,,,,,,,,"wrist"
"IZTECH_S016",,"2025-05-12 14:04:19",TRUE,,,,,,,,,,,,,,,,,,,,,,,,,,,,,,,,,"wrist"
"IZTECH_S016",,"2025-05-12 14:06:19",TRUE,,,,,,,,,,,,,,,,,,,,,,,,,,,,,,,,,"wrist"
"IZTECH_S016",,"2025-05-12 14:08:19",TRUE,,,,,,,,,,,,,,,,,,,,,,,,,,,,,,,,,"wrist"
"IZTECH_S016",,"2025-05-12 14:10:19",TRUE,,,,,,,,,,,,,,,,,,,,,,,,,,,,,,,,,"wrist"
"IZTECH_S016",,"2025-05-12 14:12:19",TRUE,,,,,,,,,,,,,,,,,,,,,,,,,,,,,,,,,"wrist"
"IZTECH_S016",,"2025-05-12 14:14:19",TRUE,,,,,,,,,,,,,,,,,,,,,,,,,,,,,,,,,"wrist"
"IZTECH_S016",,"2025-05-12 14:16:19",TRUE,,,,,,,,,,,,,,,,,,,,,,,,,,,,,,,,,"wrist"
"IZTECH_S016",,"2025-05-12 14:18:19",TRUE,,,,,,,,,,,,,,,,,,,,,,,,,,,,,,,,,"wrist"
"IZTECH_S016",,"2025-05-12 14:20:19",TRUE,,,,,,,,,,,,,,,,,,,,,,,,,,,,,,,,,"wrist"
"IZTECH_S016",,"2025-05-12 14:22:19",TRUE,,,,,,,,,,,,,,,,,,,,,,,,,,,,,,,,,"wrist"
"IZTECH_S016",,"2025-05-12 14:24:19",TRUE,,,,,,,,,,,,,,,,,,,,,,,,,,,,,,,,,"wrist"
"IZTECH_S016",,"2025-05-12 14:26:19",TRUE,,,,,,,,,,,,,,,,,,,,,,,,,,,,,,,,,"wrist"
"IZTECH_S016",,"2025-05-12 14:28:19",TRUE,,,,,,,,,,,,,,,,,,,,,,,,,,,,,,,,,"wrist"
"IZTECH_S016",,"2025-05-12 14:30:19",TRUE,,,,,,,,,,,,,,,,,,,,,,,,,,,,,,,,,"wrist"
"IZTECH_S016",,"2025-05-12 14:32:19",TRUE,,,,,,,,,,,,,,,,,,,,,,,,,,,,,,,,,"wrist"
"IZTECH_S016",,"2025-05-12 14:34:19",TRUE,,,,,,,,,,,,,,,,,,,,,,,,,,,,,,,,,"wrist"
"IZTECH_S016",,"2025-05-12 14:36:19",TRUE,,,,,,,,,,,,,,,,,,,,,,,,,,,,,,,,,"wrist"
"IZTECH_S016",,"2025-05-12 14:38:19",TRUE,,,,,,,,,,,,,,,,,,,,,,,,,,,,,,,,,"wrist"
"IZTECH_S016",,"2025-05-12 14:40:19",TRUE,,,,,,,,,,,,,,,,,,,,,,,,,,,,,,,,,"wrist"
"IZTECH_S016",,"2025-05-12 14:42:19",TRUE,,,,,,,,,,,,,,,,,,,,,,,,,,,,,,,,,"wrist"
"IZTECH_S016",,"2025-05-12 14:44:19",TRUE,,,,,,,,,,,,,,,,,,,,,,,,,,,,,,,,,"wrist"
"IZTECH_S016",,"2025-05-12 14:46:19",TRUE,,,,,,,,,,,,,,,,,,,,,,,,,,,,,,,,,"wrist"
"IZTECH_S016",,"2025-05-12 14:48:19",TRUE,,,,,,,,,,,,,,,,,,,,,,,,,,,,,,,,,"wrist"
"IZTECH_S016",,"2025-05-12 14:50:19",TRUE,,,,,,,,,,,,,,,,,,,,,,,,,,,,,,,,,"wrist"
"IZTECH_S016",,"2025-05-12 14:52:19",TRUE,,,,,,,,,,,,,,,,,,,,,,,,,,,,,,,,,"wrist"
"IZTECH_S016",,"2025-05-12 14:54:19",TRUE,,,,,,,,,,,,,,,,,,,,,,,,,,,,,,,,,"wrist"
"IZTECH_S016",,"2025-05-12 14:56:19",TRUE,,,,,,,,,,,,,,,,,,,,,,,,,,,,,,,,,"wrist"
"IZTECH_S016",,"2025-05-12 14:58:19",TRUE,,,,,,,,,,,,,,,,,,,,,,,,,,,,,,,,,"wrist"
"IZTECH_S016",,"2025-05-12 15:00:19",TRUE,,,,,,,,,,,,,,,,,,,,,,,,,,,,,,,,,"wrist"
"IZTECH_S016",,"2025-05-12 15:02:19",TRUE,,,,,,,,,,,,,,,,,,,,,,,,,,,,,,,,,"wrist"
"IZTECH_S016",,"2025-05-12 15:04:19",TRUE,,,,,,,,,,,,,,,,,,,,,,,,,,,,,,,,,"wrist"
"IZTECH_S016",,"2025-05-12 15:06:19",TRUE,,,,,,,,,,,,,,,,,,,,,,,,,,,,,,,,,"wrist"
"IZTECH_S016",,"2025-05-12 15:08:19",TRUE,,,,,,,,,,,,,,,,,,,,,,,,,,,,,,,,,"wrist"
"IZTECH_S016",,"2025-05-12 15:10:19",TRUE,,,,,,,,,,,,,,,,,,,,,,,,,,,,,,,,,"wrist"
"IZTECH_S016",,"2025-05-12 15:12:19",TRUE,,,,,,,,,,,,,,,,,,,,,,,,,,,,,,,,,"wrist"
"IZTECH_S016",,"2025-05-12 15:14:19",TRUE,,,,,,,,,,,,,,,,,,,,,,,,,,,,,,,,,"wrist"
"IZTECH_S016",,"2025-05-12 15:16:19",TRUE,,,,,,,,,,,,,,,,,,,,,,,,,,,,,,,,,"wrist"
"IZTECH_S016",,"2025-05-12 15:18:19",TRUE,,,,,,,,,,,,,,,,,,,,,,,,,,,,,,,,,"wrist"
"IZTECH_S016",,"2025-05-12 15:20:19",TRUE,,,,,,,,,,,,,,,,,,,,,,,,,,,,,,,,,"wrist"
"IZTECH_S016",,"2025-05-12 15:22:19",TRUE,,,,,,,,,,,,,,,,,,,,,,,,,,,,,,,,,"wrist"
"IZTECH_S016",,"2025-05-12 15:24:19",TRUE,,,,,,,,,,,,,,,,,,,,,,,,,,,,,,,,,"wrist"
"IZTECH_S016",,"2025-05-12 15:26:19",TRUE,,,,,,,,,,,,,,,,,,,,,,,,,,,,,,,,,"wrist"
"IZTECH_S016",,"2025-05-12 15:28:19",TRUE,,,,,,,,,,,,,,,,,,,,,,,,,,,,,,,,,"wrist"
"IZTECH_S016",,"2025-05-12 15:30:19",TRUE,,,,,,,,,,,,,,,,,,,,,,,,,,,,,,,,,"wrist"
"IZTECH_S016",,"2025-05-12 15:32:19",TRUE,,,,,,,,,,,,,,,,,,,,,,,,,,,,,,,,,"wrist"
"IZTECH_S016",,"2025-05-12 15:34:19",TRUE,,,,,,,,,,,,,,,,,,,,,,,,,,,,,,,,,"wrist"
"IZTECH_S016",,"2025-05-12 15:36:19",TRUE,,,,,,,,,,,,,,,,,,,,,,,,,,,,,,,,,"wrist"
"IZTECH_S016",,"2025-05-12 15:38:19",TRUE,,,,,,,,,,,,,,,,,,,,,,,,,,,,,,,,,"wrist"
"IZTECH_S016",,"2025-05-12 15:40:19",TRUE,,,,,,,,,,,,,,,,,,,,,,,,,,,,,,,,,"wrist"
"IZTECH_S016",,"2025-05-12 15:42:19",TRUE,,,,,,,,,,,,,,,,,,,,,,,,,,,,,,,,,"wrist"
"IZTECH_S016",,"2025-05-12 15:44:19",TRUE,,,,,,,,,,,,,,,,,,,,,,,,,,,,,,,,,"wrist"
"IZTECH_S016",,"2025-05-12 15:46:19",TRUE,,,,,,,,,,,,,,,,,,,,,,,,,,,,,,,,,"wrist"
"IZTECH_S016",,"2025-05-12 15:48:19",TRUE,,,,,,,,,,,,,,,,,,,,,,,,,,,,,,,,,"wrist"
"IZTECH_S016",,"2025-05-12 15:50:19",TRUE,,,,,,,,,,,,,,,,,,,,,,,,,,,,,,,,,"wrist"
"IZTECH_S016",,"2025-05-12 15:52:19",TRUE,,,,,,,,,,,,,,,,,,,,,,,,,,,,,,,,,"wrist"
"IZTECH_S016",,"2025-05-12 15:54:19",TRUE,,,,,,,,,,,,,,,,,,,,,,,,,,,,,,,,,"wrist"
"IZTECH_S016",,"2025-05-12 15:56:19",TRUE,,,,,,,,,,,,,,,,,,,,,,,,,,,,,,,,,"wrist"
"IZTECH_S016",,"2025-05-12 15:58:19",TRUE,,,,,,,,,,,,,,,,,,,,,,,,,,,,,,,,,"wrist"
"IZTECH_S016",,"2025-05-12 16:00:19",TRUE,,,,,,,,,,,,,,,,,,,,,,,,,,,,,,,,,"wrist"
"IZTECH_S016",,"2025-05-12 16:02:19",TRUE,,,,,,,,,,,,,,,,,,,,,,,,,,,,,,,,,"wrist"
"IZTECH_S016",,"2025-05-12 16:04:19",TRUE,,,,,,,,,,,,,,,,,,,,,,,,,,,,,,,,,"wrist"
"IZTECH_S016",,"2025-05-12 16:06:19",TRUE,,,,,,,,,,,,,,,,,,,,,,,,,,,,,,,,,"wrist"
"IZTECH_S016",,"2025-05-12 16:08:19",TRUE,,,,,,,,,,,,,,,,,,,,,,,,,,,,,,,,,"wrist"
"IZTECH_S016",,"2025-05-12 16:10:19",TRUE,,,,,,,,,,,,,,,,,,,,,,,,,,,,,,,,,"wrist"
"IZTECH_S016",,"2025-05-12 16:12:19",TRUE,,,,,,,,,,,,,,,,,,,,,,,,,,,,,,,,,"wrist"
"IZTECH_S016",,"2025-05-12 16:14:19",TRUE,,,,,,,,,,,,,,,,,,,,,,,,,,,,,,,,,"wrist"
"IZTECH_S016",,"2025-05-12 16:16:19",TRUE,,,,,,,,,,,,,,,,,,,,,,,,,,,,,,,,,"wrist"
"IZTECH_S016",,"2025-05-12 16:18:19",TRUE,,,,,,,,,,,,,,,,,,,,,,,,,,,,,,,,,"wrist"
"IZTECH_S016",,"2025-05-12 16:20:19",TRUE,,,,,,,,,,,,,,,,,,,,,,,,,,,,,,,,,"wrist"
"IZTECH_S016",,"2025-05-12 16:22:19",TRUE,,,,,,,,,,,,,,,,,,,,,,,,,,,,,,,,,"wrist"
"IZTECH_S016",,"2025-05-12 16:24:19",TRUE,,,,,,,,,,,,,,,,,,,,,,,,,,,,,,,,,"wrist"
"IZTECH_S016",,"2025-05-12 16:26:19",TRUE,,,,,,,,,,,,,,,,,,,,,,,,,,,,,,,,,"wrist"
"IZTECH_S016",,"2025-05-12 16:28:19",TRUE,,,,,,,,,,,,,,,,,,,,,,,,,,,,,,,,,"wrist"
"IZTECH_S016",,"2025-05-12 16:30:19",TRUE,,,,,,,,,,,,,,,,,,,,,,,,,,,,,,,,,"wrist"
"IZTECH_S016",,"2025-05-12 16:32:19",TRUE,,,,,,,,,,,,,,,,,,,,,,,,,,,,,,,,,"wrist"
"IZTECH_S016",,"2025-05-12 16:34:19",TRUE,,,,,,,,,,,,,,,,,,,,,,,,,,,,,,,,,"wrist"
"IZTECH_S016",,"2025-05-12 16:36:19",TRUE,,,,,,,,,,,,,,,,,,,,,,,,,,,,,,,,,"wrist"
"IZTECH_S016",,"2025-05-12 16:38:19",TRUE,,,,,,,,,,,,,,,,,,,,,,,,,,,,,,,,,"wrist"
"IZTECH_S016",,"2025-05-12 16:40:19",TRUE,,,,,,,,,,,,,,,,,,,,,,,,,,,,,,,,,"wrist"
"IZTECH_S016",,"2025-05-12 16:42:19",TRUE,,,,,,,,,,,,,,,,,,,,,,,,,,,,,,,,,"wrist"
"IZTECH_S016",,"2025-05-12 16:44:19",TRUE,,,,,,,,,,,,,,,,,,,,,,,,,,,,,,,,,"wrist"
"IZTECH_S016",,"2025-05-12 16:46:19",TRUE,,,,,,,,,,,,,,,,,,,,,,,,,,,,,,,,,"wrist"
"IZTECH_S016",,"2025-05-12 16:48:19",TRUE,,,,,,,,,,,,,,,,,,,,,,,,,,,,,,,,,"wrist"
"IZTECH_S016",,"2025-05-12 16:50:19",TRUE,,,,,,,,,,,,,,,,,,,,,,,,,,,,,,,,,"wrist"
"IZTECH_S016",,"2025-05-12 16:52:19",TRUE,,,,,,,,,,,,,,,,,,,,,,,,,,,,,,,,,"wrist"
"IZTECH_S016",,"2025-05-12 16:54:19",TRUE,,,,,,,,,,,,,,,,,,,,,,,,,,,,,,,,,"wrist"
"IZTECH_S016",,"2025-05-12 16:56:19",TRUE,,,,,,,,,,,,,,,,,,,,,,,,,,,,,,,,,"wrist"
"IZTECH_S016",,"2025-05-12 16:58:19",TRUE,,,,,,,,,,,,,,,,,,,,,,,,,,,,,,,,,"wrist"
"IZTECH_S016",,"2025-05-12 17:00:19",TRUE,,,,,,,,,,,,,,,,,,,,,,,,,,,,,,,,,"wrist"
"IZTECH_S016",,"2025-05-12 17:02:19",TRUE,,,,,,,,,,,,,,,,,,,,,,,,,,,,,,,,,"wrist"
"IZTECH_S016",,"2025-05-12 17:04:19",TRUE,,,,,,,,,,,,,,,,,,,,,,,,,,,,,,,,,"wrist"
"IZTECH_S016",,"2025-05-12 17:06:19",TRUE,,,,,,,,,,,,,,,,,,,,,,,,,,,,,,,,,"wrist"
"IZTECH_S016",,"2025-05-12 17:08:19",TRUE,,,,,,,,,,,,,,,,,,,,,,,,,,,,,,,,,"wrist"
"IZTECH_S016",,"2025-05-12 17:10:19",TRUE,,,,,,,,,,,,,,,,,,,,,,,,,,,,,,,,,"wrist"
"IZTECH_S016",,"2025-05-12 17:12:19",TRUE,,,,,,,,,,,,,,,,,,,,,,,,,,,,,,,,,"wrist"
"IZTECH_S016",,"2025-05-12 17:14:19",TRUE,,,,,,,,,,,,,,,,,,,,,,,,,,,,,,,,,"wrist"
"IZTECH_S016",,"2025-05-12 17:16:19",TRUE,,,,,,,,,,,,,,,,,,,,,,,,,,,,,,,,,"wrist"
"IZTECH_S016",,"2025-05-12 17:18:19",TRUE,,,,,,,,,,,,,,,,,,,,,,,,,,,,,,,,,"wrist"
"IZTECH_S016",,"2025-05-12 17:20:19",TRUE,,,,,,,,,,,,,,,,,,,,,,,,,,,,,,,,,"wrist"
"IZTECH_S016",,"2025-05-12 17:22:19",TRUE,,,,,,,,,,,,,,,,,,,,,,,,,,,,,,,,,"wrist"
"IZTECH_S016",,"2025-05-12 17:24:19",TRUE,,,,,,,,,,,,,,,,,,,,,,,,,,,,,,,,,"wrist"
"IZTECH_S016",,"2025-05-12 17:26:19",TRUE,,,,,,,,,,,,,,,,,,,,,,,,,,,,,,,,,"wrist"
"IZTECH_S016",,"2025-05-12 17:28:19",TRUE,,,,,,,,,,,,,,,,,,,,,,,,,,,,,,,,,"wrist"
"IZTECH_S016",,"2025-05-12 17:30:19",TRUE,,,,,,,,,,,,,,,,,,,,,,,,,,,,,,,,,"wrist"
"IZTECH_S016",,"2025-05-12 17:32:19",TRUE,,,,,,,,,,,,,,,,,,,,,,,,,,,,,,,,,"wrist"
"IZTECH_S016",,"2025-05-12 17:34:19",TRUE,,,,,,,,,,,,,,,,,,,,,,,,,,,,,,,,,"wrist"
"IZTECH_S016",,"2025-05-12 17:36:19",TRUE,,,,,,,,,,,,,,,,,,,,,,,,,,,,,,,,,"wrist"
"IZTECH_S016",,"2025-05-12 17:38:19",TRUE,,,,,,,,,,,,,,,,,,,,,,,,,,,,,,,,,"wrist"
"IZTECH_S016",,"2025-05-12 17:40:19",TRUE,,,,,,,,,,,,,,,,,,,,,,,,,,,,,,,,,"wrist"
"IZTECH_S016",,"2025-05-12 17:42:19",TRUE,,,,,,,,,,,,,,,,,,,,,,,,,,,,,,,,,"wrist"
"IZTECH_S016",,"2025-05-12 17:44:19",TRUE,,,,,,,,,,,,,,,,,,,,,,,,,,,,,,,,,"wrist"
"IZTECH_S016",,"2025-05-12 17:46:19",TRUE,,,,,,,,,,,,,,,,,,,,,,,,,,,,,,,,,"wrist"
"IZTECH_S016",,"2025-05-12 17:48:19",TRUE,,,,,,,,,,,,,,,,,,,,,,,,,,,,,,,,,"wrist"
"IZTECH_S016",,"2025-05-12 17:50:19",TRUE,,,,,,,,,,,,,,,,,,,,,,,,,,,,,,,,,"wrist"
"IZTECH_S016",,"2025-05-12 17:52:19",TRUE,,,,,,,,,,,,,,,,,,,,,,,,,,,,,,,,,"wrist"
"IZTECH_S016",,"2025-05-12 17:54:19",TRUE,,,,,,,,,,,,,,,,,,,,,,,,,,,,,,,,,"wrist"
"IZTECH_S016",,"2025-05-12 17:56:19",TRUE,,,,,,,,,,,,,,,,,,,,,,,,,,,,,,,,,"wrist"
"IZTECH_S016",,"2025-05-12 17:58:19",TRUE,,,,,,,,,,,,,,,,,,,,,,,,,,,,,,,,,"wrist"
"IZTECH_S016",,"2025-05-12 18:00:19",TRUE,,,,,,,,,,,,,,,,,,,,,,,,,,,,,,,,,"wrist"
"IZTECH_S016",,"2025-05-12 18:02:19",TRUE,,,,,,,,,,,,,,,,,,,,,,,,,,,,,,,,,"wrist"
"IZTECH_S016",,"2025-05-12 18:04:19",TRUE,,,,,,,,,,,,,,,,,,,,,,,,,,,,,,,,,"wrist"
"IZTECH_S016",,"2025-05-12 18:06:19",TRUE,,,,,,,,,,,,,,,,,,,,,,,,,,,,,,,,,"wrist"
"IZTECH_S016",,"2025-05-12 18:08:19",TRUE,,,,,,,,,,,,,,,,,,,,,,,,,,,,,,,,,"wrist"
"IZTECH_S016",,"2025-05-12 18:10:19",TRUE,,,,,,,,,,,,,,,,,,,,,,,,,,,,,,,,,"wrist"
"IZTECH_S016",,"2025-05-12 18:12:19",TRUE,,,,,,,,,,,,,,,,,,,,,,,,,,,,,,,,,"wrist"
"IZTECH_S016",,"2025-05-12 18:14:19",TRUE,,,,,,,,,,,,,,,,,,,,,,,,,,,,,,,,,"wrist"
"IZTECH_S016",,"2025-05-12 18:16:19",TRUE,,,,,,,,,,,,,,,,,,,,,,,,,,,,,,,,,"wrist"
"IZTECH_S016",,"2025-05-12 18:18:19",TRUE,,,,,,,,,,,,,,,,,,,,,,,,,,,,,,,,,"wrist"
"IZTECH_S016",,"2025-05-12 18:20:19",TRUE,,,,,,,,,,,,,,,,,,,,,,,,,,,,,,,,,"wrist"
"IZTECH_S016",,"2025-05-12 18:22:19",TRUE,,,,,,,,,,,,,,,,,,,,,,,,,,,,,,,,,"wrist"
"IZTECH_S016",,"2025-05-12 18:24:19",TRUE,,,,,,,,,,,,,,,,,,,,,,,,,,,,,,,,,"wrist"
"IZTECH_S016",,"2025-05-12 18:26:19",TRUE,,,,,,,,,,,,,,,,,,,,,,,,,,,,,,,,,"wrist"
"IZTECH_S016",,"2025-05-12 18:28:19",TRUE,,,,,,,,,,,,,,,,,,,,,,,,,,,,,,,,,"wrist"
"IZTECH_S016",,"2025-05-12 18:30:19",TRUE,,,,,,,,,,,,,,,,,,,,,,,,,,,,,,,,,"wrist"
"IZTECH_S016",,"2025-05-12 18:32:19",TRUE,,,,,,,,,,,,,,,,,,,,,,,,,,,,,,,,,"wrist"
"IZTECH_S016",,"2025-05-12 18:34:19",TRUE,,,,,,,,,,,,,,,,,,,,,,,,,,,,,,,,,"wrist"
"IZTECH_S016",,"2025-05-12 18:36:19",TRUE,,,,,,,,,,,,,,,,,,,,,,,,,,,,,,,,,"wrist"
"IZTECH_S016",,"2025-05-12 18:38:19",TRUE,,,,,,,,,,,,,,,,,,,,,,,,,,,,,,,,,"wrist"
"IZTECH_S016",,"2025-05-12 18:40:19",TRUE,,,,,,,,,,,,,,,,,,,,,,,,,,,,,,,,,"wrist"
"IZTECH_S016",,"2025-05-12 18:42:19",TRUE,,,,,,,,,,,,,,,,,,,,,,,,,,,,,,,,,"wrist"
"IZTECH_S016",,"2025-05-12 18:44:19",TRUE,,,,,,,,,,,,,,,,,,,,,,,,,,,,,,,,,"wrist"
"IZTECH_S016",,"2025-05-12 18:46:19",TRUE,,,,,,,,,,,,,,,,,,,,,,,,,,,,,,,,,"wrist"
"IZTECH_S016",,"2025-05-12 18:48:19",TRUE,,,,,,,,,,,,,,,,,,,,,,,,,,,,,,,,,"wrist"
"IZTECH_S016",,"2025-05-12 18:50:19",TRUE,,,,,,,,,,,,,,,,,,,,,,,,,,,,,,,,,"wrist"
"IZTECH_S016",,"2025-05-12 18:52:19",TRUE,,,,,,,,,,,,,,,,,,,,,,,,,,,,,,,,,"wrist"
"IZTECH_S016",,"2025-05-12 18:54:19",TRUE,,,,,,,,,,,,,,,,,,,,,,,,,,,,,,,,,"wrist"
"IZTECH_S016",,"2025-05-12 18:56:19",TRUE,,,,,,,,,,,,,,,,,,,,,,,,,,,,,,,,,"wrist"
"IZTECH_S016",,"2025-05-12 18:58:19",TRUE,,,,,,,,,,,,,,,,,,,,,,,,,,,,,,,,,"wrist"
"IZTECH_S016",,"2025-05-12 19:00:19",TRUE,,,,,,,,,,,,,,,,,,,,,,,,,,,,,,,,,"wrist"
"IZTECH_S016",,"2025-05-12 19:02:19",TRUE,,,,,,,,,,,,,,,,,,,,,,,,,,,,,,,,,"wrist"
"IZTECH_S016",,"2025-05-12 19:04:19",TRUE,,,,,,,,,,,,,,,,,,,,,,,,,,,,,,,,,"wrist"
"IZTECH_S016",,"2025-05-12 19:06:19",TRUE,,,,,,,,,,,,,,,,,,,,,,,,,,,,,,,,,"wrist"
"IZTECH_S016",,"2025-05-12 19:08:19",TRUE,,,,,,,,,,,,,,,,,,,,,,,,,,,,,,,,,"wrist"
"IZTECH_S016",,"2025-05-12 19:10:19",TRUE,,,,,,,,,,,,,,,,,,,,,,,,,,,,,,,,,"wrist"
"IZTECH_S016",,"2025-05-12 19:12:19",TRUE,,,,,,,,,,,,,,,,,,,,,,,,,,,,,,,,,"wrist"
"IZTECH_S016",,"2025-05-12 19:14:19",TRUE,,,,,,,,,,,,,,,,,,,,,,,,,,,,,,,,,"wrist"
"IZTECH_S016",,"2025-05-12 19:16:19",TRUE,,,,,,,,,,,,,,,,,,,,,,,,,,,,,,,,,"wrist"
"IZTECH_S016",,"2025-05-12 19:18:19",TRUE,,,,,,,,,,,,,,,,,,,,,,,,,,,,,,,,,"wrist"
"IZTECH_S016",,"2025-05-12 19:20:19",TRUE,,,,,,,,,,,,,,,,,,,,,,,,,,,,,,,,,"wrist"
"IZTECH_S016",,"2025-05-12 19:22:19",TRUE,,,,,,,,,,,,,,,,,,,,,,,,,,,,,,,,,"wrist"
"IZTECH_S016",,"2025-05-12 19:24:19",TRUE,,,,,,,,,,,,,,,,,,,,,,,,,,,,,,,,,"wrist"
"IZTECH_S016",,"2025-05-12 19:26:19",TRUE,,,,,,,,,,,,,,,,,,,,,,,,,,,,,,,,,"wrist"
"IZTECH_S016",,"2025-05-12 19:28:19",TRUE,,,,,,,,,,,,,,,,,,,,,,,,,,,,,,,,,"wrist"
"IZTECH_S016",,"2025-05-12 19:30:19",TRUE,,,,,,,,,,,,,,,,,,,,,,,,,,,,,,,,,"wrist"
"IZTECH_S016",,"2025-05-12 19:32:19",TRUE,,,,,,,,,,,,,,,,,,,,,,,,,,,,,,,,,"wrist"
"IZTECH_S016",,"2025-05-12 19:34:19",TRUE,,,,,,,,,,,,,,,,,,,,,,,,,,,,,,,,,"wrist"
"IZTECH_S016",,"2025-05-12 19:36:19",TRUE,,,,,,,,,,,,,,,,,,,,,,,,,,,,,,,,,"wrist"
"IZTECH_S016",,"2025-05-12 19:38:19",TRUE,,,,,,,,,,,,,,,,,,,,,,,,,,,,,,,,,"wrist"
"IZTECH_S016",,"2025-05-12 19:40:19",TRUE,,,,,,,,,,,,,,,,,,,,,,,,,,,,,,,,,"wrist"
"IZTECH_S016",,"2025-05-12 19:42:19",TRUE,,,,,,,,,,,,,,,,,,,,,,,,,,,,,,,,,"wrist"
"IZTECH_S016",,"2025-05-12 19:44:19",TRUE,,,,,,,,,,,,,,,,,,,,,,,,,,,,,,,,,"wrist"
"IZTECH_S016",,"2025-05-12 19:46:19",TRUE,,,,,,,,,,,,,,,,,,,,,,,,,,,,,,,,,"wrist"
"IZTECH_S016",,"2025-05-12 19:48:19",TRUE,,,,,,,,,,,,,,,,,,,,,,,,,,,,,,,,,"wrist"
"IZTECH_S016",,"2025-05-12 19:50:19",TRUE,,,,,,,,,,,,,,,,,,,,,,,,,,,,,,,,,"wrist"
"IZTECH_S016",,"2025-05-12 19:52:19",TRUE,,,,,,,,,,,,,,,,,,,,,,,,,,,,,,,,,"wrist"
"IZTECH_S016",,"2025-05-12 19:54:19",TRUE,,,,,,,,,,,,,,,,,,,,,,,,,,,,,,,,,"wrist"
"IZTECH_S016",,"2025-05-12 19:56:19",TRUE,,,,,,,,,,,,,,,,,,,,,,,,,,,,,,,,,"wrist"
"IZTECH_S016",,"2025-05-12 19:58:19",TRUE,,,,,,,,,,,,,,,,,,,,,,,,,,,,,,,,,"wrist"
"IZTECH_S016",,"2025-05-12 20:00:19",TRUE,,,,,,,,,,,,,,,,,,,,,,,,,,,,,,,,,"wrist"
"IZTECH_S016",,"2025-05-12 20:02:19",TRUE,,,,,,,,,,,,,,,,,,,,,,,,,,,,,,,,,"wrist"
"IZTECH_S016",,"2025-05-12 20:04:19",TRUE,,,,,,,,,,,,,,,,,,,,,,,,,,,,,,,,,"wrist"
"IZTECH_S016",,"2025-05-12 20:06:19",TRUE,,,,,,,,,,,,,,,,,,,,,,,,,,,,,,,,,"wrist"
"IZTECH_S016",,"2025-05-12 20:08:19",TRUE,,,,,,,,,,,,,,,,,,,,,,,,,,,,,,,,,"wrist"
"IZTECH_S016",,"2025-05-12 20:10:19",TRUE,,,,,,,,,,,,,,,,,,,,,,,,,,,,,,,,,"wrist"
"IZTECH_S016",,"2025-05-12 20:12:19",TRUE,,,,,,,,,,,,,,,,,,,,,,,,,,,,,,,,,"wrist"
"IZTECH_S016",,"2025-05-12 20:14:19",TRUE,,,,,,,,,,,,,,,,,,,,,,,,,,,,,,,,,"wrist"
"IZTECH_S016",,"2025-05-12 20:16:19",TRUE,,,,,,,,,,,,,,,,,,,,,,,,,,,,,,,,,"wrist"
"IZTECH_S016",,"2025-05-12 20:18:19",TRUE,,,,,,,,,,,,,,,,,,,,,,,,,,,,,,,,,"wrist"
"IZTECH_S016",,"2025-05-12 20:20:19",TRUE,,,,,,,,,,,,,,,,,,,,,,,,,,,,,,,,,"wrist"
"IZTECH_S016",,"2025-05-12 20:22:19",TRUE,,,,,,,,,,,,,,,,,,,,,,,,,,,,,,,,,"wrist"
"IZTECH_S016",,"2025-05-12 20:24:19",TRUE,,,,,,,,,,,,,,,,,,,,,,,,,,,,,,,,,"wrist"
"IZTECH_S016",,"2025-05-12 20:26:19",TRUE,,,,,,,,,,,,,,,,,,,,,,,,,,,,,,,,,"wrist"
"IZTECH_S016",,"2025-05-12 20:28:19",TRUE,,,,,,,,,,,,,,,,,,,,,,,,,,,,,,,,,"wrist"
"IZTECH_S016",,"2025-05-12 20:30:19",TRUE,,,,,,,,,,,,,,,,,,,,,,,,,,,,,,,,,"wrist"
"IZTECH_S016",,"2025-05-12 20:32:19",TRUE,,,,,,,,,,,,,,,,,,,,,,,,,,,,,,,,,"wrist"
"IZTECH_S016",,"2025-05-12 20:34:19",TRUE,,,,,,,,,,,,,,,,,,,,,,,,,,,,,,,,,"wrist"
"IZTECH_S016",,"2025-05-12 20:36:19",TRUE,,,,,,,,,,,,,,,,,,,,,,,,,,,,,,,,,"wrist"
"IZTECH_S016",,"2025-05-12 20:38:19",TRUE,,,,,,,,,,,,,,,,,,,,,,,,,,,,,,,,,"wrist"
"IZTECH_S016",,"2025-05-12 20:40:19",TRUE,,,,,,,,,,,,,,,,,,,,,,,,,,,,,,,,,"wrist"
"IZTECH_S016",,"2025-05-12 20:42:19",TRUE,,,,,,,,,,,,,,,,,,,,,,,,,,,,,,,,,"wrist"
"IZTECH_S016",,"2025-05-12 20:44:19",TRUE,,,,,,,,,,,,,,,,,,,,,,,,,,,,,,,,,"wrist"
"IZTECH_S016",,"2025-05-12 20:46:19",TRUE,,,,,,,,,,,,,,,,,,,,,,,,,,,,,,,,,"wrist"
"IZTECH_S016",,"2025-05-12 20:48:19",TRUE,,,,,,,,,,,,,,,,,,,,,,,,,,,,,,,,,"wrist"
"IZTECH_S016",,"2025-05-12 20:50:19",TRUE,,,,,,,,,,,,,,,,,,,,,,,,,,,,,,,,,"wrist"
"IZTECH_S016",,"2025-05-12 20:52:19",TRUE,,,,,,,,,,,,,,,,,,,,,,,,,,,,,,,,,"wrist"
"IZTECH_S016",,"2025-05-12 20:54:19",TRUE,,,,,,,,,,,,,,,,,,,,,,,,,,,,,,,,,"wrist"
"IZTECH_S016",,"2025-05-12 20:56:19",TRUE,,,,,,,,,,,,,,,,,,,,,,,,,,,,,,,,,"wrist"
"IZTECH_S016",,"2025-05-12 20:58:19",TRUE,,,,,,,,,,,,,,,,,,,,,,,,,,,,,,,,,"wrist"
"IZTECH_S016",,"2025-05-12 21:00:19",TRUE,,,,,,,,,,,,,,,,,,,,,,,,,,,,,,,,,"wrist"
"IZTECH_S016",,"2025-05-12 21:02:19",TRUE,,,,,,,,,,,,,,,,,,,,,,,,,,,,,,,,,"wrist"
"IZTECH_S016",,"2025-05-12 21:04:19",TRUE,,,,,,,,,,,,,,,,,,,,,,,,,,,,,,,,,"wrist"
"IZTECH_S016",,"2025-05-12 21:06:19",TRUE,,,,,,,,,,,,,,,,,,,,,,,,,,,,,,,,,"wrist"
"IZTECH_S016",,"2025-05-12 21:08:19",TRUE,,,,,,,,,,,,,,,,,,,,,,,,,,,,,,,,,"wrist"
"IZTECH_S016",,"2025-05-12 21:10:19",TRUE,,,,,,,,,,,,,,,,,,,,,,,,,,,,,,,,,"wrist"
"IZTECH_S016",,"2025-05-12 21:12:19",TRUE,,,,,,,,,,,,,,,,,,,,,,,,,,,,,,,,,"wrist"
"IZTECH_S016",,"2025-05-12 21:14:19",TRUE,,,,,,,,,,,,,,,,,,,,,,,,,,,,,,,,,"wrist"
"IZTECH_S016",,"2025-05-12 21:16:19",TRUE,,,,,,,,,,,,,,,,,,,,,,,,,,,,,,,,,"wrist"
"IZTECH_S016",,"2025-05-12 21:18:19",TRUE,,,,,,,,,,,,,,,,,,,,,,,,,,,,,,,,,"wrist"
"IZTECH_S016",,"2025-05-12 21:20:19",TRUE,,,,,,,,,,,,,,,,,,,,,,,,,,,,,,,,,"wrist"
"IZTECH_S016",,"2025-05-12 21:22:19",TRUE,,,,,,,,,,,,,,,,,,,,,,,,,,,,,,,,,"wrist"
"IZTECH_S016",,"2025-05-12 21:24:19",TRUE,,,,,,,,,,,,,,,,,,,,,,,,,,,,,,,,,"wrist"
"IZTECH_S016",,"2025-05-12 21:26:19",TRUE,,,,,,,,,,,,,,,,,,,,,,,,,,,,,,,,,"wrist"
"IZTECH_S016",,"2025-05-12 21:28:19",TRUE,,,,,,,,,,,,,,,,,,,,,,,,,,,,,,,,,"wrist"
"IZTECH_S016",,"2025-05-12 21:30:19",TRUE,,,,,,,,,,,,,,,,,,,,,,,,,,,,,,,,,"wrist"
"IZTECH_S016",,"2025-05-12 21:32:19",TRUE,,,,,,,,,,,,,,,,,,,,,,,,,,,,,,,,,"wrist"
"IZTECH_S016",,"2025-05-12 21:34:19",TRUE,,,,,,,,,,,,,,,,,,,,,,,,,,,,,,,,,"wrist"
"IZTECH_S016",,"2025-05-12 21:36:19",TRUE,,,,,,,,,,,,,,,,,,,,,,,,,,,,,,,,,"wrist"
"IZTECH_S016",,"2025-05-12 21:38:19",TRUE,,,,,,,,,,,,,,,,,,,,,,,,,,,,,,,,,"wrist"
"IZTECH_S016",,"2025-05-12 21:40:19",TRUE,,,,,,,,,,,,,,,,,,,,,,,,,,,,,,,,,"wrist"
"IZTECH_S016",,"2025-05-12 21:42:19",TRUE,,,,,,,,,,,,,,,,,,,,,,,,,,,,,,,,,"wrist"
"IZTECH_S016",,"2025-05-12 21:44:19",TRUE,,,,,,,,,,,,,,,,,,,,,,,,,,,,,,,,,"wrist"
"IZTECH_S016",,"2025-05-12 21:46:19",TRUE,,,,,,,,,,,,,,,,,,,,,,,,,,,,,,,,,"wrist"
"IZTECH_S016",,"2025-05-12 21:48:19",TRUE,,,,,,,,,,,,,,,,,,,,,,,,,,,,,,,,,"wrist"
"IZTECH_S016",,"2025-05-12 21:50:19",TRUE,,,,,,,,,,,,,,,,,,,,,,,,,,,,,,,,,"wrist"
"IZTECH_S016",,"2025-05-12 21:52:19",TRUE,,,,,,,,,,,,,,,,,,,,,,,,,,,,,,,,,"wrist"
"IZTECH_S016",,"2025-05-12 21:54:19",TRUE,,,,,,,,,,,,,,,,,,,,,,,,,,,,,,,,,"wrist"
"IZTECH_S016",,"2025-05-12 21:56:19",TRUE,,,,,,,,,,,,,,,,,,,,,,,,,,,,,,,,,"wrist"
"IZTECH_S016",,"2025-05-12 21:58:19",TRUE,,,,,,,,,,,,,,,,,,,,,,,,,,,,,,,,,"wrist"
"IZTECH_S016",,"2025-05-12 22:00:19",TRUE,,,,,,,,,,,,,,,,,,,,,,,,,,,,,,,,,"wrist"
"IZTECH_S016",,"2025-05-12 22:02:19",TRUE,,,,,,,,,,,,,,,,,,,,,,,,,,,,,,,,,"wrist"
"IZTECH_S016",,"2025-05-12 22:04:19",TRUE,,,,,,,,,,,,,,,,,,,,,,,,,,,,,,,,,"wrist"
"IZTECH_S016",,"2025-05-12 22:06:19",TRUE,,,,,,,,,,,,,,,,,,,,,,,,,,,,,,,,,"wrist"
"IZTECH_S016",,"2025-05-12 22:08:19",TRUE,,,,,,,,,,,,,,,,,,,,,,,,,,,,,,,,,"wrist"
"IZTECH_S016",,"2025-05-12 22:10:19",TRUE,,,,,,,,,,,,,,,,,,,,,,,,,,,,,,,,,"wrist"
"IZTECH_S016",,"2025-05-12 22:12:19",TRUE,,,,,,,,,,,,,,,,,,,,,,,,,,,,,,,,,"wrist"
"IZTECH_S016",,"2025-05-12 22:14:19",TRUE,,,,,,,,,,,,,,,,,,,,,,,,,,,,,,,,,"wrist"
"IZTECH_S016",,"2025-05-12 22:16:19",TRUE,,,,,,,,,,,,,,,,,,,,,,,,,,,,,,,,,"wrist"
"IZTECH_S016",,"2025-05-12 22:18:19",TRUE,,,,,,,,,,,,,,,,,,,,,,,,,,,,,,,,,"wrist"
"IZTECH_S016",,"2025-05-12 22:20:19",TRUE,,,,,,,,,,,,,,,,,,,,,,,,,,,,,,,,,"wrist"
"IZTECH_S016",,"2025-05-12 22:22:19",TRUE,,,,,,,,,,,,,,,,,,,,,,,,,,,,,,,,,"wrist"
"IZTECH_S016",,"2025-05-12 22:24:19",TRUE,,,,,,,,,,,,,,,,,,,,,,,,,,,,,,,,,"wrist"
"IZTECH_S016",,"2025-05-12 22:26:19",TRUE,,,,,,,,,,,,,,,,,,,,,,,,,,,,,,,,,"wrist"
"IZTECH_S016",,"2025-05-12 22:28:19",TRUE,,,,,,,,,,,,,,,,,,,,,,,,,,,,,,,,,"wrist"
"IZTECH_S016",,"2025-05-12 22:30:19",TRUE,,,,,,,,,,,,,,,,,,,,,,,,,,,,,,,,,"wrist"
"IZTECH_S016",,"2025-05-12 22:32:19",TRUE,,,,,,,,,,,,,,,,,,,,,,,,,,,,,,,,,"wrist"
"IZTECH_S016",,"2025-05-12 22:34:19",TRUE,,,,,,,,,,,,,,,,,,,,,,,,,,,,,,,,,"wrist"
"IZTECH_S016",,"2025-05-12 22:36:19",TRUE,,,,,,,,,,,,,,,,,,,,,,,,,,,,,,,,,"wrist"
"IZTECH_S016",,"2025-05-12 22:38:19",TRUE,,,,,,,,,,,,,,,,,,,,,,,,,,,,,,,,,"wrist"
"IZTECH_S016",,"2025-05-12 22:40:19",TRUE,,,,,,,,,,,,,,,,,,,,,,,,,,,,,,,,,"wrist"
"IZTECH_S016",,"2025-05-12 22:42:19",TRUE,,,,,,,,,,,,,,,,,,,,,,,,,,,,,,,,,"wrist"
"IZTECH_S016",,"2025-05-12 22:44:19",TRUE,,,,,,,,,,,,,,,,,,,,,,,,,,,,,,,,,"wrist"
"IZTECH_S016",,"2025-05-12 22:46:19",TRUE,,,,,,,,,,,,,,,,,,,,,,,,,,,,,,,,,"wrist"
"IZTECH_S016",,"2025-05-12 22:48:19",TRUE,,,,,,,,,,,,,,,,,,,,,,,,,,,,,,,,,"wrist"
"IZTECH_S016",,"2025-05-12 22:50:19",TRUE,,,,,,,,,,,,,,,,,,,,,,,,,,,,,,,,,"wrist"
"IZTECH_S016",,"2025-05-12 22:52:19",TRUE,,,,,,,,,,,,,,,,,,,,,,,,,,,,,,,,,"wrist"
"IZTECH_S016",,"2025-05-12 22:54:19",TRUE,,,,,,,,,,,,,,,,,,,,,,,,,,,,,,,,,"wrist"
"IZTECH_S016",,"2025-05-12 22:56:19",TRUE,,,,,,,,,,,,,,,,,,,,,,,,,,,,,,,,,"wrist"
"IZTECH_S016",,"2025-05-12 22:58:19",TRUE,,,,,,,,,,,,,,,,,,,,,,,,,,,,,,,,,"wrist"
"IZTECH_S016",,"2025-05-12 23:00:19",TRUE,,,,,,,,,,,,,,,,,,,,,,,,,,,,,,,,,"wrist"
"IZTECH_S016",,"2025-05-12 23:02:19",TRUE,,,,,,,,,,,,,,,,,,,,,,,,,,,,,,,,,"wrist"
"IZTECH_S016",,"2025-05-12 23:04:19",TRUE,,,,,,,,,,,,,,,,,,,,,,,,,,,,,,,,,"wrist"
"IZTECH_S016",,"2025-05-12 23:06:19",TRUE,,,,,,,,,,,,,,,,,,,,,,,,,,,,,,,,,"wrist"
"IZTECH_S016",,"2025-05-12 23:08:19",TRUE,,,,,,,,,,,,,,,,,,,,,,,,,,,,,,,,,"wrist"
"IZTECH_S016",,"2025-05-12 23:10:19",TRUE,,,,,,,,,,,,,,,,,,,,,,,,,,,,,,,,,"wrist"
"IZTECH_S016",,"2025-05-12 23:12:19",TRUE,,,,,,,,,,,,,,,,,,,,,,,,,,,,,,,,,"wrist"
"IZTECH_S016",,"2025-05-12 23:14:19",TRUE,,,,,,,,,,,,,,,,,,,,,,,,,,,,,,,,,"wrist"
"IZTECH_S016",,"2025-05-12 23:16:19",TRUE,,,,,,,,,,,,,,,,,,,,,,,,,,,,,,,,,"wrist"
"IZTECH_S016",,"2025-05-12 23:18:19",TRUE,,,,,,,,,,,,,,,,,,,,,,,,,,,,,,,,,"wrist"
"IZTECH_S016",,"2025-05-12 23:20:19",TRUE,,,,,,,,,,,,,,,,,,,,,,,,,,,,,,,,,"wrist"
"IZTECH_S016",,"2025-05-12 23:22:19",TRUE,,,,,,,,,,,,,,,,,,,,,,,,,,,,,,,,,"wrist"
"IZTECH_S016",,"2025-05-12 23:24:19",TRUE,,,,,,,,,,,,,,,,,,,,,,,,,,,,,,,,,"wrist"
"IZTECH_S016",,"2025-05-12 23:26:19",TRUE,,,,,,,,,,,,,,,,,,,,,,,,,,,,,,,,,"wrist"
"IZTECH_S016",,"2025-05-12 23:28:19",TRUE,,,,,,,,,,,,,,,,,,,,,,,,,,,,,,,,,"wrist"
"IZTECH_S016",,"2025-05-12 23:30:19",TRUE,,,,,,,,,,,,,,,,,,,,,,,,,,,,,,,,,"wrist"
"IZTECH_S016",,"2025-05-12 23:32:19",TRUE,,,,,,,,,,,,,,,,,,,,,,,,,,,,,,,,,"wrist"
"IZTECH_S016",,"2025-05-12 23:34:19",TRUE,,,,,,,,,,,,,,,,,,,,,,,,,,,,,,,,,"wrist"
"IZTECH_S016",,"2025-05-12 23:36:19",TRUE,,,,,,,,,,,,,,,,,,,,,,,,,,,,,,,,,"wrist"
"IZTECH_S016",,"2025-05-12 23:38:19",TRUE,,,,,,,,,,,,,,,,,,,,,,,,,,,,,,,,,"wrist"
"IZTECH_S016",,"2025-05-12 23:40:19",TRUE,,,,,,,,,,,,,,,,,,,,,,,,,,,,,,,,,"wrist"
"IZTECH_S016",,"2025-05-12 23:42:19",TRUE,,,,,,,,,,,,,,,,,,,,,,,,,,,,,,,,,"wrist"
"IZTECH_S016",,"2025-05-12 23:44:19",TRUE,,,,,,,,,,,,,,,,,,,,,,,,,,,,,,,,,"wrist"
"IZTECH_S016",,"2025-05-12 23:46:19",TRUE,,,,,,,,,,,,,,,,,,,,,,,,,,,,,,,,,"wrist"
"IZTECH_S016",,"2025-05-12 23:48:19",TRUE,,,,,,,,,,,,,,,,,,,,,,,,,,,,,,,,,"wrist"
"IZTECH_S016",,"2025-05-12 23:50:19",TRUE,,,,,,,,,,,,,,,,,,,,,,,,,,,,,,,,,"wrist"
"IZTECH_S016",,"2025-05-12 23:52:19",TRUE,,,,,,,,,,,,,,,,,,,,,,,,,,,,,,,,,"wrist"
"IZTECH_S016",,"2025-05-12 23:54:19",TRUE,,,,,,,,,,,,,,,,,,,,,,,,,,,,,,,,,"wrist"
"IZTECH_S016",,"2025-05-12 23:56:19",TRUE,,,,,,,,,,,,,,,,,,,,,,,,,,,,,,,,,"wrist"
"IZTECH_S016",,"2025-05-12 23:58:19",TRUE,,,,,,,,,,,,,,,,,,,,,,,,,,,,,,,,,"wrist"
